Comperiod,Scaling,Outliers,Interpolation,Similarity,Unsynced,Linkmeth,ray/tune/_metric
62.0,standard,SD5,mean,dtw,dtw,complete,0.10887261480093002
46.0,zscore,SD2,median,dtw,dtw,ward,0.05344801023602486
60.0,minmax,SD5,prophet,dtw,dtw,centroid,0.0024886203464120626
29.0,minmax,SD3,prophet,dtw,dtw,median,0.052866898477077484
61.0,standard,SD3,median,euclidean,dtw,average,0.047944922000169754
67.0,minmax,SD3,prophet,euclidean,dtw,single,0.0001551875175209716
75.0,minmax,SD3,linear,euclidean,dtw,average,0.013603695668280125
75.0,standard,SD2,median,euclidean,dtw,hdbscan,-0.037905994802713394
75.0,minmax,SD3,linear,euclidean,dtw,average,0.013603695668280125
35.0,zscore,SD4,median,dtw,mean,weighted,0.005059370305389166
56.0,minmax,SD2,mean,euclidean,dtw,average,0.016198931261897087
18.0,minmax,SD5,linear,dtw,prophet,ward,0.022688301280140877
53.0,minmax,SD3,prophet,dtw,dtw,complete,0.09996257722377777
73.0,minmax,SD3,median,dtw,dtw,complete,0.1090170368552208
46.0,zscore,SD4,mean,dtw,median,centroid,-0.015377429313957691
46.0,zscore,SD4,mean,dtw,median,centroid,-0.015377429313957691
83.0,minmax,SD3,mean,euclidean,dtw,centroid,0.0006720597739331424
24.0,standard,SD3,mean,dtw,mode,median,0.008897936902940273
50.0,minmax,SD6,mean,dtw,dtw,hdbscan,0.017405465245246887
42.0,minmax,SD4,median,dtw,dtw,complete,0.07913710176944733
46.0,zscore,SD4,mean,dtw,median,centroid,-0.015377429313957691
49.0,minmax,SD3,median,dtw,dtw,complete,0.10146844387054443
41.0,minmax,SD3,median,dtw,dtw,complete,0.0704285129904747
79.0,minmax,SD2,linear,dtw,dtw,complete,0.08776373416185379
13.0,zscore,SD4,linear,dtw,median,centroid,0.016065165400505066
66.0,minmax,SD4,median,dtw,mode,average,0.008406635373830795
35.0,zscore,SD4,median,dtw,mean,weighted,0.005059370305389166
43.0,standard,SD2,linear,dtw,dtw,complete,0.05588807165622711
14.0,minmax,SD6,mean,euclidean,dtw,ward,0.03070194460451603
46.0,minmax,SD2,mean,dtw,mode,complete,0.022831391543149948
80.0,standard,SD6,mean,dtw,dtw,complete,0.06670185178518295
31.0,standard,SD2,median,dtw,dtw,complete,0.08763987571001053
78.0,standard,SD6,prophet,euclidean,median,ward,-0.0011957946699112654
31.0,minmax,SD5,linear,dtw,mean,hdbscan,0.0009903856553137302
89.0,standard,SD5,mean,dtw,median,centroid,-0.002015496604144573
62.0,minmax,SD3,median,dtw,dtw,complete,0.11933481693267822
5.0,minmax,SD3,linear,dtw,mode,hdbscan,-0.013119986280798912
81.0,minmax,SD3,median,euclidean,prophet,median,0.002667476423084736
78.0,standard,SD6,prophet,euclidean,median,ward,-0.0011957946699112654
82.0,minmax,SD3,mean,dtw,mean,ward,-0.0008713147253729403
68.0,minmax,SD3,median,euclidean,dtw,hdbscan,0.07308772951364517
5.0,minmax,SD3,median,dtw,dtw,median,0.0031280177645385265
57.0,minmax,SD4,prophet,euclidean,mode,centroid,-0.01829642243683338
13.0,zscore,SD3,prophet,dtw,dtw,weighted,-0.00799485296010971
36.0,minmax,SD2,prophet,euclidean,dtw,complete,0.032536718994379044
72.0,standard,SD3,prophet,dtw,dtw,average,0.06505605578422546
68.0,minmax,SD3,prophet,dtw,dtw,ward,0.11528384685516357
53.0,minmax,SD3,median,euclidean,mean,centroid,0.00832756794989109
50.0,minmax,SD6,prophet,dtw,dtw,complete,0.11371280997991562
64.0,minmax,SD5,mean,dtw,prophet,single,0.0005664554191753268
32.0,minmax,SD2,median,dtw,dtw,ward,0.10378921777009964
88.0,minmax,SD3,median,euclidean,dtw,median,0.006521659437566996
72.0,standard,SD3,prophet,dtw,dtw,average,0.06505605578422546
29.0,minmax,SD3,prophet,dtw,dtw,median,0.052866898477077484
45.0,minmax,SD5,prophet,dtw,dtw,complete,0.11037136614322662
61.0,standard,SD3,median,euclidean,dtw,average,0.047944922000169754
9.0,standard,SD2,median,dtw,dtw,complete,0.0009147355449385941
38.0,standard,SD3,mean,dtw,dtw,ward,0.04720475897192955
56.0,minmax,SD2,mean,euclidean,dtw,average,0.016198931261897087
31.0,minmax,SD2,median,euclidean,dtw,ward,0.1022198423743248
25.0,minmax,SD5,median,dtw,dtw,ward,0.07423945516347885
56.0,minmax,SD2,median,dtw,dtw,complete,0.11044789105653763
38.0,minmax,SD3,mean,dtw,dtw,complete,0.07031625509262085
61.0,minmax,SD2,linear,dtw,dtw,complete,0.11683651059865952
41.0,minmax,SD2,median,euclidean,dtw,weighted,0.08736607432365417
82.0,minmax,SD3,mean,dtw,mean,ward,-0.0008713147253729403
43.0,minmax,SD4,mean,dtw,mean,single,0.0006683376850560308
74.0,zscore,SD6,mean,euclidean,prophet,complete,0.003184559755027294
75.0,minmax,SD3,linear,euclidean,dtw,average,0.013603695668280125
24.0,standard,SD3,mean,dtw,mode,median,0.008897936902940273
47.0,minmax,SD5,median,dtw,median,complete,0.0065954262390732765
57.0,minmax,SD6,prophet,dtw,dtw,complete,0.12537536025047302
57.0,standard,SD4,median,dtw,mode,single,0.0003122343623545021
70.0,minmax,SD4,mean,dtw,dtw,ward,0.11129027605056763
24.0,standard,SD3,mean,dtw,mode,median,0.008897936902940273
2.0,minmax,SD6,linear,dtw,mean,single,0.0008435708587057889
27.0,minmax,SD2,mean,euclidean,dtw,ward,0.11395585536956787
35.0,zscore,SD4,median,dtw,mean,weighted,0.005059370305389166
31.0,zscore,SD3,median,euclidean,dtw,centroid,0.0003080110182054341
12.0,minmax,SD3,prophet,euclidean,dtw,ward,0.03674798086285591
63.0,minmax,SD5,linear,dtw,dtw,weighted,0.05102277174592018
2.0,minmax,SD6,linear,dtw,mean,single,0.0008435708587057889
2.0,minmax,SD2,linear,dtw,prophet,complete,0.00214750156737864
64.0,minmax,SD5,mean,dtw,prophet,single,0.0005664554191753268
53.0,minmax,SD3,median,dtw,dtw,ward,0.11218730360269547
48.0,minmax,SD2,median,dtw,dtw,complete,0.11059673130512238
74.0,zscore,SD6,mean,euclidean,prophet,complete,0.003184559755027294
67.0,minmax,SD3,prophet,euclidean,dtw,single,0.0001551875175209716
2.0,standard,SD3,prophet,euclidean,mean,centroid,-0.0002368641726206988
84.0,minmax,SD3,prophet,dtw,dtw,weighted,0.0981140285730362
20.0,minmax,SD2,median,dtw,dtw,ward,0.06405187398195267
50.0,minmax,SD6,mean,dtw,dtw,hdbscan,0.017405465245246887
78.0,standard,SD6,prophet,euclidean,median,ward,-0.0011957946699112654
16.0,minmax,SD3,median,dtw,dtw,ward,0.03889403119683266
72.0,minmax,SD5,median,dtw,dtw,complete,0.10988514125347137
13.0,zscore,SD4,linear,dtw,median,centroid,0.016065165400505066
74.0,standard,SD2,median,dtw,dtw,complete,0.10440987348556519
84.0,minmax,SD3,prophet,dtw,dtw,weighted,0.0981140285730362
16.0,minmax,SD3,median,dtw,dtw,ward,0.03889403119683266
2.0,zscore,SD5,prophet,euclidean,dtw,single,0.0006256747292354703
38.0,standard,SD3,linear,dtw,dtw,median,0.0032744661439210176
79.0,standard,SD4,median,dtw,dtw,complete,0.11338002979755402
55.0,minmax,SD2,prophet,dtw,dtw,weighted,0.07698159664869308
60.0,minmax,SD5,median,dtw,dtw,ward,0.10131318867206573
50.0,minmax,SD2,median,dtw,dtw,median,0.06364866346120834
67.0,minmax,SD5,prophet,euclidean,prophet,complete,0.007375621236860752
35.0,minmax,SD3,median,dtw,dtw,hdbscan,0.04443817585706711
56.0,minmax,SD5,median,dtw,dtw,complete,0.10490408539772034
43.0,minmax,SD2,median,dtw,dtw,complete,0.11812816560268402
35.0,minmax,SD2,mean,dtw,dtw,weighted,0.09244457632303238
31.0,minmax,SD4,median,dtw,dtw,average,0.019798990339040756
63.0,standard,SD3,median,euclidean,dtw,ward,0.05424435809254646
44.0,minmax,SD4,median,euclidean,dtw,complete,0.04349295422434807
61.0,minmax,SD6,median,dtw,dtw,complete,0.11425710469484329
66.0,minmax,SD4,median,dtw,mode,average,0.008406635373830795
13.0,zscore,SD3,prophet,dtw,dtw,weighted,-0.00799485296010971
61.0,minmax,SD6,median,dtw,dtw,ward,0.10428539663553238
78.0,minmax,SD3,prophet,dtw,dtw,complete,0.0999009758234024
77.0,zscore,SD5,linear,euclidean,mode,ward,0.01063164696097374
56.0,minmax,SD2,mean,euclidean,dtw,average,0.016198931261897087
21.0,minmax,SD3,median,euclidean,dtw,weighted,0.06301283836364746
68.0,minmax,SD3,prophet,dtw,dtw,ward,0.11528384685516357
63.0,standard,SD3,median,euclidean,dtw,ward,0.05424435809254646
88.0,minmax,SD3,median,euclidean,dtw,median,0.006521659437566996
67.0,minmax,SD5,prophet,euclidean,prophet,complete,0.007375621236860752
65.0,minmax,SD5,linear,dtw,dtw,single,0.00045957189286127687
76.0,minmax,SD6,prophet,dtw,dtw,complete,0.091669000685215
2.0,minmax,SD2,median,dtw,median,hdbscan,0.006136505864560604
79.0,zscore,SD2,median,dtw,dtw,average,0.0010125215630978346
37.0,minmax,SD4,prophet,dtw,dtw,hdbscan,0.053380101919174194
83.0,minmax,SD3,mean,euclidean,dtw,centroid,0.0006720597739331424
68.0,minmax,SD3,prophet,dtw,dtw,ward,0.11528384685516357
2.0,minmax,SD6,median,dtw,median,complete,-0.00031203654361888766
85.0,zscore,SD5,prophet,dtw,dtw,ward,0.06521633267402649
13.0,zscore,SD4,linear,dtw,median,centroid,0.016065165400505066
55.0,zscore,SD3,median,dtw,dtw,ward,0.06291457265615463
73.0,minmax,SD3,median,dtw,dtw,complete,0.1090170368552208
27.0,minmax,SD2,prophet,euclidean,dtw,ward,0.10969094187021255
71.0,minmax,SD5,linear,dtw,dtw,complete,0.10974887758493423
21.0,minmax,SD3,median,euclidean,dtw,weighted,0.06301283836364746
77.0,standard,SD4,median,dtw,dtw,ward,0.08315093070268631
79.0,minmax,SD4,median,dtw,dtw,complete,0.11986576020717621
63.0,minmax,SD6,linear,dtw,dtw,complete,0.11231372505426407
68.0,standard,SD4,median,dtw,dtw,complete,0.05643818899989128
14.0,minmax,SD3,prophet,euclidean,dtw,hdbscan,-0.0010189469903707504
49.0,minmax,SD3,prophet,dtw,dtw,ward,0.11538271605968475
31.0,zscore,SD3,median,euclidean,dtw,centroid,0.0003080110182054341
19.0,minmax,SD3,prophet,dtw,dtw,hdbscan,0.0463128462433815
2.0,minmax,SD6,linear,dtw,mean,single,0.0008435708587057889
12.0,minmax,SD3,prophet,euclidean,dtw,ward,0.03674798086285591
63.0,minmax,SD5,median,dtw,dtw,weighted,0.11048305034637451
67.0,minmax,SD5,prophet,euclidean,prophet,complete,0.007375621236860752
4.0,standard,SD6,prophet,euclidean,mean,average,-0.00931138638406992
50.0,standard,SD5,median,dtw,dtw,complete,0.10022535920143127
57.0,minmax,SD4,linear,dtw,dtw,complete,0.10865593701601028
