Comperiod,Scaling,Outliers,Interpolation,Similarity,Unsynced,Linkmeth,ray/tune/_metric
55,zscore,SD4,prophet,dtw,dtw,ward,0.178073272
68,zscore,SD4,prophet,dtw,dtw,ward,0.177428365
61,zscore,SD5,prophet,dtw,dtw,ward,0.176234692
82,zscore,SD4,prophet,euclidean,dtw,ward,0.174763784
73,zscore,SD6,prophet,euclidean,dtw,ward,0.174327299
67,zscore,SD4,prophet,euclidean,dtw,ward,0.173621714
71,zscore,SD4,prophet,euclidean,dtw,ward,0.172894254
54,zscore,SD4,prophet,euclidean,dtw,ward,0.172520831
58,zscore,SD4,prophet,dtw,dtw,ward,0.171961442
52,zscore,SD6,prophet,euclidean,dtw,ward,0.171862349
56,zscore,SD5,prophet,euclidean,dtw,ward,0.171801612
81,zscore,SD6,prophet,dtw,dtw,ward,0.171620086
80,zscore,SD6,prophet,dtw,dtw,ward,0.171620086
59,zscore,SD6,prophet,dtw,dtw,ward,0.171298906
79,zscore,SD6,prophet,dtw,dtw,ward,0.171175748
85,zscore,SD4,prophet,euclidean,dtw,ward,0.170776397
85,zscore,SD4,prophet,euclidean,dtw,ward,0.170776397
56,zscore,SD4,prophet,euclidean,dtw,ward,0.170524418
74,zscore,SD6,prophet,dtw,dtw,ward,0.170302585
48,zscore,SD6,prophet,euclidean,dtw,ward,0.170146212
58,zscore,SD5,prophet,dtw,dtw,ward,0.170010358
58,zscore,SD4,prophet,euclidean,dtw,ward,0.169918582
66,zscore,SD4,prophet,dtw,dtw,ward,0.16987735
89,zscore,SD4,prophet,euclidean,dtw,ward,0.169663146
86,zscore,SD4,prophet,euclidean,dtw,ward,0.169534162
76,zscore,SD4,prophet,dtw,dtw,ward,0.168355599
71,zscore,SD6,prophet,euclidean,dtw,ward,0.168336138
63,zscore,SD4,prophet,euclidean,dtw,ward,0.167993709
65,zscore,SD4,prophet,dtw,dtw,ward,0.167819962
80,zscore,SD4,prophet,euclidean,dtw,ward,0.167680889
74,zscore,SD5,prophet,dtw,dtw,ward,0.167490512
86,zscore,SD2,prophet,euclidean,dtw,ward,0.167399764
59,zscore,SD4,prophet,euclidean,dtw,ward,0.16738756
70,zscore,SD4,prophet,euclidean,dtw,ward,0.167363659
73,zscore,SD4,prophet,euclidean,dtw,ward,0.167314306
73,zscore,SD4,prophet,dtw,dtw,ward,0.167139173
64,zscore,SD5,prophet,euclidean,dtw,ward,0.167026356
65,zscore,SD4,prophet,euclidean,dtw,ward,0.16700229
87,zscore,SD2,prophet,euclidean,dtw,ward,0.166954994
88,zscore,SD2,prophet,euclidean,dtw,ward,0.166954994
89,zscore,SD2,prophet,euclidean,dtw,ward,0.166954994
72,zscore,SD4,prophet,dtw,dtw,ward,0.166883796
60,zscore,SD6,prophet,dtw,dtw,ward,0.166763142
68,zscore,SD6,prophet,euclidean,dtw,ward,0.166368887
55,zscore,SD5,prophet,euclidean,dtw,ward,0.166098744
65,zscore,SD5,prophet,euclidean,dtw,ward,0.165956616
61,zscore,SD4,prophet,dtw,dtw,ward,0.165876493
67,zscore,SD5,prophet,dtw,dtw,ward,0.165796667
80,zscore,SD5,prophet,euclidean,dtw,ward,0.165757284
62,zscore,SD5,prophet,euclidean,dtw,ward,0.165454596
72,zscore,SD5,prophet,euclidean,dtw,ward,0.165356502
56,zscore,SD4,prophet,dtw,dtw,ward,0.16532509
69,zscore,SD6,prophet,dtw,dtw,ward,0.164906025
67,zscore,SD5,prophet,euclidean,dtw,ward,0.164871201
78,zscore,SD6,prophet,euclidean,dtw,ward,0.164507672
62,zscore,SD2,prophet,euclidean,dtw,ward,0.164393842
77,zscore,SD6,prophet,dtw,dtw,ward,0.164326772
87,zscore,SD6,prophet,dtw,dtw,ward,0.164232954
88,zscore,SD6,prophet,dtw,dtw,ward,0.164232954
88,zscore,SD6,prophet,dtw,dtw,ward,0.164232954
85,zscore,SD6,prophet,dtw,dtw,ward,0.164232954
82,zscore,SD6,prophet,dtw,dtw,ward,0.164232954
84,zscore,SD6,prophet,dtw,dtw,ward,0.164232954
86,zscore,SD6,prophet,dtw,dtw,ward,0.164232954
89,zscore,SD6,prophet,dtw,dtw,ward,0.164232954
83,zscore,SD6,prophet,dtw,dtw,ward,0.164232954
72,zscore,SD6,prophet,dtw,dtw,ward,0.164204478
63,zscore,SD6,prophet,dtw,dtw,ward,0.16399394
70,zscore,SD4,prophet,dtw,dtw,ward,0.163819179
81,zscore,SD4,prophet,dtw,dtw,ward,0.16371356
69,zscore,SD4,prophet,euclidean,dtw,ward,0.163486153
71,zscore,SD6,prophet,dtw,dtw,ward,0.163210347
47,zscore,SD6,prophet,dtw,dtw,ward,0.163177192
87,zscore,SD5,prophet,euclidean,dtw,ward,0.162903234
88,zscore,SD5,prophet,euclidean,dtw,ward,0.162903234
76,zscore,SD5,prophet,dtw,dtw,ward,0.162834138
62,zscore,SD6,prophet,dtw,dtw,ward,0.162800178
89,zscore,SD6,prophet,euclidean,dtw,ward,0.162628561
84,zscore,SD5,prophet,euclidean,dtw,ward,0.162623867
75,zscore,SD5,prophet,euclidean,dtw,ward,0.162623093
57,zscore,SD2,prophet,dtw,dtw,ward,0.162572056
74,zscore,SD4,prophet,dtw,dtw,ward,0.162545875
81,zscore,SD5,prophet,euclidean,dtw,ward,0.162391141
83,zscore,SD5,prophet,euclidean,dtw,ward,0.162191853
88,zscore,SD4,prophet,euclidean,dtw,ward,0.161895096
87,zscore,SD4,prophet,euclidean,dtw,ward,0.161895096
74,zscore,SD6,prophet,euclidean,dtw,ward,0.161653221
75,zscore,SD6,prophet,euclidean,dtw,ward,0.161639988
68,zscore,SD5,prophet,euclidean,dtw,ward,0.1615417
86,zscore,SD6,prophet,euclidean,dtw,ward,0.161457241
69,zscore,SD4,prophet,dtw,dtw,ward,0.161386117
77,zscore,SD4,prophet,euclidean,dtw,ward,0.161339
64,zscore,SD6,prophet,euclidean,dtw,ward,0.1612553
64,zscore,SD6,prophet,dtw,dtw,ward,0.161247388
69,zscore,SD6,prophet,euclidean,dtw,ward,0.160892785
69,zscore,SD5,prophet,dtw,dtw,ward,0.160835281
69,zscore,SD5,prophet,dtw,dtw,ward,0.160835281
78,zscore,SD6,prophet,dtw,dtw,ward,0.160809457
73,zscore,SD5,prophet,dtw,dtw,ward,0.160769254
89,zscore,SD5,prophet,euclidean,dtw,ward,0.160622224
85,zscore,SD2,prophet,euclidean,dtw,ward,0.16056329
79,zscore,SD6,prophet,euclidean,dtw,ward,0.160519347
81,zscore,SD6,prophet,euclidean,dtw,ward,0.160436347
68,zscore,SD2,prophet,dtw,dtw,ward,0.160369366
66,zscore,SD6,prophet,euclidean,dtw,ward,0.160113379
76,standard,SD3,mean,dtw,dtw,complete,0.159957588
76,standard,SD3,mean,dtw,dtw,complete,0.159957588
66,zscore,SD5,prophet,euclidean,dtw,ward,0.159857899
69,zscore,SD5,prophet,euclidean,dtw,ward,0.15976882
64,zscore,SD5,prophet,dtw,dtw,ward,0.159596592
79,zscore,SD2,prophet,dtw,dtw,ward,0.159440875
63,zscore,SD2,prophet,dtw,dtw,ward,0.159361869
68,zscore,SD5,prophet,dtw,dtw,ward,0.159355208
57,zscore,SD2,prophet,euclidean,dtw,ward,0.1593128
57,zscore,SD2,prophet,euclidean,dtw,ward,0.1593128
74,zscore,SD5,prophet,euclidean,dtw,ward,0.15930897
74,zscore,SD5,prophet,euclidean,dtw,ward,0.15930897
34,zscore,SD5,prophet,dtw,dtw,ward,0.159271061
34,zscore,SD5,prophet,dtw,dtw,ward,0.159271061
61,zscore,SD5,prophet,euclidean,dtw,ward,0.159156576
83,zscore,SD2,prophet,euclidean,dtw,ward,0.158972979
85,zscore,SD6,prophet,euclidean,dtw,ward,0.158861607
84,zscore,SD6,prophet,euclidean,dtw,ward,0.158861607
64,zscore,SD4,prophet,dtw,dtw,ward,0.158847556
65,zscore,SD6,prophet,dtw,dtw,ward,0.15883559
76,zscore,SD6,prophet,euclidean,dtw,ward,0.15880765
80,minmax,SD3,median,dtw,dtw,ward,0.15859133
79,zscore,SD4,prophet,euclidean,dtw,ward,0.158433959
83,zscore,SD6,prophet,euclidean,dtw,ward,0.157854691
71,zscore,SD5,prophet,dtw,dtw,ward,0.157804996
78,zscore,SD2,prophet,dtw,dtw,ward,0.157753944
64,zscore,SD4,prophet,euclidean,dtw,ward,0.157747701
86,zscore,SD5,prophet,euclidean,dtw,ward,0.157665536
86,zscore,SD5,prophet,euclidean,dtw,ward,0.157665536
62,zscore,SD5,prophet,dtw,dtw,ward,0.157541543
82,zscore,SD5,prophet,dtw,dtw,ward,0.157466084
60,zscore,SD5,prophet,dtw,dtw,ward,0.1573973
72,zscore,SD2,prophet,euclidean,dtw,ward,0.157365993
78,zscore,SD5,prophet,dtw,dtw,ward,0.157305345
69,zscore,SD2,prophet,dtw,dtw,ward,0.157250896
72,zscore,SD6,prophet,euclidean,dtw,ward,0.157181069
85,zscore,SD5,prophet,euclidean,dtw,ward,0.157167539
73,zscore,SD6,prophet,dtw,dtw,ward,0.15715827
81,zscore,SD5,prophet,dtw,dtw,ward,0.157143742
80,zscore,SD5,prophet,dtw,dtw,ward,0.157143742
59,zscore,SD4,prophet,dtw,dtw,ward,0.157133937
79,zscore,SD5,prophet,dtw,dtw,ward,0.157091364
60,zscore,SD5,prophet,euclidean,dtw,ward,0.157048151
76,zscore,SD2,prophet,euclidean,dtw,ward,0.157022104
48,zscore,SD5,prophet,euclidean,dtw,ward,0.15676944
78,zscore,SD5,prophet,euclidean,dtw,ward,0.156726301
65,zscore,SD5,prophet,dtw,dtw,ward,0.156583086
65,zscore,SD5,prophet,dtw,dtw,ward,0.156583086
50,zscore,SD5,prophet,euclidean,dtw,ward,0.156561881
56,zscore,SD5,prophet,dtw,dtw,ward,0.156513631
58,zscore,SD5,prophet,euclidean,dtw,ward,0.156454012
74,zscore,SD2,prophet,euclidean,dtw,ward,0.156433463
75,zscore,SD5,prophet,dtw,dtw,ward,0.156319588
71,zscore,SD5,prophet,euclidean,dtw,ward,0.15598914
70,zscore,SD2,prophet,dtw,dtw,ward,0.155787274
63,zscore,SD4,prophet,dtw,dtw,complete,0.155748948
63,zscore,SD4,prophet,dtw,dtw,complete,0.155748948
75,zscore,SD6,prophet,dtw,dtw,ward,0.155745283
82,zscore,SD5,prophet,euclidean,dtw,ward,0.155598417
56,zscore,SD6,prophet,dtw,dtw,ward,0.155499831
51,zscore,SD6,prophet,dtw,dtw,ward,0.155289158
53,zscore,SD6,prophet,euclidean,dtw,ward,0.155266121
75,zscore,SD2,prophet,euclidean,dtw,ward,0.154654294
72,zscore,SD5,prophet,dtw,dtw,ward,0.154556721
72,zscore,SD5,prophet,dtw,dtw,ward,0.154556721
52,zscore,SD2,prophet,dtw,dtw,ward,0.154443607
52,zscore,SD2,prophet,dtw,dtw,ward,0.154443607
46,zscore,SD6,prophet,dtw,dtw,ward,0.15386191
82,zscore,SD6,prophet,euclidean,dtw,ward,0.153521776
53,zscore,SD6,prophet,dtw,dtw,ward,0.153099477
81,zscore,SD2,prophet,dtw,dtw,ward,0.153028265
68,zscore,SD6,prophet,dtw,dtw,ward,0.152715147
85,zscore,SD4,prophet,dtw,dtw,ward,0.152662769
82,zscore,SD4,prophet,dtw,dtw,ward,0.152662769
87,zscore,SD4,prophet,dtw,dtw,ward,0.152662769
88,zscore,SD4,prophet,dtw,dtw,ward,0.152662769
84,zscore,SD4,prophet,dtw,dtw,ward,0.152662769
83,zscore,SD4,prophet,dtw,dtw,ward,0.152662769
89,zscore,SD4,prophet,dtw,dtw,ward,0.152662769
86,zscore,SD4,prophet,dtw,dtw,ward,0.152662769
62,zscore,SD4,prophet,dtw,dtw,ward,0.152630702
70,zscore,SD2,prophet,euclidean,dtw,ward,0.15247716
89,zscore,SD5,prophet,dtw,dtw,ward,0.152472928
83,zscore,SD5,prophet,dtw,dtw,ward,0.152472928
88,zscore,SD5,prophet,dtw,dtw,ward,0.152472928
84,zscore,SD5,prophet,dtw,dtw,ward,0.152472928
87,zscore,SD5,prophet,dtw,dtw,ward,0.152472928
86,zscore,SD5,prophet,dtw,dtw,ward,0.152472928
85,zscore,SD5,prophet,dtw,dtw,ward,0.152472928
65,zscore,SD6,prophet,euclidean,dtw,ward,0.152407765
70,zscore,SD6,prophet,dtw,dtw,ward,0.152333155
77,zscore,SD5,prophet,dtw,dtw,ward,0.152305394
56,zscore,SD2,prophet,dtw,dtw,ward,0.15200524
87,zscore,SD6,prophet,euclidean,dtw,ward,0.15170975
88,zscore,SD6,prophet,euclidean,dtw,ward,0.15170975
77,zscore,SD5,prophet,euclidean,dtw,ward,0.151497334
80,minmax,SD4,prophet,dtw,dtw,complete,0.151342526
85,zscore,SD2,prophet,dtw,dtw,ward,0.15128924
88,zscore,SD2,prophet,dtw,dtw,ward,0.15128924
86,zscore,SD2,prophet,dtw,dtw,ward,0.15128924
89,zscore,SD2,prophet,dtw,dtw,ward,0.15128924
85,zscore,SD2,prophet,dtw,dtw,ward,0.15128924
57,standard,SD3,linear,dtw,dtw,complete,0.151282832
45,zscore,SD5,prophet,dtw,dtw,ward,0.151131257
53,zscore,SD5,prophet,dtw,dtw,ward,0.151126102
80,zscore,SD2,prophet,dtw,dtw,ward,0.15102002
54,zscore,SD6,prophet,euclidean,dtw,ward,0.15079242
75,zscore,SD4,prophet,dtw,dtw,ward,0.150777578
84,zscore,SD2,prophet,euclidean,dtw,ward,0.150594786
76,zscore,SD6,prophet,dtw,dtw,ward,0.150225237
80,zscore,SD6,prophet,euclidean,dtw,ward,0.149981558
79,minmax,SD5,prophet,euclidean,dtw,ward,0.14972946
51,zscore,SD4,prophet,dtw,dtw,ward,0.14955543
79,zscore,SD2,prophet,euclidean,dtw,ward,0.149224102
79,zscore,SD2,prophet,euclidean,dtw,ward,0.149224102
73,zscore,SD5,prophet,euclidean,dtw,ward,0.149052843
69,minmax,SD3,prophet,euclidean,dtw,ward,0.148142695
63,zscore,SD5,prophet,dtw,dtw,ward,0.147563666
78,minmax,SD4,prophet,dtw,dtw,ward,0.14734225
79,minmax,SD4,prophet,dtw,dtw,ward,0.14734225
66,zscore,SD6,prophet,dtw,dtw,ward,0.147298381
58,minmax,SD6,mean,dtw,dtw,ward,0.146754071
86,minmax,SD5,prophet,dtw,dtw,ward,0.146624252
89,minmax,SD5,prophet,dtw,dtw,ward,0.146624252
86,minmax,SD5,prophet,dtw,dtw,ward,0.146624252
78,zscore,SD4,prophet,euclidean,dtw,ward,0.145729363
72,zscore,SD2,prophet,dtw,dtw,ward,0.145117462
83,zscore,SD4,prophet,euclidean,dtw,ward,0.144689485
66,zscore,SD5,prophet,dtw,dtw,ward,0.144433334
80,zscore,SD2,prophet,euclidean,dtw,ward,0.144424275
81,minmax,SD4,mean,euclidean,dtw,ward,0.144166186
81,minmax,SD4,mean,euclidean,dtw,ward,0.144166186
78,zscore,SD4,prophet,dtw,dtw,ward,0.143996745
70,zscore,SD6,prophet,euclidean,dtw,ward,0.143821612
79,zscore,SD5,prophet,euclidean,dtw,ward,0.143650189
85,minmax,SD3,prophet,euclidean,dtw,ward,0.143047124
42,zscore,SD6,prophet,dtw,dtw,ward,0.142768547
74,minmax,SD4,prophet,euclidean,dtw,ward,0.142070353
74,minmax,SD4,prophet,euclidean,dtw,ward,0.142070353
84,minmax,SD6,prophet,dtw,dtw,ward,0.141133845
84,minmax,SD6,prophet,dtw,dtw,ward,0.141133845
76,minmax,SD3,linear,euclidean,dtw,ward,0.141128525
81,minmax,SD3,prophet,dtw,dtw,ward,0.141042009
73,minmax,SD5,prophet,euclidean,dtw,ward,0.141032875
76,zscore,SD4,prophet,euclidean,dtw,ward,0.140664056
76,zscore,SD2,prophet,dtw,dtw,ward,0.140473127
80,minmax,SD5,prophet,euclidean,dtw,ward,0.140310735
56,minmax,SD2,linear,euclidean,dtw,ward,0.140228376
56,minmax,SD2,linear,euclidean,dtw,ward,0.140228376
63,minmax,SD4,prophet,dtw,dtw,ward,0.140190333
85,minmax,SD4,prophet,dtw,dtw,ward,0.139721081
87,minmax,SD4,prophet,dtw,dtw,ward,0.139721081
59,zscore,SD6,prophet,dtw,mode,weighted,0.139603421
67,zscore,SD6,prophet,euclidean,dtw,ward,0.139434323
79,minmax,SD3,prophet,euclidean,dtw,ward,0.139099598
85,minmax,SD3,linear,dtw,dtw,ward,0.13868393
53,zscore,SD4,prophet,dtw,dtw,ward,0.138593987
35,zscore,SD4,prophet,dtw,dtw,ward,0.138581812
35,zscore,SD4,prophet,dtw,dtw,ward,0.138581812
77,zscore,SD4,prophet,dtw,dtw,ward,0.138543412
51,minmax,SD3,prophet,euclidean,dtw,ward,0.138512716
51,minmax,SD3,prophet,euclidean,dtw,ward,0.138512716
75,minmax,SD6,prophet,euclidean,dtw,ward,0.138131216
68,minmax,SD5,median,euclidean,dtw,ward,0.138079911
68,minmax,SD5,median,euclidean,dtw,ward,0.138079911
88,minmax,SD2,prophet,dtw,dtw,ward,0.138017803
55,minmax,SD3,prophet,dtw,dtw,ward,0.137363151
57,zscore,SD4,prophet,euclidean,dtw,ward,0.137278795
69,minmax,SD5,mean,euclidean,dtw,ward,0.137224704
86,minmax,SD3,linear,euclidean,dtw,ward,0.137073174
86,minmax,SD3,linear,euclidean,dtw,ward,0.137073174
72,minmax,SD4,linear,dtw,dtw,ward,0.136709705
65,minmax,SD6,prophet,euclidean,dtw,ward,0.136619255
71,minmax,SD5,linear,euclidean,dtw,ward,0.136415198
66,zscore,SD4,prophet,euclidean,dtw,ward,0.136372253
79,zscore,SD4,prophet,dtw,dtw,ward,0.136122957
62,standard,SD2,mean,dtw,dtw,complete,0.136007264
62,standard,SD2,mean,dtw,dtw,complete,0.136007264
89,minmax,SD4,prophet,euclidean,dtw,ward,0.135645837
71,minmax,SD3,mean,euclidean,dtw,ward,0.13559331
69,minmax,SD6,linear,euclidean,dtw,ward,0.134785712
67,zscore,SD6,prophet,dtw,dtw,ward,0.134613276
64,minmax,SD3,prophet,euclidean,dtw,ward,0.134494767
85,minmax,SD5,prophet,euclidean,dtw,ward,0.13429141
72,zscore,SD2,mean,dtw,dtw,ward,0.133823365
72,zscore,SD2,mean,dtw,dtw,ward,0.133823365
72,minmax,SD6,prophet,dtw,dtw,ward,0.133753598
49,zscore,SD5,prophet,dtw,dtw,ward,0.133692324
49,zscore,SD5,prophet,dtw,dtw,ward,0.133692324
70,zscore,SD5,prophet,euclidean,dtw,ward,0.133379892
83,zscore,SD3,prophet,dtw,dtw,complete,0.13287434
83,zscore,SD3,prophet,dtw,dtw,complete,0.13287434
81,minmax,SD4,prophet,dtw,dtw,complete,0.132747352
48,zscore,SD2,prophet,dtw,dtw,ward,0.132508785
25,zscore,SD4,prophet,dtw,dtw,ward,0.131676272
25,zscore,SD4,prophet,dtw,dtw,ward,0.131676272
51,zscore,SD5,prophet,euclidean,dtw,ward,0.130826756
83,minmax,SD5,median,dtw,dtw,ward,0.130268678
79,minmax,SD5,prophet,dtw,dtw,ward,0.130129248
79,minmax,SD3,mean,euclidean,dtw,ward,0.129435316
83,minmax,SD4,prophet,euclidean,dtw,ward,0.128918335
77,zscore,SD6,prophet,euclidean,dtw,ward,0.128713906
66,zscore,SD3,prophet,euclidean,dtw,complete,0.12780726
66,zscore,SD3,prophet,euclidean,dtw,complete,0.12780726
87,standard,SD3,linear,dtw,dtw,complete,0.127800405
87,standard,SD3,linear,dtw,dtw,complete,0.127800405
70,zscore,SD5,prophet,dtw,dtw,ward,0.12778458
57,zscore,SD6,prophet,dtw,dtw,ward,0.127044097
73,minmax,SD5,prophet,dtw,dtw,ward,0.126592949
73,minmax,SD5,prophet,dtw,dtw,ward,0.126592949
54,minmax,SD6,linear,dtw,dtw,average,0.126094833
54,minmax,SD6,linear,dtw,dtw,average,0.126094833
61,zscore,SD6,prophet,dtw,dtw,ward,0.125795379
62,zscore,SD4,prophet,euclidean,dtw,ward,0.125058144
75,zscore,SD2,prophet,dtw,dtw,ward,0.124753535
60,zscore,SD4,prophet,dtw,dtw,ward,0.123950854
51,standard,SD3,prophet,dtw,dtw,complete,0.123251319
49,zscore,SD4,prophet,dtw,dtw,ward,0.122764513
85,minmax,SD2,median,euclidean,dtw,ward,0.12273854
85,minmax,SD2,median,euclidean,dtw,ward,0.12273854
76,minmax,SD2,prophet,euclidean,dtw,ward,0.122313745
55,zscore,SD2,mean,dtw,dtw,ward,0.121805847
55,zscore,SD2,mean,dtw,dtw,ward,0.121805847
58,zscore,SD6,prophet,dtw,dtw,ward,0.121536016
88,zscore,SD6,mean,euclidean,dtw,ward,0.120957881
88,zscore,SD6,mean,euclidean,dtw,ward,0.120957881
75,zscore,SD4,prophet,euclidean,dtw,ward,0.12078353
75,zscore,SD4,prophet,euclidean,dtw,ward,0.12078353
56,zscore,SD6,prophet,euclidean,dtw,ward,0.119825169
56,zscore,SD6,prophet,euclidean,dtw,ward,0.119825169
60,zscore,SD4,prophet,euclidean,dtw,ward,0.119388521
85,zscore,SD4,linear,dtw,dtw,complete,0.118588962
85,zscore,SD4,linear,dtw,dtw,complete,0.118588962
54,zscore,SD4,prophet,dtw,dtw,ward,0.118284166
81,standard,SD4,mean,euclidean,dtw,complete,0.118244551
81,standard,SD4,mean,euclidean,dtw,complete,0.118244551
59,minmax,SD3,linear,dtw,dtw,average,0.118156224
74,zscore,SD4,prophet,euclidean,dtw,ward,0.118018866
43,zscore,SD4,prophet,dtw,dtw,complete,0.117199548
43,zscore,SD4,prophet,dtw,dtw,complete,0.117199548
81,zscore,SD4,median,euclidean,dtw,complete,0.116810121
81,zscore,SD4,median,euclidean,dtw,complete,0.116810121
81,zscore,SD4,prophet,euclidean,dtw,ward,0.115980081
76,standard,SD5,prophet,dtw,dtw,complete,0.115672335
76,standard,SD5,prophet,dtw,dtw,complete,0.115672335
52,zscore,SD4,prophet,dtw,dtw,ward,0.114030637
54,zscore,SD5,prophet,euclidean,dtw,ward,0.113944337
28,zscore,SD5,prophet,dtw,dtw,ward,0.113522984
28,zscore,SD5,prophet,dtw,dtw,ward,0.113522984
40,zscore,SD2,median,euclidean,dtw,complete,0.113490485
40,zscore,SD2,median,euclidean,dtw,complete,0.113490485
89,minmax,SD3,prophet,dtw,dtw,ward,0.113385201
84,zscore,SD4,prophet,euclidean,dtw,ward,0.113073006
58,zscore,SD5,prophet,euclidean,dtw,complete,0.112969637
76,zscore,SD5,prophet,euclidean,dtw,ward,0.111926287
86,zscore,SD6,prophet,euclidean,dtw,complete,0.111219458
47,zscore,SD5,prophet,euclidean,dtw,ward,0.111195192
73,zscore,SD3,prophet,dtw,dtw,ward,0.111064889
63,zscore,SD4,prophet,dtw,dtw,ward,0.110397287
67,standard,SD2,median,dtw,dtw,complete,0.109352924
67,standard,SD2,median,dtw,dtw,complete,0.109352924
89,zscore,SD4,mean,dtw,dtw,ward,0.109310113
67,zscore,SD4,prophet,dtw,dtw,ward,0.108247489
88,standard,SD5,prophet,dtw,dtw,ward,0.106944188
88,standard,SD5,prophet,dtw,dtw,ward,0.106944188
37,standard,SD5,linear,euclidean,dtw,complete,0.10667643
74,minmax,SD3,prophet,dtw,dtw,average,0.106371321
83,standard,SD4,linear,euclidean,dtw,ward,0.106013112
55,zscore,SD4,prophet,euclidean,dtw,ward,0.105641879
82,zscore,SD3,prophet,dtw,dtw,ward,0.105478093
82,zscore,SD3,prophet,dtw,dtw,ward,0.105478093
62,zscore,SD6,prophet,euclidean,dtw,ward,0.104916975
82,zscore,SD3,prophet,euclidean,dtw,ward,0.104580127
63,zscore,SD6,prophet,euclidean,dtw,ward,0.104194626
50,minmax,SD3,linear,dtw,dtw,average,0.104054362
50,minmax,SD3,linear,dtw,dtw,average,0.104054362
48,minmax,SD2,mean,dtw,dtw,average,0.104030959
48,minmax,SD2,mean,dtw,dtw,average,0.104030959
60,zscore,SD6,prophet,euclidean,dtw,ward,0.101737142
72,zscore,SD5,prophet,euclidean,dtw,complete,0.100617759
72,zscore,SD5,prophet,euclidean,dtw,complete,0.100617759
88,zscore,SD5,mean,euclidean,dtw,complete,0.100435778
88,zscore,SD5,mean,euclidean,dtw,complete,0.100435778
57,zscore,SD4,prophet,dtw,dtw,ward,0.100176491
63,zscore,SD2,prophet,euclidean,dtw,ward,0.099779211
81,minmax,SD5,median,dtw,dtw,average,0.0980433
81,minmax,SD5,median,dtw,dtw,average,0.0980433
44,standard,SD4,prophet,euclidean,dtw,weighted,0.097954854
68,zscore,SD4,prophet,euclidean,dtw,ward,0.097304493
66,zscore,SD3,prophet,dtw,mode,complete,0.097220026
83,standard,SD5,prophet,euclidean,dtw,ward,0.094683163
83,standard,SD5,prophet,euclidean,dtw,ward,0.094683163
66,zscore,SD2,prophet,dtw,dtw,ward,0.094089873
30,standard,SD5,mean,euclidean,dtw,complete,0.093762666
30,standard,SD5,mean,euclidean,dtw,complete,0.093762666
52,zscore,SD5,prophet,euclidean,dtw,ward,0.09369918
71,zscore,SD4,prophet,dtw,dtw,ward,0.092720404
56,minmax,SD2,mean,euclidean,dtw,average,0.092424721
56,minmax,SD2,mean,euclidean,dtw,average,0.092424721
60,standard,SD6,prophet,euclidean,dtw,ward,0.092005461
88,zscore,SD4,linear,dtw,dtw,ward,0.089338072
88,zscore,SD4,linear,dtw,dtw,ward,0.089338072
73,minmax,SD3,prophet,dtw,dtw,average,0.088782735
72,zscore,SD4,prophet,euclidean,dtw,ward,0.088043898
69,zscore,SD2,prophet,euclidean,dtw,ward,0.087040752
63,minmax,SD5,mean,euclidean,dtw,weighted,0.086608149
49,zscore,SD3,mean,dtw,dtw,complete,0.085772529
77,zscore,SD2,prophet,dtw,dtw,ward,0.085727215
49,zscore,SD6,prophet,dtw,dtw,ward,0.085686781
79,minmax,SD4,prophet,euclidean,dtw,complete,0.085667886
86,standard,SD3,median,dtw,dtw,complete,0.085370652
86,standard,SD3,median,dtw,dtw,complete,0.085370652
77,zscore,SD2,prophet,euclidean,dtw,ward,0.085344367
13,zscore,SD3,prophet,euclidean,dtw,ward,0.085291982
13,zscore,SD3,prophet,euclidean,dtw,ward,0.085291982
53,zscore,SD2,median,dtw,dtw,ward,0.085221253
53,zscore,SD2,median,dtw,dtw,ward,0.085221253
74,zscore,SD2,prophet,dtw,dtw,ward,0.084961392
80,zscore,SD4,prophet,dtw,dtw,ward,0.084637813
55,zscore,SD2,mean,euclidean,median,average,0.081916362
55,zscore,SD2,mean,euclidean,median,average,0.081916362
50,zscore,SD5,prophet,dtw,dtw,ward,0.080635585
53,minmax,SD2,median,dtw,dtw,complete,0.080130182
53,minmax,SD2,median,dtw,dtw,complete,0.080130182
68,zscore,SD5,mean,euclidean,dtw,ward,0.079082564
34,minmax,SD5,prophet,dtw,dtw,ward,0.073034525
34,minmax,SD5,prophet,dtw,dtw,ward,0.073034525
14,zscore,SD5,prophet,euclidean,mode,average,0.070801474
6,zscore,SD3,mean,dtw,dtw,ward,0.064238176
67,minmax,SD6,prophet,euclidean,dtw,complete,0.063483305
20,zscore,SD5,mean,dtw,prophet,complete,0.062965527
20,zscore,SD5,mean,dtw,prophet,complete,0.062965527
15,zscore,SD5,linear,euclidean,dtw,ward,0.061592415
15,zscore,SD5,linear,euclidean,dtw,ward,0.061592415
71,minmax,SD2,mean,euclidean,mode,centroid,0.059665211
44,standard,SD5,prophet,euclidean,prophet,average,0.054411795
44,standard,SD5,prophet,euclidean,prophet,average,0.054411795
28,minmax,SD6,median,euclidean,dtw,average,0.054077376
28,minmax,SD6,median,euclidean,dtw,average,0.054077376
81,zscore,SD3,mean,dtw,median,median,0.052612767
80,zscore,SD2,prophet,euclidean,median,average,0.051522978
80,zscore,SD2,prophet,euclidean,median,average,0.051522978
87,standard,SD2,median,euclidean,dtw,average,0.048822444
87,standard,SD2,median,euclidean,dtw,average,0.048822444
32,zscore,SD3,prophet,dtw,prophet,complete,0.048550781
11,zscore,SD4,prophet,dtw,median,complete,0.047503617
11,zscore,SD4,prophet,dtw,median,complete,0.047503617
60,zscore,SD5,prophet,euclidean,mean,ward,0.045908485
62,standard,SD4,median,dtw,prophet,hdbscan,0.044355925
11,zscore,SD3,median,dtw,dtw,complete,0.044055846
11,zscore,SD3,median,dtw,dtw,complete,0.044055846
5,zscore,SD2,median,euclidean,prophet,complete,0.043134656
18,zscore,SD2,prophet,euclidean,mode,weighted,0.042104419
40,minmax,SD2,mean,dtw,dtw,complete,0.040455416
40,minmax,SD2,mean,dtw,dtw,complete,0.040455416
20,zscore,SD3,linear,dtw,median,ward,0.038508732
50,minmax,SD2,linear,dtw,prophet,complete,0.037965126
50,minmax,SD2,linear,dtw,prophet,complete,0.037965126
39,zscore,SD3,prophet,dtw,mean,ward,0.034215
39,zscore,SD3,prophet,dtw,mean,ward,0.034215
83,minmax,SD4,median,euclidean,mode,weighted,0.032594539
83,minmax,SD4,median,euclidean,mode,weighted,0.032594539
2,zscore,SD2,mean,dtw,prophet,complete,0.030864239
2,zscore,SD2,mean,dtw,prophet,complete,0.030864239
2,zscore,SD2,prophet,euclidean,mode,ward,0.029391767
2,zscore,SD2,prophet,euclidean,mode,ward,0.029391767
2,minmax,SD5,median,dtw,dtw,median,0.028300673
2,minmax,SD5,median,dtw,dtw,median,0.028300673
2,minmax,SD3,linear,dtw,prophet,ward,0.025816049
2,minmax,SD3,linear,dtw,prophet,ward,0.025816049
52,zscore,SD3,mean,euclidean,median,ward,0.025064452
52,zscore,SD3,mean,euclidean,median,ward,0.025064452
33,zscore,SD2,linear,euclidean,median,ward,0.024876539
16,minmax,SD4,median,euclidean,prophet,hdbscan,0.024386371
62,zscore,SD5,prophet,euclidean,median,ward,0.022717789
62,zscore,SD5,prophet,euclidean,median,ward,0.022717789
62,zscore,SD3,linear,euclidean,mode,complete,0.022620566
62,zscore,SD3,linear,euclidean,mode,complete,0.022620566
43,minmax,SD3,prophet,dtw,prophet,ward,0.021008678
2,zscore,SD5,prophet,euclidean,dtw,weighted,0.020703606
24,standard,SD3,mean,dtw,mode,median,0.019913735
24,standard,SD3,mean,dtw,mode,median,0.019913735
43,zscore,SD2,mean,euclidean,prophet,ward,0.018908372
43,zscore,SD2,mean,euclidean,prophet,ward,0.018908372
67,minmax,SD5,prophet,euclidean,prophet,complete,0.017058698
67,minmax,SD5,prophet,euclidean,prophet,complete,0.017058698
60,zscore,SD2,prophet,dtw,dtw,weighted,0.016956566
60,zscore,SD2,prophet,dtw,dtw,weighted,0.016956566
39,zscore,SD2,linear,euclidean,mode,average,0.016695656
39,zscore,SD2,linear,euclidean,mode,average,0.016695656
7,standard,SD4,prophet,euclidean,mode,ward,0.015852598
75,minmax,SD5,median,euclidean,mode,median,0.014413662
2,standard,SD2,prophet,dtw,median,ward,0.013846396
51,minmax,SD4,prophet,euclidean,prophet,hdbscan,0.013190666
14,zscore,SD3,median,dtw,mode,ward,0.012707944
14,zscore,SD3,median,dtw,mode,ward,0.012707944
73,minmax,SD5,median,dtw,mode,average,0.010389174
73,minmax,SD5,median,dtw,mode,average,0.010389174
9,minmax,SD3,linear,dtw,mean,complete,0.009967076
31,standard,SD6,median,dtw,mode,centroid,0.008506039
2,zscore,SD2,median,euclidean,mode,complete,0.008126634
2,zscore,SD2,median,euclidean,mode,complete,0.008126634
6,zscore,SD3,mean,dtw,prophet,average,0.006881516
6,zscore,SD3,mean,dtw,prophet,average,0.006881516
35,zscore,SD4,median,dtw,mean,weighted,0.006362204
35,zscore,SD4,median,dtw,mean,weighted,0.006362204
2,zscore,SD6,linear,euclidean,dtw,complete,0.006287871
2,zscore,SD6,linear,euclidean,dtw,complete,0.006287871
88,standard,SD3,mean,dtw,mean,complete,0.005674445
4,zscore,SD4,mean,euclidean,mean,complete,0.005604676
50,minmax,SD6,mean,dtw,mean,ward,0.004240484
50,minmax,SD6,mean,dtw,mean,ward,0.004240484
20,minmax,SD4,mean,dtw,median,average,0.004212535
20,minmax,SD4,mean,dtw,median,average,0.004212535
48,standard,SD5,mean,euclidean,mean,hdbscan,0.004199545
48,standard,SD5,mean,euclidean,mean,hdbscan,0.004199545
39,standard,SD2,mean,euclidean,dtw,hdbscan,0.003577188
81,zscore,SD2,median,dtw,prophet,average,0.003415945
81,zscore,SD2,median,dtw,prophet,average,0.003415945
3,standard,SD5,prophet,euclidean,mode,centroid,0.003240476
77,minmax,SD6,prophet,dtw,median,centroid,0.002905854
58,standard,SD3,mean,dtw,prophet,median,0.002797765
47,zscore,SD3,median,dtw,prophet,average,0.00278463
25,minmax,SD4,mean,euclidean,median,complete,0.002650484
78,zscore,SD3,median,dtw,median,complete,0.002171028
78,zscore,SD3,median,dtw,median,complete,0.002171028
13,zscore,SD4,linear,dtw,median,centroid,0.002167538
13,zscore,SD4,linear,dtw,median,centroid,0.002167538
2,zscore,SD3,median,dtw,median,average,0.001681594
2,zscore,SD3,median,dtw,median,average,0.001681594
83,zscore,SD6,prophet,dtw,prophet,centroid,0.001461438
83,zscore,SD6,prophet,dtw,prophet,centroid,0.001461438
75,zscore,SD3,mean,euclidean,dtw,average,0.001447059
75,zscore,SD3,mean,euclidean,dtw,average,0.001447059
49,zscore,SD2,mean,dtw,dtw,median,0.001376905
49,zscore,SD2,mean,dtw,dtw,median,0.001376905
4,minmax,SD3,prophet,dtw,dtw,complete,0.001227247
2,standard,SD6,median,dtw,prophet,median,0.001223149
2,standard,SD6,median,dtw,prophet,median,0.001223149
74,zscore,SD4,prophet,euclidean,prophet,single,0.001131789
2,minmax,SD6,linear,dtw,mean,single,0.001094919
2,minmax,SD6,linear,dtw,mean,single,0.001094919
55,zscore,SD2,prophet,euclidean,dtw,hdbscan,0.001
55,zscore,SD2,prophet,euclidean,dtw,hdbscan,0.001
28,zscore,SD4,prophet,dtw,prophet,single,0.000959102
5,zscore,SD6,prophet,euclidean,dtw,single,0.000941386
36,zscore,SD2,mean,euclidean,mean,hdbscan,0.000933
88,zscore,SD5,median,euclidean,mode,single,0.000904741
88,zscore,SD5,median,euclidean,mode,single,0.000904741
70,zscore,SD2,mean,dtw,dtw,centroid,0.000765327
70,zscore,SD2,mean,dtw,dtw,centroid,0.000765327
40,zscore,SD5,mean,euclidean,mean,median,0.000734001
73,zscore,SD3,linear,dtw,dtw,centroid,0.000709127
89,standard,SD5,mean,euclidean,dtw,single,0.0006874
26,zscore,SD5,prophet,euclidean,median,centroid,0.000675134
58,minmax,SD2,prophet,dtw,dtw,single,0.000635708
58,minmax,SD2,prophet,dtw,dtw,single,0.000635708
79,minmax,SD2,linear,dtw,dtw,median,0.000565359
21,standard,SD6,mean,dtw,median,average,0.000515528
10,zscore,SD4,mean,dtw,dtw,centroid,0.000479856
29,minmax,SD5,mean,euclidean,median,single,0.000349319
79,minmax,SD4,linear,dtw,median,weighted,0.000324247
55,zscore,SD2,median,dtw,dtw,single,0.000242002
55,zscore,SD2,median,dtw,dtw,single,0.000242002
60,standard,SD3,prophet,euclidean,dtw,median,0.000233046
60,standard,SD3,prophet,euclidean,dtw,median,0.000233046
12,zscore,SD5,median,euclidean,prophet,average,0.00021684
54,standard,SD2,linear,euclidean,median,single,-3.64E-05
63,standard,SD3,prophet,dtw,prophet,single,-7.87E-05
86,zscore,SD5,mean,euclidean,mode,weighted,-0.000634025
78,standard,SD6,prophet,euclidean,median,ward,-0.000653904
78,standard,SD6,prophet,euclidean,median,ward,-0.000653904
2,standard,SD2,prophet,dtw,dtw,complete,-0.001019152
70,standard,SD3,mean,dtw,mean,average,-0.001621237
63,minmax,SD5,prophet,euclidean,mode,complete,-0.001660262
63,minmax,SD5,prophet,euclidean,mode,complete,-0.001660262
4,minmax,SD3,mean,euclidean,dtw,weighted,-0.001786632
2,minmax,SD3,prophet,dtw,median,complete,-0.002242682
2,minmax,SD3,prophet,dtw,median,complete,-0.002242682
4,standard,SD3,mean,euclidean,dtw,centroid,-0.002411908
81,standard,SD3,prophet,dtw,mean,average,-0.003358222
20,standard,SD5,prophet,dtw,median,complete,-0.003430442
20,standard,SD5,prophet,dtw,median,complete,-0.003430442
55,minmax,SD3,prophet,dtw,mode,centroid,-0.003706824
2,minmax,SD3,linear,euclidean,dtw,ward,-0.003829025
41,zscore,SD4,mean,dtw,mode,average,-0.004379824
85,standard,SD2,prophet,euclidean,prophet,centroid,-0.004780537
84,standard,SD6,mean,dtw,median,average,-0.00497228
84,standard,SD6,mean,dtw,median,average,-0.00497228
37,minmax,SD2,mean,euclidean,mean,ward,-0.006149227
37,minmax,SD2,mean,euclidean,mean,ward,-0.006149227
77,standard,SD4,mean,dtw,mean,weighted,-0.007436661
17,standard,SD3,mean,dtw,median,weighted,-0.007734268
50,standard,SD5,linear,euclidean,median,complete,-0.007920684
77,minmax,SD4,prophet,dtw,median,median,-0.008337351
46,zscore,SD4,mean,dtw,median,centroid,-0.00871701
46,zscore,SD4,mean,dtw,median,centroid,-0.00871701
48,minmax,SD4,prophet,dtw,mode,ward,-0.008718262
84,minmax,SD3,prophet,dtw,median,average,-0.009200929
51,zscore,SD6,mean,dtw,prophet,complete,-0.009218113
52,zscore,SD5,mean,euclidean,median,median,-0.010039263
88,zscore,SD6,mean,dtw,median,hdbscan,-0.0121115
4,zscore,SD6,linear,dtw,mean,hdbscan,-0.014978856
4,zscore,SD6,linear,dtw,mean,hdbscan,-0.014978856
39,minmax,SD6,prophet,dtw,prophet,median,-0.016040798
22,minmax,SD5,median,euclidean,prophet,median,-0.016686697
34,standard,SD5,linear,dtw,prophet,weighted,-0.01768581
34,standard,SD5,linear,dtw,prophet,weighted,-0.01768581
2,minmax,SD3,mean,euclidean,prophet,average,-0.018466143
3,standard,SD2,median,dtw,dtw,ward,-0.018874992
3,standard,SD2,median,dtw,dtw,ward,-0.018874992
65,zscore,SD4,linear,euclidean,mean,median,-0.019821763
82,zscore,SD4,median,euclidean,mode,average,-0.022323051
2,standard,SD4,linear,dtw,dtw,average,-0.029659469
2,standard,SD4,linear,dtw,dtw,average,-0.029659469
86,zscore,SD5,median,euclidean,mode,median,-0.035673331
