Comperiod,Scaling,Outliers,Interpolation,Similarity,Unsynced,Linkmeth,ray/tune/_metric
53,standard,SD4,median,dtw,dtw,average,0.493929803
57,standard,SD4,median,dtw,dtw,average,0.47989893
55,standard,SD4,median,dtw,dtw,average,0.478977829
54,standard,SD4,median,dtw,dtw,average,0.478977829
56,standard,SD4,median,dtw,dtw,average,0.478977829
58,standard,SD4,median,dtw,dtw,average,0.473473817
54,standard,SD4,prophet,dtw,dtw,average,0.468065947
55,standard,SD4,mean,dtw,dtw,average,0.467501462
54,minmax,SD2,linear,dtw,dtw,average,0.461473197
54,standard,SD2,linear,dtw,dtw,average,0.460539699
52,standard,SD4,mean,dtw,dtw,average,0.460262477
53,standard,SD4,mean,dtw,dtw,average,0.460262477
54,standard,SD4,mean,dtw,dtw,average,0.460262477
51,standard,SD4,mean,dtw,dtw,average,0.460262477
55,standard,SD2,mean,dtw,dtw,average,0.459144443
56,standard,SD2,mean,dtw,dtw,average,0.459144443
58,standard,SD4,prophet,dtw,dtw,average,0.455323189
52,standard,SD4,prophet,dtw,dtw,average,0.455142558
53,standard,SD4,prophet,dtw,dtw,average,0.455142558
53,standard,SD2,median,dtw,dtw,average,0.4549658
57,minmax,SD2,linear,dtw,dtw,weighted,0.451694965
58,standard,SD2,linear,dtw,dtw,average,0.448382229
53,standard,SD2,linear,dtw,dtw,average,0.447411895
48,standard,SD2,linear,dtw,dtw,average,0.447411895
51,standard,SD2,linear,dtw,dtw,average,0.447411895
50,standard,SD2,linear,dtw,dtw,average,0.447411895
55,standard,SD2,linear,dtw,dtw,average,0.446757227
56,standard,SD2,linear,dtw,dtw,average,0.446757227
51,standard,SD4,median,dtw,dtw,average,0.4462865
52,standard,SD4,median,dtw,dtw,average,0.4462865
55,standard,SD2,median,dtw,dtw,average,0.445295691
56,standard,SD2,median,dtw,dtw,average,0.445295691
49,minmax,SD2,linear,dtw,dtw,average,0.445088565
57,standard,SD2,linear,dtw,dtw,average,0.444516271
54,standard,SD2,median,dtw,dtw,average,0.444424391
50,standard,SD2,median,euclidean,dtw,average,0.444399655
50,minmax,SD2,median,euclidean,dtw,average,0.444222718
55,minmax,SD2,linear,dtw,dtw,average,0.441607356
56,minmax,SD2,linear,dtw,dtw,average,0.441607356
64,minmax,SD2,linear,euclidean,dtw,average,0.440805912
35,standard,SD4,mean,dtw,mode,average,0.439472347
68,minmax,SD2,prophet,euclidean,dtw,centroid,0.439109266
72,standard,SD2,linear,euclidean,dtw,average,0.438676775
61,minmax,SD2,linear,euclidean,dtw,average,0.438676625
71,standard,SD2,mean,euclidean,dtw,average,0.437875748
49,standard,SD2,linear,euclidean,dtw,average,0.436294168
47,minmax,SD2,median,euclidean,dtw,average,0.435298204
52,standard,SD2,linear,euclidean,dtw,average,0.434934556
65,minmax,SD2,linear,euclidean,dtw,average,0.434532434
53,minmax,SD2,linear,dtw,dtw,average,0.433668107
50,standard,SD4,median,dtw,dtw,average,0.433079958
46,standard,SD4,median,dtw,dtw,average,0.433079958
49,standard,SD4,median,dtw,dtw,average,0.433079958
50,standard,SD4,median,euclidean,dtw,average,0.433031559
56,standard,SD4,mean,dtw,dtw,average,0.432794243
73,minmax,SD2,mean,euclidean,dtw,average,0.432635754
47,standard,SD2,linear,dtw,dtw,average,0.432588071
56,standard,SD4,prophet,dtw,dtw,average,0.432432741
55,standard,SD4,prophet,dtw,dtw,average,0.432432741
68,minmax,SD2,linear,euclidean,dtw,average,0.431301475
51,minmax,SD2,linear,dtw,dtw,average,0.431293279
50,minmax,SD2,linear,dtw,dtw,average,0.431293279
49,minmax,SD2,median,euclidean,dtw,average,0.430664003
55,minmax,SD4,median,dtw,dtw,average,0.430494666
52,standard,SD2,prophet,euclidean,dtw,average,0.43008709
62,standard,SD3,median,dtw,prophet,average,0.430014014
51,standard,SD2,median,euclidean,dtw,average,0.429145873
24,standard,SD2,mean,dtw,prophet,centroid,0.428638369
58,minmax,SD2,linear,dtw,dtw,average,0.428530991
79,minmax,SD2,median,euclidean,dtw,average,0.424863458
57,minmax,SD2,median,dtw,prophet,average,0.424579829
45,standard,SD2,linear,euclidean,dtw,average,0.424284518
63,minmax,SD2,linear,euclidean,dtw,average,0.424278438
23,standard,SD2,median,dtw,prophet,centroid,0.42338711
12,standard,SD2,median,dtw,mode,centroid,0.42338711
22,standard,SD2,median,dtw,median,centroid,0.42338711
5,standard,SD2,median,dtw,median,centroid,0.42338711
7,standard,SD2,median,dtw,mode,centroid,0.42338711
56,minmax,SD2,mean,euclidean,dtw,average,0.423281878
63,standard,SD2,linear,euclidean,dtw,average,0.422641158
58,standard,SD4,mean,dtw,dtw,average,0.421354234
47,standard,SD4,linear,dtw,dtw,average,0.421061724
43,standard,SD4,median,dtw,dtw,average,0.420148045
62,standard,SD2,linear,euclidean,dtw,average,0.419996977
72,minmax,SD4,median,dtw,dtw,average,0.419648319
64,standard,SD2,median,euclidean,dtw,average,0.419320583
69,minmax,SD4,median,dtw,dtw,average,0.41918543
45,minmax,SD2,median,euclidean,prophet,average,0.418830931
53,minmax,SD3,linear,dtw,prophet,average,0.418398708
44,standard,SD2,linear,dtw,dtw,average,0.41784367
8,standard,SD2,prophet,dtw,prophet,average,0.417633444
63,minmax,SD2,prophet,euclidean,dtw,average,0.417052895
55,standard,SD2,linear,euclidean,dtw,average,0.416998893
69,minmax,SD2,linear,euclidean,dtw,average,0.416870654
50,standard,SD2,median,euclidean,prophet,average,0.416853815
44,standard,SD2,median,euclidean,prophet,average,0.416853815
53,minmax,SD2,median,euclidean,prophet,average,0.416713357
61,minmax,SD2,median,euclidean,dtw,average,0.416599035
79,standard,SD2,linear,dtw,dtw,average,0.416529089
63,standard,SD2,median,euclidean,dtw,average,0.416317105
51,minmax,SD2,median,euclidean,dtw,average,0.416245967
78,minmax,SD5,linear,dtw,dtw,average,0.416213959
73,minmax,SD6,linear,dtw,dtw,average,0.415407449
76,standard,SD2,median,euclidean,dtw,average,0.415385008
49,minmax,SD2,median,dtw,dtw,average,0.415223539
53,minmax,SD2,median,dtw,dtw,average,0.415223539
55,minmax,SD2,median,dtw,dtw,average,0.415223539
66,minmax,SD4,linear,dtw,dtw,average,0.415140986
73,minmax,SD5,median,dtw,dtw,average,0.414248466
47,standard,SD2,prophet,euclidean,dtw,average,0.414239079
62,minmax,SD2,linear,euclidean,dtw,average,0.414067924
62,minmax,SD4,prophet,dtw,dtw,average,0.413992912
61,minmax,SD2,median,dtw,prophet,average,0.413917482
50,minmax,SD2,linear,euclidean,dtw,average,0.413770556
61,minmax,SD3,median,dtw,prophet,average,0.413762808
76,minmax,SD2,median,euclidean,dtw,average,0.413372964
78,minmax,SD4,linear,dtw,dtw,average,0.412793368
69,standard,SD2,linear,euclidean,dtw,centroid,0.412759542
8,standard,SD2,median,dtw,prophet,average,0.412756175
42,standard,SD2,median,dtw,prophet,average,0.412756175
16,standard,SD2,median,dtw,mode,average,0.412756175
26,standard,SD2,median,dtw,dtw,average,0.412756175
17,standard,SD2,median,dtw,prophet,average,0.412756175
22,standard,SD2,median,dtw,median,average,0.412756175
34,standard,SD2,median,dtw,mode,average,0.412756175
33,standard,SD2,median,dtw,prophet,average,0.412756175
69,standard,SD2,mean,euclidean,dtw,average,0.412594169
47,minmax,SD2,linear,euclidean,dtw,average,0.412593633
74,minmax,SD3,linear,euclidean,dtw,average,0.412189096
59,minmax,SD2,median,euclidean,dtw,average,0.411560625
56,standard,SD2,median,euclidean,dtw,average,0.410649478
50,minmax,SD3,linear,dtw,dtw,average,0.409977913
72,minmax,SD4,linear,dtw,dtw,average,0.409851044
57,minmax,SD2,mean,dtw,dtw,weighted,0.409272671
66,minmax,SD3,median,dtw,dtw,average,0.408674628
47,standard,SD2,linear,euclidean,dtw,average,0.408507228
76,minmax,SD5,linear,euclidean,dtw,average,0.408353657
69,minmax,SD6,linear,dtw,dtw,average,0.408161283
47,standard,SD5,median,dtw,prophet,average,0.407275081
53,minmax,SD3,median,dtw,dtw,average,0.406587422
63,standard,SD4,median,dtw,dtw,average,0.406248003
68,minmax,SD4,linear,dtw,dtw,average,0.406199127
59,minmax,SD2,median,dtw,prophet,average,0.405998141
75,minmax,SD6,linear,dtw,dtw,average,0.405734211
64,minmax,SD2,median,euclidean,dtw,average,0.405631661
83,standard,SD2,median,dtw,dtw,average,0.405562073
62,minmax,SD2,mean,euclidean,dtw,average,0.405097157
72,minmax,SD5,linear,dtw,dtw,average,0.405085802
71,minmax,SD6,median,euclidean,dtw,average,0.404182196
83,minmax,SD4,median,euclidean,dtw,average,0.404148132
57,standard,SD2,linear,euclidean,dtw,average,0.404119462
72,minmax,SD2,median,euclidean,dtw,average,0.403825462
64,minmax,SD3,median,dtw,dtw,average,0.403670162
56,minmax,SD5,median,dtw,prophet,average,0.403549671
41,standard,SD2,median,dtw,dtw,average,0.402893096
61,minmax,SD4,mean,dtw,prophet,average,0.402506202
75,minmax,SD5,prophet,dtw,dtw,average,0.402283341
88,minmax,SD4,linear,dtw,dtw,average,0.40171808
60,standard,SD2,linear,euclidean,dtw,average,0.401495278
58,standard,SD2,median,dtw,dtw,average,0.40147844
38,standard,SD2,median,dtw,mean,centroid,0.401466876
58,minmax,SD4,median,dtw,prophet,average,0.401434839
48,standard,SD2,median,euclidean,dtw,average,0.401317328
29,minmax,SD3,linear,dtw,dtw,average,0.40128237
65,standard,SD2,linear,euclidean,dtw,average,0.401060402
48,standard,SD2,mean,euclidean,dtw,average,0.400999755
57,minmax,SD2,prophet,euclidean,dtw,average,0.400554627
75,minmax,SD5,linear,dtw,dtw,average,0.399526805
53,minmax,SD2,prophet,dtw,dtw,average,0.399405211
41,standard,SD2,median,euclidean,dtw,average,0.399086833
87,minmax,SD4,mean,dtw,dtw,average,0.398947328
52,minmax,SD4,median,dtw,dtw,average,0.398895681
60,minmax,SD4,linear,dtw,dtw,average,0.398731053
85,minmax,SD6,linear,dtw,dtw,average,0.398348421
67,minmax,SD4,median,dtw,dtw,average,0.397425205
34,standard,SD4,mean,dtw,mode,average,0.396851838
26,standard,SD4,mean,dtw,prophet,average,0.396851838
64,standard,SD4,linear,dtw,dtw,average,0.396690577
53,minmax,SD4,mean,dtw,dtw,average,0.396574765
85,minmax,SD3,linear,euclidean,dtw,average,0.396330625
69,standard,SD2,linear,euclidean,dtw,average,0.396221668
85,standard,SD2,mean,dtw,dtw,average,0.396215558
76,minmax,SD2,linear,euclidean,dtw,average,0.395948797
63,minmax,SD4,linear,dtw,dtw,average,0.395914525
56,minmax,SD2,linear,euclidean,dtw,average,0.395536363
76,minmax,SD4,median,dtw,dtw,average,0.395351619
71,minmax,SD3,median,dtw,dtw,average,0.395077199
84,standard,SD2,median,euclidean,dtw,average,0.394963115
70,standard,SD3,linear,dtw,dtw,average,0.394948751
67,standard,SD4,linear,dtw,dtw,average,0.39454329
8,minmax,SD2,linear,dtw,mode,average,0.393925905
16,minmax,SD2,linear,dtw,prophet,average,0.393925905
55,standard,SD2,prophet,dtw,dtw,average,0.393900096
53,standard,SD3,median,dtw,dtw,average,0.393110216
56,minmax,SD4,linear,dtw,dtw,average,0.392984062
46,minmax,SD2,linear,euclidean,prophet,average,0.392942339
6,minmax,SD2,median,dtw,mode,average,0.392482996
15,minmax,SD2,median,dtw,dtw,average,0.392482996
13,minmax,SD2,median,dtw,mean,average,0.392482996
50,minmax,SD4,linear,dtw,dtw,average,0.392354935
71,minmax,SD4,prophet,dtw,dtw,average,0.391109198
75,minmax,SD6,median,dtw,dtw,average,0.391106814
74,minmax,SD4,linear,euclidean,dtw,average,0.391037017
68,standard,SD4,median,dtw,dtw,average,0.390529782
54,minmax,SD6,linear,dtw,dtw,average,0.390471578
75,minmax,SD4,mean,euclidean,dtw,average,0.390380293
83,minmax,SD3,median,euclidean,dtw,average,0.390194327
32,standard,SD4,mean,dtw,median,average,0.389972925
86,standard,SD2,mean,euclidean,dtw,average,0.389966875
17,minmax,SD2,linear,euclidean,dtw,average,0.389885068
73,minmax,SD3,median,dtw,dtw,average,0.389237791
53,minmax,SD2,linear,dtw,prophet,average,0.38917169
16,standard,SD2,prophet,dtw,prophet,centroid,0.389132202
68,minmax,SD3,prophet,dtw,dtw,average,0.388824195
55,minmax,SD2,mean,dtw,dtw,average,0.388103783
48,standard,SD2,median,euclidean,dtw,centroid,0.38802126
27,minmax,SD6,median,dtw,dtw,average,0.387729079
72,minmax,SD3,linear,dtw,dtw,average,0.38750273
54,minmax,SD3,linear,dtw,dtw,average,0.387351394
79,minmax,SD2,linear,dtw,dtw,average,0.386994421
61,standard,SD4,prophet,dtw,dtw,average,0.386752605
43,minmax,SD6,median,dtw,prophet,average,0.386539489
5,minmax,SD5,median,dtw,mode,average,0.386509359
50,minmax,SD5,median,dtw,prophet,average,0.386509359
11,minmax,SD5,median,dtw,prophet,average,0.386509359
58,minmax,SD3,linear,dtw,prophet,average,0.386442006
63,minmax,SD2,linear,dtw,prophet,average,0.386217326
75,standard,SD5,linear,dtw,dtw,average,0.386182278
80,standard,SD2,linear,euclidean,dtw,average,0.385656714
63,minmax,SD5,linear,dtw,prophet,average,0.385449708
74,minmax,SD3,prophet,euclidean,dtw,average,0.385423303
45,minmax,SD2,median,euclidean,dtw,average,0.385413975
78,minmax,SD4,linear,euclidean,dtw,average,0.385354817
46,minmax,SD2,linear,dtw,dtw,average,0.385090441
8,standard,SD4,median,dtw,median,average,0.384687394
17,minmax,SD4,mean,dtw,prophet,average,0.384494692
89,standard,SD2,linear,euclidean,dtw,average,0.384489119
43,minmax,SD2,mean,dtw,dtw,average,0.384022415
50,standard,SD2,median,dtw,dtw,average,0.383694857
51,standard,SD2,median,dtw,dtw,average,0.383694857
49,standard,SD2,median,dtw,dtw,average,0.383694857
50,minmax,SD4,mean,dtw,prophet,average,0.38363418
87,minmax,SD6,median,dtw,dtw,average,0.383396149
88,standard,SD4,median,dtw,dtw,average,0.383304
56,minmax,SD3,median,dtw,dtw,average,0.382918
47,minmax,SD2,linear,dtw,prophet,average,0.382525086
60,standard,SD2,median,euclidean,dtw,average,0.382470787
81,minmax,SD4,mean,euclidean,dtw,average,0.382005543
47,minmax,SD6,linear,dtw,dtw,average,0.381009728
61,standard,SD6,linear,dtw,dtw,average,0.380784839
69,minmax,SD2,mean,euclidean,dtw,average,0.380656093
87,standard,SD4,median,dtw,dtw,average,0.379969537
63,minmax,SD4,median,dtw,prophet,median,0.379687726
61,minmax,SD2,prophet,euclidean,dtw,weighted,0.379485905
79,standard,SD4,median,dtw,dtw,average,0.378628939
41,minmax,SD2,linear,dtw,dtw,average,0.378196418
14,standard,SD2,linear,dtw,dtw,average,0.378161937
19,standard,SD2,linear,dtw,prophet,average,0.378161937
13,standard,SD2,linear,dtw,mode,average,0.378161937
36,standard,SD2,linear,dtw,dtw,average,0.378161937
72,standard,SD4,median,dtw,dtw,average,0.378107905
34,minmax,SD2,mean,dtw,prophet,average,0.377907783
37,minmax,SD2,mean,dtw,mode,average,0.377842695
31,minmax,SD4,median,dtw,dtw,average,0.37760222
3,minmax,SD4,median,dtw,median,average,0.37760222
18,minmax,SD4,median,dtw,prophet,median,0.37759158
26,minmax,SD4,median,dtw,prophet,median,0.37759158
13,standard,SD4,median,euclidean,dtw,average,0.376965135
57,minmax,SD4,median,dtw,dtw,average,0.376929134
85,standard,SD6,linear,euclidean,dtw,average,0.376436263
49,standard,SD2,linear,dtw,prophet,average,0.376424879
69,minmax,SD2,linear,dtw,dtw,average,0.375718713
69,minmax,SD2,mean,dtw,dtw,average,0.375215501
54,standard,SD2,linear,dtw,dtw,centroid,0.374886364
82,standard,SD2,median,euclidean,dtw,average,0.374769628
54,standard,SD2,median,dtw,dtw,centroid,0.37468034
62,minmax,SD2,mean,dtw,dtw,average,0.374553889
62,minmax,SD2,linear,dtw,dtw,average,0.37443161
72,minmax,SD2,mean,dtw,dtw,average,0.3744151
48,standard,SD4,mean,dtw,dtw,average,0.37419194
27,standard,SD2,mean,euclidean,prophet,average,0.374124229
79,standard,SD3,linear,dtw,dtw,average,0.374060303
47,minmax,SD4,median,dtw,dtw,average,0.373662293
32,standard,SD4,mean,dtw,prophet,centroid,0.373242527
40,standard,SD5,mean,dtw,prophet,average,0.373093307
72,standard,SD5,median,dtw,dtw,average,0.372595966
84,standard,SD4,linear,euclidean,dtw,average,0.37177524
65,minmax,SD4,median,dtw,dtw,average,0.371722966
68,minmax,SD2,mean,euclidean,dtw,average,0.371703655
71,standard,SD2,median,euclidean,dtw,average,0.371113181
68,minmax,SD2,prophet,dtw,dtw,average,0.371061951
33,standard,SD2,mean,dtw,dtw,average,0.370797813
28,standard,SD2,mean,dtw,mean,average,0.370797813
78,minmax,SD2,linear,euclidean,dtw,average,0.370437205
82,standard,SD6,median,dtw,dtw,average,0.370354652
71,standard,SD2,mean,dtw,dtw,average,0.369830817
72,standard,SD2,linear,dtw,dtw,average,0.369648933
76,minmax,SD2,linear,dtw,dtw,average,0.369544268
89,minmax,SD2,median,euclidean,dtw,average,0.369483292
50,minmax,SD2,mean,dtw,prophet,average,0.369369358
37,standard,SD2,linear,euclidean,dtw,average,0.369328678
70,minmax,SD2,linear,euclidean,dtw,centroid,0.369237065
77,standard,SD4,median,euclidean,dtw,average,0.369116366
57,minmax,SD2,median,dtw,dtw,weighted,0.369089812
62,standard,SD6,median,dtw,dtw,average,0.368943185
70,minmax,SD3,linear,euclidean,dtw,average,0.368805438
50,minmax,SD2,linear,dtw,dtw,centroid,0.368626207
68,minmax,SD4,prophet,euclidean,dtw,average,0.368512183
57,standard,SD2,mean,dtw,dtw,average,0.368136913
49,standard,SD4,prophet,dtw,dtw,average,0.366626114
57,minmax,SD2,mean,dtw,dtw,average,0.36625579
69,minmax,SD5,median,dtw,dtw,centroid,0.365760773
67,standard,SD2,median,dtw,dtw,average,0.365608752
66,minmax,SD2,linear,dtw,dtw,average,0.364337564
58,minmax,SD4,prophet,dtw,dtw,average,0.364148229
58,minmax,SD2,mean,euclidean,dtw,centroid,0.364132404
70,standard,SD4,prophet,dtw,dtw,average,0.364003032
71,minmax,SD2,linear,euclidean,dtw,average,0.363662302
59,minmax,SD2,linear,euclidean,dtw,average,0.362685055
35,standard,SD4,median,dtw,mean,average,0.362369686
12,standard,SD3,median,dtw,prophet,average,0.361255139
46,standard,SD3,median,dtw,prophet,weighted,0.361007839
67,standard,SD2,median,euclidean,dtw,average,0.360714734
82,standard,SD4,linear,dtw,dtw,average,0.359599888
17,minmax,SD3,median,dtw,dtw,average,0.35956499
52,standard,SD2,median,dtw,prophet,centroid,0.359505981
59,standard,SD2,linear,dtw,prophet,average,0.35914126
70,minmax,SD3,mean,euclidean,dtw,centroid,0.358413696
60,standard,SD2,linear,dtw,dtw,average,0.357745409
52,standard,SD2,mean,dtw,dtw,average,0.357593089
57,standard,SD4,mean,dtw,dtw,average,0.35685426
64,standard,SD2,median,dtw,dtw,average,0.356197864
24,standard,SD3,mean,dtw,mode,average,0.355928421
46,minmax,SD2,prophet,dtw,dtw,average,0.355764329
57,standard,SD4,mean,dtw,dtw,centroid,0.35548839
55,standard,SD3,mean,dtw,prophet,average,0.355365217
56,standard,SD4,linear,dtw,dtw,average,0.355113715
58,standard,SD2,linear,dtw,dtw,weighted,0.355036944
89,standard,SD2,linear,dtw,dtw,average,0.354167849
85,minmax,SD4,linear,dtw,prophet,average,0.354161173
13,standard,SD3,median,dtw,prophet,median,0.353939444
49,minmax,SD4,median,euclidean,dtw,average,0.353845298
52,minmax,SD4,linear,euclidean,dtw,average,0.353804052
68,minmax,SD5,linear,euclidean,dtw,average,0.353779614
77,standard,SD6,median,euclidean,dtw,average,0.353778422
50,standard,SD3,linear,dtw,dtw,average,0.352751017
67,minmax,SD5,linear,euclidean,dtw,centroid,0.352502108
67,standard,SD6,median,dtw,dtw,average,0.352475494
49,minmax,SD2,mean,dtw,dtw,weighted,0.351932287
62,standard,SD3,linear,dtw,dtw,average,0.351614654
50,standard,SD4,linear,dtw,dtw,average,0.350949377
51,standard,SD6,linear,euclidean,dtw,average,0.350857943
87,minmax,SD2,mean,euclidean,dtw,average,0.349800587
9,standard,SD2,median,euclidean,median,average,0.349367619
11,standard,SD2,median,euclidean,dtw,average,0.349367619
56,standard,SD3,linear,dtw,dtw,average,0.349232435
52,standard,SD4,mean,dtw,dtw,centroid,0.347582787
75,standard,SD2,linear,euclidean,dtw,average,0.347559899
65,standard,SD2,linear,dtw,dtw,centroid,0.34731251
20,standard,SD2,linear,euclidean,prophet,centroid,0.347236216
59,standard,SD2,median,dtw,prophet,average,0.346802175
78,minmax,SD2,median,dtw,dtw,average,0.346353918
87,standard,SD2,prophet,dtw,dtw,centroid,0.345281005
88,standard,SD5,mean,euclidean,dtw,average,0.345262319
53,standard,SD4,linear,dtw,dtw,average,0.344058603
75,standard,SD2,linear,dtw,dtw,average,0.34368822
39,standard,SD4,median,dtw,prophet,average,0.343312472
79,minmax,SD3,prophet,dtw,dtw,average,0.34328723
74,standard,SD2,prophet,euclidean,dtw,average,0.342924178
58,minmax,SD2,mean,euclidean,dtw,average,0.342915982
85,minmax,SD2,linear,dtw,dtw,average,0.342841536
80,minmax,SD2,linear,dtw,dtw,average,0.342841536
35,standard,SD4,median,dtw,dtw,average,0.340287685
22,minmax,SD2,median,dtw,prophet,centroid,0.339499146
3,minmax,SD2,median,dtw,median,centroid,0.339499146
41,standard,SD4,linear,dtw,dtw,average,0.339292467
8,minmax,SD2,linear,dtw,median,complete,0.336304128
65,minmax,SD5,mean,euclidean,dtw,average,0.334834516
75,minmax,SD2,prophet,dtw,prophet,centroid,0.333529145
68,standard,SD3,mean,euclidean,dtw,centroid,0.333328754
50,minmax,SD2,median,dtw,prophet,centroid,0.33208558
65,minmax,SD2,mean,dtw,dtw,centroid,0.331535637
86,minmax,SD5,median,dtw,prophet,average,0.331207246
60,standard,SD4,median,dtw,dtw,average,0.331060886
57,minmax,SD2,mean,dtw,dtw,centroid,0.331026137
46,standard,SD4,linear,euclidean,dtw,average,0.33092919
69,minmax,SD4,linear,dtw,prophet,average,0.327413082
59,minmax,SD4,linear,euclidean,dtw,average,0.326353669
38,minmax,SD2,median,dtw,mode,weighted,0.323486179
75,standard,SD4,mean,dtw,dtw,average,0.321466535
62,minmax,SD2,median,euclidean,prophet,centroid,0.32003203
64,standard,SD2,mean,euclidean,dtw,weighted,0.317426026
60,standard,SD4,mean,dtw,prophet,average,0.317061037
56,standard,SD6,mean,dtw,dtw,average,0.315086305
16,standard,SD4,linear,dtw,prophet,average,0.313375801
32,standard,SD4,linear,dtw,mode,average,0.313375801
44,standard,SD6,median,dtw,dtw,average,0.312584102
36,standard,SD6,median,dtw,dtw,average,0.312584102
66,minmax,SD2,linear,euclidean,dtw,centroid,0.311818302
53,standard,SD5,median,dtw,dtw,average,0.307620555
48,standard,SD3,linear,euclidean,dtw,average,0.304652959
59,standard,SD5,linear,euclidean,dtw,average,0.301328421
66,standard,SD2,median,dtw,prophet,centroid,0.300889611
54,standard,SD4,median,euclidean,dtw,average,0.298103184
53,zscore,SD4,median,dtw,dtw,ward,0.296537906
68,minmax,SD2,mean,euclidean,dtw,weighted,0.295524776
20,standard,SD5,median,euclidean,mode,centroid,0.285730302
54,minmax,SD4,median,dtw,mean,average,0.283724248
68,standard,SD5,linear,dtw,dtw,average,0.281889677
77,standard,SD2,mean,dtw,prophet,centroid,0.279028475
74,standard,SD4,median,dtw,prophet,average,0.278730929
81,minmax,SD4,median,dtw,dtw,median,0.277683884
50,minmax,SD4,median,dtw,prophet,median,0.276685357
12,minmax,SD2,median,dtw,median,hdbscan,0.270326823
16,minmax,SD2,mean,euclidean,dtw,hdbscan,0.260980934
58,minmax,SD4,linear,dtw,dtw,weighted,0.248225898
65,standard,SD4,median,euclidean,dtw,average,0.24770467
71,standard,SD4,mean,euclidean,dtw,average,0.247657716
54,minmax,SD2,mean,euclidean,dtw,average,0.245693147
59,minmax,SD2,mean,euclidean,dtw,hdbscan,0.243289754
53,standard,SD4,mean,dtw,prophet,complete,0.243043527
18,zscore,SD4,median,dtw,dtw,complete,0.24241963
32,standard,SD6,median,euclidean,mode,centroid,0.23942326
29,standard,SD2,median,dtw,prophet,complete,0.238280013
48,standard,SD4,median,dtw,dtw,hdbscan,0.234123275
51,standard,SD2,median,dtw,mode,average,0.232026055
7,zscore,SD2,median,dtw,prophet,average,0.23127158
24,standard,SD3,mean,dtw,mode,median,0.228504613
24,standard,SD3,mean,dtw,mode,median,0.228504613
8,minmax,SD6,median,euclidean,dtw,average,0.22715421
29,standard,SD2,median,dtw,dtw,ward,0.226664335
62,standard,SD4,median,dtw,prophet,hdbscan,0.223174199
17,standard,SD2,median,dtw,dtw,hdbscan,0.222676754
4,standard,SD2,median,dtw,mode,hdbscan,0.222676754
9,minmax,SD3,median,dtw,dtw,median,0.217445478
16,standard,SD3,linear,dtw,dtw,hdbscan,0.216506973
52,standard,SD3,linear,dtw,prophet,hdbscan,0.216506973
57,standard,SD4,median,dtw,dtw,complete,0.21234934
67,minmax,SD5,prophet,euclidean,prophet,complete,0.211442888
67,minmax,SD5,prophet,euclidean,prophet,complete,0.211442888
18,zscore,SD2,prophet,euclidean,mode,weighted,0.210161015
8,minmax,SD2,prophet,dtw,prophet,ward,0.208789825
7,minmax,SD4,median,dtw,prophet,ward,0.204189241
13,standard,SD2,mean,euclidean,dtw,complete,0.203769624
43,minmax,SD4,mean,euclidean,dtw,average,0.199488863
58,minmax,SD6,median,euclidean,prophet,average,0.194892645
51,minmax,SD4,median,dtw,prophet,weighted,0.186928168
58,minmax,SD5,linear,dtw,dtw,ward,0.182725862
64,minmax,SD2,prophet,euclidean,dtw,complete,0.182546079
57,minmax,SD3,mean,euclidean,dtw,weighted,0.1796031
16,standard,SD2,median,dtw,dtw,weighted,0.178351432
17,standard,SD2,median,dtw,prophet,weighted,0.178351432
5,standard,SD5,prophet,euclidean,dtw,complete,0.172359347
17,minmax,SD2,prophet,dtw,prophet,complete,0.172034398
35,zscore,SD4,median,dtw,mean,weighted,0.171046689
35,zscore,SD4,median,dtw,mean,weighted,0.171046689
28,minmax,SD6,linear,euclidean,prophet,average,0.167889863
60,zscore,SD5,mean,dtw,dtw,average,0.167142063
10,zscore,SD6,linear,dtw,dtw,average,0.166905046
10,minmax,SD5,median,dtw,mode,complete,0.166887641
21,minmax,SD4,prophet,dtw,dtw,centroid,0.15620698
17,minmax,SD5,median,euclidean,mean,centroid,0.1555859
45,standard,SD2,median,dtw,dtw,median,0.152628332
4,standard,SD4,median,dtw,dtw,weighted,0.15260689
52,zscore,SD2,linear,dtw,dtw,average,0.15246731
29,minmax,SD4,median,euclidean,prophet,centroid,0.149341524
38,minmax,SD2,median,euclidean,mean,weighted,0.146590948
50,minmax,SD2,mean,dtw,dtw,complete,0.140622333
81,standard,SD5,mean,euclidean,prophet,complete,0.116974264
51,minmax,SD3,median,euclidean,median,centroid,0.115056626
61,minmax,SD2,prophet,euclidean,prophet,weighted,0.112661481
52,minmax,SD3,median,euclidean,prophet,ward,0.111234345
56,zscore,SD2,median,dtw,prophet,average,0.110290244
53,zscore,SD5,prophet,dtw,dtw,weighted,0.088419899
63,minmax,SD2,mean,euclidean,median,average,0.082081243
26,zscore,SD2,median,euclidean,mode,centroid,0.066800147
5,standard,SD2,prophet,dtw,mode,single,0.066800147
15,zscore,SD2,linear,dtw,dtw,single,0.066723816
58,minmax,SD2,linear,dtw,dtw,single,0.064864457
59,zscore,SD6,mean,euclidean,dtw,single,0.058444306
46,zscore,SD4,mean,dtw,median,centroid,0.055970542
13,zscore,SD4,linear,dtw,median,centroid,0.055970542
46,zscore,SD4,mean,dtw,median,centroid,0.055970542
63,minmax,SD4,linear,dtw,mode,average,0.054603461
26,zscore,SD4,prophet,dtw,prophet,median,0.054072585
86,standard,SD2,median,dtw,mode,average,0.051265322
6,standard,SD4,linear,dtw,dtw,single,0.047361959
2,minmax,SD6,linear,dtw,mean,single,0.046218056
2,minmax,SD6,linear,dtw,mean,single,0.046218056
64,zscore,SD6,linear,euclidean,dtw,centroid,0.041851539
40,zscore,SD4,prophet,dtw,dtw,centroid,0.038028184
79,minmax,SD4,median,dtw,prophet,single,0.037248865
71,standard,SD3,median,dtw,prophet,median,0.029005496
78,standard,SD6,prophet,euclidean,median,ward,0.015439785
26,standard,SD4,median,euclidean,prophet,median,0.014802483
72,standard,SD5,median,dtw,mean,average,0.01459699
81,minmax,SD3,median,dtw,prophet,hdbscan,0.001
27,zscore,SD2,mean,euclidean,dtw,hdbscan,0.001
74,zscore,SD4,median,dtw,mode,average,-0.00038217
81,zscore,SD2,median,dtw,prophet,ward,-0.003380238
84,standard,SD2,median,dtw,median,complete,-0.005421572
78,zscore,SD2,median,dtw,mode,weighted,-0.005754345
70,standard,SD2,prophet,dtw,median,centroid,-0.008198766
54,minmax,SD2,linear,euclidean,dtw,median,-0.020128528
6,minmax,SD2,median,dtw,prophet,median,-0.027653921
