StudyPeriod,Comperiod,Scaling,Outliers,Interpolation,Similarity,Unsynced,Linkmeth,ray/tune/_metric
66,85,minmax,SD2,prophet,euclidean,dtw,weighted,0.670490822
66,85,minmax,SD2,prophet,euclidean,dtw,average,0.65017575
66,87,standard,SD2,median,euclidean,dtw,weighted,0.645260453
66,83,minmax,SD2,mean,euclidean,dtw,average,0.645260453
66,87,standard,SD2,median,euclidean,dtw,average,0.645260453
66,84,standard,SD2,median,euclidean,dtw,average,0.645260453
66,86,minmax,SD2,median,euclidean,dtw,average,0.645260453
66,86,standard,SD2,median,euclidean,dtw,weighted,0.645260453
66,85,standard,SD2,median,euclidean,dtw,weighted,0.645260453
69,72,minmax,SD5,median,dtw,prophet,ward,0.642413616
69,73,minmax,SD4,median,dtw,prophet,ward,0.642413616
69,72,minmax,SD6,median,dtw,prophet,ward,0.642413616
69,75,minmax,SD6,median,dtw,prophet,ward,0.642413616
69,71,minmax,SD4,median,dtw,prophet,ward,0.642413616
69,72,minmax,SD4,median,dtw,prophet,ward,0.642413616
69,70,minmax,SD5,median,dtw,prophet,ward,0.642413616
69,69,minmax,SD3,median,dtw,prophet,ward,0.639875948
69,79,minmax,SD5,median,dtw,prophet,ward,0.639535785
69,83,minmax,SD6,median,dtw,prophet,ward,0.639535785
69,81,minmax,SD4,median,dtw,prophet,ward,0.639535785
69,79,minmax,SD4,median,dtw,prophet,ward,0.639535785
69,79,minmax,SD6,prophet,dtw,prophet,ward,0.639535785
69,77,minmax,SD6,prophet,dtw,prophet,ward,0.639266789
69,74,minmax,SD4,median,dtw,prophet,ward,0.639266789
69,74,minmax,SD6,median,dtw,prophet,ward,0.639266789
69,78,minmax,SD5,median,dtw,prophet,ward,0.637404919
69,78,minmax,SD6,median,dtw,prophet,ward,0.637404919
69,77,minmax,SD5,median,dtw,prophet,ward,0.637404919
69,81,minmax,SD4,prophet,dtw,prophet,ward,0.636829376
66,49,standard,SD2,mean,dtw,dtw,average,0.636421144
66,3,standard,SD2,median,dtw,dtw,average,0.636421144
66,52,standard,SD2,median,dtw,dtw,average,0.636421144
66,28,standard,SD2,linear,dtw,dtw,average,0.636421144
66,16,standard,SD2,mean,dtw,dtw,average,0.636421144
66,50,standard,SD2,median,dtw,dtw,average,0.636421144
70,89,minmax,SD4,prophet,dtw,dtw,average,0.635098875
70,79,minmax,SD4,prophet,dtw,dtw,average,0.635098875
70,81,minmax,SD4,prophet,dtw,dtw,average,0.635098875
70,87,minmax,SD4,prophet,dtw,dtw,average,0.635098875
70,84,minmax,SD4,prophet,dtw,dtw,average,0.635098875
70,85,minmax,SD4,prophet,dtw,dtw,weighted,0.635098875
70,78,minmax,SD5,prophet,dtw,dtw,average,0.635098875
70,80,minmax,SD4,prophet,dtw,dtw,average,0.635098875
69,85,minmax,SD4,median,dtw,prophet,ward,0.63110435
69,89,standard,SD3,prophet,euclidean,dtw,average,0.630230844
69,84,minmax,SD4,prophet,dtw,dtw,weighted,0.630164027
69,87,minmax,SD4,mean,dtw,dtw,weighted,0.630164027
69,79,minmax,SD4,prophet,dtw,dtw,average,0.630164027
69,83,minmax,SD6,median,euclidean,dtw,average,0.630164027
66,86,standard,SD2,prophet,euclidean,dtw,average,0.629394829
66,85,standard,SD2,mean,euclidean,dtw,average,0.629394829
66,81,minmax,SD2,median,euclidean,dtw,average,0.628387749
66,81,minmax,SD2,mean,euclidean,dtw,average,0.628387749
66,82,minmax,SD2,linear,euclidean,dtw,average,0.628387749
69,87,minmax,SD5,prophet,euclidean,dtw,average,0.627921164
69,89,minmax,SD4,median,euclidean,dtw,ward,0.627921164
69,86,minmax,SD4,mean,euclidean,dtw,average,0.627921164
66,74,minmax,SD2,median,dtw,dtw,average,0.627160847
66,75,standard,SD2,median,dtw,dtw,average,0.627160847
66,77,standard,SD2,median,dtw,dtw,average,0.627160847
66,80,minmax,SD2,median,dtw,dtw,average,0.627160847
66,84,minmax,SD2,median,dtw,dtw,average,0.627160847
66,89,standard,SD2,linear,euclidean,dtw,weighted,0.624654412
69,65,minmax,SD5,prophet,dtw,dtw,average,0.623944223
69,25,minmax,SD4,prophet,dtw,prophet,average,0.623944223
69,70,minmax,SD5,prophet,dtw,dtw,average,0.623944223
70,67,minmax,SD4,prophet,dtw,prophet,average,0.62383914
70,82,minmax,SD4,mean,dtw,dtw,average,0.62383914
70,58,minmax,SD4,prophet,dtw,prophet,average,0.62383914
70,76,minmax,SD4,mean,dtw,dtw,average,0.62383914
70,81,minmax,SD4,mean,dtw,dtw,average,0.62383914
70,78,minmax,SD4,mean,dtw,dtw,average,0.62383914
70,80,minmax,SD5,mean,dtw,dtw,average,0.62383914
70,67,minmax,SD5,prophet,dtw,dtw,average,0.62383914
70,79,minmax,SD4,median,dtw,dtw,average,0.62383914
70,51,minmax,SD4,prophet,dtw,prophet,average,0.62383914
70,76,minmax,SD5,median,dtw,dtw,average,0.62383914
70,20,minmax,SD6,prophet,dtw,prophet,average,0.62383914
70,78,minmax,SD4,linear,dtw,dtw,average,0.62383914
70,66,minmax,SD4,prophet,dtw,dtw,average,0.62383914
70,58,minmax,SD5,prophet,dtw,prophet,average,0.62383914
69,85,minmax,SD4,prophet,dtw,prophet,ward,0.623506248
70,88,standard,SD4,median,euclidean,dtw,ward,0.621936083
69,73,standard,SD3,linear,dtw,dtw,average,0.621748507
69,83,minmax,SD4,mean,dtw,dtw,average,0.621003628
69,89,standard,SD3,mean,euclidean,dtw,ward,0.620559275
69,66,minmax,SD4,prophet,dtw,prophet,average,0.620284021
69,78,minmax,SD4,mean,dtw,dtw,weighted,0.618191481
69,86,standard,SD3,median,dtw,dtw,average,0.617815197
69,82,standard,SD3,prophet,dtw,dtw,average,0.617815197
69,73,standard,SD3,prophet,dtw,dtw,average,0.617815197
69,73,standard,SD3,median,dtw,dtw,average,0.617815197
70,73,minmax,SD3,prophet,dtw,dtw,average,0.617027819
69,88,standard,SD4,median,euclidean,dtw,ward,0.616243184
68,84,standard,SD3,linear,euclidean,dtw,average,0.615086019
66,89,standard,SD2,prophet,dtw,dtw,weighted,0.615068793
66,83,standard,SD2,median,dtw,dtw,average,0.615068793
66,86,standard,SD2,linear,dtw,dtw,average,0.615068793
69,19,minmax,SD3,median,dtw,dtw,median,0.613881469
69,10,minmax,SD3,median,dtw,prophet,median,0.613881469
69,79,minmax,SD3,prophet,dtw,dtw,average,0.613041699
69,85,minmax,SD3,median,euclidean,dtw,average,0.613041699
68,76,standard,SD3,mean,dtw,dtw,average,0.612709105
66,89,minmax,SD2,prophet,dtw,dtw,average,0.612274468
66,88,minmax,SD2,mean,euclidean,dtw,average,0.611420095
69,67,minmax,SD4,median,dtw,prophet,ward,0.61134249
70,79,minmax,SD4,prophet,dtw,prophet,average,0.609392524
69,84,minmax,SD3,prophet,dtw,dtw,average,0.608555734
69,71,minmax,SD4,prophet,dtw,prophet,ward,0.608259439
69,73,minmax,SD4,prophet,dtw,prophet,ward,0.608188033
70,79,minmax,SD5,prophet,dtw,prophet,ward,0.606789827
70,6,standard,SD3,median,dtw,prophet,weighted,0.606606424
70,2,standard,SD3,median,dtw,median,weighted,0.606606424
69,83,minmax,SD4,prophet,euclidean,dtw,ward,0.606437564
69,84,minmax,SD4,prophet,dtw,dtw,ward,0.606437564
69,80,minmax,SD4,median,dtw,dtw,ward,0.606437564
70,72,minmax,SD5,median,dtw,prophet,ward,0.605926871
70,85,minmax,SD4,median,dtw,dtw,ward,0.605926871
70,76,minmax,SD5,prophet,dtw,dtw,ward,0.605926871
70,88,minmax,SD4,mean,euclidean,dtw,ward,0.605926871
70,40,minmax,SD4,prophet,dtw,prophet,ward,0.605926871
69,86,minmax,SD4,mean,euclidean,dtw,complete,0.605878055
66,49,standard,SD2,prophet,dtw,dtw,average,0.605767429
69,32,minmax,SD4,median,dtw,median,average,0.604977071
69,3,minmax,SD5,median,dtw,median,average,0.604977071
69,8,minmax,SD4,mean,dtw,prophet,median,0.604977071
69,68,minmax,SD4,mean,dtw,dtw,centroid,0.604977071
70,82,standard,SD3,prophet,dtw,dtw,average,0.604878843
70,77,minmax,SD3,median,dtw,dtw,average,0.604400158
70,83,minmax,SD3,median,dtw,dtw,average,0.604400158
70,23,minmax,SD3,prophet,dtw,median,average,0.604400158
70,73,minmax,SD4,prophet,dtw,dtw,average,0.603574514
67,83,standard,SD2,median,dtw,dtw,ward,0.603388548
69,74,minmax,SD3,linear,dtw,dtw,average,0.602878809
69,73,minmax,SD3,median,dtw,dtw,average,0.602878809
69,72,minmax,SD3,prophet,dtw,dtw,average,0.602878809
69,76,minmax,SD3,mean,dtw,dtw,average,0.602878809
69,5,minmax,SD3,prophet,dtw,prophet,average,0.6014992
69,29,minmax,SD3,prophet,dtw,dtw,average,0.6014992
70,85,standard,SD4,median,dtw,dtw,average,0.601108313
70,79,standard,SD4,median,dtw,dtw,average,0.601108313
68,74,standard,SD3,prophet,dtw,dtw,average,0.601032615
69,75,minmax,SD3,median,dtw,prophet,ward,0.600841343
69,73,minmax,SD6,mean,dtw,prophet,ward,0.600069523
68,85,standard,SD3,prophet,dtw,dtw,average,0.599976301
66,82,minmax,SD2,median,euclidean,dtw,weighted,0.599904954
69,18,minmax,SD3,mean,dtw,prophet,average,0.599652648
69,2,minmax,SD3,median,dtw,prophet,average,0.599652648
69,40,minmax,SD3,mean,dtw,mode,average,0.599652648
69,85,minmax,SD4,median,dtw,dtw,weighted,0.599636793
69,75,minmax,SD4,median,dtw,dtw,average,0.599636793
69,86,minmax,SD6,median,dtw,dtw,average,0.599636793
70,84,minmax,SD5,median,dtw,dtw,average,0.599063575
70,86,minmax,SD4,median,dtw,dtw,average,0.599063575
66,81,minmax,SD2,prophet,dtw,dtw,weighted,0.59610647
69,9,standard,SD3,prophet,dtw,mode,average,0.595632911
69,35,standard,SD3,mean,dtw,mode,average,0.595632911
69,5,standard,SD3,prophet,dtw,dtw,average,0.595632911
69,61,standard,SD3,median,dtw,dtw,average,0.595632911
69,26,standard,SD3,mean,dtw,prophet,average,0.595632911
66,89,standard,SD2,linear,dtw,dtw,ward,0.59481442
69,31,minmax,SD3,mean,dtw,prophet,weighted,0.594215453
69,71,standard,SD3,prophet,dtw,dtw,centroid,0.594215453
69,86,standard,SD3,prophet,dtw,dtw,ward,0.594169855
69,17,minmax,SD5,median,dtw,median,weighted,0.593918383
66,67,standard,SD2,mean,dtw,dtw,average,0.593720078
70,87,minmax,SD3,linear,dtw,dtw,average,0.591881931
70,2,standard,SD3,prophet,dtw,prophet,average,0.591221571
70,17,minmax,SD5,median,dtw,prophet,weighted,0.590898275
70,70,minmax,SD5,median,dtw,dtw,average,0.59050554
70,65,minmax,SD4,median,dtw,prophet,average,0.59050554
70,53,minmax,SD6,median,dtw,prophet,average,0.59050554
70,26,minmax,SD6,median,dtw,median,average,0.59050554
70,78,minmax,SD5,prophet,euclidean,prophet,average,0.588018119
69,69,minmax,SD3,prophet,dtw,prophet,ward,0.58672601
69,89,standard,SD4,mean,dtw,dtw,ward,0.586147845
66,2,minmax,SD2,prophet,dtw,mode,weighted,0.585631907
67,86,standard,SD3,median,euclidean,dtw,average,0.585457981
68,57,standard,SD3,prophet,dtw,mode,average,0.585102558
70,80,minmax,SD3,prophet,dtw,dtw,ward,0.584318876
70,25,minmax,SD3,median,dtw,prophet,average,0.584318876
66,9,minmax,SD2,median,dtw,dtw,average,0.584265769
69,22,minmax,SD3,median,dtw,prophet,ward,0.584070146
69,88,minmax,SD5,median,dtw,prophet,ward,0.583443165
66,27,minmax,SD2,prophet,dtw,prophet,average,0.582105458
70,61,minmax,SD3,mean,dtw,dtw,average,0.581536829
70,68,minmax,SD3,mean,dtw,prophet,average,0.581536829
70,64,minmax,SD3,prophet,dtw,prophet,ward,0.581253231
70,67,standard,SD5,prophet,dtw,dtw,average,0.580929935
70,47,standard,SD4,mean,dtw,mode,average,0.580929935
70,57,standard,SD4,prophet,dtw,prophet,average,0.580929935
70,18,standard,SD4,mean,dtw,mode,average,0.580929935
68,85,standard,SD2,median,euclidean,dtw,average,0.5804196
69,83,standard,SD4,prophet,dtw,dtw,average,0.579912364
70,6,minmax,SD3,mean,dtw,prophet,median,0.579259038
70,83,minmax,SD3,median,dtw,prophet,ward,0.578513265
68,18,standard,SD3,mean,dtw,mode,weighted,0.578456819
69,49,minmax,SD3,median,dtw,mode,weighted,0.578295529
69,80,minmax,SD6,linear,dtw,prophet,ward,0.577435553
69,78,minmax,SD4,mean,dtw,prophet,ward,0.577121973
70,85,standard,SD4,median,dtw,dtw,ward,0.576376319
69,75,minmax,SD4,median,dtw,prophet,average,0.575696886
66,87,standard,SD2,prophet,dtw,dtw,median,0.575519145
68,80,standard,SD3,median,dtw,dtw,ward,0.57546103
68,77,minmax,SD6,median,dtw,prophet,ward,0.573798001
67,89,standard,SD2,prophet,dtw,dtw,average,0.573725462
70,78,minmax,SD6,median,dtw,prophet,ward,0.572564304
70,74,minmax,SD4,linear,dtw,prophet,ward,0.572564304
67,57,minmax,SD2,median,dtw,dtw,average,0.571880341
67,13,minmax,SD2,median,dtw,median,average,0.571880341
70,35,minmax,SD3,median,dtw,median,weighted,0.567606449
67,12,minmax,SD3,median,dtw,prophet,average,0.56659013
66,86,minmax,SD2,prophet,euclidean,dtw,ward,0.565985143
66,85,standard,SD3,median,dtw,dtw,average,0.565492094
66,13,minmax,SD3,median,dtw,mode,weighted,0.56525147
69,87,minmax,SD3,mean,dtw,prophet,ward,0.563723743
71,11,standard,SD5,mean,dtw,mode,average,0.563495278
71,3,standard,SD4,linear,dtw,mode,average,0.563495278
69,15,minmax,SD3,prophet,dtw,dtw,median,0.563263118
68,82,standard,SD4,median,euclidean,dtw,ward,0.561680436
67,89,standard,SD3,prophet,dtw,dtw,ward,0.560156226
69,66,minmax,SD5,median,dtw,mean,ward,0.556029201
66,79,minmax,SD2,median,dtw,dtw,ward,0.555707753
70,81,minmax,SD4,prophet,euclidean,dtw,complete,0.554209471
68,20,standard,SD3,mean,dtw,dtw,average,0.552392483
71,79,minmax,SD5,linear,dtw,dtw,ward,0.549128234
71,26,minmax,SD5,median,dtw,median,average,0.549128234
71,37,minmax,SD4,prophet,dtw,dtw,average,0.549128234
71,10,minmax,SD4,median,dtw,median,weighted,0.549128234
71,77,minmax,SD5,median,dtw,dtw,average,0.549128234
70,85,minmax,SD3,mean,euclidean,dtw,ward,0.548802495
69,75,minmax,SD6,prophet,dtw,prophet,ward,0.54825449
71,78,standard,SD3,linear,dtw,dtw,average,0.546717703
71,8,standard,SD3,linear,dtw,median,average,0.546717703
71,3,standard,SD3,mean,dtw,mode,average,0.546717703
71,63,standard,SD3,prophet,dtw,dtw,average,0.546717703
71,82,minmax,SD5,prophet,dtw,dtw,average,0.546004832
68,45,minmax,SD3,mean,dtw,prophet,median,0.545476615
68,51,minmax,SD3,mean,dtw,mode,weighted,0.545311689
70,82,standard,SD4,mean,dtw,dtw,weighted,0.54529947
68,4,minmax,SD3,prophet,dtw,mode,weighted,0.543857396
68,67,minmax,SD3,median,dtw,prophet,average,0.542377293
68,26,minmax,SD3,median,dtw,median,average,0.542250693
68,59,minmax,SD3,median,dtw,dtw,average,0.542250693
68,82,minmax,SD3,median,dtw,dtw,ward,0.542072952
67,83,minmax,SD2,median,dtw,dtw,weighted,0.54161793
71,87,minmax,SD6,median,euclidean,dtw,ward,0.539751053
65,79,standard,SD2,median,dtw,dtw,average,0.539749563
67,66,minmax,SD4,prophet,dtw,dtw,average,0.539447308
68,89,minmax,SD4,prophet,euclidean,dtw,weighted,0.538690805
67,23,minmax,SD4,mean,dtw,dtw,average,0.538026154
67,31,minmax,SD3,linear,dtw,dtw,average,0.537066281
72,72,standard,SD2,prophet,dtw,prophet,average,0.53679651
68,89,standard,SD5,median,dtw,dtw,average,0.535220027
68,84,minmax,SD4,median,euclidean,dtw,average,0.533822596
67,37,standard,SD3,mean,dtw,mode,weighted,0.533533573
68,71,standard,SD4,mean,dtw,dtw,average,0.532738149
68,20,minmax,SD4,mean,dtw,prophet,average,0.532433748
67,14,minmax,SD3,prophet,dtw,mode,average,0.531847656
66,69,minmax,SD2,median,dtw,prophet,average,0.531161666
66,75,minmax,SD3,median,dtw,dtw,average,0.530760884
70,80,minmax,SD2,median,euclidean,dtw,centroid,0.52774626
70,88,minmax,SD3,median,euclidean,dtw,hdbscan,0.527353764
67,9,minmax,SD2,prophet,dtw,median,weighted,0.526777506
64,73,minmax,SD2,median,dtw,dtw,average,0.526729763
72,39,minmax,SD2,linear,dtw,median,average,0.526604056
68,81,minmax,SD4,median,dtw,dtw,average,0.526207328
68,7,standard,SD3,median,dtw,prophet,median,0.524845243
64,84,standard,SD2,median,dtw,dtw,average,0.523458838
71,63,minmax,SD3,prophet,dtw,dtw,hdbscan,0.523018122
65,74,standard,SD2,median,dtw,dtw,weighted,0.522992015
68,54,minmax,SD2,median,dtw,prophet,average,0.522930562
67,78,minmax,SD2,prophet,dtw,dtw,weighted,0.52216202
73,89,minmax,SD4,linear,euclidean,dtw,complete,0.521546185
69,78,minmax,SD5,median,dtw,prophet,average,0.521302223
70,78,minmax,SD3,prophet,dtw,dtw,hdbscan,0.519398153
66,87,minmax,SD3,median,euclidean,dtw,average,0.516961098
65,75,minmax,SD2,linear,dtw,dtw,average,0.516815782
65,83,minmax,SD2,mean,dtw,dtw,average,0.516092479
64,4,minmax,SD2,median,dtw,prophet,weighted,0.515527368
67,12,minmax,SD3,median,dtw,prophet,weighted,0.512906969
70,85,minmax,SD2,prophet,dtw,dtw,average,0.511791587
67,15,minmax,SD4,median,dtw,median,weighted,0.507017255
65,3,minmax,SD2,prophet,dtw,dtw,average,0.506976843
72,89,standard,SD4,median,dtw,dtw,average,0.504286706
65,75,standard,SD3,prophet,dtw,dtw,average,0.504229426
72,23,minmax,SD4,mean,dtw,prophet,average,0.503503978
72,3,minmax,SD4,prophet,dtw,median,average,0.503503978
73,76,standard,SD4,mean,dtw,dtw,average,0.503402889
66,4,minmax,SD4,prophet,dtw,prophet,weighted,0.502273798
72,43,standard,SD3,mean,dtw,prophet,average,0.501097322
72,21,standard,SD3,linear,dtw,prophet,average,0.501097322
65,36,minmax,SD2,median,dtw,dtw,weighted,0.500448644
72,2,standard,SD4,median,euclidean,mode,weighted,0.49844107
74,17,standard,SD2,mean,dtw,dtw,average,0.497437924
74,39,standard,SD2,median,dtw,prophet,average,0.497437924
68,22,standard,SD2,median,dtw,dtw,average,0.497166097
67,4,standard,SD3,mean,dtw,prophet,average,0.496355355
68,30,minmax,SD2,median,dtw,prophet,median,0.496331841
70,88,standard,SD2,median,euclidean,dtw,average,0.495796084
65,15,minmax,SD2,median,dtw,mode,average,0.4953143
66,3,standard,SD2,prophet,euclidean,mode,average,0.493904054
66,25,standard,SD2,prophet,euclidean,dtw,average,0.493904054
69,81,minmax,SD2,linear,dtw,dtw,ward,0.493177891
64,89,minmax,SD2,linear,dtw,dtw,weighted,0.493141383
67,53,standard,SD5,prophet,dtw,dtw,average,0.491961628
74,34,minmax,SD6,prophet,euclidean,median,average,0.491560966
68,89,minmax,SD6,mean,dtw,dtw,ward,0.491156906
68,10,standard,SD5,mean,dtw,mode,average,0.49064973
73,56,standard,SD2,mean,dtw,mode,weighted,0.489862144
72,85,minmax,SD6,prophet,dtw,dtw,complete,0.488501072
70,14,standard,SD2,median,dtw,median,average,0.484989882
70,10,standard,SD2,mean,dtw,mode,average,0.484989882
66,80,minmax,SD4,mean,dtw,dtw,weighted,0.484690756
73,10,minmax,SD3,median,euclidean,median,average,0.481381714
72,8,minmax,SD3,median,dtw,mean,weighted,0.47934556
73,83,minmax,SD4,mean,euclidean,dtw,ward,0.477552623
73,54,minmax,SD4,median,dtw,dtw,average,0.477552623
73,71,minmax,SD4,median,dtw,prophet,average,0.477552623
73,11,standard,SD3,mean,dtw,mean,average,0.476267427
71,86,minmax,SD2,prophet,dtw,dtw,weighted,0.475153416
68,89,minmax,SD2,mean,euclidean,dtw,average,0.470358908
70,36,minmax,SD2,mean,dtw,dtw,average,0.469144434
67,2,minmax,SD6,prophet,dtw,mode,weighted,0.462050825
68,7,standard,SD3,mean,dtw,median,complete,0.461088359
74,67,standard,SD5,median,dtw,dtw,average,0.457806617
74,6,standard,SD4,mean,dtw,median,weighted,0.457806617
68,84,minmax,SD2,mean,euclidean,dtw,ward,0.455705166
73,10,minmax,SD6,median,dtw,dtw,weighted,0.455344588
69,14,minmax,SD2,mean,dtw,median,average,0.454723507
71,37,standard,SD5,median,euclidean,median,weighted,0.451132029
72,45,minmax,SD2,linear,euclidean,prophet,average,0.448526591
73,81,minmax,SD3,median,dtw,dtw,average,0.447687298
63,19,minmax,SD3,mean,dtw,prophet,weighted,0.446615964
69,2,standard,SD2,linear,dtw,mode,weighted,0.443648547
69,87,standard,SD4,median,euclidean,dtw,weighted,0.442335159
71,15,standard,SD4,mean,euclidean,prophet,weighted,0.439438432
72,30,standard,SD5,prophet,dtw,prophet,hdbscan,0.438753247
70,73,standard,SD2,linear,dtw,dtw,average,0.434428841
70,15,standard,SD2,linear,dtw,mean,weighted,0.434428841
64,26,standard,SD2,mean,dtw,dtw,average,0.429646045
68,84,standard,SD2,prophet,dtw,dtw,hdbscan,0.425017267
68,2,minmax,SD2,linear,euclidean,dtw,weighted,0.421476126
74,61,standard,SD4,mean,euclidean,mode,median,0.419464678
75,25,minmax,SD2,median,dtw,mean,average,0.416987836
65,8,standard,SD2,mean,dtw,prophet,average,0.416969091
69,4,minmax,SD6,prophet,euclidean,dtw,average,0.414530367
69,7,minmax,SD5,median,euclidean,median,average,0.413816869
74,75,minmax,SD2,prophet,dtw,dtw,hdbscan,0.413145542
78,16,minmax,SD4,mean,dtw,mean,average,0.409731835
62,22,minmax,SD6,mean,dtw,mode,average,0.40716666
63,82,minmax,SD2,prophet,dtw,prophet,average,0.404421329
69,74,minmax,SD4,mean,dtw,dtw,median,0.404022992
69,75,standard,SD6,median,dtw,dtw,average,0.403607756
69,39,minmax,SD4,prophet,dtw,mode,weighted,0.401440233
74,23,standard,SD6,linear,euclidean,dtw,ward,0.396600872
76,45,zscore,SD2,prophet,dtw,prophet,average,0.394658744
62,15,minmax,SD4,linear,dtw,mode,weighted,0.387797236
71,4,minmax,SD2,linear,dtw,median,ward,0.387063205
69,82,standard,SD3,median,euclidean,dtw,average,0.386751562
67,87,standard,SD2,median,euclidean,dtw,weighted,0.385209709
73,8,minmax,SD2,median,dtw,median,weighted,0.380347401
68,88,minmax,SD5,mean,dtw,dtw,weighted,0.37967816
78,89,zscore,SD2,median,dtw,dtw,average,0.377659589
67,24,minmax,SD5,mean,euclidean,mode,median,0.377200335
70,75,minmax,SD4,mean,dtw,prophet,weighted,0.376620859
70,76,standard,SD4,mean,dtw,dtw,average,0.376490444
61,85,minmax,SD3,prophet,dtw,dtw,average,0.376119643
70,70,minmax,SD4,mean,dtw,dtw,weighted,0.375837535
65,48,standard,SD3,linear,dtw,mean,average,0.375631779
70,69,minmax,SD4,prophet,dtw,prophet,median,0.375235558
70,11,minmax,SD6,median,dtw,prophet,median,0.373981208
75,17,minmax,SD4,median,dtw,prophet,median,0.370268404
69,89,minmax,SD5,prophet,dtw,mean,weighted,0.369090617
69,19,standard,SD3,median,dtw,dtw,median,0.363119215
77,6,standard,SD2,median,dtw,median,average,0.361313879
70,3,minmax,SD3,mean,euclidean,prophet,average,0.360899895
67,77,standard,SD2,median,dtw,dtw,average,0.35780099
68,21,minmax,SD4,median,dtw,median,median,0.357336134
68,22,minmax,SD4,median,dtw,prophet,median,0.357336134
70,73,minmax,SD3,prophet,dtw,dtw,weighted,0.357017666
69,64,standard,SD3,median,dtw,prophet,ward,0.354043305
75,24,minmax,SD4,median,dtw,median,ward,0.353326261
70,12,standard,SD4,prophet,dtw,dtw,ward,0.352608204
65,62,minmax,SD4,mean,euclidean,prophet,weighted,0.351278186
70,75,standard,SD3,linear,euclidean,dtw,average,0.350696146
68,84,minmax,SD2,prophet,euclidean,prophet,average,0.350019664
70,20,minmax,SD3,median,dtw,mode,median,0.347660661
70,88,standard,SD3,prophet,dtw,dtw,weighted,0.346447974
72,17,standard,SD3,prophet,dtw,mode,weighted,0.346326917
62,39,minmax,SD2,median,dtw,prophet,ward,0.340005547
66,65,standard,SD2,median,dtw,dtw,ward,0.331375957
65,86,standard,SD5,prophet,euclidean,dtw,ward,0.32926631
71,68,minmax,SD4,median,euclidean,dtw,ward,0.328283846
71,49,standard,SD3,mean,dtw,median,median,0.327385485
73,86,zscore,SD4,linear,euclidean,mean,weighted,0.324755818
56,13,standard,SD4,mean,euclidean,mean,average,0.314359814
72,2,standard,SD6,median,euclidean,mode,centroid,0.308331549
48,6,standard,SD3,prophet,dtw,dtw,average,0.307092547
71,2,minmax,SD3,median,euclidean,mode,hdbscan,0.304758728
75,60,minmax,SD6,prophet,dtw,prophet,average,0.303309232
65,81,standard,SD2,median,euclidean,dtw,weighted,0.298551947
46,47,minmax,SD2,median,dtw,dtw,average,0.298551321
66,83,minmax,SD4,prophet,dtw,prophet,weighted,0.297552556
76,43,standard,SD3,prophet,dtw,mean,weighted,0.296575189
50,87,minmax,SD4,median,dtw,prophet,average,0.295555919
68,16,zscore,SD2,prophet,dtw,mean,average,0.289848089
76,67,standard,SD5,linear,euclidean,mode,ward,0.286124974
70,83,minmax,SD4,mean,euclidean,median,average,0.283006966
61,2,standard,SD6,mean,dtw,median,weighted,0.282303184
68,34,standard,SD6,median,dtw,dtw,weighted,0.278370142
66,40,standard,SD3,mean,dtw,dtw,hdbscan,0.271153659
68,41,minmax,SD5,mean,euclidean,mean,ward,0.268819928
44,43,minmax,SD2,median,dtw,dtw,average,0.256744564
65,5,zscore,SD3,mean,dtw,dtw,weighted,0.254881591
77,10,minmax,SD3,median,dtw,dtw,average,0.254079252
78,78,minmax,SD4,median,euclidean,dtw,weighted,0.249855191
63,2,minmax,SD4,mean,euclidean,median,complete,0.248145431
70,84,standard,SD4,median,euclidean,prophet,ward,0.238388479
63,86,zscore,SD3,prophet,dtw,mean,average,0.228355438
76,2,minmax,SD4,mean,euclidean,mode,average,0.226212457
69,72,minmax,SD4,median,dtw,median,ward,0.222100794
70,5,standard,SD4,median,dtw,median,weighted,0.220109612
58,52,minmax,SD4,mean,dtw,dtw,median,0.213239908
75,88,standard,SD4,prophet,dtw,mode,weighted,0.21279186
77,13,zscore,SD5,mean,dtw,mode,weighted,0.212698415
59,53,standard,SD3,linear,dtw,median,weighted,0.204820022
65,6,minmax,SD4,prophet,euclidean,dtw,median,0.204716429
59,2,zscore,SD4,prophet,dtw,prophet,average,0.194366857
72,13,minmax,SD5,prophet,dtw,mean,single,0.193652332
66,86,zscore,SD2,mean,euclidean,dtw,weighted,0.190554902
51,6,minmax,SD2,median,dtw,prophet,ward,0.178142756
77,82,minmax,SD4,median,euclidean,mean,average,0.170337737
74,19,minmax,SD2,mean,euclidean,dtw,weighted,0.167343616
68,74,standard,SD3,median,dtw,median,average,0.164094865
72,82,zscore,SD5,median,dtw,dtw,average,0.150334537
60,89,standard,SD3,prophet,dtw,mode,average,0.142867401
73,89,standard,SD2,median,dtw,median,weighted,0.14201948
73,2,zscore,SD3,linear,euclidean,prophet,weighted,0.128404424
73,26,zscore,SD3,linear,dtw,dtw,average,0.123248115
69,72,minmax,SD4,median,dtw,mode,ward,0.109687895
54,5,minmax,SD6,prophet,euclidean,dtw,complete,0.109404542
35,35,zscore,SD2,prophet,dtw,median,ward,0.0877157
63,74,zscore,SD6,mean,euclidean,median,complete,0.086798467
75,73,zscore,SD3,mean,dtw,mode,average,0.077139638
65,2,zscore,SD4,mean,dtw,dtw,single,0.068941921
2,40,minmax,SD2,median,dtw,dtw,average,0.067160413
41,10,standard,SD3,median,euclidean,dtw,average,0.062123735
66,17,standard,SD3,median,dtw,mode,single,0.061531462
33,77,minmax,SD3,mean,dtw,prophet,ward,0.059299391
2,86,minmax,SD3,mean,dtw,dtw,average,0.049388096
71,87,standard,SD4,mean,euclidean,mode,median,0.043467551
60,89,minmax,SD2,median,euclidean,mean,single,0.041021381
69,75,minmax,SD2,prophet,dtw,mode,weighted,0.02975597
24,67,standard,SD3,prophet,dtw,prophet,complete,0.029531173
66,79,minmax,SD2,mean,euclidean,dtw,median,0.027805133
54,24,minmax,SD4,prophet,dtw,mean,single,0.023148155
7,42,standard,SD4,prophet,dtw,dtw,average,0.022782244
18,75,standard,SD4,linear,euclidean,mode,centroid,0.021844257
46,80,zscore,SD5,mean,euclidean,mode,median,0.020692287
72,88,minmax,SD3,mean,dtw,dtw,single,0.018356029
11,10,standard,SD2,mean,euclidean,mode,complete,0.012885738
6,9,standard,SD2,median,dtw,prophet,average,0.009034108
13,56,zscore,SD6,linear,dtw,median,centroid,0.007660595
46,46,zscore,SD4,mean,dtw,median,centroid,0.006907055
75,27,minmax,SD2,prophet,dtw,dtw,single,0.004971471
4,85,minmax,SD2,mean,dtw,mean,average,0.003226844
69,26,minmax,SD5,prophet,dtw,prophet,hdbscan,0.001
88,5,minmax,SD2,prophet,dtw,dtw,average,0.001
87,19,standard,SD5,prophet,dtw,mean,single,0.001
89,38,minmax,SD6,prophet,euclidean,mode,average,0.001
80,3,zscore,SD4,median,euclidean,dtw,hdbscan,0.001
89,14,standard,SD4,median,euclidean,mode,median,0.001
89,86,zscore,SD2,prophet,dtw,mode,weighted,0.001
74,21,standard,SD3,median,dtw,dtw,hdbscan,0.001
89,4,standard,SD5,prophet,euclidean,mean,ward,0.001
89,55,standard,SD3,linear,dtw,dtw,single,0.001
88,40,minmax,SD2,median,dtw,median,average,0.001
89,89,zscore,SD6,mean,euclidean,prophet,weighted,0.001
82,52,minmax,SD6,prophet,dtw,dtw,complete,0.001
87,89,minmax,SD5,linear,dtw,dtw,hdbscan,0.001
88,8,zscore,SD4,mean,euclidean,mode,centroid,0.001
89,4,minmax,SD4,mean,euclidean,prophet,median,0.001
89,20,minmax,SD5,median,euclidean,mean,hdbscan,0.001
84,83,zscore,SD2,mean,dtw,mean,average,0.001
81,34,zscore,SD2,linear,dtw,mean,single,0.001
83,63,minmax,SD4,prophet,dtw,mean,average,0.001
88,76,standard,SD6,median,euclidean,prophet,hdbscan,0.001
83,4,minmax,SD5,median,euclidean,dtw,weighted,0.001
10,87,minmax,SD3,linear,dtw,dtw,single,0.000832613
7,89,zscore,SD3,prophet,dtw,dtw,average,0.000587685
2,2,minmax,SD6,linear,dtw,mean,single,8.35E-05
16,86,minmax,SD5,median,euclidean,median,centroid,-0.002674601
27,56,minmax,SD5,median,dtw,median,complete,-0.002987389
18,29,standard,SD4,mean,dtw,median,hdbscan,-0.009461426
66,70,minmax,SD2,median,dtw,mode,average,-0.014349084
34,57,minmax,SD2,linear,euclidean,median,weighted,-0.016194018
25,23,minmax,SD3,mean,euclidean,median,median,-0.020163953
76,89,zscore,SD6,prophet,dtw,mean,complete,-0.034923479
76,88,standard,SD4,mean,dtw,mean,weighted,-0.069546893
73,86,minmax,SD2,linear,dtw,mode,average,-0.073085949
