Comperiod,Scaling,Outliers,Interpolation,Similarity,Unsynced,Linkmeth,ray/tune/_metric
79.0,minmax,SD3,prophet,euclidean,dtw,average,0.22409455478191376
86.0,minmax,SD2,prophet,euclidean,mean,complete,0.0006484204204753041
82.0,minmax,SD5,median,euclidean,dtw,complete,0.11208847910165787
69.0,zscore,SD2,linear,dtw,median,median,0.04850837588310242
21.0,zscore,SD2,median,euclidean,prophet,ward,0.07914172112941742
80.0,minmax,SD2,mean,dtw,dtw,average,0.2276727259159088
69.0,zscore,SD2,linear,dtw,mean,hdbscan,0.0058975787833333015
2.0,standard,SD2,mean,dtw,mean,hdbscan,-0.0529952310025692
4.0,minmax,SD2,prophet,dtw,prophet,average,0.19946059584617615
7.0,standard,SD2,median,euclidean,dtw,complete,0.03491290658712387
62.0,standard,SD6,linear,euclidean,prophet,hdbscan,0.09293476492166519
73.0,minmax,SD3,median,euclidean,dtw,complete,0.09451670944690704
2.0,zscore,SD2,median,dtw,prophet,average,0.027933625504374504
85.0,standard,SD2,mean,dtw,prophet,hdbscan,0.18128500878810883
28.0,zscore,SD2,median,euclidean,dtw,ward,0.11868241429328918
84.0,standard,SD6,median,dtw,mode,complete,0.04664338380098343
54.0,zscore,SD2,linear,dtw,median,single,0.007118698209524155
34.0,standard,SD2,mean,dtw,dtw,average,0.27316492795944214
35.0,minmax,SD3,linear,euclidean,prophet,ward,0.056475039571523666
52.0,minmax,SD3,linear,dtw,dtw,average,0.19741415977478027
86.0,standard,SD4,mean,dtw,dtw,average,0.21868038177490234
76.0,standard,SD2,prophet,euclidean,dtw,average,0.25324705243110657
83.0,zscore,SD5,prophet,euclidean,dtw,weighted,0.016803374513983727
73.0,standard,SD2,prophet,euclidean,dtw,average,0.25534588098526
27.0,standard,SD2,mean,dtw,dtw,ward,0.09276788681745529
87.0,standard,SD2,prophet,euclidean,mean,single,-0.004518835339695215
88.0,minmax,SD2,prophet,dtw,dtw,complete,0.2411709725856781
43.0,minmax,SD5,prophet,dtw,prophet,average,0.1681717187166214
33.0,standard,SD2,linear,dtw,dtw,average,0.22120095789432526
5.0,standard,SD5,linear,dtw,median,average,-0.014154876582324505
35.0,standard,SD2,prophet,dtw,dtw,average,0.2598108947277069
75.0,standard,SD2,linear,dtw,dtw,average,0.2097385823726654
79.0,standard,SD2,median,euclidean,dtw,average,0.26662302017211914
4.0,minmax,SD5,prophet,euclidean,dtw,hdbscan,0.14244768023490906
60.0,standard,SD6,median,dtw,dtw,average,0.1912832111120224
37.0,standard,SD2,median,dtw,dtw,average,0.27476683259010315
81.0,zscore,SD2,prophet,dtw,mean,single,0.0003605822566896677
37.0,standard,SD4,median,euclidean,dtw,average,0.18078136444091797
87.0,zscore,SD2,prophet,dtw,dtw,complete,0.1711866855621338
78.0,minmax,SD6,mean,dtw,mode,median,0.07174469530582428
51.0,minmax,SD2,prophet,euclidean,dtw,average,0.22968420386314392
17.0,standard,SD3,median,dtw,prophet,average,0.24230851233005524
82.0,standard,SD2,median,euclidean,dtw,average,0.24598732590675354
2.0,zscore,SD2,linear,euclidean,dtw,hdbscan,-0.04787224531173706
86.0,zscore,SD2,prophet,euclidean,dtw,ward,0.2356748729944229
86.0,minmax,SD2,prophet,dtw,dtw,average,0.26979702711105347
82.0,minmax,SD2,prophet,dtw,dtw,ward,0.22976745665073395
85.0,minmax,SD6,prophet,dtw,dtw,average,0.23271743953227997
3.0,zscore,SD5,mean,euclidean,mean,hdbscan,-0.022066181525588036
89.0,minmax,SD5,median,dtw,dtw,complete,0.2528490424156189
37.0,zscore,SD4,linear,euclidean,mode,centroid,-0.0001819098397390917
62.0,minmax,SD4,linear,euclidean,dtw,median,0.005245442036539316
29.0,standard,SD4,mean,dtw,prophet,average,0.20777887105941772
70.0,minmax,SD2,linear,dtw,dtw,average,0.226077139377594
32.0,standard,SD2,mean,dtw,median,single,0.0047994754277169704
40.0,minmax,SD2,median,dtw,dtw,average,0.23888859152793884
70.0,zscore,SD2,prophet,euclidean,dtw,ward,0.13188436627388
85.0,standard,SD2,linear,euclidean,dtw,average,0.2248574048280716
89.0,standard,SD2,mean,euclidean,dtw,average,0.21680977940559387
57.0,standard,SD4,mean,dtw,dtw,average,0.2234746515750885
44.0,standard,SD6,mean,dtw,dtw,average,0.2413475513458252
87.0,standard,SD2,median,dtw,dtw,complete,0.22651076316833496
34.0,standard,SD2,prophet,dtw,dtw,average,0.2682858407497406
89.0,minmax,SD2,prophet,euclidean,dtw,ward,0.2340797632932663
31.0,standard,SD2,median,dtw,dtw,average,0.24089324474334717
89.0,minmax,SD2,mean,dtw,dtw,average,0.2607867121696472
3.0,standard,SD2,prophet,euclidean,dtw,ward,0.05567501112818718
36.0,standard,SD2,prophet,euclidean,prophet,average,0.153299018740654
57.0,zscore,SD5,mean,euclidean,mode,average,0.015302174724638462
85.0,standard,SD2,linear,dtw,dtw,average,0.2666561007499695
69.0,minmax,SD2,median,euclidean,dtw,average,0.24525225162506104
86.0,standard,SD2,prophet,euclidean,dtw,average,0.24144843220710754
81.0,standard,SD2,median,dtw,dtw,average,0.23658062517642975
30.0,standard,SD2,prophet,dtw,dtw,average,0.2686077952384949
38.0,standard,SD2,linear,dtw,dtw,average,0.20043665170669556
85.0,zscore,SD2,prophet,dtw,prophet,complete,0.032730814069509506
25.0,standard,SD5,prophet,dtw,dtw,average,0.207020103931427
8.0,zscore,SD2,prophet,dtw,prophet,ward,0.12422669678926468
27.0,standard,SD4,prophet,euclidean,mean,centroid,0.000533202663064003
20.0,standard,SD2,median,dtw,dtw,weighted,0.14806881546974182
82.0,minmax,SD2,mean,euclidean,dtw,average,0.23528969287872314
77.0,minmax,SD2,median,dtw,dtw,weighted,0.22912883758544922
78.0,zscore,SD2,prophet,euclidean,dtw,hdbscan,0.0010000000474974513
3.0,standard,SD2,median,dtw,prophet,average,0.25189805030822754
31.0,standard,SD2,prophet,dtw,dtw,average,0.254666805267334
2.0,standard,SD5,median,dtw,median,hdbscan,-0.040438804775476456
35.0,zscore,SD4,median,dtw,mean,weighted,0.026754535734653473
19.0,standard,SD2,median,dtw,prophet,average,0.24422988295555115
23.0,standard,SD5,prophet,dtw,mean,complete,0.024749932810664177
80.0,minmax,SD5,prophet,dtw,prophet,hdbscan,-0.032730817794799805
2.0,minmax,SD2,mean,dtw,mode,average,-0.04214651510119438
2.0,standard,SD2,linear,euclidean,median,hdbscan,0.15586230158805847
84.0,standard,SD4,linear,dtw,prophet,ward,0.056032102555036545
82.0,standard,SD2,mean,dtw,dtw,average,0.2738233506679535
85.0,standard,SD2,median,dtw,dtw,average,0.23502841591835022
2.0,zscore,SD4,linear,dtw,dtw,average,0.017993107438087463
85.0,zscore,SD5,median,euclidean,mean,ward,0.06103076785802841
5.0,zscore,SD5,prophet,dtw,prophet,weighted,0.022917095571756363
84.0,standard,SD2,mean,dtw,dtw,average,0.27006179094314575
76.0,standard,SD2,prophet,dtw,dtw,ward,0.19640040397644043
74.0,standard,SD2,linear,dtw,dtw,average,0.2525528371334076
32.0,standard,SD2,prophet,dtw,dtw,average,0.24670980870723724
51.0,zscore,SD2,median,dtw,prophet,average,0.0072222487069666386
87.0,minmax,SD2,prophet,dtw,dtw,average,0.26979702711105347
4.0,zscore,SD5,median,dtw,dtw,ward,0.13025449216365814
39.0,standard,SD2,median,dtw,median,median,-0.03027176856994629
36.0,standard,SD2,median,dtw,dtw,average,0.2666073441505432
5.0,zscore,SD2,prophet,euclidean,dtw,median,0.002697039395570755
89.0,standard,SD4,median,dtw,prophet,single,0.0016956038307398558
85.0,standard,SD2,prophet,dtw,dtw,average,0.23903271555900574
47.0,minmax,SD5,median,dtw,dtw,average,0.1887073814868927
38.0,minmax,SD2,prophet,dtw,dtw,average,0.2147311568260193
73.0,standard,SD2,linear,dtw,dtw,complete,0.17109449207782745
66.0,standard,SD5,median,euclidean,dtw,complete,0.2420005053281784
60.0,standard,SD2,mean,euclidean,dtw,average,0.2130642831325531
25.0,zscore,SD2,mean,dtw,prophet,hdbscan,-0.04774703085422516
82.0,zscore,SD5,prophet,dtw,mean,median,0.12796631455421448
89.0,minmax,SD5,prophet,dtw,dtw,ward,0.21870966255664825
28.0,standard,SD2,median,dtw,prophet,weighted,0.10778564214706421
42.0,standard,SD5,median,dtw,dtw,complete,0.10470303893089294
88.0,standard,SD2,median,euclidean,dtw,average,0.26533976197242737
30.0,minmax,SD2,linear,euclidean,dtw,hdbscan,0.08199165761470795
89.0,standard,SD2,median,euclidean,dtw,average,0.26533976197242737
35.0,standard,SD2,median,euclidean,prophet,average,0.1452561467885971
72.0,standard,SD2,prophet,euclidean,dtw,average,0.26170894503593445
76.0,minmax,SD2,prophet,euclidean,dtw,average,0.2371809184551239
68.0,standard,SD2,prophet,dtw,dtw,average,0.23265749216079712
74.0,standard,SD2,mean,dtw,dtw,average,0.27328765392303467
89.0,standard,SD4,linear,euclidean,dtw,centroid,0.19538967311382294
75.0,standard,SD5,prophet,euclidean,prophet,average,0.14719095826148987
67.0,zscore,SD2,prophet,euclidean,mean,complete,0.004564729053527117
71.0,minmax,SD2,median,euclidean,dtw,centroid,0.2190946787595749
85.0,standard,SD2,mean,dtw,dtw,average,0.27006179094314575
64.0,standard,SD6,linear,dtw,dtw,average,0.22662223875522614
3.0,standard,SD2,linear,euclidean,median,complete,0.02401580475270748
6.0,standard,SD2,median,dtw,dtw,average,0.14957211911678314
88.0,zscore,SD2,mean,dtw,mean,median,0.19554157555103302
27.0,standard,SD2,median,dtw,median,average,0.16857323050498962
28.0,standard,SD2,prophet,dtw,dtw,average,0.2299088090658188
12.0,minmax,SD2,median,euclidean,dtw,average,0.13252189755439758
84.0,standard,SD2,median,euclidean,dtw,average,0.25428295135498047
53.0,minmax,SD5,mean,dtw,dtw,average,0.24009668827056885
75.0,zscore,SD2,linear,dtw,mean,median,0.20024804770946503
86.0,zscore,SD2,mean,euclidean,median,ward,0.06084277108311653
51.0,standard,SD5,mean,dtw,prophet,average,0.19695605337619781
79.0,zscore,SD2,mean,dtw,prophet,weighted,0.01193933468312025
39.0,standard,SD2,median,dtw,dtw,weighted,0.2335951328277588
47.0,zscore,SD2,prophet,euclidean,dtw,complete,0.09776578098535538
83.0,zscore,SD6,median,euclidean,dtw,ward,0.11546020209789276
66.0,zscore,SD2,median,dtw,dtw,centroid,-0.0005936503876000643
34.0,zscore,SD2,linear,dtw,dtw,ward,0.13818354904651642
55.0,standard,SD2,median,dtw,dtw,hdbscan,0.030390271916985512
44.0,minmax,SD5,prophet,euclidean,dtw,average,0.23393023014068604
34.0,standard,SD2,prophet,euclidean,dtw,average,0.17354580760002136
78.0,standard,SD2,prophet,dtw,dtw,average,0.2777661085128784
71.0,standard,SD2,mean,dtw,dtw,average,0.22182640433311462
37.0,minmax,SD2,linear,euclidean,dtw,weighted,0.07157018780708313
76.0,standard,SD2,mean,euclidean,dtw,average,0.25458216667175293
76.0,minmax,SD2,mean,dtw,dtw,average,0.24749422073364258
9.0,standard,SD2,prophet,euclidean,prophet,ward,0.07571012526750565
10.0,zscore,SD6,prophet,euclidean,dtw,weighted,0.032117657363414764
62.0,minmax,SD2,prophet,euclidean,dtw,average,0.24484485387802124
70.0,standard,SD2,median,dtw,dtw,ward,0.18525296449661255
82.0,standard,SD2,prophet,euclidean,dtw,average,0.2802325189113617
75.0,minmax,SD3,linear,euclidean,median,hdbscan,0.0075356061570346355
9.0,standard,SD5,median,dtw,dtw,average,0.1469363570213318
37.0,standard,SD2,prophet,dtw,dtw,average,0.28405821323394775
69.0,standard,SD2,prophet,euclidean,dtw,average,0.26773548126220703
32.0,standard,SD3,mean,dtw,prophet,average,0.23051291704177856
4.0,standard,SD2,prophet,euclidean,dtw,average,0.057379432022571564
88.0,standard,SD2,prophet,euclidean,dtw,average,0.25539112091064453
18.0,zscore,SD2,prophet,dtw,mean,median,0.002109105931594968
72.0,standard,SD2,mean,dtw,dtw,average,0.26169493794441223
88.0,minmax,SD2,prophet,euclidean,prophet,ward,0.050016358494758606
2.0,standard,SD4,prophet,euclidean,mean,weighted,0.013713681139051914
86.0,zscore,SD2,prophet,dtw,mean,average,0.1804969161748886
67.0,zscore,SD5,prophet,euclidean,mean,average,0.14373770356178284
88.0,zscore,SD2,median,dtw,mode,weighted,-0.017294930294156075
39.0,standard,SD2,median,dtw,dtw,average,0.2611027657985687
76.0,minmax,SD5,prophet,dtw,dtw,complete,0.21775569021701813
73.0,standard,SD3,mean,dtw,dtw,weighted,0.05390649661421776
86.0,zscore,SD2,median,dtw,median,average,-0.034030981361866
8.0,zscore,SD2,prophet,euclidean,mean,ward,0.11090390384197235
68.0,standard,SD3,prophet,dtw,prophet,average,0.13002246618270874
87.0,standard,SD2,median,dtw,prophet,hdbscan,0.18405941128730774
13.0,zscore,SD4,linear,dtw,median,centroid,0.0013611885951831937
30.0,standard,SD4,median,dtw,prophet,average,0.1790498048067093
87.0,minmax,SD2,prophet,euclidean,dtw,average,0.2630667984485626
78.0,minmax,SD2,median,euclidean,dtw,average,0.250948965549469
86.0,standard,SD5,prophet,euclidean,dtw,average,0.21066918969154358
3.0,zscore,SD2,mean,dtw,mode,centroid,0.004295192658901215
36.0,standard,SD2,mean,dtw,dtw,average,0.21113517880439758
85.0,minmax,SD4,median,dtw,dtw,average,0.18326638638973236
84.0,zscore,SD2,linear,dtw,mode,average,0.01717717945575714
86.0,standard,SD4,mean,euclidean,mean,median,0.010360321030020714
69.0,zscore,SD2,linear,dtw,mean,average,0.16262470185756683
87.0,standard,SD5,linear,euclidean,dtw,centroid,0.109286367893219
4.0,standard,SD5,prophet,euclidean,prophet,weighted,0.07799386233091354
24.0,standard,SD3,mean,dtw,mode,median,-0.02447742223739624
74.0,zscore,SD5,median,dtw,dtw,complete,0.13691562414169312
69.0,minmax,SD2,mean,dtw,dtw,average,0.26081836223602295
87.0,standard,SD3,median,euclidean,dtw,average,0.22368870675563812
55.0,standard,SD2,linear,euclidean,dtw,average,0.22093772888183594
87.0,minmax,SD5,median,dtw,dtw,ward,0.21678616106510162
18.0,standard,SD2,prophet,dtw,prophet,average,0.22770002484321594
78.0,standard,SD5,linear,dtw,prophet,single,0.0004996053176000714
46.0,standard,SD2,mean,dtw,dtw,average,0.229185089468956
54.0,standard,SD5,prophet,dtw,dtw,average,0.20113512873649597
82.0,zscore,SD5,prophet,dtw,mean,average,0.15498898923397064
88.0,minmax,SD2,mean,dtw,dtw,average,0.2607867121696472
21.0,standard,SD3,prophet,dtw,prophet,average,0.2081003487110138
87.0,zscore,SD2,median,dtw,mean,median,0.1463032215833664
84.0,standard,SD2,prophet,dtw,dtw,average,0.23903271555900574
64.0,standard,SD2,prophet,dtw,mode,single,0.008368173614144325
65.0,standard,SD2,median,dtw,dtw,centroid,0.18362730741500854
68.0,zscore,SD2,prophet,euclidean,mode,ward,0.09278546273708344
77.0,standard,SD4,prophet,euclidean,dtw,complete,0.13806027173995972
80.0,minmax,SD2,prophet,euclidean,dtw,centroid,0.1975310891866684
60.0,minmax,SD2,median,dtw,dtw,average,0.2533728778362274
2.0,zscore,SD4,mean,euclidean,prophet,complete,0.02572437934577465
33.0,standard,SD2,median,dtw,prophet,median,-0.006699059158563614
81.0,zscore,SD3,prophet,euclidean,mean,median,0.09721340239048004
66.0,minmax,SD4,prophet,euclidean,dtw,complete,0.10578808933496475
35.0,zscore,SD2,linear,dtw,prophet,single,0.003951716236770153
71.0,standard,SD2,mean,dtw,dtw,complete,0.22458705306053162
88.0,zscore,SD2,prophet,euclidean,mode,median,0.15918469429016113
32.0,standard,SD5,mean,dtw,dtw,average,0.21305949985980988
21.0,zscore,SD5,mean,dtw,mode,ward,0.0837976336479187
7.0,minmax,SD2,linear,dtw,prophet,single,0.0014028867008164525
44.0,standard,SD4,linear,dtw,prophet,average,0.14112259447574615
10.0,standard,SD5,median,dtw,prophet,average,0.11039740592241287
87.0,minmax,SD5,prophet,dtw,dtw,average,0.21034932136535645
70.0,minmax,SD2,prophet,euclidean,mode,centroid,0.013727799989283085
59.0,standard,SD5,median,dtw,dtw,weighted,0.2006717473268509
67.0,minmax,SD5,prophet,euclidean,prophet,complete,0.07244238257408142
88.0,minmax,SD2,prophet,euclidean,prophet,average,0.1560629904270172
78.0,zscore,SD3,mean,euclidean,prophet,average,0.001791665330529213
2.0,standard,SD2,median,dtw,prophet,average,0.25189805030822754
18.0,standard,SD2,mean,dtw,prophet,centroid,0.12877510488033295
72.0,minmax,SD2,prophet,euclidean,dtw,average,0.2522442936897278
75.0,minmax,SD2,median,euclidean,dtw,average,0.2416709065437317
88.0,standard,SD6,prophet,dtw,dtw,average,0.23636573553085327
87.0,standard,SD2,prophet,euclidean,dtw,average,0.25539112091064453
82.0,zscore,SD2,prophet,dtw,dtw,average,0.03810971975326538
73.0,minmax,SD2,prophet,euclidean,dtw,average,0.24951577186584473
40.0,standard,SD2,median,dtw,dtw,average,0.27090293169021606
89.0,zscore,SD2,prophet,dtw,median,complete,0.014812394976615906
59.0,standard,SD6,prophet,dtw,prophet,weighted,0.005133217666298151
4.0,standard,SD3,mean,dtw,prophet,complete,0.04902917146682739
34.0,zscore,SD2,prophet,dtw,dtw,complete,0.18553461134433746
87.0,minmax,SD2,prophet,dtw,dtw,complete,0.2411709725856781
59.0,minmax,SD4,prophet,dtw,dtw,average,0.20419363677501678
86.0,standard,SD2,median,euclidean,dtw,average,0.2616952359676361
3.0,standard,SD2,prophet,dtw,dtw,hdbscan,0.16272470355033875
86.0,standard,SD5,median,dtw,mode,average,0.02312571182847023
86.0,minmax,SD2,median,euclidean,dtw,average,0.2581036388874054
6.0,minmax,SD5,median,euclidean,mean,hdbscan,-0.04809742793440819
78.0,standard,SD2,median,euclidean,dtw,average,0.262818843126297
88.0,zscore,SD2,prophet,euclidean,dtw,single,0.0026597885880619287
86.0,zscore,SD2,prophet,euclidean,mode,average,0.19801057875156403
39.0,zscore,SD5,mean,euclidean,median,average,0.003352875355631113
36.0,standard,SD5,prophet,dtw,dtw,average,0.2393621951341629
73.0,standard,SD2,mean,dtw,dtw,average,0.18679136037826538
87.0,standard,SD5,median,euclidean,dtw,average,0.21914136409759521
15.0,minmax,SD2,median,dtw,prophet,average,0.22456412017345428
79.0,standard,SD5,prophet,euclidean,dtw,ward,0.1753670573234558
88.0,minmax,SD2,prophet,euclidean,prophet,median,0.017384881153702736
77.0,standard,SD5,linear,euclidean,mean,average,-0.008046197704970837
53.0,minmax,SD2,median,dtw,dtw,complete,0.1040060743689537
68.0,standard,SD4,linear,dtw,dtw,average,0.23335395753383636
87.0,standard,SD2,prophet,dtw,dtw,average,0.23903271555900574
87.0,standard,SD2,median,dtw,dtw,weighted,0.23578768968582153
84.0,minmax,SD2,linear,dtw,dtw,average,0.26872941851615906
87.0,standard,SD2,median,euclidean,dtw,average,0.266013503074646
89.0,standard,SD4,mean,dtw,dtw,ward,0.1796880066394806
37.0,minmax,SD2,mean,euclidean,dtw,ward,0.10229615122079849
88.0,zscore,SD5,prophet,dtw,mode,average,0.19264651834964752
87.0,standard,SD2,mean,euclidean,dtw,average,0.21221695840358734
2.0,minmax,SD2,linear,dtw,prophet,average,0.15485669672489166
79.0,standard,SD2,prophet,dtw,dtw,average,0.2777661085128784
71.0,standard,SD2,median,dtw,prophet,ward,0.08758929371833801
38.0,standard,SD2,mean,dtw,dtw,average,0.2545599341392517
41.0,minmax,SD2,median,dtw,dtw,average,0.22043348848819733
2.0,standard,SD2,mean,dtw,dtw,median,0.005469304509460926
31.0,standard,SD2,mean,dtw,dtw,average,0.2605316638946533
54.0,minmax,SD2,median,euclidean,dtw,weighted,0.16167524456977844
81.0,standard,SD2,prophet,euclidean,dtw,average,0.27871957421302795
25.0,standard,SD2,mean,dtw,mode,weighted,0.06471434980630875
89.0,minmax,SD4,median,dtw,dtw,ward,0.2032705545425415
85.0,minmax,SD5,median,dtw,dtw,centroid,0.15286685526371002
15.0,standard,SD2,median,dtw,prophet,average,0.23021668195724487
17.0,zscore,SD2,median,dtw,dtw,single,0.0027615223079919815
87.0,minmax,SD6,median,euclidean,dtw,average,0.23927229642868042
81.0,standard,SD5,median,dtw,dtw,average,0.2004067599773407
82.0,standard,SD2,prophet,dtw,dtw,average,0.2334597259759903
33.0,standard,SD2,mean,dtw,dtw,average,0.19448086619377136
89.0,standard,SD2,mean,dtw,dtw,average,0.27006179094314575
84.0,minmax,SD5,median,dtw,dtw,weighted,0.17774629592895508
86.0,zscore,SD2,prophet,euclidean,dtw,complete,0.15035761892795563
27.0,minmax,SD2,mean,euclidean,mean,average,0.09200065582990646
71.0,minmax,SD2,median,euclidean,dtw,average,0.23169004917144775
23.0,standard,SD2,linear,dtw,dtw,average,0.19102230668067932
74.0,standard,SD2,median,dtw,dtw,average,0.2315552979707718
6.0,zscore,SD5,prophet,euclidean,dtw,ward,0.13510432839393616
46.0,standard,SD2,prophet,dtw,dtw,average,0.23300990462303162
24.0,minmax,SD6,prophet,dtw,mean,median,0.047601014375686646
35.0,standard,SD2,mean,dtw,dtw,average,0.23356270790100098
36.0,zscore,SD2,prophet,euclidean,median,weighted,0.0329749770462513
88.0,standard,SD3,prophet,dtw,dtw,average,0.23003631830215454
33.0,standard,SD2,median,dtw,dtw,average,0.27537885308265686
85.0,standard,SD2,median,euclidean,dtw,weighted,0.2040972113609314
87.0,standard,SD5,prophet,dtw,dtw,complete,0.24305769801139832
3.0,zscore,SD3,linear,dtw,mode,average,0.0096397390589118
36.0,standard,SD2,prophet,dtw,dtw,average,0.2858400046825409
76.0,zscore,SD5,prophet,euclidean,prophet,ward,0.018215307965874672
31.0,standard,SD2,mean,dtw,mode,hdbscan,-0.04844331368803978
13.0,standard,SD6,mean,euclidean,prophet,average,0.10856102406978607
78.0,zscore,SD5,median,dtw,dtw,ward,0.121443010866642
39.0,standard,SD2,mean,dtw,dtw,average,0.2933430075645447
40.0,standard,SD2,mean,dtw,prophet,average,0.19308198988437653
75.0,standard,SD2,prophet,euclidean,dtw,average,0.25052404403686523
86.0,zscore,SD4,linear,dtw,median,centroid,0.09607453644275665
77.0,zscore,SD4,median,dtw,mode,average,-0.02482530288398266
35.0,standard,SD2,mean,euclidean,dtw,average,0.24191537499427795
73.0,minmax,SD2,mean,euclidean,dtw,average,0.24320989847183228
86.0,standard,SD2,prophet,dtw,dtw,average,0.23903271555900574
68.0,standard,SD2,mean,dtw,dtw,average,0.24658696353435516
56.0,standard,SD4,median,dtw,prophet,average,0.15808162093162537
25.0,minmax,SD2,prophet,dtw,dtw,ward,0.07136315852403641
83.0,minmax,SD3,prophet,euclidean,median,average,-0.005107459146529436
14.0,minmax,SD2,median,euclidean,mode,ward,0.07258867472410202
47.0,standard,SD2,prophet,dtw,dtw,weighted,0.11424429714679718
60.0,zscore,SD2,prophet,dtw,prophet,median,0.0015368396416306496
69.0,standard,SD2,prophet,dtw,dtw,average,0.22768975794315338
38.0,minmax,SD5,median,dtw,dtw,average,0.22955895960330963
15.0,minmax,SD3,linear,euclidean,median,average,0.07629556208848953
4.0,standard,SD2,median,euclidean,median,average,0.07776786386966705
89.0,zscore,SD6,prophet,dtw,mode,hdbscan,0.0051762317307293415
19.0,standard,SD5,prophet,dtw,prophet,average,0.17663343250751495
85.0,standard,SD2,median,euclidean,dtw,average,0.26314616203308105
6.0,standard,SD2,prophet,dtw,mode,average,-0.01513704378157854
29.0,standard,SD2,median,dtw,prophet,hdbscan,0.15870589017868042
3.0,standard,SD3,median,dtw,prophet,average,0.1764325648546219
16.0,standard,SD4,median,dtw,prophet,average,0.24819310009479523
47.0,standard,SD2,prophet,dtw,median,hdbscan,-0.03559686988592148
25.0,standard,SD4,prophet,dtw,prophet,average,0.24892476201057434
43.0,standard,SD2,mean,dtw,dtw,average,0.25809505581855774
47.0,standard,SD5,median,euclidean,dtw,average,0.11881133168935776
78.0,standard,SD2,prophet,euclidean,dtw,average,0.28110823035240173
9.0,standard,SD2,mean,dtw,prophet,median,0.014418372884392738
22.0,standard,SD2,linear,dtw,dtw,complete,0.052290063351392746
76.0,standard,SD2,prophet,dtw,dtw,average,0.2762259542942047
87.0,standard,SD2,mean,dtw,dtw,average,0.27006179094314575
75.0,minmax,SD2,prophet,dtw,dtw,average,0.24718044698238373
89.0,standard,SD2,mean,dtw,dtw,complete,0.19888421893119812
89.0,standard,SD4,median,dtw,mean,average,-0.014209077693521976
83.0,standard,SD2,prophet,euclidean,dtw,average,0.27911943197250366
3.0,standard,SD2,linear,dtw,prophet,weighted,0.17206299304962158
3.0,zscore,SD2,mean,dtw,mean,average,0.032120395451784134
30.0,standard,SD2,median,dtw,dtw,average,0.23157276213169098
64.0,minmax,SD4,mean,dtw,prophet,average,0.17586921155452728
88.0,zscore,SD3,prophet,euclidean,mode,average,0.20184798538684845
88.0,standard,SD2,linear,dtw,dtw,average,0.2666561007499695
15.0,minmax,SD5,mean,euclidean,dtw,average,0.10357440263032913
43.0,zscore,SD2,prophet,euclidean,dtw,average,0.0039759473875164986
11.0,standard,SD2,linear,dtw,median,ward,0.07244640588760376
46.0,zscore,SD4,mean,dtw,median,centroid,0.006703962106257677
58.0,standard,SD2,linear,dtw,mean,weighted,0.001753239776007831
77.0,minmax,SD2,prophet,dtw,dtw,average,0.2537715435028076
38.0,standard,SD2,median,dtw,dtw,average,0.27727049589157104
74.0,standard,SD2,prophet,euclidean,dtw,average,0.25483882427215576
81.0,standard,SD2,mean,dtw,dtw,average,0.27804088592529297
47.0,zscore,SD2,prophet,dtw,mode,average,0.10488543659448624
88.0,minmax,SD5,prophet,euclidean,mode,weighted,0.027944447472691536
88.0,zscore,SD2,mean,dtw,dtw,ward,0.15137051045894623
20.0,standard,SD2,prophet,dtw,dtw,average,0.2115066647529602
34.0,minmax,SD2,prophet,dtw,mean,ward,0.03587977960705757
71.0,standard,SD2,prophet,euclidean,dtw,average,0.24962769448757172
44.0,standard,SD2,median,dtw,dtw,average,0.23891720175743103
84.0,minmax,SD5,median,dtw,dtw,complete,0.2536850571632385
74.0,standard,SD5,prophet,euclidean,dtw,weighted,0.13553619384765625
31.0,standard,SD5,prophet,dtw,dtw,ward,0.06961903721094131
35.0,standard,SD2,linear,euclidean,mean,hdbscan,0.14055101573467255
83.0,zscore,SD3,linear,euclidean,mean,average,0.09329905360937119
72.0,zscore,SD6,median,dtw,mode,single,0.0005950001650489867
84.0,zscore,SD5,prophet,euclidean,mean,weighted,0.13525710999965668
83.0,standard,SD5,mean,dtw,dtw,complete,0.2052941918373108
89.0,minmax,SD5,linear,dtw,dtw,average,0.18129147589206696
80.0,standard,SD2,prophet,euclidean,dtw,average,0.2808885872364044
62.0,standard,SD2,median,euclidean,dtw,centroid,0.20939688384532928
88.0,minmax,SD5,prophet,euclidean,dtw,ward,0.20775701105594635
65.0,standard,SD2,prophet,dtw,dtw,average,0.22748804092407227
38.0,standard,SD2,prophet,dtw,prophet,complete,0.09676356613636017
72.0,minmax,SD2,linear,dtw,mode,ward,0.019640756770968437
33.0,zscore,SD2,median,dtw,mean,average,0.015835626050829887
35.0,standard,SD2,mean,dtw,dtw,centroid,0.12318837642669678
81.0,zscore,SD5,prophet,dtw,dtw,median,0.0012594363652169704
34.0,standard,SD2,prophet,dtw,prophet,hdbscan,0.16207508742809296
35.0,standard,SD4,linear,euclidean,dtw,average,0.1712537407875061
35.0,standard,SD2,median,dtw,dtw,average,0.26311784982681274
83.0,minmax,SD2,prophet,dtw,dtw,average,0.26979702711105347
3.0,minmax,SD2,mean,dtw,prophet,hdbscan,-0.0337599478662014
82.0,minmax,SD2,prophet,euclidean,dtw,average,0.2314816564321518
77.0,standard,SD2,mean,dtw,dtw,average,0.27401408553123474
60.0,standard,SD2,prophet,euclidean,dtw,average,0.26522350311279297
88.0,minmax,SD2,prophet,dtw,dtw,centroid,0.22458337247371674
87.0,zscore,SD5,prophet,euclidean,mode,median,0.17703647911548615
88.0,standard,SD2,median,dtw,dtw,average,0.2300502061843872
36.0,standard,SD2,linear,dtw,dtw,average,0.2674781084060669
89.0,minmax,SD2,median,dtw,dtw,complete,0.24921143054962158
86.0,minmax,SD2,mean,dtw,dtw,average,0.2607867121696472
88.0,minmax,SD3,prophet,dtw,dtw,average,0.2362046092748642
72.0,standard,SD2,median,dtw,dtw,average,0.24315974116325378
78.0,standard,SD2,median,euclidean,dtw,ward,0.11741192638874054
8.0,zscore,SD2,prophet,euclidean,dtw,complete,0.07968030869960785
16.0,standard,SD5,median,dtw,dtw,hdbscan,-0.03360813483595848
80.0,standard,SD2,prophet,dtw,dtw,average,0.2777661085128784
31.0,standard,SD5,median,dtw,dtw,average,0.23257587850093842
64.0,standard,SD2,prophet,euclidean,dtw,average,0.256467342376709
67.0,minmax,SD2,prophet,dtw,dtw,median,0.00636196369305253
73.0,standard,SD2,prophet,dtw,dtw,average,0.27618610858917236
80.0,standard,SD2,mean,dtw,dtw,average,0.26606374979019165
86.0,standard,SD2,linear,dtw,dtw,ward,0.20487844944000244
66.0,minmax,SD5,prophet,euclidean,dtw,average,0.2148735076189041
89.0,standard,SD2,median,euclidean,dtw,centroid,0.18399165570735931
35.0,standard,SD3,prophet,dtw,dtw,average,0.20895430445671082
22.0,zscore,SD4,mean,dtw,mode,median,0.02760968916118145
59.0,standard,SD2,prophet,euclidean,dtw,average,0.13573423027992249
84.0,standard,SD2,median,euclidean,dtw,single,0.0025285196024924517
68.0,standard,SD2,prophet,euclidean,dtw,average,0.28131723403930664
84.0,standard,SD2,prophet,euclidean,dtw,average,0.27911943197250366
2.0,standard,SD2,mean,dtw,prophet,average,0.17922063171863556
30.0,standard,SD3,mean,dtw,dtw,average,0.2268172651529312
27.0,standard,SD2,median,dtw,dtw,average,0.2460765540599823
2.0,standard,SD2,median,euclidean,prophet,average,0.15792323648929596
83.0,standard,SD2,prophet,dtw,prophet,average,0.15186364948749542
31.0,zscore,SD5,mean,dtw,mode,hdbscan,0.07492466270923615
82.0,zscore,SD5,prophet,euclidean,dtw,ward,0.22929899394512177
79.0,standard,SD2,mean,dtw,dtw,average,0.2741807997226715
37.0,standard,SD2,median,dtw,prophet,average,0.23247598111629486
89.0,standard,SD4,prophet,dtw,dtw,hdbscan,0.05689241737127304
39.0,minmax,SD2,prophet,euclidean,dtw,average,0.2617618441581726
60.0,minmax,SD2,prophet,euclidean,dtw,ward,0.21304287016391754
2.0,standard,SD2,linear,euclidean,mean,average,0.10913322120904922
8.0,zscore,SD2,prophet,euclidean,dtw,ward,0.18956874310970306
38.0,minmax,SD5,prophet,dtw,dtw,average,0.19903592765331268
10.0,minmax,SD4,median,dtw,prophet,ward,0.07490742951631546
56.0,minmax,SD2,mean,euclidean,dtw,average,0.23678238689899445
69.0,minmax,SD2,prophet,dtw,dtw,ward,0.22051933407783508
30.0,standard,SD2,median,dtw,dtw,ward,0.08029162883758545
75.0,standard,SD2,median,euclidean,dtw,average,0.24999849498271942
7.0,minmax,SD5,median,euclidean,prophet,complete,0.053093988448381424
83.0,standard,SD2,mean,dtw,dtw,average,0.27006179094314575
78.0,standard,SD6,prophet,euclidean,median,ward,0.02076103165745735
30.0,standard,SD2,mean,dtw,dtw,average,0.2798767685890198
88.0,minmax,SD2,mean,dtw,mode,average,0.0631934404373169
88.0,standard,SD2,mean,dtw,dtw,average,0.27006179094314575
75.0,standard,SD2,prophet,dtw,dtw,single,0.0025350828655064106
3.0,zscore,SD2,prophet,dtw,dtw,ward,0.1681998074054718
82.0,zscore,SD6,prophet,euclidean,mode,complete,0.1276838481426239
85.0,standard,SD5,mean,dtw,dtw,ward,0.10061660408973694
76.0,minmax,SD2,linear,dtw,median,weighted,-0.009182833135128021
88.0,minmax,SD5,median,dtw,prophet,average,0.17523489892482758
85.0,standard,SD2,prophet,euclidean,dtw,average,0.27905401587486267
81.0,standard,SD2,mean,euclidean,dtw,average,0.2463417649269104
19.0,minmax,SD2,linear,dtw,prophet,average,0.13923463225364685
88.0,zscore,SD2,prophet,dtw,mean,ward,0.08084261417388916
89.0,standard,SD2,prophet,euclidean,dtw,average,0.25539112091064453
47.0,standard,SD2,median,dtw,dtw,average,0.2549097537994385
10.0,minmax,SD2,prophet,dtw,dtw,weighted,0.06921011209487915
2.0,standard,SD2,median,euclidean,prophet,centroid,-0.000910448026843369
19.0,standard,SD6,median,dtw,prophet,average,0.24955937266349792
83.0,standard,SD2,mean,dtw,mean,hdbscan,0.01100071705877781
28.0,standard,SD2,median,dtw,prophet,average,0.2403927445411682
78.0,standard,SD2,prophet,dtw,dtw,centroid,0.20150989294052124
87.0,standard,SD2,median,dtw,median,average,-0.004987914115190506
71.0,minmax,SD2,prophet,dtw,dtw,average,0.23024891316890717
41.0,standard,SD2,linear,dtw,dtw,average,0.25074663758277893
78.0,minmax,SD2,prophet,dtw,dtw,complete,0.22624731063842773
41.0,standard,SD2,prophet,dtw,dtw,average,0.24550926685333252
85.0,minmax,SD2,mean,dtw,dtw,average,0.2607867121696472
5.0,standard,SD4,linear,euclidean,mean,ward,0.0630909875035286
86.0,zscore,SD2,linear,dtw,mean,weighted,0.1032511368393898
10.0,minmax,SD6,prophet,euclidean,dtw,single,0.0012344816932454705
6.0,minmax,SD3,prophet,dtw,median,hdbscan,0.15339690446853638
12.0,standard,SD2,prophet,dtw,prophet,weighted,0.11322139948606491
60.0,standard,SD2,linear,dtw,dtw,average,0.2492847591638565
89.0,minmax,SD2,prophet,dtw,dtw,average,0.26979702711105347
55.0,standard,SD3,prophet,euclidean,dtw,average,0.2028367519378662
50.0,standard,SD3,median,dtw,dtw,average,0.22321850061416626
74.0,standard,SD2,prophet,dtw,dtw,average,0.2553989887237549
51.0,standard,SD2,mean,dtw,dtw,average,0.24804790318012238
2.0,standard,SD6,median,euclidean,dtw,hdbscan,0.14275333285331726
62.0,standard,SD2,median,euclidean,dtw,average,0.23703794181346893
2.0,zscore,SD2,median,euclidean,mode,complete,0.028478166088461876
2.0,minmax,SD6,linear,dtw,mean,single,0.0021262585651129484
9.0,zscore,SD2,mean,euclidean,mode,ward,0.16043943166732788
76.0,standard,SD5,median,euclidean,dtw,weighted,0.23394404351711273
77.0,standard,SD5,median,dtw,dtw,complete,0.2278587520122528
50.0,standard,SD2,median,dtw,dtw,weighted,0.22092728316783905
