Comperiod,Scaling,Outliers,Interpolation,Similarity,Unsynced,Linkmeth,ray/tune/_metric
78.0,standard,SD6,prophet,euclidean,median,ward,0.012131516821682453
70.0,standard,SD2,median,euclidean,dtw,average,0.3514609634876251
63.0,standard,SD2,mean,dtw,prophet,average,0.20455576479434967
18.0,standard,SD3,median,dtw,mean,average,0.3618434965610504
60.0,minmax,SD2,median,dtw,dtw,average,0.33872953057289124
24.0,standard,SD3,mean,dtw,dtw,average,0.37739843130111694
88.0,minmax,SD2,mean,dtw,dtw,centroid,0.3059740960597992
2.0,zscore,SD4,mean,euclidean,dtw,median,0.00812400970607996
79.0,minmax,SD2,prophet,dtw,dtw,average,0.3233228921890259
87.0,standard,SD2,prophet,dtw,prophet,ward,0.10868480056524277
69.0,standard,SD2,prophet,dtw,dtw,average,0.30418628454208374
7.0,standard,SD2,median,dtw,prophet,weighted,0.23987072706222534
37.0,standard,SD4,prophet,dtw,prophet,average,0.3413622975349426
74.0,standard,SD2,mean,dtw,dtw,average,0.3059437572956085
55.0,minmax,SD2,mean,dtw,dtw,average,0.3554399609565735
52.0,standard,SD3,median,dtw,dtw,average,0.3050195872783661
22.0,standard,SD3,prophet,dtw,prophet,average,0.3588205873966217
49.0,standard,SD3,prophet,dtw,dtw,average,0.36083298921585083
50.0,minmax,SD2,median,dtw,dtw,average,0.3698856234550476
73.0,minmax,SD2,linear,dtw,dtw,average,0.3497612476348877
72.0,standard,SD2,median,dtw,dtw,average,0.3034191429615021
18.0,standard,SD3,median,euclidean,dtw,average,0.3311643898487091
25.0,standard,SD3,linear,dtw,prophet,average,0.38299569487571716
23.0,standard,SD3,median,dtw,dtw,average,0.32808610796928406
65.0,minmax,SD2,mean,dtw,dtw,average,0.3192179501056671
24.0,zscore,SD5,linear,euclidean,median,single,0.009346614591777325
59.0,minmax,SD3,prophet,dtw,dtw,average,0.3298228681087494
41.0,standard,SD3,median,dtw,dtw,average,0.32567092776298523
75.0,standard,SD2,prophet,dtw,dtw,average,0.36813321709632874
87.0,minmax,SD3,median,dtw,dtw,weighted,0.27976110577583313
31.0,minmax,SD2,median,dtw,mode,average,0.2481103390455246
74.0,minmax,SD2,linear,dtw,prophet,centroid,0.2484155297279358
17.0,standard,SD3,mean,dtw,prophet,average,0.35673409700393677
4.0,minmax,SD5,mean,euclidean,dtw,ward,0.09049459546804428
34.0,minmax,SD3,prophet,dtw,dtw,average,0.307207852602005
3.0,standard,SD2,prophet,dtw,mode,hdbscan,0.13949616253376007
2.0,minmax,SD2,median,dtw,mean,complete,0.08476880192756653
24.0,standard,SD2,median,dtw,prophet,centroid,0.20440277457237244
73.0,standard,SD2,prophet,euclidean,dtw,average,0.31442826986312866
67.0,minmax,SD3,mean,dtw,dtw,average,0.292637437582016
80.0,standard,SD2,median,dtw,dtw,average,0.38805004954338074
69.0,standard,SD2,median,dtw,dtw,average,0.32985377311706543
35.0,standard,SD2,linear,dtw,dtw,average,0.27678826451301575
77.0,standard,SD4,prophet,euclidean,mode,complete,0.10032469034194946
84.0,minmax,SD5,median,euclidean,median,weighted,0.016675515100359917
18.0,standard,SD3,mean,dtw,prophet,average,0.35673409700393677
42.0,standard,SD2,prophet,dtw,dtw,average,0.36698535084724426
38.0,standard,SD3,mean,dtw,prophet,average,0.3569072186946869
58.0,minmax,SD2,linear,dtw,dtw,average,0.3463386595249176
42.0,standard,SD2,prophet,dtw,dtw,centroid,0.29420703649520874
23.0,standard,SD3,prophet,dtw,prophet,average,0.35910502076148987
2.0,standard,SD2,mean,dtw,dtw,median,0.07164613902568817
60.0,standard,SD2,median,dtw,dtw,average,0.35608434677124023
25.0,minmax,SD2,prophet,dtw,dtw,average,0.3432374596595764
34.0,standard,SD3,mean,dtw,dtw,average,0.28677499294281006
55.0,minmax,SD2,median,dtw,mean,weighted,0.004722499288618565
26.0,standard,SD2,mean,dtw,dtw,average,0.30614110827445984
81.0,standard,SD4,median,dtw,dtw,average,0.32167738676071167
18.0,standard,SD3,prophet,dtw,mean,average,0.3667295277118683
77.0,standard,SD2,linear,dtw,dtw,average,0.3592820465564728
42.0,minmax,SD2,median,dtw,prophet,average,0.3226155638694763
78.0,minmax,SD2,prophet,dtw,dtw,average,0.3210107982158661
23.0,standard,SD3,linear,dtw,dtw,average,0.26308321952819824
75.0,standard,SD2,median,dtw,dtw,average,0.35003653168678284
18.0,standard,SD3,prophet,dtw,dtw,average,0.35381031036376953
49.0,standard,SD2,prophet,dtw,dtw,average,0.37542417645454407
59.0,standard,SD2,linear,dtw,dtw,average,0.3209710717201233
75.0,minmax,SD2,prophet,dtw,dtw,average,0.32227665185928345
59.0,standard,SD2,prophet,dtw,dtw,average,0.3737659752368927
83.0,standard,SD2,mean,dtw,dtw,average,0.36191877722740173
86.0,standard,SD2,prophet,dtw,prophet,single,0.012868721038103104
87.0,standard,SD2,mean,dtw,dtw,centroid,0.3199816942214966
19.0,standard,SD2,median,dtw,mean,hdbscan,-0.02386375144124031
76.0,minmax,SD2,median,dtw,dtw,average,0.3489309251308441
43.0,minmax,SD2,linear,dtw,prophet,weighted,0.21557512879371643
83.0,zscore,SD2,prophet,euclidean,median,average,0.12985289096832275
54.0,minmax,SD2,mean,dtw,dtw,centroid,0.31433188915252686
85.0,standard,SD2,prophet,dtw,dtw,average,0.36851513385772705
85.0,standard,SD2,median,dtw,dtw,average,0.3501352071762085
47.0,minmax,SD2,prophet,dtw,prophet,average,0.3134625554084778
89.0,standard,SD2,mean,dtw,dtw,average,0.36191877722740173
59.0,standard,SD3,prophet,dtw,dtw,average,0.32922014594078064
11.0,zscore,SD2,median,euclidean,dtw,average,0.02829958312213421
35.0,minmax,SD2,prophet,dtw,dtw,average,0.30855807662010193
44.0,minmax,SD2,linear,dtw,dtw,average,0.29872754216194153
25.0,standard,SD3,mean,dtw,dtw,average,0.33064770698547363
30.0,standard,SD3,mean,dtw,prophet,average,0.3585282564163208
62.0,zscore,SD2,mean,dtw,prophet,complete,0.0384027473628521
13.0,standard,SD3,prophet,dtw,dtw,average,0.3588205873966217
44.0,standard,SD2,prophet,dtw,dtw,average,0.3556867837905884
41.0,minmax,SD2,mean,dtw,prophet,centroid,0.32011669874191284
24.0,standard,SD3,prophet,dtw,mean,average,0.28999075293540955
21.0,standard,SD3,median,dtw,prophet,average,0.32978615164756775
88.0,minmax,SD3,linear,euclidean,mean,average,0.014619852416217327
29.0,minmax,SD2,prophet,dtw,dtw,average,0.30496957898139954
66.0,minmax,SD3,prophet,dtw,dtw,complete,0.25611087679862976
57.0,minmax,SD2,mean,dtw,dtw,average,0.3345583379268646
3.0,standard,SD2,median,dtw,prophet,average,0.2965427339076996
33.0,minmax,SD2,mean,dtw,dtw,average,0.331971138715744
5.0,standard,SD3,prophet,dtw,dtw,average,0.3588205873966217
56.0,standard,SD2,median,euclidean,dtw,complete,0.27593740820884705
67.0,minmax,SD2,median,dtw,dtw,average,0.346370130777359
67.0,standard,SD2,prophet,dtw,dtw,average,0.317081093788147
14.0,standard,SD2,prophet,dtw,mean,average,0.35183408856391907
85.0,minmax,SD2,median,dtw,dtw,average,0.3513175845146179
64.0,minmax,SD2,linear,euclidean,dtw,average,0.33500412106513977
63.0,standard,SD5,prophet,dtw,dtw,average,0.31687721610069275
2.0,standard,SD3,prophet,dtw,mean,average,0.3588205873966217
70.0,standard,SD2,prophet,dtw,dtw,average,0.3112412393093109
77.0,standard,SD2,prophet,dtw,dtw,average,0.37724217772483826
42.0,minmax,SD2,median,dtw,dtw,average,0.3786941170692444
71.0,standard,SD2,mean,dtw,dtw,average,0.3559979200363159
2.0,standard,SD3,median,dtw,prophet,average,0.32978615164756775
29.0,standard,SD3,prophet,dtw,dtw,average,0.3270423412322998
70.0,standard,SD4,median,dtw,dtw,average,0.3283364176750183
79.0,minmax,SD2,linear,euclidean,median,average,-0.01033895555883646
20.0,standard,SD3,mean,dtw,median,average,0.3142690062522888
72.0,standard,SD3,linear,dtw,dtw,average,0.284010112285614
25.0,standard,SD3,prophet,dtw,prophet,average,0.35910502076148987
26.0,standard,SD3,linear,dtw,mean,average,0.313850462436676
53.0,minmax,SD2,median,dtw,prophet,average,0.3528733551502228
66.0,minmax,SD2,median,dtw,dtw,average,0.34927600622177124
83.0,standard,SD2,median,euclidean,dtw,centroid,0.31707605719566345
42.0,standard,SD2,prophet,dtw,prophet,average,0.327693372964859
83.0,minmax,SD3,linear,dtw,dtw,average,0.31669244170188904
74.0,minmax,SD2,prophet,dtw,dtw,average,0.32963788509368896
4.0,standard,SD3,prophet,dtw,mode,average,0.3588205873966217
23.0,standard,SD3,prophet,dtw,dtw,average,0.38632574677467346
86.0,standard,SD2,linear,dtw,dtw,average,0.3547942340373993
55.0,minmax,SD2,median,dtw,dtw,average,0.3620881140232086
70.0,minmax,SD2,median,euclidean,dtw,average,0.34327399730682373
71.0,minmax,SD3,mean,dtw,dtw,average,0.29414886236190796
22.0,standard,SD4,prophet,dtw,dtw,average,0.3531841039657593
51.0,standard,SD2,median,euclidean,prophet,average,0.256544291973114
32.0,standard,SD2,median,dtw,dtw,average,0.2921682298183441
26.0,zscore,SD6,mean,euclidean,mode,hdbscan,0.0010000000474974513
76.0,standard,SD2,prophet,dtw,dtw,average,0.37724217772483826
19.0,standard,SD3,prophet,dtw,mean,average,0.37847641110420227
37.0,minmax,SD2,median,dtw,dtw,average,0.3526885211467743
64.0,standard,SD3,prophet,dtw,dtw,complete,0.25180530548095703
29.0,standard,SD3,prophet,dtw,mean,average,0.36263906955718994
20.0,standard,SD3,prophet,dtw,dtw,average,0.3595896363258362
39.0,standard,SD3,prophet,euclidean,prophet,weighted,0.11373497545719147
20.0,standard,SD4,prophet,dtw,mean,average,0.3623218536376953
3.0,standard,SD3,prophet,dtw,mean,ward,0.17705897986888885
51.0,standard,SD2,median,dtw,dtw,average,0.3304777443408966
81.0,standard,SD2,median,dtw,dtw,average,0.38805004954338074
8.0,standard,SD3,prophet,dtw,prophet,average,0.3588205873966217
40.0,minmax,SD2,linear,dtw,prophet,ward,0.12855474650859833
88.0,standard,SD2,prophet,euclidean,dtw,average,0.3113281726837158
65.0,standard,SD4,linear,euclidean,dtw,single,0.009342956356704235
5.0,standard,SD3,mean,dtw,mode,average,0.35673409700393677
49.0,zscore,SD5,prophet,dtw,prophet,centroid,0.01398804783821106
80.0,standard,SD2,prophet,dtw,dtw,average,0.3719431757926941
76.0,standard,SD2,median,dtw,dtw,average,0.38805004954338074
39.0,standard,SD3,linear,dtw,dtw,average,0.32065844535827637
89.0,minmax,SD2,median,euclidean,dtw,average,0.33024880290031433
70.0,zscore,SD2,median,euclidean,median,median,0.020849719643592834
21.0,standard,SD2,prophet,dtw,dtw,average,0.33203572034835815
26.0,standard,SD5,mean,dtw,mean,average,0.2828519642353058
84.0,standard,SD2,prophet,dtw,dtw,average,0.36851513385772705
88.0,standard,SD2,mean,dtw,dtw,average,0.36191877722740173
67.0,minmax,SD2,linear,euclidean,median,ward,0.012078328989446163
53.0,standard,SD2,prophet,dtw,dtw,average,0.3313133120536804
36.0,zscore,SD5,mean,euclidean,dtw,hdbscan,0.0010000000474974513
41.0,standard,SD2,mean,dtw,dtw,average,0.3089604675769806
7.0,standard,SD3,prophet,dtw,dtw,average,0.3588205873966217
2.0,standard,SD2,linear,dtw,mode,weighted,0.1349584013223648
37.0,standard,SD3,linear,dtw,prophet,average,0.35164675116539
3.0,standard,SD2,mean,dtw,prophet,complete,0.11419601738452911
50.0,minmax,SD3,median,dtw,dtw,average,0.35623711347579956
60.0,standard,SD3,prophet,dtw,dtw,average,0.3269363343715668
4.0,minmax,SD6,linear,dtw,mean,average,0.20681914687156677
64.0,minmax,SD2,mean,dtw,dtw,average,0.3537192940711975
62.0,standard,SD2,median,dtw,dtw,centroid,0.2764163911342621
18.0,standard,SD3,linear,dtw,prophet,average,0.3322071135044098
9.0,zscore,SD2,linear,dtw,dtw,median,0.004379956517368555
64.0,standard,SD2,median,dtw,dtw,average,0.31681686639785767
42.0,minmax,SD3,prophet,dtw,prophet,average,0.2966439723968506
14.0,standard,SD3,median,dtw,mean,average,0.3264322876930237
88.0,standard,SD4,mean,euclidean,dtw,weighted,0.2935939133167267
66.0,minmax,SD3,median,euclidean,dtw,average,0.3099953532218933
3.0,minmax,SD4,prophet,euclidean,prophet,centroid,0.11137907952070236
57.0,standard,SD2,mean,dtw,dtw,average,0.3298330307006836
56.0,standard,SD3,median,dtw,dtw,average,0.3135833740234375
71.0,zscore,SD2,median,dtw,mode,complete,-0.014431968331336975
45.0,standard,SD3,prophet,dtw,dtw,average,0.3317190706729889
73.0,minmax,SD2,mean,dtw,dtw,average,0.3568119406700134
49.0,minmax,SD2,median,dtw,prophet,average,0.36471450328826904
53.0,standard,SD2,prophet,dtw,prophet,average,0.32345783710479736
68.0,minmax,SD2,mean,dtw,dtw,average,0.3667267858982086
69.0,minmax,SD3,linear,dtw,dtw,average,0.33424368500709534
2.0,standard,SD2,prophet,dtw,dtw,average,0.33774927258491516
22.0,standard,SD3,prophet,dtw,mean,average,0.38495931029319763
53.0,standard,SD6,prophet,dtw,dtw,average,0.33744797110557556
16.0,minmax,SD3,mean,dtw,dtw,average,0.21996311843395233
37.0,minmax,SD3,prophet,dtw,prophet,average,0.20282049477100372
55.0,minmax,SD2,prophet,dtw,dtw,average,0.35719841718673706
79.0,zscore,SD2,median,dtw,prophet,hdbscan,0.0010000000474974513
3.0,minmax,SD2,prophet,euclidean,dtw,average,0.1983204185962677
73.0,standard,SD2,linear,dtw,dtw,complete,0.31882670521736145
48.0,standard,SD2,mean,dtw,dtw,average,0.33448925614356995
78.0,minmax,SD6,prophet,dtw,dtw,average,0.31797724962234497
60.0,minmax,SD6,median,dtw,dtw,average,0.2936636507511139
78.0,standard,SD5,linear,dtw,dtw,average,0.303872674703598
13.0,standard,SD6,prophet,dtw,prophet,average,0.3330865800380707
45.0,standard,SD2,linear,dtw,dtw,average,0.3479102849960327
56.0,minmax,SD2,mean,euclidean,dtw,average,0.3301781117916107
32.0,minmax,SD2,median,dtw,dtw,average,0.3246874511241913
44.0,minmax,SD2,mean,dtw,dtw,average,0.3495105504989624
82.0,standard,SD2,median,dtw,dtw,average,0.38805004954338074
30.0,standard,SD3,prophet,dtw,dtw,average,0.3517967164516449
29.0,standard,SD2,median,dtw,dtw,average,0.2760040760040283
89.0,minmax,SD3,mean,dtw,dtw,centroid,0.2795120179653168
55.0,standard,SD2,median,euclidean,dtw,average,0.31587252020835876
45.0,minmax,SD2,mean,dtw,dtw,average,0.3776235580444336
38.0,standard,SD4,median,dtw,dtw,ward,0.17818951606750488
38.0,zscore,SD4,mean,euclidean,dtw,single,0.0078015984036028385
79.0,standard,SD2,prophet,dtw,dtw,average,0.37210050225257874
26.0,minmax,SD3,linear,dtw,dtw,average,0.29387927055358887
69.0,minmax,SD2,linear,euclidean,dtw,average,0.33318766951560974
85.0,standard,SD5,linear,euclidean,prophet,median,0.00043785289744846523
54.0,standard,SD2,mean,dtw,dtw,average,0.33912381529808044
68.0,minmax,SD2,linear,dtw,dtw,average,0.338868647813797
7.0,standard,SD3,prophet,dtw,mean,average,0.3588205873966217
47.0,standard,SD2,prophet,dtw,dtw,average,0.30014392733573914
84.0,minmax,SD6,mean,dtw,prophet,average,0.21473120152950287
37.0,standard,SD2,linear,dtw,dtw,average,0.3441463112831116
53.0,standard,SD2,median,dtw,dtw,average,0.3411403298377991
48.0,zscore,SD2,mean,dtw,dtw,weighted,0.045127566903829575
56.0,standard,SD2,median,dtw,dtw,average,0.3535962402820587
2.0,zscore,SD2,mean,dtw,prophet,single,0.010875800624489784
54.0,standard,SD3,median,dtw,dtw,average,0.31919732689857483
5.0,standard,SD2,mean,dtw,mean,average,0.3333328366279602
84.0,zscore,SD2,prophet,dtw,mode,hdbscan,0.019696373492479324
2.0,standard,SD2,median,dtw,median,weighted,0.23987072706222534
66.0,standard,SD2,median,dtw,dtw,average,0.29661476612091064
51.0,standard,SD3,prophet,dtw,prophet,average,0.29167628288269043
67.0,standard,SD2,median,euclidean,dtw,average,0.3512267768383026
79.0,minmax,SD2,mean,dtw,dtw,weighted,0.3383580446243286
32.0,standard,SD2,median,dtw,dtw,hdbscan,-0.03251960128545761
73.0,minmax,SD2,median,dtw,dtw,average,0.3489309251308441
23.0,standard,SD2,linear,dtw,mode,average,0.2650162875652313
55.0,standard,SD2,mean,dtw,dtw,average,0.3082861602306366
48.0,standard,SD3,median,dtw,dtw,average,0.2798367142677307
75.0,standard,SD3,prophet,dtw,dtw,average,0.34684574604034424
6.0,standard,SD2,mean,dtw,dtw,centroid,0.2745400071144104
71.0,minmax,SD2,median,dtw,dtw,average,0.3479692339897156
24.0,standard,SD3,prophet,dtw,dtw,average,0.363079309463501
80.0,minmax,SD4,prophet,dtw,dtw,average,0.2997644543647766
87.0,standard,SD2,linear,dtw,prophet,complete,0.15738651156425476
4.0,zscore,SD4,mean,dtw,dtw,average,0.028990857303142548
4.0,minmax,SD5,mean,dtw,mode,average,0.2246793955564499
67.0,standard,SD2,median,dtw,dtw,weighted,0.30776575207710266
52.0,minmax,SD2,prophet,dtw,dtw,average,0.30262476205825806
84.0,minmax,SD2,median,euclidean,dtw,complete,0.201358824968338
6.0,standard,SD3,prophet,dtw,mean,average,0.3588205873966217
5.0,standard,SD2,prophet,dtw,prophet,centroid,0.322165846824646
3.0,standard,SD5,mean,dtw,prophet,ward,0.187319815158844
80.0,standard,SD2,mean,dtw,dtw,average,0.3489188551902771
83.0,minmax,SD4,median,euclidean,dtw,average,0.3391294777393341
6.0,standard,SD6,prophet,dtw,dtw,weighted,0.1709568053483963
2.0,minmax,SD6,linear,dtw,mean,single,0.011470584198832512
2.0,minmax,SD4,prophet,dtw,prophet,median,-0.044953323900699615
75.0,standard,SD2,median,euclidean,dtw,average,0.3404630720615387
40.0,standard,SD2,mean,dtw,prophet,average,0.25886496901512146
76.0,standard,SD2,linear,dtw,dtw,average,0.36188238859176636
52.0,standard,SD2,median,dtw,dtw,average,0.3664051294326782
75.0,standard,SD2,linear,dtw,dtw,average,0.36188238859176636
12.0,standard,SD3,prophet,dtw,mean,average,0.350715696811676
71.0,minmax,SD2,linear,dtw,dtw,average,0.35392695665359497
9.0,standard,SD2,mean,dtw,mode,complete,0.11419601738452911
59.0,standard,SD2,mean,dtw,dtw,average,0.3651496469974518
42.0,standard,SD2,linear,dtw,dtw,average,0.3280179500579834
30.0,standard,SD2,prophet,dtw,dtw,average,0.33384817838668823
73.0,standard,SD6,linear,dtw,dtw,centroid,0.2921227216720581
50.0,standard,SD3,prophet,dtw,dtw,average,0.3011859357357025
49.0,standard,SD2,mean,dtw,dtw,average,0.37306708097457886
75.0,standard,SD2,prophet,dtw,prophet,centroid,0.21121840178966522
89.0,minmax,SD4,linear,euclidean,dtw,average,0.30681347846984863
5.0,standard,SD2,median,dtw,median,average,0.2965427339076996
3.0,standard,SD2,median,dtw,median,median,0.016537517309188843
13.0,zscore,SD4,linear,dtw,median,centroid,0.0010243720607832074
87.0,minmax,SD5,prophet,euclidean,dtw,average,0.30945149064064026
45.0,minmax,SD2,mean,euclidean,dtw,average,0.29732704162597656
24.0,standard,SD3,mean,dtw,mode,median,0.010931447148323059
49.0,standard,SD3,median,dtw,dtw,average,0.37726399302482605
22.0,standard,SD3,prophet,dtw,dtw,average,0.3697527348995209
82.0,minmax,SD2,median,dtw,dtw,average,0.3513175845146179
13.0,standard,SD4,prophet,dtw,dtw,average,0.3530944287776947
64.0,minmax,SD3,median,dtw,dtw,average,0.28501132130622864
38.0,standard,SD2,mean,dtw,dtw,average,0.28655022382736206
47.0,minmax,SD2,prophet,dtw,dtw,average,0.296770840883255
49.0,standard,SD2,linear,dtw,dtw,average,0.3167652189731598
45.0,minmax,SD2,linear,dtw,dtw,average,0.35290640592575073
84.0,standard,SD2,median,dtw,dtw,average,0.3501352071762085
89.0,minmax,SD3,prophet,dtw,dtw,average,0.33186954259872437
73.0,standard,SD2,prophet,dtw,dtw,average,0.3743009865283966
2.0,standard,SD3,prophet,dtw,median,average,0.3588205873966217
77.0,minmax,SD4,median,euclidean,median,hdbscan,0.0004529070283751935
77.0,minmax,SD3,linear,euclidean,dtw,average,0.3222641944885254
60.0,minmax,SD2,linear,dtw,dtw,average,0.3702411949634552
46.0,standard,SD3,median,dtw,dtw,average,0.31883957982063293
45.0,standard,SD3,prophet,dtw,prophet,average,0.32464930415153503
28.0,standard,SD3,median,dtw,prophet,average,0.3402727544307709
69.0,standard,SD3,linear,euclidean,dtw,average,0.3250010013580322
88.0,zscore,SD2,mean,dtw,prophet,single,0.010800392366945744
84.0,zscore,SD3,prophet,dtw,dtw,median,0.003724979003891349
40.0,standard,SD2,mean,dtw,dtw,average,0.3419997990131378
43.0,minmax,SD2,median,dtw,dtw,average,0.3719032406806946
83.0,standard,SD2,prophet,dtw,dtw,average,0.36851513385772705
49.0,standard,SD3,mean,dtw,dtw,average,0.34631994366645813
79.0,minmax,SD2,median,dtw,prophet,hdbscan,0.13703301548957825
37.0,standard,SD3,prophet,dtw,prophet,average,0.37853991985321045
82.0,standard,SD2,prophet,dtw,dtw,average,0.36851513385772705
7.0,standard,SD2,mean,dtw,median,ward,0.13956120610237122
45.0,standard,SD2,mean,dtw,dtw,average,0.30572929978370667
43.0,standard,SD2,median,euclidean,dtw,average,0.3033347427845001
79.0,standard,SD2,median,euclidean,dtw,average,0.33216941356658936
73.0,minmax,SD3,median,dtw,dtw,average,0.3415796160697937
64.0,minmax,SD2,linear,dtw,dtw,average,0.3532281517982483
13.0,standard,SD3,prophet,dtw,prophet,average,0.3588205873966217
48.0,minmax,SD2,median,dtw,dtw,average,0.31855064630508423
19.0,standard,SD3,prophet,dtw,median,average,0.3599756956100464
81.0,standard,SD4,mean,dtw,dtw,average,0.33637070655822754
43.0,minmax,SD3,prophet,dtw,dtw,centroid,0.2523736357688904
29.0,standard,SD3,mean,dtw,prophet,average,0.3609372079372406
34.0,minmax,SD2,median,dtw,dtw,average,0.36776474118232727
4.0,standard,SD3,prophet,dtw,prophet,average,0.3588205873966217
25.0,standard,SD3,prophet,dtw,dtw,average,0.363079309463501
15.0,standard,SD3,prophet,euclidean,prophet,average,0.29857337474823
43.0,zscore,SD4,prophet,dtw,mode,median,0.06711048632860184
44.0,minmax,SD2,median,dtw,dtw,average,0.37187668681144714
84.0,standard,SD2,linear,dtw,dtw,weighted,0.3225555419921875
79.0,standard,SD2,median,dtw,dtw,average,0.38805004954338074
74.0,standard,SD2,linear,dtw,dtw,average,0.35323289036750793
40.0,minmax,SD2,linear,dtw,dtw,median,0.08737168461084366
52.0,minmax,SD3,prophet,dtw,prophet,average,0.331092894077301
62.0,standard,SD2,linear,dtw,dtw,average,0.29221418499946594
36.0,standard,SD3,mean,dtw,dtw,average,0.32029959559440613
2.0,standard,SD3,prophet,dtw,prophet,average,0.3588205873966217
83.0,standard,SD2,prophet,dtw,prophet,hdbscan,0.23100289702415466
82.0,minmax,SD2,prophet,dtw,dtw,ward,0.303535521030426
39.0,minmax,SD2,prophet,dtw,dtw,average,0.3042580187320709
45.0,minmax,SD2,median,dtw,dtw,average,0.31407856941223145
78.0,standard,SD2,median,dtw,dtw,average,0.38805004954338074
26.0,standard,SD2,median,dtw,dtw,average,0.3358529508113861
69.0,minmax,SD2,prophet,dtw,dtw,average,0.3544904887676239
76.0,standard,SD2,mean,dtw,dtw,average,0.37240859866142273
85.0,zscore,SD3,prophet,euclidean,median,centroid,0.132368266582489
88.0,standard,SD2,prophet,dtw,dtw,average,0.3688512146472931
2.0,standard,SD3,prophet,euclidean,dtw,average,0.29857337474823
52.0,standard,SD2,mean,dtw,dtw,average,0.3244527280330658
19.0,standard,SD3,median,dtw,dtw,average,0.3260892331600189
18.0,standard,SD4,prophet,dtw,dtw,complete,0.11710678040981293
83.0,zscore,SD3,prophet,dtw,dtw,average,0.04210719093680382
43.0,minmax,SD2,prophet,dtw,prophet,average,0.3458445072174072
89.0,standard,SD3,median,dtw,dtw,complete,0.28511276841163635
68.0,minmax,SD2,median,dtw,dtw,average,0.36145704984664917
28.0,standard,SD3,linear,dtw,prophet,average,0.3322071135044098
50.0,standard,SD2,prophet,dtw,dtw,average,0.30974557995796204
63.0,minmax,SD2,linear,dtw,dtw,average,0.368931382894516
58.0,standard,SD3,median,dtw,dtw,average,0.2919612228870392
48.0,standard,SD6,mean,dtw,prophet,centroid,0.22109860181808472
45.0,minmax,SD2,prophet,dtw,dtw,average,0.3245556652545929
33.0,standard,SD3,prophet,dtw,median,average,0.281698077917099
79.0,standard,SD2,mean,dtw,dtw,average,0.3720715045928955
4.0,standard,SD6,mean,dtw,dtw,single,0.007601345889270306
39.0,minmax,SD2,median,dtw,prophet,single,0.013181124813854694
7.0,standard,SD4,prophet,dtw,mean,average,0.3530944287776947
72.0,minmax,SD5,mean,euclidean,dtw,median,0.047433849424123764
58.0,standard,SD2,median,dtw,prophet,average,0.19718573987483978
43.0,minmax,SD3,prophet,dtw,dtw,average,0.30759504437446594
4.0,standard,SD3,prophet,dtw,dtw,average,0.3588205873966217
38.0,standard,SD2,prophet,dtw,prophet,average,0.3248303234577179
29.0,standard,SD2,prophet,dtw,prophet,average,0.3327682316303253
33.0,standard,SD3,prophet,dtw,prophet,average,0.32938939332962036
14.0,standard,SD3,prophet,dtw,median,average,0.3572172522544861
46.0,zscore,SD4,mean,dtw,median,centroid,0.003102721180766821
13.0,minmax,SD5,mean,dtw,median,average,0.2246793955564499
21.0,standard,SD3,prophet,dtw,mean,average,0.3788378834724426
56.0,standard,SD2,prophet,dtw,dtw,average,0.3099943995475769
42.0,minmax,SD2,prophet,dtw,dtw,average,0.2983192503452301
87.0,minmax,SD2,linear,dtw,dtw,average,0.34482303261756897
59.0,minmax,SD5,mean,dtw,prophet,average,0.302746444940567
23.0,standard,SD3,mean,dtw,dtw,average,0.3766409456729889
74.0,standard,SD2,median,dtw,dtw,average,0.35248297452926636
23.0,standard,SD3,prophet,dtw,mean,average,0.36534491181373596
38.0,minmax,SD2,median,dtw,dtw,average,0.367799311876297
51.0,minmax,SD2,prophet,dtw,dtw,average,0.31121304631233215
78.0,standard,SD2,linear,dtw,dtw,centroid,0.3418325185775757
79.0,standard,SD2,median,dtw,dtw,weighted,0.30670931935310364
80.0,standard,SD6,mean,dtw,dtw,ward,0.14764513075351715
55.0,standard,SD5,prophet,dtw,dtw,average,0.33471906185150146
3.0,zscore,SD5,median,dtw,mode,average,0.03717576712369919
67.0,minmax,SD2,prophet,dtw,dtw,average,0.318023145198822
44.0,standard,SD2,median,dtw,dtw,average,0.3308747410774231
86.0,standard,SD3,median,euclidean,dtw,average,0.31379637122154236
67.0,standard,SD2,median,dtw,dtw,average,0.3801193833351135
76.0,standard,SD2,prophet,euclidean,dtw,average,0.32290196418762207
37.0,standard,SD3,mean,dtw,prophet,average,0.3640125095844269
81.0,standard,SD2,prophet,dtw,dtw,average,0.36851513385772705
4.0,standard,SD2,mean,dtw,prophet,average,0.3333328366279602
53.0,minmax,SD2,mean,dtw,dtw,average,0.2945171594619751
65.0,standard,SD3,mean,euclidean,mean,median,0.006278626155108213
9.0,standard,SD3,prophet,dtw,mean,average,0.3588205873966217
84.0,standard,SD2,mean,dtw,dtw,average,0.36191877722740173
86.0,standard,SD2,median,dtw,dtw,average,0.3501352071762085
46.0,minmax,SD2,median,dtw,dtw,average,0.32795238494873047
35.0,zscore,SD4,median,dtw,mean,weighted,0.07841598242521286
16.0,standard,SD3,prophet,dtw,mean,average,0.3781234622001648
41.0,minmax,SD3,prophet,dtw,dtw,average,0.29509401321411133
73.0,standard,SD2,mean,dtw,dtw,average,0.31344667077064514
82.0,minmax,SD3,median,euclidean,dtw,average,0.3417305052280426
42.0,standard,SD3,mean,dtw,dtw,average,0.3408825397491455
64.0,minmax,SD2,prophet,dtw,dtw,average,0.33762112259864807
85.0,standard,SD2,median,dtw,prophet,weighted,0.21824416518211365
67.0,minmax,SD2,linear,dtw,dtw,average,0.368858277797699
52.0,standard,SD2,linear,dtw,dtw,average,0.3419992923736572
45.0,minmax,SD3,median,dtw,dtw,average,0.3463388979434967
89.0,standard,SD6,prophet,dtw,mode,average,0.046068571507930756
26.0,standard,SD3,linear,dtw,prophet,average,0.38299569487571716
75.0,standard,SD2,prophet,euclidean,dtw,weighted,0.3164619207382202
18.0,standard,SD5,prophet,dtw,dtw,average,0.355918288230896
8.0,zscore,SD2,mean,dtw,prophet,median,0.004379956517368555
50.0,minmax,SD2,median,euclidean,dtw,average,0.3299531042575836
36.0,standard,SD2,prophet,dtw,mean,average,0.31150299310684204
79.0,standard,SD3,median,dtw,dtw,average,0.2957553565502167
74.0,standard,SD2,prophet,dtw,dtw,average,0.3743009865283966
42.0,standard,SD2,median,dtw,dtw,average,0.31273141503334045
9.0,standard,SD4,prophet,dtw,prophet,average,0.3530944287776947
56.0,minmax,SD2,linear,dtw,dtw,average,0.31024956703186035
56.0,minmax,SD3,median,dtw,dtw,average,0.2901369631290436
78.0,standard,SD2,prophet,dtw,dtw,average,0.37724217772483826
3.0,standard,SD2,prophet,dtw,mean,weighted,0.2153884470462799
49.0,standard,SD2,median,dtw,dtw,average,0.3358075022697449
76.0,standard,SD2,median,euclidean,dtw,average,0.35547155141830444
69.0,minmax,SD2,mean,dtw,dtw,average,0.3516765832901001
59.0,standard,SD2,median,dtw,dtw,average,0.3419618010520935
56.0,minmax,SD2,prophet,dtw,dtw,weighted,0.20771008729934692
13.0,minmax,SD4,prophet,dtw,prophet,average,0.21186426281929016
83.0,standard,SD2,median,dtw,dtw,average,0.3501352071762085
89.0,minmax,SD4,median,dtw,dtw,average,0.3174215257167816
60.0,standard,SD2,median,euclidean,dtw,average,0.3044207692146301
15.0,standard,SD3,prophet,euclidean,mean,average,0.3074261546134949
74.0,standard,SD4,mean,euclidean,dtw,hdbscan,0.02803984470665455
79.0,standard,SD2,linear,dtw,dtw,average,0.3541346490383148
54.0,minmax,SD3,prophet,dtw,dtw,average,0.3047574758529663
78.0,standard,SD2,mean,dtw,dtw,average,0.3720715045928955
78.0,standard,SD2,median,dtw,dtw,centroid,0.298114538192749
77.0,standard,SD2,median,dtw,dtw,average,0.38805004954338074
80.0,standard,SD2,linear,dtw,dtw,average,0.34588542580604553
46.0,standard,SD2,mean,dtw,dtw,average,0.337861031293869
49.0,minmax,SD2,mean,dtw,dtw,average,0.3159303069114685
53.0,standard,SD3,median,dtw,dtw,weighted,0.27526018023490906
76.0,minmax,SD2,median,euclidean,mode,single,0.04627564176917076
8.0,standard,SD5,linear,dtw,mode,centroid,0.27355629205703735
50.0,minmax,SD2,prophet,dtw,dtw,average,0.3486623466014862
87.0,standard,SD2,median,dtw,dtw,average,0.3501352071762085
85.0,standard,SD3,median,dtw,dtw,average,0.294054239988327
41.0,standard,SD2,prophet,dtw,dtw,average,0.3276648223400116
70.0,minmax,SD5,median,dtw,dtw,median,0.08715829998254776
19.0,standard,SD3,prophet,dtw,prophet,average,0.3588205873966217
68.0,standard,SD2,median,dtw,dtw,average,0.3376123905181885
74.0,standard,SD2,prophet,dtw,dtw,centroid,0.31581902503967285
65.0,standard,SD2,linear,dtw,dtw,average,0.3582213521003723
37.0,standard,SD3,median,dtw,prophet,average,0.34831473231315613
61.0,standard,SD2,mean,dtw,dtw,average,0.307463139295578
22.0,standard,SD5,median,dtw,dtw,average,0.27390310168266296
8.0,standard,SD3,median,dtw,prophet,average,0.32978615164756775
89.0,minmax,SD5,median,dtw,dtw,average,0.30431365966796875
70.0,minmax,SD2,linear,dtw,dtw,average,0.34852832555770874
87.0,standard,SD2,prophet,dtw,dtw,average,0.3688512146472931
89.0,standard,SD2,prophet,dtw,dtw,average,0.3688512146472931
82.0,standard,SD2,linear,dtw,dtw,average,0.3415255844593048
62.0,minmax,SD2,mean,dtw,dtw,average,0.29975247383117676
22.0,standard,SD3,prophet,euclidean,dtw,average,0.3049163818359375
59.0,standard,SD2,prophet,euclidean,dtw,average,0.20961834490299225
7.0,standard,SD3,median,dtw,dtw,average,0.32978615164756775
54.0,minmax,SD2,median,dtw,dtw,average,0.3475920259952545
76.0,minmax,SD2,linear,euclidean,dtw,average,0.32022005319595337
67.0,minmax,SD5,prophet,euclidean,prophet,complete,0.09524830430746078
67.0,standard,SD3,median,dtw,dtw,average,0.35882267355918884
69.0,minmax,SD2,linear,dtw,dtw,average,0.3737145662307739
88.0,standard,SD3,mean,dtw,dtw,weighted,0.31018003821372986
58.0,minmax,SD2,prophet,dtw,dtw,average,0.28542834520339966
86.0,minmax,SD2,prophet,euclidean,dtw,weighted,0.3374161422252655
5.0,zscore,SD2,linear,dtw,dtw,average,0.04672470688819885
77.0,standard,SD2,mean,dtw,dtw,average,0.3720715045928955
77.0,minmax,SD2,prophet,euclidean,mean,average,0.0051964521408081055
65.0,standard,SD3,prophet,euclidean,dtw,centroid,0.2875406742095947
49.0,minmax,SD2,prophet,dtw,dtw,ward,0.18117575347423553
2.0,standard,SD2,linear,dtw,prophet,hdbscan,0.11047230660915375
49.0,minmax,SD2,mean,dtw,prophet,average,0.3251475393772125
68.0,standard,SD3,prophet,dtw,prophet,average,0.19928652048110962
69.0,minmax,SD2,median,dtw,dtw,average,0.348560094833374
4.0,standard,SD3,prophet,dtw,mean,average,0.3588205873966217
43.0,standard,SD3,prophet,dtw,dtw,average,0.25585320591926575
6.0,standard,SD3,prophet,dtw,dtw,average,0.3588205873966217
2.0,standard,SD2,median,dtw,mode,average,0.2965427339076996
