Comperiod,Scaling,Outliers,Interpolation,Similarity,Unsynced,Linkmeth,ray/tune/_metric
80.0,minmax,SD5,prophet,dtw,dtw,complete,0.15455017983913422
25.0,zscore,SD3,prophet,euclidean,dtw,ward,0.10233817249536514
41.0,zscore,SD3,prophet,euclidean,dtw,ward,0.2028079479932785
75.0,standard,SD2,median,dtw,dtw,complete,0.15969355404376984
59.0,zscore,SD6,prophet,dtw,mode,weighted,0.12788447737693787
9.0,minmax,SD3,linear,dtw,mean,complete,0.032352715730667114
35.0,zscore,SD4,median,dtw,mean,weighted,0.03928494080901146
36.0,minmax,SD2,median,euclidean,dtw,average,0.13533355295658112
87.0,standard,SD5,prophet,dtw,dtw,complete,0.14681734144687653
35.0,zscore,SD2,linear,euclidean,dtw,ward,0.13540183007717133
81.0,zscore,SD2,median,dtw,dtw,hdbscan,-0.04823239892721176
88.0,zscore,SD6,mean,dtw,median,hdbscan,-0.014268359169363976
85.0,standard,SD6,prophet,dtw,dtw,complete,0.1234852597117424
89.0,minmax,SD2,mean,euclidean,dtw,ward,0.1411266028881073
39.0,minmax,SD2,prophet,dtw,mean,hdbscan,-0.010658523999154568
8.0,minmax,SD6,linear,euclidean,median,median,-0.005076213274151087
80.0,zscore,SD2,mean,dtw,prophet,complete,0.004329325165599585
85.0,standard,SD6,prophet,dtw,dtw,complete,0.1234852597117424
43.0,zscore,SD6,prophet,euclidean,dtw,ward,0.16340862214565277
87.0,zscore,SD5,prophet,dtw,dtw,ward,0.1646644026041031
28.0,zscore,SD5,median,dtw,dtw,average,0.007286160718649626
37.0,zscore,SD4,prophet,dtw,dtw,ward,0.13865479826927185
35.0,zscore,SD3,prophet,euclidean,dtw,ward,0.19312496483325958
38.0,zscore,SD5,prophet,euclidean,dtw,ward,0.20366039872169495
81.0,minmax,SD5,prophet,dtw,dtw,complete,0.14479893445968628
32.0,zscore,SD5,prophet,euclidean,dtw,ward,0.17883051931858063
36.0,zscore,SD5,prophet,euclidean,dtw,weighted,0.0011307511013001204
34.0,zscore,SD6,prophet,euclidean,dtw,ward,0.1821436882019043
42.0,zscore,SD4,prophet,euclidean,dtw,ward,0.15544869005680084
77.0,standard,SD2,prophet,dtw,dtw,complete,0.17570233345031738
43.0,standard,SD2,prophet,euclidean,dtw,average,0.059831082820892334
81.0,standard,SD2,prophet,dtw,dtw,complete,0.1381540596485138
81.0,minmax,SD2,linear,dtw,dtw,complete,0.1563740372657776
28.0,zscore,SD5,median,dtw,dtw,average,0.007286160718649626
89.0,zscore,SD3,mean,euclidean,prophet,average,0.0018578092567622662
35.0,zscore,SD2,prophet,euclidean,dtw,ward,0.20359790325164795
77.0,minmax,SD3,prophet,euclidean,dtw,ward,0.11547791212797165
74.0,standard,SD2,linear,dtw,dtw,ward,0.08264283090829849
45.0,zscore,SD5,prophet,euclidean,dtw,ward,0.1578906923532486
87.0,standard,SD2,prophet,dtw,dtw,complete,0.1681780368089676
70.0,zscore,SD5,prophet,dtw,mean,ward,0.051730185747146606
43.0,zscore,SD2,prophet,euclidean,dtw,ward,0.18984632194042206
8.0,standard,SD6,prophet,euclidean,dtw,hdbscan,-0.05298661068081856
35.0,zscore,SD5,median,euclidean,dtw,ward,0.16110438108444214
84.0,minmax,SD2,linear,dtw,mean,complete,-0.021914757788181305
88.0,zscore,SD3,prophet,dtw,dtw,ward,0.1545032411813736
35.0,zscore,SD2,mean,euclidean,dtw,median,6.129514986241702e-06
82.0,zscore,SD4,median,euclidean,mode,average,-0.010793402791023254
81.0,standard,SD4,prophet,euclidean,dtw,ward,0.1020110622048378
9.0,minmax,SD2,prophet,dtw,dtw,hdbscan,0.11113310605287552
36.0,standard,SD5,prophet,dtw,dtw,weighted,0.14095573127269745
15.0,zscore,SD4,linear,euclidean,dtw,centroid,0.0019866544753313065
39.0,minmax,SD6,prophet,dtw,prophet,median,0.0033587280195206404
22.0,zscore,SD5,linear,dtw,dtw,ward,0.1379123479127884
30.0,zscore,SD4,prophet,euclidean,dtw,ward,0.17724299430847168
75.0,zscore,SD2,prophet,dtw,dtw,ward,0.09561164677143097
34.0,zscore,SD6,prophet,euclidean,dtw,ward,0.1821436882019043
42.0,zscore,SD2,mean,euclidean,dtw,ward,0.11392714083194733
85.0,minmax,SD4,prophet,dtw,dtw,complete,0.13978978991508484
63.0,zscore,SD6,prophet,dtw,dtw,ward,0.17441706359386444
7.0,standard,SD4,prophet,euclidean,mode,ward,0.0522826611995697
29.0,zscore,SD5,prophet,euclidean,dtw,ward,0.14690081775188446
25.0,standard,SD2,linear,dtw,dtw,complete,0.028750402852892876
39.0,zscore,SD5,prophet,euclidean,dtw,ward,0.20548827946186066
70.0,minmax,SD2,mean,euclidean,dtw,ward,0.17731985449790955
33.0,zscore,SD6,prophet,euclidean,dtw,ward,0.17223502695560455
88.0,minmax,SD2,prophet,dtw,dtw,ward,0.13556207716464996
42.0,zscore,SD6,prophet,dtw,dtw,complete,0.1530502438545227
28.0,zscore,SD3,median,euclidean,dtw,ward,0.12671275436878204
27.0,zscore,SD3,prophet,euclidean,dtw,ward,0.1770210564136505
70.0,standard,SD2,prophet,dtw,dtw,complete,0.17049644887447357
88.0,minmax,SD2,prophet,dtw,dtw,complete,0.15663057565689087
3.0,zscore,SD2,median,dtw,median,ward,0.08512094616889954
2.0,zscore,SD4,prophet,dtw,prophet,centroid,0.007038768380880356
39.0,minmax,SD3,median,dtw,mean,single,0.00048527016770094633
39.0,zscore,SD4,median,dtw,dtw,complete,0.12673597037792206
10.0,zscore,SD4,mean,dtw,dtw,centroid,0.005548187531530857
36.0,zscore,SD4,prophet,euclidean,dtw,ward,0.18439485132694244
73.0,standard,SD2,prophet,dtw,median,weighted,-0.012145298533141613
29.0,zscore,SD2,prophet,dtw,dtw,ward,0.08706431835889816
37.0,minmax,SD6,prophet,dtw,dtw,average,0.11094456166028976
68.0,standard,SD2,prophet,dtw,dtw,complete,0.15668988227844238
3.0,zscore,SD5,prophet,euclidean,mean,average,0.002767300233244896
70.0,zscore,SD2,prophet,dtw,dtw,ward,0.16696755588054657
56.0,minmax,SD2,mean,euclidean,dtw,average,0.1403278112411499
74.0,zscore,SD4,prophet,dtw,mean,median,0.062174294143915176
84.0,zscore,SD2,prophet,dtw,dtw,centroid,0.0011758062755689025
34.0,zscore,SD5,linear,euclidean,dtw,ward,0.1369214951992035
44.0,minmax,SD2,linear,euclidean,dtw,ward,0.09771314263343811
41.0,zscore,SD4,prophet,euclidean,dtw,ward,0.1754528433084488
80.0,standard,SD3,prophet,dtw,dtw,complete,0.13380512595176697
28.0,zscore,SD3,prophet,euclidean,dtw,ward,0.19182232022285461
62.0,minmax,SD2,prophet,dtw,dtw,complete,0.13498367369174957
81.0,minmax,SD2,prophet,euclidean,dtw,ward,0.16839490830898285
14.0,minmax,SD5,mean,dtw,prophet,ward,0.03469272702932358
89.0,minmax,SD2,mean,dtw,dtw,ward,0.17864945530891418
74.0,zscore,SD5,linear,dtw,dtw,weighted,0.028040722012519836
12.0,zscore,SD5,median,euclidean,prophet,average,0.0028051319532096386
88.0,standard,SD4,median,dtw,dtw,average,0.07220333814620972
34.0,zscore,SD3,prophet,euclidean,dtw,ward,0.18477162718772888
10.0,minmax,SD5,median,euclidean,mean,weighted,-0.0083538219332695
2.0,minmax,SD5,linear,euclidean,mode,hdbscan,-0.016322888433933258
35.0,zscore,SD4,prophet,dtw,dtw,ward,0.10104094445705414
38.0,zscore,SD2,prophet,euclidean,dtw,ward,0.1903865486383438
41.0,zscore,SD2,linear,euclidean,dtw,ward,0.12856866419315338
35.0,zscore,SD5,mean,euclidean,dtw,ward,0.14910124242305756
56.0,zscore,SD2,prophet,dtw,median,weighted,0.010218367911875248
60.0,zscore,SD5,prophet,euclidean,mean,ward,0.061684031039476395
52.0,zscore,SD2,prophet,dtw,dtw,complete,0.13543294370174408
7.0,standard,SD4,prophet,euclidean,mode,ward,0.0522826611995697
29.0,zscore,SD2,mean,euclidean,dtw,ward,0.14593978226184845
39.0,zscore,SD6,prophet,euclidean,dtw,ward,0.19603075087070465
48.0,zscore,SD6,prophet,euclidean,dtw,ward,0.1680600494146347
85.0,minmax,SD6,median,dtw,mode,average,0.014571682550013065
86.0,standard,SD2,prophet,dtw,prophet,centroid,0.07470274716615677
19.0,minmax,SD2,prophet,euclidean,dtw,median,1.8084381736116484e-05
3.0,zscore,SD4,prophet,euclidean,dtw,weighted,-0.002895226003602147
31.0,zscore,SD5,prophet,euclidean,dtw,ward,0.1821710616350174
80.0,minmax,SD5,prophet,dtw,dtw,complete,0.15455017983913422
32.0,standard,SD2,linear,dtw,dtw,ward,0.04714331775903702
40.0,zscore,SD4,prophet,euclidean,dtw,ward,0.1728680282831192
38.0,zscore,SD3,mean,euclidean,dtw,ward,0.15124140679836273
32.0,zscore,SD2,prophet,euclidean,dtw,ward,0.17787790298461914
27.0,zscore,SD2,prophet,dtw,dtw,ward,0.15900252759456635
30.0,zscore,SD6,prophet,euclidean,dtw,ward,0.11819762736558914
43.0,minmax,SD2,linear,dtw,dtw,average,0.1318046897649765
53.0,zscore,SD5,prophet,euclidean,dtw,ward,0.1515931636095047
43.0,zscore,SD4,prophet,euclidean,dtw,ward,0.17647528648376465
27.0,zscore,SD2,prophet,euclidean,dtw,ward,0.19187425076961517
81.0,minmax,SD2,linear,dtw,dtw,complete,0.1563740372657776
55.0,minmax,SD4,median,dtw,dtw,average,0.16582515835762024
39.0,zscore,SD2,prophet,euclidean,dtw,ward,0.16124296188354492
26.0,zscore,SD3,prophet,euclidean,dtw,ward,0.12721918523311615
63.0,minmax,SD5,mean,euclidean,dtw,weighted,0.10013091564178467
35.0,zscore,SD3,prophet,dtw,dtw,ward,0.14208170771598816
76.0,zscore,SD2,prophet,dtw,dtw,ward,0.17225109040737152
31.0,standard,SD6,median,dtw,mode,centroid,0.0064797233790159225
5.0,zscore,SD2,median,euclidean,prophet,complete,0.04215366020798683
4.0,standard,SD3,prophet,euclidean,prophet,ward,0.05527834594249725
42.0,minmax,SD5,prophet,euclidean,mean,centroid,0.003460231004282832
2.0,standard,SD5,mean,euclidean,prophet,complete,0.0415501669049263
40.0,zscore,SD5,mean,euclidean,mean,median,0.001842827070504427
4.0,zscore,SD2,linear,dtw,dtw,median,0.009202905930578709
14.0,minmax,SD4,mean,euclidean,dtw,average,0.020036768168210983
70.0,minmax,SD3,prophet,euclidean,dtw,ward,0.13581088185310364
47.0,standard,SD3,mean,euclidean,dtw,hdbscan,0.007375448476523161
4.0,standard,SD5,prophet,dtw,dtw,hdbscan,0.10394687205553055
44.0,zscore,SD2,mean,euclidean,dtw,ward,0.1610894352197647
81.0,standard,SD2,linear,dtw,dtw,complete,0.09450224786996841
29.0,zscore,SD6,prophet,euclidean,dtw,ward,0.1351829618215561
47.0,zscore,SD3,prophet,euclidean,dtw,ward,0.17183338105678558
69.0,zscore,SD2,linear,euclidean,median,single,0.0026661360170692205
73.0,zscore,SD6,prophet,dtw,dtw,ward,0.1616375893354416
24.0,standard,SD3,mean,dtw,mode,median,-0.02630387432873249
29.0,minmax,SD5,mean,euclidean,median,single,0.0016526529798284173
46.0,zscore,SD5,prophet,euclidean,dtw,ward,0.15223082900047302
69.0,zscore,SD3,prophet,dtw,mean,average,0.09377950429916382
71.0,minmax,SD4,prophet,dtw,dtw,complete,0.1578683704137802
78.0,minmax,SD4,prophet,dtw,dtw,complete,0.1717158555984497
71.0,minmax,SD2,mean,euclidean,mode,centroid,0.04550498351454735
82.0,minmax,SD4,linear,euclidean,dtw,ward,0.15261021256446838
45.0,zscore,SD5,linear,dtw,dtw,ward,0.0820799246430397
25.0,minmax,SD6,mean,dtw,dtw,ward,0.04356478527188301
88.0,standard,SD4,median,dtw,dtw,complete,0.14354167878627777
40.0,zscore,SD2,prophet,euclidean,dtw,centroid,0.0017109194304794073
86.0,minmax,SD2,linear,dtw,dtw,complete,0.17220516502857208
79.0,minmax,SD4,prophet,euclidean,mode,median,0.004962056875228882
80.0,standard,SD2,prophet,euclidean,dtw,average,0.13258279860019684
35.0,zscore,SD6,median,euclidean,dtw,ward,0.1488264948129654
44.0,standard,SD4,prophet,euclidean,dtw,weighted,0.09427879005670547
57.0,minmax,SD3,linear,euclidean,dtw,average,0.13142555952072144
76.0,standard,SD5,mean,dtw,dtw,complete,0.12706580758094788
37.0,zscore,SD2,median,euclidean,median,complete,0.0404631532728672
45.0,zscore,SD2,prophet,euclidean,dtw,ward,0.14848244190216064
37.0,zscore,SD6,prophet,euclidean,dtw,ward,0.1704355627298355
22.0,minmax,SD5,median,euclidean,prophet,median,-0.012032370083034039
55.0,minmax,SD5,prophet,euclidean,dtw,ward,0.13884402811527252
85.0,minmax,SD6,median,dtw,mode,average,0.014571682550013065
32.0,standard,SD4,prophet,dtw,dtw,average,0.1254933476448059
17.0,standard,SD3,mean,dtw,median,weighted,0.0021464903838932514
70.0,minmax,SD6,prophet,dtw,dtw,weighted,0.1350049376487732
39.0,minmax,SD3,median,dtw,mean,single,0.00048527016770094633
60.0,zscore,SD3,prophet,dtw,dtw,complete,0.10324640572071075
27.0,zscore,SD5,prophet,euclidean,dtw,ward,0.12145024538040161
33.0,zscore,SD5,mean,euclidean,dtw,ward,0.1796022355556488
54.0,zscore,SD2,prophet,euclidean,dtw,ward,0.15421579778194427
89.0,minmax,SD2,prophet,dtw,dtw,complete,0.15663057565689087
85.0,zscore,SD2,prophet,dtw,dtw,complete,0.1300409585237503
35.0,zscore,SD5,prophet,euclidean,dtw,ward,0.19789394736289978
13.0,zscore,SD4,linear,dtw,median,centroid,0.0022607187274843454
28.0,zscore,SD3,prophet,euclidean,dtw,ward,0.19182232022285461
76.0,minmax,SD2,prophet,dtw,dtw,complete,0.14866505563259125
20.0,zscore,SD5,median,euclidean,dtw,ward,0.0765732079744339
51.0,zscore,SD5,prophet,euclidean,dtw,ward,0.1432807296514511
28.0,zscore,SD5,prophet,euclidean,dtw,ward,0.19840824604034424
31.0,zscore,SD2,prophet,euclidean,dtw,ward,0.18662364780902863
2.0,zscore,SD4,linear,euclidean,median,average,3.3718239137670025e-05
42.0,zscore,SD5,prophet,euclidean,dtw,ward,0.1878560334444046
79.0,minmax,SD4,prophet,euclidean,mode,median,0.004962056875228882
53.0,standard,SD6,linear,dtw,dtw,complete,0.145936518907547
66.0,standard,SD3,linear,dtw,dtw,weighted,0.10849522054195404
72.0,zscore,SD5,mean,dtw,dtw,ward,0.10818774253129959
38.0,zscore,SD4,prophet,euclidean,dtw,ward,0.13412077724933624
51.0,zscore,SD5,prophet,euclidean,dtw,ward,0.1432807296514511
42.0,zscore,SD3,prophet,euclidean,dtw,ward,0.16536493599414825
32.0,zscore,SD3,prophet,euclidean,dtw,ward,0.19388684630393982
85.0,zscore,SD6,prophet,dtw,dtw,complete,0.1628711223602295
87.0,minmax,SD3,prophet,euclidean,dtw,weighted,0.06409159302711487
44.0,zscore,SD6,prophet,dtw,dtw,ward,0.15226750075817108
74.0,standard,SD2,linear,dtw,dtw,ward,0.08264283090829849
60.0,minmax,SD4,mean,dtw,dtw,average,0.10094375908374786
5.0,zscore,SD2,median,euclidean,prophet,complete,0.04215366020798683
67.0,minmax,SD5,prophet,euclidean,prophet,complete,0.013406112790107727
48.0,minmax,SD2,median,dtw,dtw,centroid,0.10252909362316132
69.0,minmax,SD4,median,euclidean,dtw,average,0.12954024970531464
51.0,standard,SD5,linear,euclidean,dtw,complete,0.10090956091880798
72.0,standard,SD2,prophet,dtw,dtw,complete,0.18210408091545105
32.0,zscore,SD6,prophet,euclidean,dtw,ward,0.19684813916683197
66.0,zscore,SD4,median,euclidean,dtw,complete,0.11330471187829971
43.0,zscore,SD5,prophet,euclidean,dtw,ward,0.163223996758461
10.0,zscore,SD4,mean,dtw,dtw,centroid,0.005548187531530857
39.0,zscore,SD3,prophet,euclidean,dtw,ward,0.18752917647361755
27.0,zscore,SD6,prophet,euclidean,dtw,ward,0.12863726913928986
70.0,minmax,SD2,prophet,euclidean,dtw,ward,0.14250794053077698
34.0,zscore,SD5,prophet,euclidean,dtw,ward,0.18530681729316711
82.0,minmax,SD4,linear,euclidean,dtw,ward,0.15261021256446838
45.0,zscore,SD5,prophet,euclidean,dtw,ward,0.1578906923532486
76.0,zscore,SD3,prophet,dtw,dtw,ward,0.1578458547592163
47.0,zscore,SD4,prophet,euclidean,dtw,ward,0.1746165156364441
28.0,zscore,SD4,prophet,euclidean,dtw,ward,0.11983981728553772
84.0,minmax,SD3,prophet,euclidean,dtw,ward,0.12825626134872437
11.0,zscore,SD6,prophet,dtw,dtw,ward,0.09808691591024399
26.0,zscore,SD3,prophet,dtw,dtw,complete,0.10916250944137573
41.0,zscore,SD4,prophet,euclidean,dtw,ward,0.1754528433084488
21.0,standard,SD6,mean,dtw,median,average,0.03790433332324028
52.0,standard,SD5,mean,euclidean,dtw,centroid,0.07590068131685257
74.0,standard,SD2,prophet,dtw,dtw,complete,0.1643897145986557
32.0,zscore,SD5,median,euclidean,dtw,ward,0.16560125350952148
71.0,minmax,SD2,mean,euclidean,mode,centroid,0.04550498351454735
59.0,standard,SD2,prophet,euclidean,dtw,average,0.14618857204914093
29.0,zscore,SD6,prophet,euclidean,dtw,ward,0.1351829618215561
62.0,standard,SD4,median,dtw,prophet,hdbscan,0.03826579079031944
39.0,zscore,SD3,prophet,dtw,dtw,complete,0.08085588365793228
82.0,minmax,SD2,prophet,dtw,dtw,ward,0.14408071339130402
57.0,zscore,SD2,prophet,dtw,mean,complete,0.02625768445432186
4.0,zscore,SD2,median,dtw,dtw,complete,0.03194553032517433
70.0,standard,SD3,mean,dtw,mean,average,0.00010603713599266484
27.0,zscore,SD5,prophet,euclidean,dtw,ward,0.12145024538040161
35.0,zscore,SD2,median,euclidean,dtw,ward,0.17261987924575806
73.0,zscore,SD3,linear,dtw,dtw,centroid,0.002080388832837343
36.0,zscore,SD2,mean,euclidean,dtw,ward,0.16819845139980316
67.0,minmax,SD3,prophet,euclidean,dtw,average,0.1390008181333542
8.0,zscore,SD4,prophet,dtw,mode,single,0.0017968732863664627
6.0,standard,SD4,prophet,dtw,median,complete,-0.020601913332939148
52.0,zscore,SD5,prophet,euclidean,dtw,ward,0.16840310394763947
46.0,zscore,SD6,prophet,euclidean,dtw,ward,0.18744461238384247
40.0,zscore,SD2,prophet,euclidean,dtw,ward,0.13060657680034637
87.0,standard,SD5,mean,dtw,dtw,complete,0.09289085119962692
40.0,zscore,SD3,prophet,euclidean,dtw,ward,0.1826068013906479
52.0,standard,SD5,mean,euclidean,dtw,centroid,0.07590068131685257
76.0,zscore,SD3,prophet,euclidean,dtw,ward,0.10506906360387802
89.0,zscore,SD2,prophet,dtw,prophet,complete,-0.002273956313729286
6.0,zscore,SD3,prophet,euclidean,dtw,ward,0.036468755453825
4.0,zscore,SD3,median,euclidean,median,median,0.0014680186286568642
22.0,zscore,SD3,linear,euclidean,dtw,ward,0.1320088654756546
45.0,zscore,SD6,prophet,euclidean,dtw,ward,0.16176484525203705
40.0,zscore,SD5,prophet,euclidean,dtw,ward,0.14780698716640472
88.0,minmax,SD5,prophet,dtw,dtw,complete,0.14916785061359406
28.0,zscore,SD4,median,euclidean,dtw,ward,0.11521840840578079
33.0,zscore,SD2,linear,euclidean,dtw,complete,0.1062726303935051
4.0,zscore,SD2,prophet,dtw,dtw,ward,0.11619169265031815
33.0,zscore,SD5,prophet,euclidean,dtw,ward,0.19026915729045868
56.0,zscore,SD5,prophet,euclidean,dtw,ward,0.16364125907421112
29.0,zscore,SD2,prophet,euclidean,dtw,ward,0.1294565200805664
38.0,zscore,SD2,mean,euclidean,dtw,ward,0.16621054708957672
48.0,zscore,SD4,prophet,euclidean,dtw,ward,0.1767076551914215
39.0,zscore,SD3,prophet,euclidean,dtw,ward,0.18752917647361755
47.0,zscore,SD3,median,dtw,prophet,average,0.0007242408464662731
31.0,zscore,SD3,prophet,dtw,dtw,ward,0.14369569718837738
52.0,zscore,SD2,prophet,dtw,dtw,complete,0.13543294370174408
29.0,zscore,SD3,prophet,euclidean,dtw,ward,0.15144014358520508
57.0,standard,SD2,median,dtw,dtw,complete,0.13407474756240845
55.0,minmax,SD4,median,dtw,dtw,average,0.16582515835762024
39.0,minmax,SD6,prophet,dtw,prophet,median,0.0033587280195206404
83.0,minmax,SD2,prophet,dtw,dtw,complete,0.1571780890226364
29.0,minmax,SD3,median,dtw,dtw,single,0.000991928274743259
71.0,standard,SD2,prophet,dtw,dtw,complete,0.14144694805145264
78.0,minmax,SD5,prophet,dtw,dtw,ward,0.13058170676231384
17.0,standard,SD3,mean,dtw,median,weighted,0.0021464903838932514
32.0,zscore,SD3,median,euclidean,dtw,ward,0.144208624958992
33.0,zscore,SD2,mean,euclidean,dtw,ward,0.17396312952041626
47.0,zscore,SD2,prophet,euclidean,dtw,ward,0.09090981632471085
75.0,minmax,SD5,median,euclidean,mode,median,0.039019886404275894
35.0,zscore,SD4,median,dtw,mean,weighted,0.03928494080901146
72.0,minmax,SD2,prophet,euclidean,dtw,ward,0.15862125158309937
6.0,standard,SD5,linear,dtw,mean,median,-0.0076634883880615234
22.0,zscore,SD3,linear,euclidean,dtw,ward,0.1320088654756546
6.0,standard,SD5,linear,dtw,mean,median,-0.0076634883880615234
11.0,zscore,SD6,prophet,dtw,dtw,ward,0.09808691591024399
80.0,minmax,SD5,prophet,euclidean,dtw,ward,0.13133575022220612
40.0,zscore,SD4,prophet,euclidean,dtw,ward,0.1728680282831192
60.0,minmax,SD4,mean,dtw,dtw,average,0.10094375908374786
40.0,zscore,SD6,prophet,euclidean,dtw,ward,0.16124525666236877
77.0,zscore,SD4,linear,euclidean,prophet,hdbscan,0.0010000000474974513
33.0,zscore,SD4,prophet,euclidean,dtw,ward,0.16963091492652893
37.0,zscore,SD2,prophet,euclidean,dtw,ward,0.21531498432159424
29.0,zscore,SD5,linear,euclidean,dtw,ward,0.11546627432107925
46.0,zscore,SD2,prophet,euclidean,dtw,ward,0.17756503820419312
88.0,zscore,SD2,median,euclidean,dtw,average,0.0039766388945281506
4.0,zscore,SD2,prophet,dtw,dtw,ward,0.11619169265031815
6.0,standard,SD2,prophet,euclidean,dtw,complete,-0.027223685756325722
45.0,zscore,SD4,prophet,euclidean,dtw,ward,0.15770503878593445
34.0,zscore,SD2,prophet,euclidean,dtw,ward,0.17097309231758118
29.0,zscore,SD4,prophet,euclidean,dtw,ward,0.1937834769487381
6.0,standard,SD2,prophet,euclidean,dtw,complete,-0.027223685756325722
84.0,minmax,SD4,prophet,euclidean,prophet,ward,0.03134600445628166
48.0,zscore,SD3,prophet,euclidean,dtw,complete,0.11383005976676941
51.0,zscore,SD3,prophet,dtw,prophet,average,0.0014289825921878219
79.0,standard,SD2,prophet,dtw,dtw,complete,0.16280770301818848
85.0,minmax,SD2,mean,euclidean,dtw,ward,0.13678526878356934
32.0,standard,SD2,prophet,euclidean,dtw,average,0.0861065685749054
34.0,zscore,SD2,prophet,euclidean,dtw,ward,0.17097309231758118
47.0,zscore,SD5,prophet,dtw,dtw,ward,0.15764659643173218
44.0,zscore,SD3,prophet,dtw,dtw,ward,0.09585792571306229
32.0,zscore,SD5,prophet,euclidean,dtw,ward,0.17883051931858063
8.0,minmax,SD5,median,euclidean,median,centroid,-0.008479909971356392
74.0,standard,SD2,prophet,dtw,dtw,complete,0.1643897145986557
63.0,minmax,SD6,mean,euclidean,dtw,ward,0.15467828512191772
2.0,zscore,SD5,prophet,dtw,mean,ward,0.12490369379520416
6.0,zscore,SD3,mean,dtw,dtw,ward,0.06548745185136795
21.0,minmax,SD4,median,dtw,dtw,weighted,0.010452314279973507
29.0,minmax,SD5,mean,euclidean,median,single,0.0016526529798284173
2.0,zscore,SD3,prophet,euclidean,prophet,single,0.001844643848016858
32.0,zscore,SD6,mean,euclidean,dtw,ward,0.11114074289798737
35.0,zscore,SD2,prophet,euclidean,dtw,ward,0.20359790325164795
33.0,zscore,SD5,prophet,euclidean,dtw,ward,0.19026915729045868
37.0,minmax,SD6,prophet,dtw,dtw,average,0.11094456166028976
40.0,minmax,SD4,prophet,dtw,median,hdbscan,-0.005738317035138607
40.0,zscore,SD5,mean,euclidean,dtw,ward,0.13779602944850922
41.0,zscore,SD4,mean,dtw,mode,average,-0.0012418994447216392
21.0,standard,SD6,mean,dtw,median,average,0.03790433332324028
62.0,standard,SD4,median,dtw,prophet,hdbscan,0.03826579079031944
6.0,zscore,SD5,prophet,dtw,mean,complete,0.031709957867860794
89.0,standard,SD4,linear,dtw,dtw,ward,0.0936201885342598
80.0,standard,SD2,prophet,dtw,dtw,complete,0.16186361014842987
30.0,zscore,SD4,mean,euclidean,dtw,ward,0.15897192060947418
74.0,zscore,SD4,prophet,euclidean,prophet,single,-0.0012662854278460145
75.0,minmax,SD2,median,dtw,dtw,average,0.1430826634168625
26.0,zscore,SD5,median,dtw,prophet,weighted,0.024124976247549057
42.0,minmax,SD3,prophet,dtw,dtw,complete,0.024668585509061813
2.0,zscore,SD3,median,euclidean,dtw,single,0.0013184327399358153
42.0,zscore,SD5,prophet,euclidean,dtw,ward,0.1878560334444046
34.0,zscore,SD5,mean,euclidean,dtw,ward,0.16074785590171814
86.0,minmax,SD2,linear,dtw,dtw,complete,0.17220516502857208
88.0,minmax,SD3,mean,euclidean,mean,hdbscan,0.0010006038937717676
45.0,zscore,SD6,prophet,euclidean,dtw,ward,0.16176484525203705
48.0,zscore,SD3,prophet,euclidean,dtw,complete,0.11383005976676941
10.0,minmax,SD4,prophet,dtw,median,hdbscan,-0.02855742909014225
2.0,minmax,SD6,linear,dtw,mean,single,0.0012206054525449872
41.0,zscore,SD5,prophet,euclidean,dtw,ward,0.10274456441402435
15.0,zscore,SD4,linear,euclidean,dtw,centroid,0.0019866544753313065
37.0,standard,SD5,linear,euclidean,dtw,complete,0.07372221350669861
81.0,standard,SD2,mean,dtw,dtw,single,0.0015542693436145782
86.0,zscore,SD2,prophet,euclidean,dtw,single,0.0009229221032001078
51.0,zscore,SD6,mean,dtw,prophet,complete,0.003239871235564351
88.0,zscore,SD2,prophet,dtw,median,ward,0.050996001809835434
50.0,zscore,SD2,prophet,euclidean,dtw,ward,0.1840488612651825
28.0,zscore,SD6,prophet,euclidean,dtw,ward,0.17383626103401184
33.0,zscore,SD6,mean,euclidean,dtw,ward,0.16506589949131012
89.0,minmax,SD5,prophet,euclidean,dtw,ward,0.13875216245651245
25.0,zscore,SD5,prophet,euclidean,dtw,ward,0.1403326392173767
85.0,zscore,SD6,mean,euclidean,dtw,complete,0.06202768161892891
37.0,zscore,SD2,prophet,euclidean,dtw,ward,0.21531498432159424
78.0,minmax,SD6,linear,dtw,dtw,ward,0.15638789534568787
36.0,zscore,SD3,mean,euclidean,dtw,ward,0.17656077444553375
3.0,zscore,SD2,linear,dtw,prophet,ward,0.06727954000234604
36.0,zscore,SD6,prophet,euclidean,dtw,ward,0.18617141246795654
85.0,minmax,SD2,prophet,dtw,dtw,complete,0.1571780890226364
85.0,standard,SD2,prophet,euclidean,prophet,centroid,-0.026078056544065475
32.0,zscore,SD5,median,euclidean,dtw,ward,0.16560125350952148
48.0,zscore,SD3,prophet,euclidean,dtw,ward,0.12836073338985443
58.0,standard,SD3,mean,dtw,prophet,median,-0.0024191883858293295
88.0,standard,SD4,median,dtw,dtw,complete,0.14354167878627777
45.0,zscore,SD2,prophet,euclidean,dtw,ward,0.14848244190216064
52.0,zscore,SD5,mean,euclidean,median,median,-0.00816110335290432
74.0,zscore,SD4,prophet,dtw,mean,median,0.062174294143915176
30.0,zscore,SD3,mean,euclidean,dtw,ward,0.18472188711166382
24.0,standard,SD3,mean,dtw,mode,median,-0.02630387432873249
3.0,zscore,SD2,prophet,euclidean,dtw,average,0.0020528726745396852
60.0,zscore,SD5,prophet,euclidean,mean,ward,0.061684031039476395
47.0,minmax,SD6,prophet,dtw,dtw,ward,0.1323731243610382
54.0,standard,SD6,prophet,dtw,dtw,ward,0.07532516866922379
8.0,minmax,SD6,linear,euclidean,median,median,-0.005076213274151087
81.0,minmax,SD2,prophet,euclidean,dtw,ward,0.16839490830898285
70.0,standard,SD2,mean,dtw,dtw,complete,0.14529283344745636
38.0,zscore,SD6,prophet,euclidean,dtw,ward,0.1869664490222931
85.0,minmax,SD2,mean,dtw,dtw,ward,0.13022194802761078
33.0,zscore,SD2,prophet,euclidean,dtw,ward,0.20440815389156342
31.0,zscore,SD3,mean,euclidean,dtw,ward,0.17582392692565918
72.0,minmax,SD2,prophet,euclidean,dtw,ward,0.15862125158309937
34.0,zscore,SD2,linear,euclidean,dtw,ward,0.10955118387937546
41.0,zscore,SD5,prophet,euclidean,dtw,ward,0.10274456441402435
46.0,zscore,SD4,mean,dtw,median,centroid,0.0023105104919523
84.0,minmax,SD2,linear,dtw,mean,complete,-0.021914757788181305
75.0,zscore,SD3,prophet,euclidean,mode,complete,0.08670442551374435
32.0,zscore,SD4,prophet,euclidean,dtw,ward,0.18596743047237396
47.0,standard,SD2,prophet,dtw,dtw,weighted,0.11270923167467117
51.0,zscore,SD6,mean,dtw,prophet,complete,0.003239871235564351
55.0,zscore,SD2,mean,dtw,dtw,complete,0.09919776022434235
36.0,minmax,SD2,median,euclidean,dtw,average,0.13533355295658112
46.0,zscore,SD3,prophet,euclidean,dtw,ward,0.17917151749134064
30.0,zscore,SD2,mean,euclidean,dtw,ward,0.10406643897294998
73.0,zscore,SD2,prophet,dtw,dtw,complete,0.11380080133676529
54.0,zscore,SD6,prophet,euclidean,dtw,ward,0.17191265523433685
62.0,standard,SD2,prophet,euclidean,dtw,average,0.16398538649082184
29.0,minmax,SD3,median,dtw,dtw,single,0.000991928274743259
51.0,minmax,SD4,median,dtw,dtw,average,0.10627646744251251
78.0,zscore,SD5,prophet,dtw,dtw,ward,0.12948372960090637
26.0,zscore,SD3,prophet,dtw,dtw,complete,0.10916250944137573
49.0,zscore,SD3,prophet,euclidean,dtw,ward,0.135640487074852
36.0,standard,SD5,prophet,dtw,dtw,weighted,0.14095573127269745
74.0,zscore,SD5,linear,dtw,dtw,weighted,0.028040722012519836
77.0,minmax,SD2,prophet,euclidean,dtw,ward,0.1632022112607956
30.0,zscore,SD6,prophet,euclidean,dtw,ward,0.11819762736558914
40.0,zscore,SD2,prophet,euclidean,dtw,ward,0.13060657680034637
65.0,standard,SD2,linear,dtw,dtw,complete,0.16363011300563812
54.0,minmax,SD2,prophet,dtw,dtw,hdbscan,0.0013898072065785527
49.0,zscore,SD2,prophet,euclidean,dtw,ward,0.1757369339466095
60.0,zscore,SD2,prophet,euclidean,dtw,ward,0.17315207421779633
75.0,standard,SD2,median,dtw,dtw,complete,0.15969355404376984
82.0,zscore,SD4,prophet,euclidean,dtw,ward,0.12988485395908356
44.0,zscore,SD5,prophet,euclidean,dtw,ward,0.15293417870998383
81.0,zscore,SD2,prophet,dtw,mode,complete,0.114874929189682
70.0,minmax,SD6,prophet,dtw,dtw,weighted,0.1350049376487732
68.0,zscore,SD2,prophet,euclidean,dtw,ward,0.16821634769439697
76.0,minmax,SD3,prophet,dtw,dtw,average,0.13407333195209503
18.0,zscore,SD2,prophet,euclidean,mode,weighted,-0.011807408183813095
70.0,standard,SD5,median,euclidean,prophet,hdbscan,0.028948133811354637
44.0,zscore,SD5,prophet,dtw,dtw,complete,0.10777278244495392
47.0,zscore,SD5,prophet,euclidean,dtw,ward,0.1615317314863205
4.0,zscore,SD2,median,dtw,dtw,complete,0.03194553032517433
33.0,zscore,SD3,prophet,euclidean,dtw,ward,0.19431036710739136
70.0,zscore,SD4,linear,euclidean,dtw,complete,0.12366937100887299
82.0,minmax,SD2,prophet,dtw,dtw,complete,0.16226708889007568
30.0,zscore,SD3,prophet,euclidean,dtw,ward,0.16517792642116547
43.0,zscore,SD2,prophet,euclidean,dtw,ward,0.18984632194042206
79.0,minmax,SD4,linear,dtw,median,weighted,-0.005881806369870901
3.0,standard,SD5,prophet,euclidean,mode,centroid,-0.024158811196684837
30.0,standard,SD2,prophet,euclidean,mode,complete,0.009653846733272076
51.0,minmax,SD4,median,dtw,dtw,average,0.10627646744251251
40.0,zscore,SD3,prophet,euclidean,dtw,ward,0.1826068013906479
89.0,standard,SD2,linear,dtw,dtw,complete,0.1801021546125412
59.0,zscore,SD6,prophet,dtw,mode,weighted,0.12788447737693787
62.0,standard,SD2,prophet,dtw,dtw,average,0.14714522659778595
83.0,minmax,SD3,prophet,euclidean,dtw,ward,0.13490168750286102
45.0,zscore,SD5,linear,dtw,dtw,ward,0.0820799246430397
36.0,zscore,SD6,prophet,euclidean,dtw,ward,0.18617141246795654
36.0,zscore,SD2,prophet,euclidean,dtw,ward,0.17437994480133057
54.0,standard,SD2,linear,euclidean,median,single,-0.002668512286618352
43.0,standard,SD2,linear,euclidean,dtw,average,0.1361779123544693
88.0,zscore,SD5,prophet,dtw,dtw,ward,0.1646644026041031
36.0,zscore,SD2,mean,euclidean,mean,hdbscan,-0.025421472266316414
61.0,zscore,SD2,median,euclidean,dtw,ward,0.08746100217103958
33.0,zscore,SD2,prophet,euclidean,dtw,ward,0.20440815389156342
31.0,zscore,SD3,prophet,euclidean,dtw,ward,0.17291651666164398
47.0,minmax,SD3,prophet,euclidean,dtw,average,0.11343953758478165
86.0,minmax,SD2,prophet,euclidean,dtw,ward,0.15113288164138794
22.0,zscore,SD5,linear,dtw,dtw,ward,0.1379123479127884
69.0,zscore,SD3,prophet,dtw,dtw,ward,0.19197647273540497
87.0,minmax,SD2,prophet,dtw,dtw,complete,0.15663057565689087
18.0,zscore,SD5,prophet,dtw,dtw,ward,0.10489266365766525
54.0,standard,SD5,prophet,dtw,mode,ward,0.043882861733436584
6.0,zscore,SD5,prophet,euclidean,dtw,hdbscan,0.0010000000474974513
42.0,zscore,SD2,prophet,euclidean,dtw,ward,0.1866140067577362
2.0,zscore,SD2,prophet,euclidean,prophet,median,0.002652629977092147
37.0,zscore,SD5,prophet,euclidean,dtw,ward,0.16609720885753632
79.0,minmax,SD5,median,euclidean,dtw,ward,0.16381776332855225
39.0,zscore,SD5,prophet,dtw,dtw,ward,0.17885032296180725
56.0,standard,SD5,prophet,dtw,dtw,weighted,0.13081787526607513
35.0,zscore,SD5,prophet,dtw,dtw,ward,0.1679108440876007
44.0,zscore,SD2,prophet,euclidean,dtw,ward,0.16494067013263702
16.0,minmax,SD5,median,euclidean,mode,ward,0.02051522023975849
45.0,zscore,SD3,prophet,euclidean,dtw,ward,0.17124024033546448
2.0,standard,SD2,median,dtw,dtw,ward,0.01819854974746704
37.0,standard,SD5,linear,euclidean,dtw,complete,0.07372221350669861
2.0,minmax,SD2,prophet,euclidean,dtw,single,0.0013423818163573742
35.0,zscore,SD3,linear,euclidean,dtw,ward,0.149504616856575
34.0,zscore,SD4,prophet,euclidean,dtw,ward,0.18569877743721008
85.0,minmax,SD3,prophet,dtw,dtw,median,0.0004970203735865653
84.0,zscore,SD4,prophet,dtw,dtw,ward,0.14289061725139618
33.0,zscore,SD2,median,euclidean,dtw,ward,0.1616506427526474
89.0,minmax,SD2,linear,dtw,dtw,ward,0.14089177548885345
73.0,minmax,SD2,prophet,euclidean,dtw,ward,0.1464649736881256
77.0,minmax,SD6,prophet,dtw,mode,complete,0.012235857546329498
2.0,zscore,SD4,prophet,dtw,prophet,centroid,0.007038768380880356
78.0,standard,SD6,prophet,euclidean,median,ward,0.0015777995577082038
86.0,minmax,SD3,prophet,euclidean,dtw,ward,0.12092772871255875
23.0,minmax,SD2,mean,dtw,dtw,average,0.1453242301940918
33.0,zscore,SD4,prophet,euclidean,dtw,ward,0.16963091492652893
43.0,minmax,SD3,prophet,dtw,prophet,ward,0.03995125740766525
50.0,zscore,SD5,prophet,dtw,mode,median,0.05329928919672966
38.0,zscore,SD2,prophet,euclidean,dtw,ward,0.1903865486383438
49.0,standard,SD2,prophet,euclidean,dtw,average,0.10413410514593124
35.0,zscore,SD3,mean,euclidean,dtw,ward,0.17646043002605438
34.0,zscore,SD5,median,euclidean,dtw,ward,0.14480052888393402
14.0,zscore,SD5,prophet,euclidean,mean,ward,0.0032055354677140713
75.0,minmax,SD2,median,dtw,dtw,average,0.1430826634168625
54.0,zscore,SD5,prophet,euclidean,dtw,ward,0.12061694264411926
28.0,zscore,SD2,prophet,euclidean,dtw,ward,0.2023041546344757
78.0,minmax,SD4,prophet,dtw,dtw,ward,0.13353563845157623
27.0,zscore,SD4,prophet,euclidean,dtw,ward,0.17844507098197937
65.0,zscore,SD4,linear,euclidean,mean,median,-0.007142641115933657
21.0,minmax,SD4,median,dtw,dtw,weighted,0.010452314279973507
27.0,zscore,SD5,prophet,euclidean,prophet,median,0.0005962755531072617
61.0,zscore,SD5,prophet,dtw,dtw,ward,0.16462640464305878
34.0,zscore,SD2,mean,euclidean,dtw,ward,0.17320743203163147
26.0,zscore,SD5,median,dtw,prophet,weighted,0.024124976247549057
35.0,zscore,SD2,prophet,dtw,mode,ward,0.023450661450624466
43.0,minmax,SD2,linear,dtw,dtw,average,0.1318046897649765
67.0,minmax,SD5,prophet,euclidean,prophet,complete,0.013406112790107727
37.0,zscore,SD6,prophet,euclidean,dtw,ward,0.1704355627298355
2.0,zscore,SD3,prophet,euclidean,prophet,single,0.001844643848016858
53.0,standard,SD6,linear,dtw,dtw,complete,0.145936518907547
79.0,minmax,SD5,median,euclidean,dtw,ward,0.16381776332855225
38.0,zscore,SD6,prophet,euclidean,dtw,ward,0.1869664490222931
85.0,standard,SD2,prophet,euclidean,dtw,ward,0.1421925574541092
87.0,standard,SD2,prophet,dtw,dtw,complete,0.1681780368089676
39.0,zscore,SD2,prophet,euclidean,dtw,ward,0.16124296188354492
32.0,standard,SD2,linear,dtw,dtw,ward,0.04714331775903702
37.0,zscore,SD3,prophet,dtw,dtw,ward,0.15785658359527588
38.0,zscore,SD3,prophet,euclidean,dtw,ward,0.19096331298351288
15.0,zscore,SD6,mean,euclidean,mean,hdbscan,-0.05675610527396202
38.0,zscore,SD4,prophet,euclidean,dtw,ward,0.13412077724933624
14.0,zscore,SD5,prophet,euclidean,mean,ward,0.0032055354677140713
54.0,minmax,SD2,prophet,dtw,dtw,hdbscan,0.0013898072065785527
76.0,zscore,SD3,prophet,euclidean,dtw,ward,0.10506906360387802
28.0,zscore,SD6,prophet,euclidean,dtw,ward,0.17383626103401184
38.0,zscore,SD3,prophet,euclidean,dtw,ward,0.19096331298351288
55.0,minmax,SD3,prophet,dtw,mode,centroid,0.006227619480341673
89.0,zscore,SD5,prophet,dtw,dtw,complete,0.14477907121181488
32.0,standard,SD4,prophet,dtw,dtw,average,0.1254933476448059
30.0,zscore,SD4,prophet,euclidean,dtw,ward,0.17724299430847168
37.0,zscore,SD4,prophet,euclidean,dtw,ward,0.1734604835510254
73.0,standard,SD2,prophet,euclidean,dtw,complete,0.14477267861366272
66.0,zscore,SD2,mean,euclidean,prophet,ward,0.002505018375813961
82.0,minmax,SD2,prophet,dtw,dtw,complete,0.16226708889007568
61.0,zscore,SD2,median,euclidean,dtw,ward,0.08746100217103958
80.0,standard,SD5,linear,dtw,dtw,complete,0.15647202730178833
34.0,zscore,SD2,prophet,dtw,dtw,ward,0.1315603405237198
46.0,zscore,SD5,prophet,euclidean,dtw,ward,0.15223082900047302
48.0,zscore,SD2,prophet,euclidean,dtw,ward,0.16709209978580475
2.0,minmax,SD5,median,euclidean,dtw,hdbscan,0.0554259829223156
6.0,zscore,SD3,mean,dtw,dtw,ward,0.06548745185136795
45.0,zscore,SD4,prophet,euclidean,dtw,ward,0.15770503878593445
27.0,zscore,SD2,prophet,dtw,dtw,ward,0.15900252759456635
33.0,zscore,SD3,mean,euclidean,dtw,ward,0.1399824023246765
77.0,minmax,SD2,prophet,euclidean,dtw,ward,0.1632022112607956
2.0,standard,SD5,median,euclidean,dtw,median,-0.03871580958366394
53.0,zscore,SD3,prophet,euclidean,dtw,ward,0.1626138985157013
45.0,zscore,SD2,prophet,dtw,dtw,single,0.0011287680827081203
33.0,standard,SD2,median,dtw,dtw,average,0.13278606534004211
73.0,standard,SD6,prophet,dtw,dtw,complete,0.11862309277057648
2.0,minmax,SD5,median,euclidean,dtw,hdbscan,0.0554259829223156
33.0,zscore,SD2,prophet,dtw,dtw,ward,0.10941999405622482
63.0,minmax,SD2,prophet,dtw,dtw,average,0.15476971864700317
20.0,zscore,SD3,linear,dtw,median,ward,0.08348552137613297
48.0,minmax,SD4,prophet,dtw,mode,ward,0.008700724691152573
25.0,minmax,SD6,mean,dtw,dtw,ward,0.04356478527188301
43.0,minmax,SD3,prophet,dtw,prophet,ward,0.03995125740766525
37.0,zscore,SD4,prophet,euclidean,dtw,ward,0.1734604835510254
37.0,zscore,SD3,median,euclidean,dtw,ward,0.16333751380443573
78.0,standard,SD6,prophet,euclidean,median,ward,0.0015777995577082038
85.0,zscore,SD6,mean,euclidean,dtw,complete,0.06202768161892891
37.0,zscore,SD3,mean,euclidean,dtw,ward,0.11986272037029266
2.0,zscore,SD3,median,euclidean,dtw,single,0.0013184327399358153
33.0,zscore,SD3,prophet,euclidean,dtw,ward,0.19431036710739136
61.0,standard,SD6,prophet,dtw,dtw,average,0.14516758918762207
35.0,zscore,SD6,prophet,euclidean,dtw,ward,0.1635514199733734
2.0,zscore,SD2,prophet,euclidean,prophet,median,0.002652629977092147
78.0,minmax,SD5,prophet,dtw,dtw,ward,0.13058170676231384
37.0,zscore,SD4,prophet,dtw,dtw,hdbscan,0.0010000000474974513
25.0,minmax,SD4,mean,euclidean,median,complete,0.0010796085698530078
34.0,zscore,SD2,linear,euclidean,dtw,ward,0.10955118387937546
7.0,minmax,SD2,prophet,dtw,dtw,centroid,-0.04962056875228882
81.0,zscore,SD2,median,dtw,dtw,hdbscan,-0.04823239892721176
83.0,minmax,SD6,median,dtw,dtw,average,0.12018932402133942
41.0,zscore,SD3,prophet,euclidean,dtw,ward,0.2028079479932785
54.0,zscore,SD5,prophet,euclidean,dtw,ward,0.12061694264411926
76.0,minmax,SD2,linear,dtw,dtw,complete,0.1451856940984726
82.0,zscore,SD4,prophet,euclidean,dtw,ward,0.12988485395908356
50.0,standard,SD2,prophet,euclidean,prophet,complete,0.03943566977977753
83.0,standard,SD5,prophet,dtw,dtw,complete,0.15072956681251526
69.0,minmax,SD4,mean,dtw,prophet,ward,0.04775729030370712
31.0,zscore,SD2,prophet,euclidean,dtw,ward,0.18662364780902863
27.0,standard,SD2,prophet,dtw,prophet,single,0.0012375168735161424
74.0,minmax,SD5,mean,dtw,dtw,centroid,0.13916133344173431
4.0,standard,SD3,prophet,euclidean,prophet,ward,0.05527834594249725
81.0,zscore,SD3,mean,dtw,median,median,0.02200428396463394
52.0,zscore,SD6,prophet,euclidean,dtw,ward,0.1159801110625267
29.0,zscore,SD5,prophet,dtw,dtw,ward,0.12510256469249725
34.0,zscore,SD3,prophet,euclidean,dtw,ward,0.18477162718772888
48.0,standard,SD5,prophet,dtw,dtw,average,0.13625596463680267
80.0,minmax,SD2,median,dtw,median,complete,-0.010882699862122536
66.0,zscore,SD3,prophet,dtw,mode,complete,0.15587176382541656
87.0,standard,SD4,median,euclidean,mode,single,0.0007930268766358495
76.0,standard,SD2,prophet,dtw,dtw,complete,0.17570233345031738
20.0,zscore,SD5,median,euclidean,dtw,ward,0.0765732079744339
71.0,zscore,SD4,prophet,dtw,dtw,ward,0.12838619947433472
29.0,zscore,SD5,prophet,euclidean,dtw,ward,0.14690081775188446
47.0,zscore,SD6,prophet,euclidean,dtw,ward,0.16223470866680145
86.0,minmax,SD5,prophet,dtw,dtw,average,0.131228506565094
2.0,minmax,SD5,mean,dtw,mean,ward,0.05175549536943436
85.0,minmax,SD6,prophet,dtw,dtw,complete,0.17735688388347626
31.0,zscore,SD3,median,euclidean,dtw,ward,0.12938359379768372
87.0,minmax,SD5,median,euclidean,dtw,complete,0.058865197002887726
29.0,zscore,SD3,prophet,euclidean,dtw,ward,0.15144014358520508
30.0,zscore,SD3,prophet,euclidean,dtw,ward,0.16517792642116547
28.0,zscore,SD4,median,euclidean,dtw,ward,0.11521840840578079
27.0,standard,SD2,prophet,dtw,prophet,single,0.0012375168735161424
26.0,zscore,SD6,linear,euclidean,mode,weighted,-0.006682731211185455
84.0,standard,SD2,linear,dtw,dtw,complete,0.1801021546125412
40.0,zscore,SD2,prophet,dtw,dtw,ward,0.09200728684663773
82.0,minmax,SD2,prophet,dtw,dtw,average,0.1654365062713623
73.0,zscore,SD5,prophet,dtw,dtw,ward,0.16372525691986084
6.0,zscore,SD5,prophet,dtw,mean,complete,0.031709957867860794
30.0,zscore,SD2,prophet,euclidean,dtw,ward,0.16378940641880035
43.0,zscore,SD5,prophet,euclidean,dtw,ward,0.163223996758461
39.0,zscore,SD4,median,dtw,dtw,complete,0.12673597037792206
38.0,zscore,SD5,prophet,euclidean,dtw,ward,0.20366039872169495
74.0,minmax,SD5,linear,euclidean,dtw,ward,0.13154497742652893
39.0,zscore,SD2,linear,euclidean,dtw,ward,0.1688460260629654
25.0,zscore,SD5,prophet,dtw,median,ward,0.07913878560066223
40.0,zscore,SD4,mean,euclidean,dtw,ward,0.16805972158908844
54.0,standard,SD2,linear,euclidean,median,single,-0.002668512286618352
16.0,minmax,SD4,median,euclidean,prophet,hdbscan,0.028796760365366936
44.0,zscore,SD3,prophet,euclidean,dtw,ward,0.12450917065143585
85.0,zscore,SD2,median,euclidean,median,complete,0.010622997768223286
24.0,zscore,SD3,prophet,euclidean,dtw,ward,0.11512599885463715
2.0,minmax,SD5,linear,euclidean,mode,hdbscan,-0.016322888433933258
51.0,zscore,SD2,prophet,euclidean,dtw,ward,0.12154419720172882
14.0,minmax,SD4,mean,euclidean,dtw,average,0.020036768168210983
85.0,standard,SD3,prophet,dtw,dtw,complete,0.14060690999031067
78.0,minmax,SD2,prophet,euclidean,dtw,ward,0.15628492832183838
50.0,zscore,SD5,prophet,euclidean,dtw,ward,0.1636737734079361
26.0,zscore,SD5,prophet,euclidean,median,centroid,0.001850290922448039
43.0,standard,SD2,linear,euclidean,dtw,average,0.1361779123544693
25.0,zscore,SD4,prophet,dtw,dtw,ward,0.11208753287792206
76.0,minmax,SD2,prophet,euclidean,dtw,ward,0.15430156886577606
63.0,minmax,SD4,mean,euclidean,dtw,complete,0.08104897290468216
46.0,zscore,SD3,prophet,euclidean,dtw,ward,0.17917151749134064
87.0,minmax,SD5,median,euclidean,dtw,complete,0.058865197002887726
33.0,zscore,SD3,prophet,dtw,dtw,ward,0.12982836365699768
33.0,standard,SD5,prophet,euclidean,mean,average,0.009329261258244514
63.0,minmax,SD4,mean,euclidean,dtw,complete,0.08104897290468216
87.0,zscore,SD3,linear,dtw,dtw,complete,0.0800199955701828
45.0,zscore,SD2,prophet,dtw,dtw,single,0.0011287680827081203
30.0,zscore,SD3,median,euclidean,dtw,ward,0.18096761405467987
31.0,zscore,SD4,prophet,euclidean,dtw,ward,0.1682140976190567
34.0,zscore,SD4,prophet,dtw,dtw,ward,0.14019659161567688
66.0,zscore,SD3,prophet,dtw,mode,complete,0.15587176382541656
67.0,standard,SD2,linear,dtw,dtw,complete,0.11313054710626602
2.0,standard,SD2,mean,dtw,mode,average,-0.014878958463668823
16.0,minmax,SD4,median,euclidean,prophet,hdbscan,0.028796760365366936
37.0,zscore,SD5,prophet,dtw,dtw,ward,0.16220349073410034
35.0,zscore,SD4,median,euclidean,prophet,median,0.00011731716949725524
28.0,zscore,SD4,prophet,dtw,prophet,single,0.0020410153083503246
55.0,zscore,SD4,prophet,euclidean,dtw,ward,0.11081359535455704
2.0,zscore,SD5,prophet,dtw,mean,ward,0.12490369379520416
2.0,standard,SD2,mean,euclidean,dtw,average,-0.03623950481414795
24.0,zscore,SD2,prophet,euclidean,dtw,ward,0.17796719074249268
86.0,minmax,SD5,linear,dtw,dtw,weighted,0.1342543214559555
34.0,zscore,SD3,mean,euclidean,dtw,ward,0.18259882926940918
32.0,zscore,SD3,prophet,dtw,prophet,complete,0.11203116178512573
35.0,zscore,SD3,prophet,dtw,dtw,complete,0.12054648250341415
40.0,zscore,SD6,prophet,euclidean,dtw,ward,0.16124525666236877
30.0,zscore,SD5,prophet,dtw,dtw,ward,0.185125932097435
65.0,minmax,SD2,prophet,euclidean,dtw,average,0.1289236843585968
87.0,zscore,SD6,prophet,euclidean,mode,complete,0.09504877030849457
67.0,minmax,SD5,prophet,euclidean,prophet,complete,0.013406112790107727
73.0,standard,SD2,prophet,euclidean,dtw,complete,0.14477267861366272
36.0,zscore,SD4,prophet,euclidean,dtw,ward,0.18439485132694244
44.0,zscore,SD3,median,euclidean,dtw,ward,0.14324034750461578
73.0,zscore,SD3,linear,dtw,dtw,centroid,0.002080388832837343
35.0,zscore,SD4,prophet,euclidean,dtw,ward,0.18893519043922424
34.0,zscore,SD3,median,euclidean,dtw,ward,0.15981195867061615
76.0,standard,SD2,prophet,dtw,dtw,weighted,0.1560368835926056
76.0,standard,SD2,mean,euclidean,dtw,complete,0.15361636877059937
89.0,minmax,SD2,prophet,dtw,dtw,complete,0.15663057565689087
56.0,standard,SD5,prophet,dtw,dtw,weighted,0.13081787526607513
28.0,zscore,SD4,prophet,euclidean,dtw,ward,0.11983981728553772
70.0,standard,SD5,median,euclidean,prophet,hdbscan,0.028948133811354637
87.0,minmax,SD2,prophet,dtw,dtw,complete,0.15663057565689087
44.0,zscore,SD6,prophet,euclidean,dtw,ward,0.14054752886295319
37.0,zscore,SD3,prophet,euclidean,dtw,ward,0.1645294427871704
74.0,minmax,SD2,prophet,euclidean,prophet,single,0.00018585262296255678
35.0,zscore,SD6,linear,euclidean,dtw,ward,0.10876766592264175
2.0,minmax,SD5,prophet,euclidean,dtw,single,0.0003775570366997272
85.0,minmax,SD3,prophet,dtw,dtw,median,0.0004970203735865653
88.0,minmax,SD2,median,dtw,dtw,ward,0.16735894978046417
32.0,zscore,SD3,mean,euclidean,dtw,ward,0.1859995424747467
80.0,minmax,SD2,median,dtw,dtw,complete,0.17866140604019165
46.0,zscore,SD4,mean,dtw,median,centroid,0.0023105104919523
36.0,zscore,SD3,prophet,euclidean,dtw,ward,0.15268497169017792
71.0,standard,SD5,linear,dtw,dtw,complete,0.13595357537269592
68.0,standard,SD2,prophet,dtw,dtw,complete,0.15668988227844238
2.0,minmax,SD5,prophet,dtw,mode,ward,0.02568582445383072
46.0,zscore,SD2,prophet,euclidean,dtw,ward,0.17756503820419312
86.0,zscore,SD5,mean,euclidean,mode,weighted,0.03466800972819328
32.0,zscore,SD3,prophet,dtw,dtw,ward,0.13630034029483795
31.0,zscore,SD5,prophet,euclidean,dtw,ward,0.1821710616350174
30.0,zscore,SD2,prophet,euclidean,dtw,ward,0.16378940641880035
37.0,zscore,SD5,prophet,euclidean,dtw,ward,0.16609720885753632
26.0,zscore,SD5,prophet,euclidean,median,centroid,0.001850290922448039
86.0,zscore,SD4,prophet,dtw,dtw,ward,0.14289061725139618
26.0,zscore,SD2,mean,dtw,dtw,ward,0.09898976236581802
44.0,zscore,SD5,prophet,euclidean,dtw,ward,0.15293417870998383
49.0,zscore,SD5,prophet,euclidean,dtw,ward,0.15949076414108276
6.0,zscore,SD5,prophet,euclidean,dtw,hdbscan,0.0010000000474974513
35.0,zscore,SD5,prophet,euclidean,dtw,ward,0.19789394736289978
31.0,zscore,SD3,prophet,dtw,dtw,ward,0.14369569718837738
31.0,zscore,SD6,prophet,euclidean,dtw,ward,0.19428212940692902
34.0,zscore,SD5,prophet,euclidean,dtw,ward,0.18530681729316711
56.0,minmax,SD2,mean,euclidean,dtw,average,0.1403278112411499
82.0,zscore,SD2,median,dtw,dtw,complete,0.13773846626281738
66.0,zscore,SD5,prophet,dtw,dtw,ward,0.18266887962818146
36.0,zscore,SD5,prophet,euclidean,dtw,ward,0.17812341451644897
34.0,zscore,SD4,mean,euclidean,dtw,ward,0.10970820486545563
59.0,standard,SD2,prophet,euclidean,dtw,average,0.14618857204914093
86.0,minmax,SD5,linear,dtw,dtw,weighted,0.1342543214559555
75.0,zscore,SD3,prophet,dtw,dtw,complete,0.15253566205501556
79.0,minmax,SD2,median,dtw,dtw,complete,0.14985325932502747
44.0,zscore,SD2,prophet,euclidean,dtw,ward,0.16494067013263702
31.0,zscore,SD2,prophet,dtw,dtw,ward,0.18156199157238007
35.0,zscore,SD2,prophet,dtw,mode,ward,0.023450661450624466
70.0,standard,SD5,median,euclidean,prophet,hdbscan,0.028948133811354637
53.0,standard,SD6,prophet,dtw,dtw,average,0.15174219012260437
39.0,zscore,SD4,median,dtw,dtw,ward,0.08893632143735886
66.0,minmax,SD2,prophet,dtw,dtw,complete,0.14400015771389008
28.0,zscore,SD2,prophet,euclidean,dtw,ward,0.2023041546344757
35.0,zscore,SD6,prophet,euclidean,dtw,ward,0.1635514199733734
40.0,zscore,SD2,prophet,dtw,dtw,ward,0.09200728684663773
50.0,zscore,SD6,prophet,euclidean,dtw,ward,0.16846860945224762
85.0,minmax,SD2,prophet,dtw,dtw,complete,0.1571780890226364
77.0,standard,SD4,prophet,dtw,dtw,complete,0.13366782665252686
56.0,zscore,SD2,prophet,dtw,median,weighted,0.010218367911875248
77.0,minmax,SD2,mean,dtw,dtw,weighted,0.13979941606521606
40.0,zscore,SD5,prophet,euclidean,dtw,ward,0.14780698716640472
48.0,minmax,SD4,prophet,dtw,mode,ward,0.008700724691152573
26.0,zscore,SD4,prophet,euclidean,dtw,ward,0.13287411630153656
46.0,minmax,SD6,prophet,euclidean,dtw,centroid,0.08679701387882233
60.0,zscore,SD5,prophet,dtw,dtw,complete,0.14544636011123657
60.0,minmax,SD5,prophet,dtw,dtw,average,0.14980725944042206
44.0,zscore,SD4,prophet,euclidean,dtw,ward,0.18089908361434937
25.0,minmax,SD5,linear,dtw,mean,centroid,0.0008229047525674105
46.0,minmax,SD6,prophet,euclidean,dtw,centroid,0.08679701387882233
79.0,standard,SD5,mean,euclidean,mean,weighted,-0.0030795021448284388
88.0,standard,SD4,median,dtw,dtw,average,0.07220333814620972
77.0,standard,SD2,prophet,euclidean,dtw,complete,0.14624515175819397
2.0,minmax,SD6,linear,dtw,mean,single,0.0012206054525449872
32.0,zscore,SD3,prophet,dtw,prophet,complete,0.11203116178512573
35.0,zscore,SD2,linear,dtw,mode,complete,0.015916965901851654
41.0,zscore,SD6,prophet,euclidean,dtw,ward,0.13192066550254822
41.0,zscore,SD6,prophet,euclidean,dtw,ward,0.13192066550254822
30.0,zscore,SD5,prophet,euclidean,dtw,ward,0.1966017782688141
78.0,standard,SD2,prophet,dtw,dtw,complete,0.17570233345031738
75.0,minmax,SD2,mean,dtw,dtw,ward,0.1365170031785965
33.0,zscore,SD2,linear,euclidean,dtw,complete,0.1062726303935051
43.0,zscore,SD3,prophet,euclidean,dtw,ward,0.2003096491098404
62.0,standard,SD4,prophet,dtw,dtw,complete,0.1286100298166275
84.0,minmax,SD3,prophet,dtw,median,average,-0.008456607349216938
2.0,zscore,SD2,prophet,euclidean,dtw,ward,0.06059820204973221
23.0,minmax,SD2,mean,dtw,dtw,average,0.1453242301940918
22.0,minmax,SD5,median,euclidean,prophet,median,-0.012032370083034039
57.0,minmax,SD3,linear,euclidean,dtw,average,0.13142555952072144
34.0,zscore,SD4,prophet,euclidean,dtw,ward,0.18569877743721008
25.0,standard,SD2,linear,dtw,dtw,complete,0.028750402852892876
33.0,zscore,SD6,linear,euclidean,dtw,ward,0.13526016473770142
83.0,minmax,SD6,median,dtw,dtw,average,0.12018932402133942
45.0,zscore,SD3,prophet,euclidean,dtw,ward,0.17124024033546448
47.0,zscore,SD2,prophet,euclidean,dtw,ward,0.09090981632471085
49.0,standard,SD2,prophet,dtw,dtw,average,0.15181444585323334
16.0,zscore,SD3,linear,euclidean,mode,complete,0.020888186991214752
10.0,minmax,SD5,median,euclidean,mean,weighted,-0.0083538219332695
35.0,zscore,SD3,prophet,euclidean,dtw,ward,0.19312496483325958
78.0,minmax,SD4,prophet,dtw,dtw,ward,0.13353563845157623
88.0,zscore,SD2,median,euclidean,dtw,average,0.0039766388945281506
64.0,minmax,SD2,prophet,euclidean,dtw,ward,0.14914296567440033
70.0,standard,SD5,mean,dtw,dtw,complete,0.12367377430200577
56.0,minmax,SD2,mean,euclidean,dtw,average,0.1403278112411499
36.0,zscore,SD2,mean,euclidean,dtw,ward,0.16819845139980316
5.0,zscore,SD3,linear,dtw,mode,ward,0.04966180771589279
43.0,zscore,SD6,prophet,euclidean,dtw,ward,0.16340862214565277
39.0,zscore,SD4,prophet,euclidean,dtw,ward,0.13582251965999603
79.0,minmax,SD2,prophet,dtw,dtw,complete,0.15485131740570068
86.0,minmax,SD4,prophet,dtw,dtw,ward,0.1217765361070633
69.0,zscore,SD2,linear,euclidean,median,single,0.0026661360170692205
87.0,zscore,SD3,median,euclidean,dtw,single,0.0010121366940438747
70.0,standard,SD3,mean,dtw,mean,average,0.00010603713599266484
42.0,zscore,SD6,prophet,euclidean,dtw,ward,0.1730445921421051
79.0,zscore,SD2,prophet,dtw,mode,average,0.16321386396884918
33.0,zscore,SD4,prophet,dtw,dtw,ward,0.12639369070529938
44.0,zscore,SD6,prophet,euclidean,dtw,ward,0.14054752886295319
81.0,standard,SD2,mean,dtw,dtw,complete,0.16744889318943024
80.0,standard,SD5,linear,dtw,dtw,complete,0.15647202730178833
84.0,standard,SD3,linear,dtw,dtw,complete,0.157246395945549
80.0,minmax,SD6,prophet,dtw,mean,ward,0.00379116740077734
38.0,zscore,SD5,mean,euclidean,dtw,ward,0.1485101878643036
87.0,minmax,SD2,mean,dtw,dtw,complete,0.15982647240161896
86.0,minmax,SD2,prophet,euclidean,dtw,ward,0.15113288164138794
31.0,zscore,SD6,prophet,euclidean,dtw,ward,0.19428212940692902
81.0,minmax,SD4,median,dtw,dtw,complete,0.14049500226974487
39.0,zscore,SD4,prophet,euclidean,dtw,ward,0.13582251965999603
23.0,zscore,SD5,prophet,euclidean,dtw,ward,0.09430792182683945
31.0,zscore,SD2,mean,euclidean,dtw,ward,0.10127101838588715
41.0,zscore,SD2,prophet,euclidean,dtw,ward,0.13770996034145355
48.0,minmax,SD2,median,dtw,dtw,centroid,0.10252909362316132
2.0,minmax,SD5,prophet,dtw,mode,ward,0.02568582445383072
2.0,zscore,SD5,prophet,dtw,dtw,median,0.008007017895579338
83.0,standard,SD2,prophet,dtw,dtw,centroid,0.09610188752412796
74.0,standard,SD3,linear,dtw,dtw,complete,0.1678219735622406
3.0,zscore,SD2,linear,dtw,median,weighted,-0.022215688601136208
76.0,zscore,SD3,prophet,euclidean,mode,median,0.1369335949420929
81.0,minmax,SD2,prophet,dtw,dtw,weighted,0.132538303732872
78.0,standard,SD6,prophet,euclidean,median,ward,0.0015777995577082038
31.0,zscore,SD4,prophet,euclidean,dtw,ward,0.1682140976190567
42.0,zscore,SD2,prophet,euclidean,dtw,ward,0.1866140067577362
40.0,zscore,SD3,mean,euclidean,dtw,ward,0.138437420129776
77.0,zscore,SD4,linear,euclidean,prophet,hdbscan,0.0010000000474974513
83.0,minmax,SD5,mean,dtw,prophet,ward,0.038468677550554276
71.0,minmax,SD2,prophet,euclidean,dtw,ward,0.14353418350219727
83.0,standard,SD2,prophet,dtw,dtw,centroid,0.09610188752412796
38.0,zscore,SD4,mean,euclidean,dtw,ward,0.16444608569145203
29.0,zscore,SD4,prophet,euclidean,dtw,ward,0.1937834769487381
2.0,standard,SD5,median,euclidean,dtw,median,-0.03871580958366394
35.0,zscore,SD4,prophet,euclidean,dtw,ward,0.18893519043922424
2.0,minmax,SD6,linear,dtw,mean,single,0.0012206054525449872
47.0,standard,SD2,prophet,dtw,dtw,weighted,0.11270923167467117
76.0,standard,SD2,prophet,dtw,dtw,weighted,0.1560368835926056
40.0,zscore,SD5,mean,euclidean,mean,median,0.001842827070504427
29.0,standard,SD5,mean,euclidean,dtw,average,0.08896547555923462
37.0,minmax,SD4,prophet,euclidean,mode,ward,0.00880488008260727
48.0,zscore,SD5,prophet,euclidean,dtw,ward,0.16152901947498322
36.0,zscore,SD3,prophet,euclidean,dtw,ward,0.15268497169017792
35.0,zscore,SD3,median,euclidean,dtw,ward,0.1350431889295578
81.0,standard,SD2,mean,dtw,dtw,single,0.0015542693436145782
82.0,standard,SD2,prophet,euclidean,dtw,ward,0.11000450700521469
85.0,minmax,SD5,prophet,euclidean,dtw,ward,0.15594041347503662
42.0,zscore,SD3,prophet,euclidean,dtw,ward,0.16536493599414825
44.0,zscore,SD3,prophet,euclidean,dtw,ward,0.12450917065143585
65.0,zscore,SD4,linear,euclidean,mean,median,-0.007142641115933657
81.0,zscore,SD3,mean,dtw,median,median,0.02200428396463394
52.0,zscore,SD3,prophet,euclidean,dtw,ward,0.12456544488668442
85.0,minmax,SD2,linear,dtw,dtw,complete,0.17220516502857208
12.0,minmax,SD5,prophet,dtw,median,complete,-0.0016088922275230289
32.0,zscore,SD4,prophet,euclidean,dtw,ward,0.18596743047237396
51.0,zscore,SD3,prophet,dtw,prophet,average,0.0014289825921878219
86.0,standard,SD2,prophet,dtw,dtw,complete,0.1583520770072937
57.0,zscore,SD2,prophet,dtw,dtw,ward,0.11434336006641388
83.0,standard,SD4,prophet,euclidean,dtw,ward,0.07408591359853745
82.0,zscore,SD4,median,euclidean,mode,average,-0.010793402791023254
50.0,standard,SD2,prophet,euclidean,prophet,complete,0.03943566977977753
83.0,zscore,SD4,prophet,dtw,dtw,centroid,0.0015668616397306323
32.0,zscore,SD3,prophet,euclidean,dtw,ward,0.19388684630393982
48.0,zscore,SD5,prophet,dtw,mode,complete,0.11932199448347092
28.0,zscore,SD5,prophet,euclidean,dtw,ward,0.19840824604034424
88.0,zscore,SD6,mean,dtw,median,hdbscan,-0.014268359169363976
42.0,zscore,SD4,prophet,euclidean,dtw,ward,0.15544869005680084
41.0,zscore,SD2,prophet,euclidean,dtw,ward,0.13770996034145355
33.0,zscore,SD6,prophet,euclidean,dtw,ward,0.17223502695560455
35.0,zscore,SD4,median,dtw,mean,weighted,0.03928494080901146
66.0,zscore,SD2,mean,euclidean,prophet,ward,0.002505018375813961
87.0,minmax,SD4,prophet,euclidean,dtw,ward,0.15379266440868378
69.0,zscore,SD6,prophet,dtw,dtw,ward,0.17241092026233673
64.0,zscore,SD5,prophet,dtw,mode,average,0.14445860683918
82.0,zscore,SD2,prophet,dtw,dtw,ward,0.1533268243074417
46.0,zscore,SD6,prophet,euclidean,dtw,ward,0.18744461238384247
36.0,zscore,SD5,prophet,euclidean,dtw,ward,0.17812341451644897
35.0,zscore,SD3,prophet,dtw,dtw,ward,0.14208170771598816
73.0,minmax,SD2,linear,dtw,dtw,complete,0.16082116961479187
11.0,standard,SD2,linear,dtw,median,ward,0.03892149031162262
2.0,standard,SD3,prophet,euclidean,prophet,complete,0.05154235661029816
88.0,minmax,SD3,prophet,euclidean,dtw,average,0.1362280398607254
36.0,zscore,SD2,prophet,euclidean,dtw,ward,0.17437994480133057
7.0,minmax,SD2,prophet,dtw,dtw,centroid,-0.04962056875228882
24.0,standard,SD3,mean,dtw,mode,median,-0.02630387432873249
44.0,standard,SD4,prophet,euclidean,dtw,weighted,0.09427879005670547
16.0,minmax,SD5,median,euclidean,mode,ward,0.02051522023975849
3.0,zscore,SD2,prophet,euclidean,dtw,average,0.0020528726745396852
69.0,minmax,SD2,linear,euclidean,dtw,ward,0.13566426932811737
89.0,zscore,SD3,median,dtw,dtw,median,0.001494868891313672
36.0,zscore,SD5,mean,euclidean,dtw,ward,0.14571619033813477
14.0,zscore,SD5,prophet,euclidean,mode,average,0.015789132565259933
87.0,minmax,SD3,prophet,euclidean,dtw,weighted,0.06409159302711487
54.0,standard,SD6,prophet,dtw,dtw,ward,0.07532516866922379
47.0,zscore,SD4,prophet,euclidean,dtw,ward,0.1746165156364441
74.0,minmax,SD2,prophet,euclidean,dtw,ward,0.14731326699256897
25.0,zscore,SD2,prophet,euclidean,dtw,ward,0.09856642037630081
30.0,zscore,SD5,prophet,euclidean,dtw,ward,0.1966017782688141
13.0,zscore,SD4,linear,dtw,median,centroid,0.0022607187274843454
46.0,zscore,SD4,prophet,euclidean,dtw,ward,0.174831822514534
28.0,zscore,SD4,prophet,dtw,prophet,single,0.0020410153083503246
46.0,zscore,SD4,prophet,euclidean,dtw,ward,0.174831822514534
72.0,standard,SD3,mean,dtw,dtw,complete,0.13897991180419922
32.0,zscore,SD2,prophet,euclidean,dtw,ward,0.17787790298461914
29.0,zscore,SD2,prophet,euclidean,dtw,ward,0.1294565200805664
41.0,zscore,SD2,mean,euclidean,dtw,ward,0.1179794892668724
33.0,zscore,SD2,linear,euclidean,median,ward,0.029324693605303764
46.0,zscore,SD4,mean,dtw,median,centroid,0.0023105104919523
29.0,zscore,SD3,prophet,dtw,dtw,ward,0.12347100675106049
53.0,zscore,SD5,prophet,dtw,dtw,ward,0.17516310513019562
51.0,standard,SD2,linear,dtw,dtw,average,0.13700585067272186
50.0,standard,SD5,linear,euclidean,median,complete,-0.0038304836489260197
78.0,standard,SD2,prophet,dtw,dtw,complete,0.17570233345031738
83.0,standard,SD2,linear,dtw,dtw,complete,0.1801021546125412
77.0,standard,SD4,mean,dtw,mean,weighted,-0.004058601334691048
88.0,standard,SD2,prophet,dtw,dtw,complete,0.1681780368089676
86.0,standard,SD6,prophet,dtw,dtw,weighted,0.129990816116333
15.0,zscore,SD6,mean,euclidean,mean,hdbscan,-0.05675610527396202
23.0,zscore,SD3,prophet,euclidean,dtw,ward,0.10879427194595337
2.0,standard,SD2,median,dtw,dtw,ward,0.01819854974746704
82.0,minmax,SD3,mean,dtw,dtw,complete,0.14354373514652252
80.0,zscore,SD5,prophet,dtw,dtw,median,0.0025711525231599808
77.0,zscore,SD2,prophet,dtw,dtw,complete,0.16653555631637573
66.0,zscore,SD4,median,euclidean,dtw,complete,0.11330471187829971
33.0,zscore,SD3,median,euclidean,dtw,ward,0.16459065675735474
26.0,zscore,SD3,prophet,dtw,dtw,ward,0.14141011238098145
42.0,minmax,SD3,prophet,dtw,dtw,complete,0.024668585509061813
2.0,standard,SD2,mean,euclidean,dtw,average,-0.03623950481414795
35.0,zscore,SD5,linear,euclidean,dtw,ward,0.1201220154762268
86.0,minmax,SD2,mean,euclidean,dtw,ward,0.1408601701259613
75.0,standard,SD2,prophet,euclidean,dtw,complete,0.14439402520656586
27.0,zscore,SD3,prophet,dtw,mode,single,0.0011638979194685817
75.0,minmax,SD5,median,euclidean,mode,median,0.039019886404275894
76.0,standard,SD2,mean,euclidean,dtw,complete,0.15361636877059937
86.0,standard,SD2,linear,dtw,dtw,complete,0.1801021546125412
69.0,minmax,SD4,median,euclidean,dtw,average,0.12954024970531464
18.0,zscore,SD2,prophet,euclidean,mode,weighted,-0.011807408183813095
69.0,zscore,SD2,prophet,euclidean,dtw,ward,0.16860486567020416
80.0,minmax,SD2,prophet,dtw,dtw,complete,0.1596486121416092
84.0,minmax,SD3,prophet,dtw,median,average,-0.008456607349216938
87.0,zscore,SD5,median,dtw,dtw,ward,0.14475630223751068
35.0,zscore,SD3,linear,euclidean,dtw,ward,0.149504616856575
84.0,zscore,SD6,mean,euclidean,mean,ward,0.03621390089392662
35.0,zscore,SD2,mean,euclidean,dtw,median,6.129514986241702e-06
82.0,minmax,SD2,prophet,euclidean,dtw,ward,0.16655415296554565
87.0,standard,SD2,linear,dtw,dtw,complete,0.1801021546125412
32.0,zscore,SD6,prophet,euclidean,dtw,ward,0.19684813916683197
74.0,minmax,SD5,mean,dtw,dtw,centroid,0.13916133344173431
86.0,standard,SD6,prophet,dtw,dtw,weighted,0.129990816116333
80.0,minmax,SD2,prophet,dtw,dtw,complete,0.1596486121416092
31.0,zscore,SD3,prophet,euclidean,dtw,ward,0.17291651666164398
79.0,minmax,SD3,mean,dtw,dtw,ward,0.14346416294574738
86.0,zscore,SD5,mean,euclidean,mode,weighted,0.03466800972819328
25.0,zscore,SD4,prophet,euclidean,dtw,ward,0.12052145600318909
4.0,standard,SD2,prophet,dtw,mean,ward,0.0332825742661953
70.0,zscore,SD3,prophet,euclidean,mode,ward,0.062434468418359756
13.0,zscore,SD4,linear,dtw,median,centroid,0.0022607187274843454
33.0,zscore,SD2,linear,euclidean,median,ward,0.029324693605303764
89.0,standard,SD4,linear,dtw,dtw,ward,0.0936201885342598
69.0,zscore,SD5,prophet,dtw,dtw,ward,0.1528056561946869
85.0,standard,SD2,prophet,dtw,dtw,complete,0.1583520770072937
39.0,zscore,SD5,prophet,euclidean,dtw,ward,0.20548827946186066
39.0,zscore,SD6,prophet,euclidean,dtw,ward,0.19603075087070465
55.0,minmax,SD4,median,dtw,dtw,average,0.16582515835762024
89.0,zscore,SD3,prophet,dtw,dtw,ward,0.1545032411813736
47.0,standard,SD3,mean,euclidean,dtw,hdbscan,0.007375448476523161
39.0,zscore,SD4,median,dtw,dtw,ward,0.08893632143735886
89.0,minmax,SD2,linear,dtw,median,hdbscan,0.0069168442860245705
2.0,standard,SD2,mean,dtw,mode,average,-0.014878958463668823
77.0,standard,SD4,mean,dtw,mean,weighted,-0.004058601334691048
34.0,zscore,SD6,median,euclidean,dtw,ward,0.15816578269004822
83.0,minmax,SD2,prophet,dtw,dtw,ward,0.13556207716464996
37.0,zscore,SD3,prophet,euclidean,dtw,ward,0.1645294427871704
27.0,zscore,SD3,prophet,euclidean,dtw,ward,0.1770210564136505
32.0,zscore,SD2,mean,euclidean,dtw,ward,0.14257745444774628
57.0,standard,SD2,median,dtw,dtw,complete,0.13407474756240845
44.0,minmax,SD2,linear,euclidean,dtw,ward,0.09771314263343811
49.0,zscore,SD6,prophet,euclidean,dtw,ward,0.17618118226528168
68.0,minmax,SD6,linear,dtw,dtw,complete,0.14131313562393188
2.0,zscore,SD4,prophet,dtw,mode,complete,0.09590061753988266
50.0,standard,SD5,linear,euclidean,median,complete,-0.0038304836489260197
51.0,standard,SD2,linear,dtw,dtw,median,0.00018807344895321876
60.0,minmax,SD2,prophet,dtw,dtw,ward,0.1290948987007141
43.0,zscore,SD3,prophet,euclidean,dtw,ward,0.2003096491098404
