Comperiod,Scaling,Outliers,Interpolation,Similarity,Unsynced,Linkmeth,ray/tune/_metric
131.0,standard,SD4,mean,dtw,prophet,ward,0.22147643566131592
89.0,standard,SD4,median,dtw,dtw,ward,0.2375812977552414
3.0,standard,SD3,prophet,dtw,median,complete,0.183367520570755
131.0,standard,SD3,median,dtw,prophet,ward,0.32174673676490784
13.0,standard,SD5,median,dtw,prophet,ward,0.23090215027332306
600.0,zscore,SD4,mean,dtw,median,centroid,0.08426298201084137
13.0,minmax,SD3,mean,dtw,prophet,weighted,0.24047569930553436
328.0,standard,SD2,median,dtw,prophet,complete,0.24680666625499725
96.0,standard,SD3,median,dtw,prophet,ward,0.3223845362663269
805.0,standard,SD3,linear,dtw,prophet,ward,0.2649182677268982
139.0,standard,SD3,median,dtw,prophet,ward,0.32174673676490784
21.0,standard,SD3,median,euclidean,prophet,ward,0.25400036573410034
1076.0,minmax,SD3,median,euclidean,dtw,median,0.0228643249720335
18.0,minmax,SD2,median,euclidean,prophet,complete,0.1919105350971222
267.0,standard,SD3,prophet,euclidean,prophet,ward,0.3466957211494446
157.0,standard,SD3,prophet,dtw,prophet,complete,0.3409464657306671
8.0,minmax,SD2,prophet,dtw,mean,complete,0.16167350113391876
2.0,minmax,SD3,median,dtw,mode,complete,0.18005459010601044
130.0,standard,SD3,median,dtw,prophet,ward,0.32174673676490784
853.0,standard,SD3,median,dtw,prophet,ward,0.21237370371818542
126.0,standard,SD3,median,dtw,prophet,ward,0.32174673676490784
661.0,standard,SD3,median,dtw,prophet,ward,0.2644454836845398
911.0,standard,SD3,median,dtw,prophet,complete,0.22129255533218384
134.0,standard,SD3,median,dtw,prophet,ward,0.32174673676490784
161.0,standard,SD3,mean,dtw,prophet,complete,0.275742769241333
320.0,standard,SD3,median,dtw,prophet,centroid,0.22346724569797516
3.0,minmax,SD3,prophet,dtw,mean,complete,0.27922987937927246
613.0,standard,SD3,prophet,dtw,prophet,ward,0.2722855806350708
305.0,standard,SD3,mean,dtw,prophet,ward,0.27002233266830444
150.0,standard,SD3,prophet,dtw,prophet,complete,0.3021014928817749
722.0,minmax,SD3,median,dtw,prophet,ward,0.21531417965888977
900.0,minmax,SD5,prophet,euclidean,prophet,complete,0.1144854873418808
998.0,standard,SD5,mean,dtw,prophet,ward,0.2550647258758545
475.0,standard,SD4,median,dtw,prophet,ward,0.26836150884628296
143.0,standard,SD3,median,dtw,prophet,ward,0.3177857995033264
178.0,standard,SD3,prophet,dtw,prophet,complete,0.2866842746734619
161.0,standard,SD5,mean,dtw,prophet,complete,0.1712752729654312
118.0,standard,SD3,median,dtw,prophet,ward,0.32174673676490784
367.0,minmax,SD3,mean,dtw,prophet,ward,0.22930146753787994
616.0,standard,SD4,linear,dtw,prophet,ward,0.24991120398044586
72.0,minmax,SD3,mean,dtw,prophet,complete,0.26714640855789185
50.0,minmax,SD3,prophet,dtw,prophet,ward,0.17289769649505615
773.0,standard,SD6,median,dtw,prophet,ward,0.2617262005805969
40.0,minmax,SD4,median,dtw,prophet,ward,0.121111661195755
174.0,standard,SD3,mean,dtw,prophet,median,0.21189576387405396
71.0,standard,SD3,linear,dtw,prophet,complete,0.3075985908508301
241.0,standard,SD3,median,dtw,dtw,ward,0.2108628898859024
2.0,standard,SD3,prophet,dtw,prophet,complete,0.30723077058792114
84.0,standard,SD3,linear,dtw,prophet,complete,0.3075985908508301
731.0,standard,SD2,mean,dtw,prophet,ward,0.2765772342681885
268.0,standard,SD2,mean,dtw,prophet,ward,0.2075091302394867
6.0,standard,SD4,linear,dtw,prophet,complete,0.23131641745567322
56.0,standard,SD3,linear,dtw,prophet,weighted,0.2763935327529907
130.0,standard,SD4,median,dtw,prophet,ward,0.2873162031173706
2.0,minmax,SD3,linear,dtw,prophet,complete,0.25333964824676514
4.0,standard,SD3,mean,dtw,prophet,weighted,0.2045973688364029
200.0,standard,SD3,median,dtw,prophet,complete,0.21998634934425354
427.0,standard,SD3,mean,dtw,prophet,complete,0.26774176955223083
32.0,minmax,SD3,median,euclidean,prophet,complete,0.27318257093429565
516.0,standard,SD3,linear,dtw,prophet,ward,0.24083369970321655
38.0,standard,SD3,mean,euclidean,prophet,complete,0.2431507110595703
21.0,standard,SD3,median,dtw,prophet,weighted,0.2984260618686676
28.0,standard,SD4,median,dtw,prophet,ward,0.285196989774704
56.0,minmax,SD3,median,euclidean,prophet,average,0.19887027144432068
291.0,minmax,SD4,median,dtw,prophet,ward,0.18819618225097656
1168.0,standard,SD3,median,euclidean,prophet,complete,0.18651053309440613
649.0,standard,SD3,prophet,dtw,prophet,ward,0.27411824464797974
217.0,standard,SD3,prophet,euclidean,prophet,ward,0.2862538695335388
3.0,standard,SD3,median,dtw,prophet,complete,0.281565397977829
148.0,standard,SD3,median,dtw,prophet,ward,0.3177857995033264
21.0,standard,SD2,median,dtw,dtw,ward,0.19022107124328613
295.0,standard,SD3,median,dtw,prophet,weighted,0.24489277601242065
99.0,standard,SD3,linear,dtw,prophet,complete,0.3075985908508301
535.0,standard,SD5,linear,dtw,prophet,ward,0.264413982629776
6.0,standard,SD3,mean,dtw,prophet,complete,0.2829882800579071
129.0,standard,SD3,median,dtw,prophet,ward,0.32174673676490784
420.0,standard,SD4,median,dtw,prophet,ward,0.2491188496351242
95.0,standard,SD2,median,dtw,prophet,ward,0.24454528093338013
890.0,standard,SD3,median,dtw,prophet,ward,0.2867845892906189
12.0,standard,SD5,median,euclidean,prophet,complete,0.11913621425628662
89.0,standard,SD2,linear,dtw,prophet,complete,0.2923333942890167
1178.0,standard,SD4,mean,euclidean,prophet,centroid,0.037835270166397095
412.0,standard,SD2,mean,dtw,prophet,complete,0.23680619895458221
1101.0,standard,SD3,median,dtw,prophet,ward,0.2110731452703476
193.0,standard,SD2,median,dtw,prophet,ward,0.2557528614997864
18.0,standard,SD2,median,euclidean,prophet,ward,0.24739839136600494
739.0,standard,SD3,prophet,dtw,prophet,ward,0.27040570974349976
178.0,minmax,SD3,median,dtw,median,complete,0.3005189001560211
555.0,standard,SD3,linear,dtw,prophet,ward,0.2570646107196808
135.0,minmax,SD3,median,dtw,prophet,ward,0.23680740594863892
236.0,standard,SD3,median,dtw,prophet,ward,0.2960469722747803
163.0,standard,SD3,prophet,dtw,prophet,complete,0.3344763219356537
135.0,standard,SD3,median,dtw,prophet,ward,0.32174673676490784
50.0,minmax,SD3,mean,euclidean,prophet,average,0.12463754415512085
772.0,standard,SD3,median,dtw,prophet,ward,0.2823587954044342
179.0,standard,SD3,median,dtw,prophet,ward,0.31370604038238525
33.0,minmax,SD6,mean,euclidean,mean,complete,0.1530950665473938
135.0,standard,SD3,mean,dtw,prophet,ward,0.2818640172481537
140.0,standard,SD3,median,dtw,prophet,single,-0.0024313987232744694
92.0,standard,SD4,median,euclidean,prophet,ward,0.260314404964447
26.0,zscore,SD3,mean,dtw,prophet,ward,0.11228322237730026
140.0,standard,SD5,prophet,dtw,prophet,complete,0.238190695643425
273.0,minmax,SD2,median,dtw,prophet,ward,0.28329432010650635
326.0,standard,SD3,median,dtw,prophet,ward,0.2514350414276123
687.0,standard,SD3,linear,dtw,dtw,complete,0.16275963187217712
528.0,standard,SD3,median,dtw,prophet,weighted,0.22035560011863708
270.0,standard,SD3,linear,euclidean,prophet,ward,0.27053603529930115
265.0,standard,SD3,median,dtw,prophet,complete,0.22586557269096375
795.0,standard,SD3,mean,euclidean,prophet,ward,0.2194477766752243
130.0,standard,SD3,median,euclidean,prophet,ward,0.2876097857952118
50.0,standard,SD3,linear,euclidean,prophet,complete,0.284806489944458
43.0,standard,SD5,mean,dtw,prophet,complete,0.2624024450778961
118.0,standard,SD2,linear,dtw,prophet,complete,0.28354910016059875
465.0,standard,SD2,median,dtw,prophet,ward,0.2628648281097412
424.0,standard,SD3,median,dtw,prophet,ward,0.27045825123786926
460.0,standard,SD6,median,dtw,prophet,ward,0.26302069425582886
21.0,standard,SD4,mean,euclidean,prophet,ward,0.2354498654603958
658.0,standard,SD5,prophet,dtw,prophet,ward,0.23508742451667786
1041.0,standard,SD5,median,dtw,prophet,ward,0.2705651819705963
631.0,standard,SD3,mean,dtw,prophet,ward,0.2687014639377594
271.0,standard,SD3,median,euclidean,prophet,ward,0.26275110244750977
555.0,standard,SD3,median,dtw,median,ward,0.009865991771221161
114.0,standard,SD3,median,dtw,prophet,ward,0.32174673676490784
114.0,minmax,SD4,mean,dtw,prophet,weighted,0.21480350196361542
937.0,standard,SD3,median,dtw,prophet,ward,0.21237370371818542
131.0,standard,SD2,median,dtw,prophet,ward,0.2761823236942291
137.0,standard,SD3,median,dtw,prophet,average,0.23355403542518616
55.0,standard,SD4,mean,euclidean,mean,complete,0.0884217694401741
151.0,standard,SD3,prophet,dtw,prophet,complete,0.3021014928817749
21.0,minmax,SD6,median,euclidean,mean,complete,0.25066789984703064
6.0,standard,SD3,prophet,dtw,mean,complete,0.10186045616865158
39.0,standard,SD3,linear,dtw,prophet,complete,0.3075985908508301
57.0,standard,SD3,linear,dtw,prophet,complete,0.3075985908508301
566.0,standard,SD2,mean,dtw,prophet,ward,0.2623939514160156
299.0,standard,SD3,prophet,euclidean,prophet,ward,0.27244505286216736
301.0,standard,SD3,mean,dtw,mode,median,0.11150195449590683
21.0,minmax,SD2,median,dtw,mean,complete,0.19721786677837372
190.0,standard,SD3,median,dtw,prophet,ward,0.3023386001586914
136.0,standard,SD3,median,dtw,prophet,ward,0.32174673676490784
8.0,standard,SD3,linear,dtw,prophet,ward,0.23600955307483673
25.0,minmax,SD4,linear,dtw,prophet,complete,0.25768741965293884
883.0,minmax,SD5,median,euclidean,median,complete,0.006850178819149733
12.0,standard,SD4,linear,dtw,prophet,ward,0.22816286981105804
123.0,minmax,SD3,median,dtw,median,complete,0.1983843296766281
366.0,standard,SD4,mean,dtw,prophet,ward,0.24633336067199707
160.0,standard,SD3,prophet,dtw,prophet,complete,0.32079997658729553
20.0,standard,SD3,linear,dtw,prophet,average,0.23728206753730774
4.0,standard,SD3,prophet,dtw,prophet,median,0.2033974826335907
108.0,standard,SD4,mean,dtw,prophet,complete,0.2781769335269928
266.0,standard,SD2,prophet,euclidean,prophet,ward,0.2412225753068924
166.0,standard,SD3,median,dtw,prophet,ward,0.29424425959587097
735.0,standard,SD3,mean,dtw,prophet,ward,0.2687014639377594
45.0,standard,SD3,prophet,dtw,prophet,complete,0.29090526700019836
21.0,standard,SD3,mean,dtw,prophet,ward,0.28402477502822876
2.0,standard,SD6,prophet,dtw,dtw,complete,0.07804399728775024
97.0,standard,SD3,linear,dtw,prophet,weighted,0.2763935327529907
63.0,standard,SD3,linear,dtw,prophet,complete,0.3075985908508301
219.0,standard,SD3,median,dtw,prophet,ward,0.2970525026321411
497.0,standard,SD3,median,dtw,prophet,ward,0.26860177516937256
76.0,standard,SD3,linear,dtw,prophet,average,0.24488069117069244
332.0,standard,SD4,median,dtw,prophet,ward,0.25803375244140625
638.0,standard,SD3,median,dtw,prophet,ward,0.2644454836845398
174.0,standard,SD3,median,euclidean,prophet,ward,0.2659505605697632
33.0,standard,SD5,median,dtw,prophet,weighted,0.23326914012432098
11.0,minmax,SD3,median,euclidean,prophet,complete,0.19176959991455078
232.0,standard,SD4,linear,dtw,prophet,ward,0.21964004635810852
170.0,standard,SD3,prophet,dtw,prophet,complete,0.2937753200531006
451.0,zscore,SD4,median,dtw,mean,weighted,0.032746873795986176
4.0,standard,SD5,linear,dtw,prophet,complete,0.2487599402666092
119.0,standard,SD3,median,dtw,prophet,ward,0.32174673676490784
29.0,zscore,SD6,median,euclidean,median,median,0.10533145815134048
115.0,minmax,SD3,mean,dtw,mean,complete,0.2155856043100357
515.0,zscore,SD2,mean,euclidean,dtw,complete,0.11500772833824158
408.0,standard,SD3,median,dtw,prophet,weighted,0.20343606173992157
166.0,standard,SD3,prophet,dtw,prophet,complete,0.3344763219356537
51.0,standard,SD3,linear,dtw,prophet,complete,0.3075985908508301
2.0,standard,SD5,linear,euclidean,prophet,complete,0.2944181263446808
92.0,standard,SD3,median,dtw,prophet,ward,0.3223845362663269
659.0,standard,SD3,median,dtw,prophet,median,0.10338190197944641
31.0,standard,SD3,linear,dtw,prophet,complete,0.2989218533039093
169.0,standard,SD3,prophet,dtw,prophet,complete,0.2937753200531006
97.0,standard,SD3,linear,dtw,prophet,ward,0.23070183396339417
211.0,standard,SD3,prophet,dtw,prophet,ward,0.28107893466949463
27.0,standard,SD3,median,euclidean,prophet,weighted,0.22002947330474854
821.0,minmax,SD3,mean,euclidean,prophet,complete,0.16903172433376312
2.0,standard,SD3,linear,dtw,prophet,complete,0.3112368583679199
57.0,standard,SD3,median,dtw,prophet,ward,0.30632221698760986
178.0,standard,SD3,median,dtw,mean,ward,0.1384742558002472
91.0,minmax,SD2,mean,dtw,prophet,complete,0.22389601171016693
283.0,standard,SD3,median,dtw,prophet,ward,0.24562156200408936
702.0,standard,SD3,median,dtw,prophet,ward,0.2809728682041168
18.0,standard,SD3,mean,euclidean,prophet,ward,0.29440537095069885
10.0,minmax,SD3,prophet,dtw,prophet,complete,0.2567025423049927
188.0,standard,SD4,median,dtw,prophet,ward,0.2570682168006897
203.0,standard,SD3,median,dtw,prophet,ward,0.30144596099853516
1049.0,standard,SD6,prophet,euclidean,median,ward,-0.001767036272212863
471.0,standard,SD3,linear,dtw,prophet,ward,0.2491392195224762
85.0,standard,SD3,median,dtw,prophet,ward,0.2915739119052887
105.0,standard,SD3,median,dtw,prophet,ward,0.32174673676490784
44.0,standard,SD2,linear,dtw,prophet,complete,0.28466659784317017
326.0,standard,SD3,linear,dtw,prophet,ward,0.22143791615962982
117.0,standard,SD3,median,dtw,prophet,ward,0.32174673676490784
642.0,standard,SD3,prophet,euclidean,mode,ward,0.018629027530550957
225.0,standard,SD4,median,dtw,prophet,ward,0.2728804647922516
131.0,minmax,SD3,median,dtw,prophet,complete,0.23213033378124237
682.0,standard,SD3,linear,dtw,prophet,ward,0.26968348026275635
122.0,standard,SD3,median,dtw,median,ward,0.1902002990245819
4.0,zscore,SD2,prophet,dtw,median,centroid,0.06303313374519348
231.0,minmax,SD3,median,dtw,median,complete,0.12895207107067108
149.0,minmax,SD3,mean,dtw,prophet,weighted,0.16931171715259552
1036.0,standard,SD3,median,dtw,prophet,ward,0.2110731452703476
121.0,standard,SD3,median,dtw,prophet,ward,0.32174673676490784
89.0,standard,SD3,median,dtw,dtw,ward,0.22725200653076172
162.0,standard,SD3,prophet,dtw,prophet,weighted,0.2584550082683563
125.0,standard,SD3,median,dtw,prophet,ward,0.32174673676490784
104.0,standard,SD3,median,dtw,prophet,ward,0.32174673676490784
4.0,standard,SD3,linear,dtw,prophet,complete,0.3112368583679199
111.0,standard,SD3,median,dtw,prophet,ward,0.32174673676490784
159.0,standard,SD3,linear,dtw,prophet,complete,0.29111936688423157
42.0,standard,SD6,linear,dtw,prophet,complete,0.25229498744010925
162.0,standard,SD5,median,dtw,prophet,ward,0.21717874705791473
251.0,standard,SD3,prophet,euclidean,prophet,ward,0.2894682288169861
116.0,standard,SD3,median,dtw,prophet,ward,0.32174673676490784
11.0,standard,SD3,linear,dtw,prophet,complete,0.3090379238128662
164.0,standard,SD3,prophet,dtw,prophet,hdbscan,0.1056428775191307
153.0,standard,SD3,prophet,dtw,prophet,complete,0.3409464657306671
28.0,minmax,SD3,linear,dtw,mean,complete,0.139872744679451
122.0,standard,SD3,median,dtw,prophet,ward,0.32174673676490784
232.0,standard,SD3,mean,dtw,prophet,ward,0.27389249205589294
25.0,standard,SD2,median,dtw,prophet,ward,0.2532249689102173
881.0,standard,SD3,mean,dtw,prophet,ward,0.26595157384872437
90.0,standard,SD5,linear,dtw,prophet,complete,0.27990439534187317
49.0,standard,SD3,mean,dtw,median,ward,0.1764538437128067
317.0,standard,SD3,mean,dtw,prophet,complete,0.25483977794647217
819.0,standard,SD3,median,dtw,prophet,ward,0.28503552079200745
471.0,standard,SD4,mean,dtw,prophet,ward,0.27360105514526367
3.0,zscore,SD2,mean,dtw,prophet,hdbscan,0.0010000000474974513
140.0,standard,SD3,median,dtw,prophet,ward,0.32174673676490784
98.0,standard,SD3,median,dtw,prophet,ward,0.3223845362663269
74.0,minmax,SD2,linear,dtw,prophet,weighted,0.1968415230512619
137.0,standard,SD3,mean,euclidean,prophet,ward,0.2455342411994934
158.0,minmax,SD5,prophet,dtw,prophet,ward,0.2402736246585846
750.0,minmax,SD2,mean,euclidean,dtw,average,0.12135644257068634
370.0,standard,SD4,median,euclidean,prophet,ward,0.2516559660434723
24.0,standard,SD2,mean,dtw,prophet,complete,0.23669324815273285
91.0,standard,SD2,mean,dtw,prophet,weighted,0.2253471165895462
458.0,standard,SD3,median,dtw,prophet,ward,0.2770569324493408
2.0,zscore,SD2,prophet,dtw,prophet,complete,0.083750419318676
9.0,standard,SD3,linear,dtw,prophet,complete,0.3090379238128662
805.0,standard,SD3,prophet,dtw,prophet,ward,0.28004905581474304
88.0,standard,SD3,linear,dtw,prophet,complete,0.3075985908508301
76.0,standard,SD2,mean,dtw,prophet,complete,0.3102293312549591
139.0,standard,SD2,prophet,dtw,prophet,complete,0.24427862465381622
137.0,standard,SD3,median,dtw,prophet,ward,0.32174673676490784
5.0,minmax,SD5,median,dtw,prophet,complete,0.2300521731376648
476.0,standard,SD3,median,dtw,prophet,ward,0.29024583101272583
99.0,standard,SD4,median,dtw,prophet,complete,0.22407272458076477
2.0,minmax,SD3,prophet,dtw,prophet,complete,0.2567025423049927
196.0,standard,SD3,median,dtw,prophet,ward,0.33220723271369934
124.0,standard,SD3,median,dtw,prophet,ward,0.32174673676490784
141.0,standard,SD3,median,dtw,prophet,ward,0.32174673676490784
14.0,standard,SD3,median,euclidean,prophet,complete,0.3277737498283386
13.0,standard,SD2,prophet,euclidean,prophet,complete,0.2517540454864502
132.0,standard,SD3,median,dtw,prophet,ward,0.32174673676490784
96.0,standard,SD3,mean,dtw,prophet,complete,0.28360825777053833
152.0,standard,SD3,prophet,dtw,prophet,complete,0.3021014928817749
103.0,standard,SD3,median,euclidean,prophet,complete,0.22868645191192627
155.0,standard,SD3,prophet,dtw,prophet,complete,0.3409464657306671
45.0,minmax,SD4,median,euclidean,prophet,complete,0.13088944554328918
152.0,zscore,SD4,linear,dtw,median,centroid,0.060104724019765854
33.0,zscore,SD3,median,dtw,mode,complete,0.0387183241546154
177.0,standard,SD4,prophet,dtw,prophet,complete,0.2209026962518692
168.0,standard,SD3,prophet,dtw,prophet,complete,0.3344763219356537
72.0,standard,SD3,median,dtw,prophet,ward,0.2915739119052887
84.0,minmax,SD6,mean,dtw,dtw,complete,0.18950729072093964
119.0,standard,SD6,linear,dtw,prophet,complete,0.25027552247047424
167.0,standard,SD3,prophet,dtw,prophet,complete,0.3344763219356537
187.0,minmax,SD2,median,dtw,prophet,ward,0.25448524951934814
15.0,standard,SD3,mean,euclidean,median,complete,0.17263762652873993
125.0,standard,SD3,median,dtw,prophet,weighted,0.21554681658744812
144.0,standard,SD3,median,dtw,prophet,ward,0.3177857995033264
429.0,standard,SD3,median,dtw,dtw,ward,0.24518795311450958
101.0,minmax,SD3,mean,dtw,prophet,complete,0.27320796251296997
827.0,standard,SD3,prophet,dtw,prophet,ward,0.28004905581474304
16.0,standard,SD2,linear,dtw,prophet,weighted,0.2440395951271057
303.0,minmax,SD4,prophet,dtw,prophet,ward,0.26670002937316895
260.0,standard,SD4,median,dtw,prophet,ward,0.24086084961891174
98.0,standard,SD3,median,euclidean,prophet,ward,0.2720993459224701
155.0,standard,SD3,median,dtw,dtw,complete,0.17855395376682281
51.0,standard,SD2,linear,dtw,median,complete,0.18212437629699707
123.0,minmax,SD4,mean,dtw,median,complete,0.19857968389987946
164.0,standard,SD3,prophet,dtw,prophet,complete,0.3344763219356537
537.0,standard,SD4,median,dtw,prophet,ward,0.24769212305545807
855.0,standard,SD4,mean,dtw,prophet,ward,0.25700438022613525
480.0,standard,SD3,median,dtw,prophet,complete,0.23893286287784576
9.0,standard,SD3,median,dtw,prophet,ward,0.2947937548160553
326.0,minmax,SD3,median,dtw,prophet,ward,0.23156753182411194
116.0,standard,SD3,mean,dtw,prophet,complete,0.27778005599975586
1166.0,minmax,SD5,mean,dtw,prophet,hdbscan,-0.052410788834095
110.0,standard,SD5,linear,dtw,prophet,ward,0.21105992794036865
160.0,standard,SD3,median,dtw,prophet,ward,0.3177857995033264
7.0,minmax,SD3,mean,dtw,mean,complete,0.20257450640201569
403.0,standard,SD3,median,dtw,prophet,ward,0.2571179270744324
241.0,standard,SD3,prophet,euclidean,prophet,ward,0.32087668776512146
134.0,standard,SD6,median,dtw,prophet,ward,0.2531716525554657
517.0,standard,SD3,median,dtw,prophet,ward,0.2660025954246521
1010.0,standard,SD4,median,dtw,prophet,complete,0.25715747475624084
508.0,standard,SD4,prophet,dtw,prophet,ward,0.23678740859031677
68.0,standard,SD3,linear,dtw,prophet,complete,0.3075985908508301
30.0,minmax,SD5,median,euclidean,prophet,complete,0.1809392124414444
79.0,standard,SD4,median,dtw,prophet,ward,0.285196989774704
736.0,standard,SD4,median,dtw,prophet,ward,0.2479413002729416
6.0,standard,SD3,prophet,dtw,dtw,complete,0.273025780916214
198.0,standard,SD3,median,dtw,prophet,ward,0.33220723271369934
794.0,standard,SD3,median,dtw,prophet,ward,0.28503552079200745
39.0,minmax,SD3,mean,dtw,dtw,complete,0.21751946210861206
89.0,standard,SD2,mean,dtw,prophet,complete,0.3102293312549591
165.0,standard,SD3,prophet,dtw,prophet,complete,0.3344763219356537
113.0,standard,SD3,median,dtw,prophet,ward,0.32174673676490784
8.0,standard,SD3,prophet,euclidean,prophet,complete,0.2894305884838104
274.0,standard,SD3,prophet,euclidean,prophet,ward,0.3448559045791626
104.0,standard,SD2,mean,dtw,prophet,complete,0.3102293312549591
306.0,minmax,SD3,mean,dtw,prophet,complete,0.2179524153470993
231.0,standard,SD2,median,euclidean,prophet,ward,0.23733890056610107
19.0,standard,SD3,linear,dtw,prophet,complete,0.3090379238128662
33.0,standard,SD3,median,dtw,prophet,complete,0.2670542299747467
15.0,minmax,SD3,median,euclidean,prophet,ward,0.15794269740581512
212.0,standard,SD2,linear,dtw,prophet,complete,0.2495950311422348
194.0,minmax,SD3,prophet,dtw,prophet,ward,0.2510605454444885
434.0,standard,SD3,median,dtw,prophet,ward,0.2400665134191513
64.0,standard,SD2,prophet,dtw,prophet,complete,0.24130022525787354
158.0,standard,SD3,prophet,dtw,prophet,complete,0.3409464657306671
758.0,standard,SD3,linear,dtw,prophet,ward,0.2602721154689789
40.0,standard,SD3,median,dtw,prophet,centroid,0.2871028780937195
72.0,standard,SD3,linear,dtw,dtw,complete,0.1843135803937912
21.0,minmax,SD6,median,euclidean,prophet,median,0.09346059709787369
57.0,minmax,SD3,prophet,dtw,prophet,complete,0.21180839836597443
152.0,standard,SD3,median,dtw,prophet,ward,0.3177857995033264
640.0,standard,SD2,mean,dtw,prophet,ward,0.2765772342681885
2.0,standard,SD3,mean,dtw,dtw,ward,0.20254288613796234
95.0,standard,SD3,linear,dtw,prophet,centroid,0.25554919242858887
439.0,standard,SD3,linear,dtw,prophet,complete,0.22715353965759277
365.0,standard,SD3,median,dtw,prophet,complete,0.24201521277427673
626.0,standard,SD3,median,dtw,prophet,complete,0.2068173736333847
411.0,standard,SD3,median,dtw,prophet,ward,0.2654460668563843
95.0,standard,SD3,median,dtw,prophet,ward,0.3223845362663269
132.0,standard,SD3,mean,dtw,dtw,ward,0.2539156973361969
265.0,standard,SD3,prophet,euclidean,prophet,ward,0.34488481283187866
685.0,standard,SD6,mean,dtw,prophet,ward,0.2755078375339508
296.0,standard,SD4,mean,dtw,prophet,ward,0.25647929310798645
417.0,minmax,SD2,linear,dtw,prophet,complete,0.10614052414894104
2.0,minmax,SD3,linear,dtw,prophet,weighted,0.2756548523902893
9.0,standard,SD3,median,dtw,mean,complete,0.12669683992862701
1169.0,zscore,SD3,mean,dtw,prophet,complete,0.08639015257358551
185.0,standard,SD3,median,dtw,prophet,ward,0.3113161623477936
1164.0,standard,SD2,prophet,dtw,prophet,ward,0.26160380244255066
648.0,zscore,SD3,median,dtw,mode,average,0.011217051185667515
210.0,standard,SD3,median,euclidean,prophet,ward,0.2649352550506592
30.0,standard,SD6,mean,dtw,prophet,ward,0.2627710700035095
918.0,standard,SD3,mean,dtw,prophet,ward,0.2642103135585785
12.0,standard,SD5,prophet,dtw,prophet,complete,0.27136313915252686
66.0,minmax,SD3,mean,dtw,prophet,complete,0.26714640855789185
278.0,minmax,SD3,mean,dtw,prophet,ward,0.23641330003738403
120.0,standard,SD3,median,dtw,prophet,ward,0.32174673676490784
68.0,standard,SD6,median,dtw,prophet,ward,0.24502766132354736
201.0,standard,SD3,median,dtw,prophet,ward,0.30144596099853516
154.0,standard,SD3,prophet,dtw,prophet,complete,0.3409464657306671
97.0,standard,SD3,median,dtw,prophet,complete,0.27522483468055725
243.0,standard,SD4,prophet,euclidean,prophet,ward,0.28867676854133606
569.0,standard,SD3,mean,dtw,prophet,ward,0.2715355157852173
437.0,standard,SD3,mean,dtw,prophet,ward,0.2452772557735443
792.0,standard,SD4,median,dtw,prophet,ward,0.2574273347854614
58.0,standard,SD3,linear,dtw,prophet,complete,0.3075985908508301
795.0,standard,SD3,mean,dtw,prophet,ward,0.2687014639377594
7.0,standard,SD3,linear,euclidean,prophet,complete,0.26564860343933105
304.0,standard,SD3,median,dtw,prophet,ward,0.249447762966156
9.0,minmax,SD3,prophet,dtw,mean,complete,0.27922987937927246
688.0,zscore,SD3,linear,euclidean,mean,centroid,0.0771438255906105
945.0,standard,SD3,linear,dtw,prophet,ward,0.26331019401550293
163.0,minmax,SD3,linear,dtw,median,complete,0.17145249247550964
132.0,standard,SD3,linear,dtw,prophet,complete,0.2776036262512207
52.0,standard,SD3,median,dtw,prophet,ward,0.30632221698760986
170.0,standard,SD4,median,dtw,prophet,ward,0.3025325834751129
149.0,standard,SD3,prophet,dtw,prophet,complete,0.29521316289901733
44.0,standard,SD5,mean,dtw,prophet,ward,0.22977492213249207
147.0,minmax,SD3,median,euclidean,prophet,complete,0.20847837626934052
147.0,standard,SD3,prophet,euclidean,prophet,complete,0.15922527015209198
161.0,standard,SD4,median,euclidean,prophet,ward,0.26853373646736145
2.0,standard,SD4,median,dtw,prophet,complete,0.2593330442905426
123.0,standard,SD3,median,dtw,prophet,ward,0.32174673676490784
10.0,minmax,SD6,median,dtw,prophet,complete,0.16873809695243835
40.0,zscore,SD3,mean,euclidean,prophet,complete,0.1471872478723526
169.0,standard,SD2,median,dtw,prophet,ward,0.26985612511634827
825.0,standard,SD3,mean,dtw,prophet,ward,0.26595157384872437
142.0,standard,SD3,median,dtw,prophet,ward,0.3177857995033264
112.0,standard,SD3,median,dtw,prophet,ward,0.32174673676490784
67.0,standard,SD4,linear,dtw,prophet,complete,0.22933781147003174
61.0,standard,SD3,prophet,euclidean,prophet,ward,0.2301466315984726
727.0,standard,SD3,median,dtw,prophet,ward,0.2823587954044342
101.0,standard,SD3,median,dtw,prophet,ward,0.3223845362663269
135.0,standard,SD3,prophet,dtw,prophet,complete,0.2871793806552887
2.0,standard,SD3,median,dtw,dtw,complete,0.20218102633953094
261.0,standard,SD3,median,dtw,prophet,ward,0.23382869362831116
162.0,standard,SD3,prophet,dtw,prophet,complete,0.32079997658729553
563.0,standard,SD3,median,dtw,prophet,ward,0.2622978687286377
15.0,minmax,SD2,mean,dtw,prophet,complete,0.23203301429748535
293.0,standard,SD3,prophet,dtw,prophet,ward,0.2235691398382187
382.0,standard,SD3,mean,dtw,prophet,weighted,0.21962390840053558
503.0,standard,SD3,mean,dtw,prophet,ward,0.27920910716056824
969.0,minmax,SD5,median,dtw,prophet,complete,0.19231310486793518
127.0,minmax,SD4,mean,dtw,prophet,ward,0.14917483925819397
15.0,standard,SD3,median,dtw,prophet,average,0.24174416065216064
370.0,standard,SD3,linear,dtw,prophet,ward,0.21163135766983032
62.0,minmax,SD2,median,euclidean,mean,complete,0.19800181686878204
200.0,standard,SD3,prophet,dtw,prophet,complete,0.2572198510169983
192.0,standard,SD3,mean,dtw,prophet,ward,0.2533533573150635
186.0,standard,SD3,median,dtw,prophet,centroid,0.22390247881412506
20.0,standard,SD2,linear,dtw,prophet,complete,0.2633775770664215
159.0,standard,SD3,prophet,dtw,prophet,complete,0.3409464657306671
156.0,standard,SD4,median,dtw,prophet,ward,0.29395732283592224
100.0,standard,SD3,prophet,dtw,prophet,complete,0.2812844216823578
384.0,standard,SD3,median,dtw,prophet,ward,0.25546640157699585
161.0,standard,SD3,prophet,dtw,prophet,complete,0.32079997658729553
12.0,standard,SD3,linear,dtw,prophet,centroid,0.2356489896774292
339.0,standard,SD3,median,dtw,prophet,ward,0.2514350414276123
17.0,minmax,SD3,median,dtw,dtw,ward,0.22870561480522156
651.0,standard,SD4,median,dtw,prophet,ward,0.23881368339061737
215.0,standard,SD6,median,dtw,prophet,ward,0.2485044002532959
110.0,standard,SD3,median,dtw,prophet,ward,0.32174673676490784
512.0,standard,SD2,median,dtw,prophet,ward,0.24979831278324127
700.0,standard,SD3,mean,dtw,prophet,ward,0.2687014639377594
56.0,standard,SD3,prophet,euclidean,prophet,complete,0.29853492975234985
72.0,standard,SD3,mean,dtw,prophet,ward,0.26569852232933044
395.0,standard,SD3,median,dtw,prophet,ward,0.23662689328193665
444.0,minmax,SD3,median,dtw,prophet,ward,0.20686928927898407
67.0,minmax,SD3,mean,dtw,prophet,complete,0.26714640855789185
20.0,standard,SD3,linear,dtw,prophet,complete,0.3090379238128662
261.0,standard,SD3,prophet,euclidean,prophet,ward,0.33416318893432617
719.0,standard,SD4,mean,dtw,prophet,ward,0.2586817443370819
669.0,standard,SD2,median,dtw,prophet,ward,0.2605576813220978
7.0,standard,SD3,prophet,dtw,prophet,complete,0.29090526700019836
211.0,standard,SD3,median,dtw,prophet,ward,0.3010807931423187
311.0,standard,SD3,linear,dtw,prophet,complete,0.24356262385845184
220.0,standard,SD3,mean,euclidean,prophet,ward,0.19642889499664307
156.0,standard,SD3,prophet,dtw,prophet,complete,0.3409464657306671
84.0,minmax,SD6,median,euclidean,prophet,complete,0.12002059817314148
258.0,standard,SD3,linear,dtw,prophet,ward,0.24698714911937714
6.0,standard,SD3,linear,dtw,prophet,weighted,0.2763935327529907
221.0,standard,SD3,median,dtw,prophet,average,0.2238844484090805
99.0,standard,SD3,median,dtw,prophet,ward,0.3223845362663269
752.0,standard,SD3,median,dtw,prophet,ward,0.2823587954044342
220.0,minmax,SD3,median,dtw,prophet,ward,0.23606061935424805
138.0,standard,SD3,median,dtw,prophet,ward,0.32174673676490784
2.0,minmax,SD5,prophet,dtw,mean,average,0.07324515283107758
24.0,standard,SD5,linear,dtw,prophet,weighted,0.24627333879470825
69.0,standard,SD3,linear,dtw,prophet,complete,0.3075985908508301
44.0,standard,SD3,prophet,dtw,prophet,ward,0.24609261751174927
78.0,standard,SD2,median,dtw,prophet,complete,0.2595413327217102
8.0,minmax,SD3,prophet,euclidean,mean,complete,0.09397202730178833
615.0,standard,SD3,median,euclidean,prophet,ward,0.2776353657245636
133.0,zscore,SD3,median,euclidean,prophet,complete,0.10613973438739777
128.0,standard,SD3,median,dtw,prophet,ward,0.32174673676490784
525.0,standard,SD3,prophet,dtw,prophet,ward,0.25262415409088135
17.0,standard,SD3,linear,dtw,prophet,complete,0.3090379238128662
516.0,standard,SD3,mean,euclidean,prophet,ward,0.2312721461057663
60.0,standard,SD3,mean,dtw,prophet,complete,0.2829882800579071
54.0,standard,SD3,linear,dtw,prophet,complete,0.3075985908508301
6.0,standard,SD3,median,dtw,mode,ward,0.22364793717861176
188.0,standard,SD3,linear,dtw,prophet,complete,0.25074344873428345
102.0,minmax,SD3,mean,euclidean,prophet,complete,0.12811565399169922
39.0,minmax,SD3,median,dtw,mode,complete,0.23291625082492828
17.0,standard,SD3,median,euclidean,prophet,complete,0.2747667133808136
3.0,standard,SD3,median,dtw,prophet,centroid,0.30509307980537415
181.0,standard,SD3,linear,dtw,prophet,ward,0.2343320995569229
3.0,minmax,SD3,median,dtw,prophet,ward,0.23519350588321686
111.0,standard,SD3,median,dtw,prophet,centroid,0.23905183374881744
63.0,minmax,SD3,linear,dtw,prophet,complete,0.24744665622711182
82.0,minmax,SD3,mean,dtw,prophet,single,-0.0012224583188071847
39.0,standard,SD3,median,dtw,prophet,ward,0.30632221698760986
439.0,standard,SD2,mean,dtw,prophet,ward,0.21036715805530548
407.0,standard,SD3,linear,dtw,prophet,ward,0.2322060465812683
330.0,standard,SD6,median,dtw,prophet,ward,0.2436552792787552
2.0,minmax,SD6,linear,dtw,mean,single,0.005436204373836517
142.0,standard,SD3,median,dtw,prophet,complete,0.255216509103775
496.0,standard,SD6,mean,dtw,prophet,ward,0.2641204595565796
354.0,standard,SD3,median,dtw,prophet,ward,0.23580746352672577
605.0,standard,SD3,mean,dtw,prophet,ward,0.27023860812187195
1056.0,minmax,SD5,median,dtw,mode,centroid,0.018383782356977463
479.0,standard,SD3,median,dtw,prophet,ward,0.29608842730522156
143.0,standard,SD3,prophet,dtw,prophet,ward,0.2300519198179245
608.0,standard,SD3,median,dtw,prophet,ward,0.2644454836845398
531.0,standard,SD3,median,dtw,prophet,ward,0.26678600907325745
75.0,standard,SD3,prophet,dtw,prophet,complete,0.29090526700019836
46.0,minmax,SD2,median,dtw,prophet,complete,0.2195882946252823
678.0,standard,SD3,median,dtw,prophet,complete,0.2068173736333847
115.0,standard,SD3,median,dtw,prophet,ward,0.32174673676490784
54.0,standard,SD3,mean,euclidean,prophet,ward,0.2942459285259247
436.0,standard,SD4,prophet,dtw,prophet,ward,0.2603549361228943
50.0,minmax,SD3,median,dtw,prophet,complete,0.2537859380245209
156.0,standard,SD3,median,dtw,prophet,ward,0.3177857995033264
