Comperiod,Scaling,Interpolation,Similarity,Unsynced,Linkmeth,ray/tune/_metric
82.0,standard,linear,euclidean,prophet,hdbscan,0.9128001928329468
51.0,minmax,linear,euclidean,prophet,complete,0.3211725056171417
33.0,standard,median,dtw,median,hdbscan,0.3723209500312805
12.0,standard,prophet,euclidean,prophet,single,0.8808384537696838
321.0,standard,prophet,euclidean,prophet,hdbscan,0.9100460410118103
107.0,standard,linear,euclidean,prophet,hdbscan,0.9128001928329468
404.0,standard,mean,euclidean,dtw,weighted,0.5435235500335693
158.0,standard,linear,euclidean,mode,hdbscan,0.15468235313892365
357.0,standard,prophet,euclidean,prophet,hdbscan,0.9099170565605164
252.0,standard,prophet,dtw,dtw,ward,0.5911842584609985
451.0,zscore,mean,euclidean,median,average,0.0007981141097843647
273.0,standard,prophet,euclidean,prophet,hdbscan,0.9100460410118103
111.0,standard,median,euclidean,prophet,centroid,0.3744390308856964
281.0,standard,prophet,euclidean,prophet,hdbscan,0.9135695695877075
269.0,standard,prophet,dtw,dtw,ward,0.561327338218689
287.0,standard,median,euclidean,prophet,hdbscan,0.9132859706878662
344.0,standard,mean,euclidean,prophet,hdbscan,0.9135648012161255
362.0,standard,median,euclidean,prophet,hdbscan,0.9099089503288269
284.0,minmax,mean,euclidean,dtw,ward,0.5571204423904419
733.0,minmax,linear,euclidean,dtw,median,0.31839320063591003
266.0,standard,mean,euclidean,dtw,hdbscan,0.36682140827178955
741.0,standard,mean,dtw,dtw,ward,0.36385154724121094
444.0,standard,prophet,euclidean,prophet,hdbscan,0.9138299822807312
174.0,standard,linear,euclidean,dtw,ward,0.5524696111679077
20.0,standard,mean,euclidean,dtw,median,0.3949187099933624
451.0,standard,median,dtw,prophet,hdbscan,0.45411160588264465
550.0,standard,median,euclidean,prophet,centroid,0.17910823225975037
581.0,standard,mean,euclidean,dtw,weighted,0.40735357999801636
298.0,standard,prophet,euclidean,prophet,hdbscan,0.9135695695877075
140.0,standard,prophet,euclidean,dtw,hdbscan,0.29868659377098083
168.0,zscore,linear,euclidean,dtw,centroid,8.447772415820509e-05
601.0,standard,mean,euclidean,dtw,median,0.3358252942562103
836.0,standard,mean,euclidean,dtw,ward,0.3549462556838989
967.0,zscore,linear,euclidean,median,ward,0.03053174540400505
335.0,standard,mean,euclidean,prophet,hdbscan,0.9135648012161255
135.0,standard,prophet,euclidean,median,weighted,0.2510535717010498
177.0,standard,median,euclidean,prophet,hdbscan,0.9128654599189758
475.0,zscore,mean,euclidean,mode,ward,0.13223600387573242
338.0,standard,prophet,euclidean,prophet,hdbscan,0.9100460410118103
59.0,standard,prophet,euclidean,median,hdbscan,0.3386026918888092
516.0,minmax,linear,dtw,dtw,ward,0.4505919814109802
467.0,standard,mean,euclidean,prophet,hdbscan,0.9140645265579224
16.0,standard,prophet,euclidean,prophet,median,0.41896530985832214
554.0,standard,linear,dtw,dtw,ward,0.5047305226325989
92.0,minmax,prophet,euclidean,prophet,hdbscan,0.809139609336853
57.0,standard,linear,euclidean,prophet,hdbscan,0.9128001928329468
222.0,standard,median,euclidean,prophet,hdbscan,0.9126442074775696
345.0,standard,median,euclidean,prophet,hdbscan,0.9105923175811768
269.0,standard,linear,euclidean,dtw,ward,0.544428825378418
224.0,standard,prophet,dtw,dtw,centroid,0.2083556354045868
263.0,minmax,mean,euclidean,prophet,single,0.457489550113678
36.0,zscore,median,euclidean,dtw,complete,0.02616158127784729
676.0,standard,mean,euclidean,dtw,ward,0.5317709445953369
403.0,minmax,median,euclidean,prophet,ward,0.3719952404499054
1125.0,minmax,median,euclidean,dtw,ward,0.3717062771320343
461.0,standard,mean,euclidean,prophet,hdbscan,0.9140645265579224
108.0,standard,mean,euclidean,prophet,single,0.8808384537696838
580.0,standard,prophet,euclidean,dtw,ward,0.5706894993782043
16.0,standard,median,euclidean,mean,hdbscan,0.25514888763427734
81.0,standard,mean,euclidean,prophet,hdbscan,0.9135147929191589
12.0,standard,prophet,dtw,prophet,single,0.000306071771774441
1154.0,standard,prophet,euclidean,mode,ward,0.09792166948318481
397.0,standard,median,euclidean,prophet,hdbscan,0.9131300449371338
299.0,standard,prophet,euclidean,prophet,average,0.4682450592517853
421.0,standard,mean,euclidean,mean,ward,0.22067327797412872
428.0,standard,linear,euclidean,prophet,hdbscan,0.9096605777740479
245.0,standard,linear,euclidean,prophet,hdbscan,0.9132972955703735
2.0,minmax,linear,dtw,mean,single,0.00012915412662550807
251.0,standard,prophet,euclidean,dtw,ward,0.5735570192337036
651.0,standard,linear,euclidean,mode,hdbscan,0.010807398706674576
330.0,standard,mean,euclidean,prophet,hdbscan,0.9135648012161255
508.0,standard,prophet,dtw,mode,ward,0.04515985772013664
251.0,standard,prophet,euclidean,prophet,hdbscan,0.9161114692687988
76.0,standard,linear,euclidean,prophet,hdbscan,0.9128001928329468
337.0,standard,mean,euclidean,dtw,ward,0.5544416904449463
612.0,standard,mean,dtw,prophet,hdbscan,0.28858867287635803
199.0,standard,mean,euclidean,prophet,hdbscan,0.9135147929191589
407.0,minmax,prophet,euclidean,dtw,ward,0.6406893730163574
413.0,standard,linear,euclidean,dtw,average,0.5855011343955994
385.0,standard,prophet,euclidean,prophet,median,0.14998149871826172
82.0,standard,linear,dtw,mean,weighted,0.19100916385650635
853.0,standard,mean,euclidean,prophet,weighted,0.05620644986629486
192.0,minmax,linear,euclidean,dtw,ward,0.5691431760787964
506.0,standard,linear,euclidean,prophet,hdbscan,0.8716152310371399
489.0,minmax,median,euclidean,dtw,complete,0.2537006437778473
25.0,standard,median,euclidean,mean,average,0.09335077553987503
436.0,standard,mean,euclidean,prophet,hdbscan,0.9096605777740479
296.0,standard,prophet,euclidean,prophet,hdbscan,0.9135695695877075
528.0,standard,linear,euclidean,prophet,single,-6.750687316525728e-05
131.0,standard,linear,euclidean,prophet,average,0.4710082411766052
138.0,standard,mean,euclidean,prophet,hdbscan,0.9135147929191589
717.0,standard,median,euclidean,dtw,weighted,0.28359419107437134
333.0,standard,mean,euclidean,prophet,hdbscan,0.9135648012161255
289.0,standard,mean,euclidean,prophet,hdbscan,0.911010205745697
251.0,standard,mean,euclidean,prophet,hdbscan,0.9132972955703735
459.0,standard,mean,dtw,dtw,hdbscan,0.441165030002594
150.0,standard,prophet,euclidean,prophet,hdbscan,0.9119647741317749
543.0,standard,median,euclidean,dtw,hdbscan,0.0015041071455925703
219.0,standard,median,euclidean,prophet,hdbscan,0.9126442074775696
29.0,standard,median,euclidean,prophet,hdbscan,0.9128654599189758
518.0,minmax,mean,euclidean,dtw,single,0.0001121971508837305
442.0,standard,mean,euclidean,prophet,hdbscan,0.9097228646278381
714.0,standard,median,euclidean,prophet,average,0.257030189037323
308.0,standard,linear,euclidean,prophet,hdbscan,0.911010205745697
245.0,standard,median,euclidean,prophet,hdbscan,0.9125058054924011
356.0,standard,median,euclidean,prophet,single,0.6915591359138489
93.0,standard,linear,euclidean,prophet,hdbscan,0.9128001928329468
1166.0,standard,prophet,euclidean,median,centroid,0.0748201310634613
101.0,minmax,linear,euclidean,prophet,single,0.5259695053100586
76.0,zscore,median,dtw,mode,ward,0.08478187769651413
9.0,standard,linear,dtw,prophet,hdbscan,0.4825478494167328
490.0,zscore,median,euclidean,prophet,ward,0.15869125723838806
420.0,standard,linear,euclidean,prophet,hdbscan,0.9101039171218872
500.0,standard,linear,euclidean,dtw,ward,0.5893937945365906
5.0,zscore,mean,euclidean,median,complete,-0.00010517962073208764
85.0,zscore,prophet,euclidean,prophet,single,-2.8627093342947774e-05
205.0,standard,linear,euclidean,prophet,hdbscan,0.9128001928329468
394.0,standard,prophet,euclidean,prophet,hdbscan,0.9110305905342102
548.0,standard,prophet,euclidean,prophet,ward,0.4059840738773346
34.0,standard,median,euclidean,prophet,hdbscan,0.9128654599189758
381.0,standard,linear,euclidean,prophet,hdbscan,0.9097139239311218
733.0,standard,median,dtw,prophet,ward,0.23283052444458008
110.0,standard,median,dtw,mode,ward,0.3454166352748871
451.0,standard,prophet,euclidean,prophet,hdbscan,0.9138299822807312
245.0,standard,prophet,euclidean,prophet,hdbscan,0.9161114692687988
468.0,minmax,median,euclidean,dtw,average,0.6166818141937256
550.0,standard,linear,dtw,dtw,hdbscan,0.3780148923397064
386.0,standard,median,euclidean,prophet,hdbscan,0.9105628132820129
373.0,minmax,mean,euclidean,prophet,hdbscan,0.6487094163894653
464.0,standard,mean,euclidean,prophet,hdbscan,0.9140645265579224
1150.0,zscore,mean,euclidean,prophet,ward,0.0322665199637413
514.0,standard,mean,euclidean,median,hdbscan,0.0012572036357596517
174.0,standard,prophet,euclidean,prophet,hdbscan,0.9119647741317749
132.0,standard,median,euclidean,prophet,hdbscan,0.9128654599189758
1049.0,standard,linear,dtw,dtw,centroid,0.23098839819431305
308.0,standard,median,dtw,prophet,ward,0.36822882294654846
101.0,standard,median,euclidean,prophet,hdbscan,0.9128654599189758
468.0,standard,median,euclidean,prophet,hdbscan,0.9101444482803345
358.0,standard,prophet,dtw,dtw,ward,0.4681033790111542
111.0,standard,mean,euclidean,prophet,hdbscan,0.9135147929191589
674.0,standard,mean,euclidean,dtw,hdbscan,0.27182161808013916
349.0,standard,mean,euclidean,prophet,hdbscan,0.9135648012161255
435.0,standard,prophet,euclidean,prophet,hdbscan,0.9105085134506226
663.0,minmax,median,euclidean,dtw,ward,0.49136999249458313
475.0,minmax,prophet,euclidean,dtw,ward,0.5959216952323914
246.0,minmax,mean,euclidean,prophet,ward,0.3713780641555786
166.0,standard,mean,euclidean,prophet,hdbscan,0.9135147929191589
683.0,standard,median,dtw,dtw,hdbscan,0.297025591135025
256.0,standard,mean,euclidean,dtw,weighted,0.5196570754051208
403.0,minmax,prophet,euclidean,dtw,ward,0.57744300365448
442.0,minmax,median,euclidean,dtw,ward,0.6626577377319336
182.0,standard,median,euclidean,prophet,single,0.8808384537696838
466.0,standard,median,euclidean,dtw,average,0.6011233925819397
361.0,standard,prophet,euclidean,prophet,hdbscan,0.9099170565605164
1153.0,standard,median,dtw,prophet,single,-2.3325304937316105e-05
375.0,standard,linear,euclidean,prophet,hdbscan,0.9097139239311218
389.0,standard,linear,euclidean,dtw,hdbscan,0.2779828608036041
21.0,standard,mean,dtw,prophet,centroid,0.28577926754951477
249.0,standard,linear,euclidean,prophet,hdbscan,0.9132972955703735
227.0,standard,mean,euclidean,prophet,hdbscan,0.9135147929191589
195.0,standard,mean,euclidean,prophet,hdbscan,0.9135147929191589
71.0,zscore,median,euclidean,dtw,hdbscan,0.016132086515426636
685.0,standard,prophet,euclidean,prophet,ward,0.2848392128944397
464.0,standard,prophet,euclidean,prophet,hdbscan,0.9097050428390503
351.0,standard,linear,euclidean,prophet,hdbscan,0.9135648012161255
504.0,standard,mean,euclidean,dtw,ward,0.6043975949287415
429.0,minmax,prophet,euclidean,dtw,ward,0.4798039197921753
40.0,standard,median,euclidean,prophet,hdbscan,0.9128654599189758
422.0,standard,prophet,euclidean,prophet,hdbscan,0.9100212454795837
53.0,standard,linear,euclidean,dtw,hdbscan,0.3523861765861511
68.0,standard,prophet,euclidean,prophet,hdbscan,0.9119647741317749
152.0,standard,median,euclidean,prophet,hdbscan,0.9128654599189758
29.0,standard,linear,euclidean,dtw,ward,0.49691253900527954
641.0,minmax,prophet,dtw,dtw,weighted,0.3164474666118622
175.0,standard,median,euclidean,prophet,hdbscan,0.9128654599189758
332.0,standard,mean,euclidean,prophet,hdbscan,0.9135648012161255
316.0,standard,median,euclidean,prophet,hdbscan,0.9093865156173706
124.0,standard,linear,euclidean,prophet,hdbscan,0.9128001928329468
496.0,standard,linear,euclidean,dtw,weighted,0.41869962215423584
414.0,standard,linear,euclidean,prophet,hdbscan,0.9101039171218872
31.0,zscore,median,euclidean,prophet,complete,0.04344959557056427
382.0,minmax,linear,euclidean,dtw,weighted,0.39687132835388184
427.0,standard,mean,euclidean,prophet,hdbscan,0.9096605777740479
473.0,standard,mean,dtw,dtw,ward,0.47264397144317627
276.0,minmax,linear,dtw,dtw,ward,0.42242464423179626
6.0,minmax,median,dtw,prophet,ward,0.36733540892601013
823.0,standard,mean,euclidean,prophet,ward,0.255084365606308
558.0,standard,prophet,dtw,median,hdbscan,0.0020917789079248905
282.0,standard,mean,dtw,prophet,hdbscan,0.48168039321899414
362.0,minmax,mean,euclidean,dtw,average,0.46982768177986145
1067.0,zscore,linear,dtw,mean,complete,0.16616536676883698
323.0,standard,mean,euclidean,prophet,hdbscan,0.9135648012161255
432.0,minmax,linear,euclidean,prophet,hdbscan,0.6475302577018738
523.0,standard,prophet,euclidean,dtw,ward,0.5623603463172913
397.0,standard,median,euclidean,prophet,single,0.6915591359138489
600.0,zscore,mean,dtw,median,centroid,0.005258962977677584
411.0,standard,mean,dtw,prophet,ward,0.2760355472564697
406.0,standard,median,euclidean,prophet,hdbscan,0.9126868844032288
413.0,minmax,linear,euclidean,prophet,single,0.33799728751182556
246.0,standard,linear,euclidean,prophet,hdbscan,0.9132972955703735
284.0,standard,median,euclidean,prophet,hdbscan,0.9133349657058716
138.0,zscore,median,euclidean,prophet,hdbscan,0.0010000000474974513
41.0,standard,linear,euclidean,prophet,ward,0.4728001654148102
27.0,standard,median,dtw,prophet,median,0.30483895540237427
4.0,standard,median,euclidean,mode,centroid,-4.74882654089015e-05
556.0,standard,prophet,euclidean,median,ward,0.0738195851445198
471.0,standard,linear,euclidean,prophet,hdbscan,0.9145075678825378
964.0,zscore,prophet,euclidean,mode,weighted,0.11850940436124802
30.0,standard,median,euclidean,mode,single,0.00023699726443737745
209.0,standard,median,euclidean,prophet,single,0.8808384537696838
378.0,standard,prophet,euclidean,prophet,hdbscan,0.9126876592636108
593.0,standard,median,dtw,mean,ward,0.06102108582854271
386.0,standard,mean,euclidean,prophet,hdbscan,0.9097139239311218
410.0,standard,median,euclidean,prophet,hdbscan,0.9101234674453735
399.0,standard,prophet,euclidean,prophet,hdbscan,0.9110305905342102
319.0,minmax,median,euclidean,prophet,hdbscan,0.7201420664787292
450.0,standard,mean,euclidean,prophet,hdbscan,0.9110305905342102
103.0,standard,prophet,euclidean,prophet,hdbscan,0.9119647741317749
670.0,standard,mean,euclidean,prophet,complete,0.20000191032886505
326.0,standard,median,euclidean,prophet,hdbscan,0.9105923175811768
397.0,standard,prophet,euclidean,prophet,hdbscan,0.9110305905342102
396.0,standard,mean,euclidean,dtw,median,0.29018262028694153
173.0,standard,median,euclidean,prophet,hdbscan,0.9128654599189758
160.0,standard,linear,euclidean,prophet,hdbscan,0.9128001928329468
239.0,standard,mean,euclidean,prophet,hdbscan,0.9128579497337341
515.0,standard,mean,dtw,prophet,ward,0.28267890214920044
354.0,standard,median,euclidean,prophet,ward,0.45240506529808044
256.0,standard,mean,dtw,dtw,ward,0.5911842584609985
315.0,standard,linear,euclidean,prophet,hdbscan,0.91404789686203
32.0,standard,mean,euclidean,prophet,hdbscan,0.9135147929191589
301.0,standard,median,euclidean,prophet,hdbscan,0.9133349657058716
395.0,standard,mean,euclidean,prophet,hdbscan,0.9133517146110535
535.0,standard,median,euclidean,prophet,hdbscan,0.7542163729667664
346.0,standard,mean,euclidean,prophet,hdbscan,0.9135648012161255
307.0,standard,linear,euclidean,mean,ward,0.2819349467754364
543.0,minmax,prophet,euclidean,dtw,ward,0.5756447911262512
122.0,standard,median,euclidean,prophet,hdbscan,0.9128654599189758
253.0,standard,mean,euclidean,prophet,hdbscan,0.9132972955703735
446.0,standard,linear,euclidean,prophet,hdbscan,0.9110305905342102
92.0,standard,prophet,dtw,dtw,ward,0.4283691644668579
235.0,minmax,linear,euclidean,prophet,hdbscan,0.6490983366966248
725.0,standard,mean,euclidean,dtw,average,0.30868321657180786
411.0,standard,mean,dtw,prophet,average,0.25825393199920654
70.0,standard,mean,dtw,prophet,average,0.29262906312942505
416.0,standard,mean,euclidean,prophet,hdbscan,0.9101039171218872
259.0,standard,linear,euclidean,median,average,0.18266591429710388
264.0,standard,linear,dtw,dtw,hdbscan,0.46920663118362427
371.0,standard,mean,euclidean,prophet,hdbscan,0.9088317155838013
828.0,standard,mean,euclidean,dtw,hdbscan,0.34063035249710083
471.0,minmax,mean,euclidean,prophet,hdbscan,0.6440602540969849
474.0,standard,mean,euclidean,prophet,hdbscan,0.9100460410118103
267.0,standard,linear,euclidean,prophet,hdbscan,0.910207211971283
28.0,standard,mean,euclidean,mean,median,0.08274297416210175
659.0,minmax,median,dtw,dtw,ward,0.4306410551071167
102.0,zscore,linear,dtw,prophet,ward,0.19506579637527466
376.0,standard,mean,euclidean,prophet,hdbscan,0.9097139239311218
488.0,standard,median,euclidean,prophet,hdbscan,0.9016703367233276
631.0,standard,mean,euclidean,dtw,average,0.48122796416282654
1055.0,standard,median,dtw,mode,ward,0.12222398072481155
750.0,minmax,median,euclidean,median,ward,0.04485135152935982
367.0,standard,median,euclidean,prophet,hdbscan,0.9105628132820129
619.0,standard,mean,euclidean,prophet,hdbscan,0.46078988909721375
35.0,zscore,linear,euclidean,mean,hdbscan,0.014871301129460335
212.0,standard,mean,euclidean,prophet,hdbscan,0.9135147929191589
354.0,minmax,median,dtw,prophet,hdbscan,0.31636497378349304
570.0,zscore,prophet,euclidean,dtw,single,0.00012512477405834943
119.0,zscore,prophet,dtw,median,hdbscan,0.015923047438263893
416.0,standard,linear,euclidean,prophet,hdbscan,0.9101039171218872
282.0,standard,prophet,euclidean,dtw,average,0.48339182138442993
508.0,standard,linear,dtw,dtw,weighted,0.224819615483284
934.0,standard,mean,dtw,dtw,ward,0.34449440240859985
328.0,standard,prophet,euclidean,dtw,weighted,0.5668684840202332
620.0,standard,linear,euclidean,dtw,ward,0.5855388045310974
437.0,standard,median,euclidean,prophet,hdbscan,0.9101322293281555
312.0,standard,linear,euclidean,prophet,hdbscan,0.91404789686203
28.0,minmax,mean,euclidean,dtw,hdbscan,0.4427627921104431
211.0,standard,prophet,euclidean,prophet,hdbscan,0.9149554371833801
137.0,standard,mean,euclidean,prophet,hdbscan,0.9135147929191589
222.0,standard,linear,euclidean,prophet,hdbscan,0.9128001928329468
460.0,minmax,linear,euclidean,dtw,ward,0.6290707588195801
390.0,standard,median,euclidean,prophet,hdbscan,0.9131300449371338
176.0,standard,prophet,euclidean,prophet,hdbscan,0.9119647741317749
232.0,standard,median,dtw,dtw,average,0.45366474986076355
12.0,standard,median,euclidean,prophet,hdbscan,0.9128654599189758
67.0,standard,mean,dtw,prophet,weighted,0.41624611616134644
593.0,minmax,mean,euclidean,dtw,ward,0.5495949387550354
137.0,standard,linear,euclidean,dtw,ward,0.4787140190601349
490.0,standard,linear,euclidean,prophet,hdbscan,0.9016830325126648
407.0,standard,linear,dtw,prophet,single,0.000306071771774441
85.0,standard,median,euclidean,prophet,hdbscan,0.9128654599189758
495.0,standard,mean,euclidean,prophet,hdbscan,0.8999118804931641
877.0,standard,linear,dtw,dtw,single,0.00021598856255877763
458.0,standard,linear,euclidean,prophet,hdbscan,0.9142243266105652
75.0,standard,median,euclidean,prophet,hdbscan,0.9128654599189758
339.0,zscore,mean,euclidean,prophet,ward,0.1810486614704132
613.0,standard,mean,euclidean,prophet,weighted,0.16890692710876465
367.0,standard,prophet,dtw,dtw,complete,0.25789543986320496
242.0,standard,prophet,euclidean,prophet,single,0.8808384537696838
178.0,standard,median,euclidean,prophet,hdbscan,0.9128654599189758
538.0,standard,linear,dtw,prophet,hdbscan,0.4125564694404602
485.0,standard,median,euclidean,prophet,weighted,0.29019996523857117
292.0,standard,median,euclidean,prophet,hdbscan,0.9133349657058716
3.0,standard,prophet,euclidean,median,single,0.06457285583019257
204.0,standard,median,euclidean,prophet,hdbscan,0.9126442074775696
14.0,standard,prophet,dtw,dtw,ward,0.4279979169368744
265.0,standard,linear,euclidean,prophet,hdbscan,0.910207211971283
518.0,standard,mean,euclidean,prophet,hdbscan,0.8235717415809631
239.0,standard,prophet,euclidean,prophet,hdbscan,0.9122801423072815
1056.0,minmax,mean,euclidean,mean,ward,0.04280887171626091
248.0,standard,median,euclidean,prophet,hdbscan,0.9125058054924011
437.0,zscore,mean,euclidean,prophet,hdbscan,0.0010000000474974513
309.0,standard,median,euclidean,prophet,hdbscan,0.9133349657058716
498.0,minmax,median,euclidean,prophet,hdbscan,0.6951954960823059
11.0,zscore,linear,dtw,dtw,ward,0.12676164507865906
799.0,standard,prophet,dtw,dtw,complete,0.30021214485168457
900.0,minmax,prophet,dtw,prophet,median,0.04670839384198189
439.0,standard,median,euclidean,prophet,single,0.6915591359138489
50.0,standard,mean,euclidean,prophet,hdbscan,0.9135147929191589
538.0,standard,mean,dtw,prophet,average,0.12005245685577393
397.0,standard,mean,euclidean,prophet,hdbscan,0.9133517146110535
376.0,standard,mean,euclidean,median,hdbscan,0.028367619961500168
290.0,standard,linear,euclidean,prophet,hdbscan,0.911010205745697
282.0,standard,mean,euclidean,prophet,hdbscan,0.911010205745697
651.0,zscore,mean,dtw,median,single,8.999257261166349e-05
1193.0,standard,linear,dtw,dtw,hdbscan,0.2937195599079132
407.0,standard,linear,dtw,dtw,average,0.32728296518325806
26.0,minmax,mean,euclidean,prophet,average,0.37975192070007324
329.0,minmax,prophet,euclidean,dtw,ward,0.625444233417511
495.0,minmax,median,euclidean,prophet,ward,0.5507305264472961
322.0,standard,prophet,euclidean,prophet,hdbscan,0.9100460410118103
417.0,minmax,median,dtw,dtw,ward,0.4142568111419678
403.0,standard,mean,euclidean,prophet,hdbscan,0.9133517146110535
615.0,standard,linear,euclidean,dtw,ward,0.617232620716095
396.0,standard,prophet,dtw,median,ward,0.1496507078409195
31.0,standard,prophet,euclidean,prophet,hdbscan,0.9119647741317749
151.0,standard,median,euclidean,prophet,hdbscan,0.9128654599189758
607.0,standard,linear,dtw,prophet,ward,0.25016865134239197
416.0,standard,prophet,euclidean,prophet,hdbscan,0.9104645252227783
430.0,standard,median,euclidean,prophet,hdbscan,0.9101322293281555
44.0,standard,median,dtw,dtw,single,0.000306071771774441
454.0,standard,linear,euclidean,prophet,hdbscan,0.9142243266105652
247.0,standard,median,dtw,dtw,median,0.2626657485961914
13.0,minmax,linear,euclidean,dtw,weighted,0.45558589696884155
381.0,standard,prophet,dtw,dtw,hdbscan,0.45110997557640076
578.0,standard,mean,euclidean,mean,ward,0.07921779900789261
531.0,standard,mean,euclidean,dtw,average,0.47671201825141907
204.0,standard,prophet,euclidean,prophet,hdbscan,0.9149554371833801
728.0,standard,mean,euclidean,prophet,hdbscan,0.14847715198993683
1118.0,minmax,mean,euclidean,prophet,hdbscan,0.2416771948337555
78.0,standard,mean,euclidean,prophet,hdbscan,0.9135147929191589
33.0,standard,linear,euclidean,median,ward,0.5476868748664856
62.0,zscore,linear,dtw,mean,ward,0.19963140785694122
228.0,standard,mean,euclidean,prophet,hdbscan,0.9135147929191589
11.0,standard,linear,euclidean,prophet,hdbscan,0.9128001928329468
257.0,standard,prophet,euclidean,prophet,hdbscan,0.91582852602005
485.0,standard,mean,euclidean,prophet,complete,0.17861033976078033
152.0,standard,linear,euclidean,prophet,hdbscan,0.9128001928329468
691.0,zscore,median,dtw,prophet,ward,0.03370846435427666
445.0,standard,prophet,euclidean,prophet,hdbscan,0.9138299822807312
301.0,standard,mean,dtw,mean,weighted,0.2940400242805481
439.0,standard,linear,euclidean,prophet,hdbscan,0.9096605777740479
123.0,standard,mean,euclidean,prophet,hdbscan,0.9135147929191589
297.0,standard,mean,euclidean,prophet,complete,0.23711951076984406
1146.0,standard,mean,euclidean,dtw,ward,0.3480323553085327
447.0,standard,prophet,euclidean,prophet,ward,0.5325661301612854
478.0,standard,prophet,euclidean,prophet,hdbscan,0.907558798789978
428.0,minmax,median,euclidean,dtw,average,0.6428687572479248
482.0,standard,mean,euclidean,prophet,hdbscan,0.9016703367233276
144.0,standard,linear,euclidean,mean,ward,0.44273367524147034
352.0,standard,mean,euclidean,prophet,hdbscan,0.9135648012161255
56.0,minmax,median,dtw,dtw,hdbscan,0.3136335015296936
150.0,standard,median,euclidean,prophet,hdbscan,0.9128654599189758
193.0,standard,linear,euclidean,prophet,hdbscan,0.9128001928329468
301.0,standard,mean,euclidean,mode,complete,0.1482897400856018
4.0,standard,linear,euclidean,dtw,complete,0.20506830513477325
306.0,standard,linear,euclidean,prophet,hdbscan,0.911010205745697
424.0,standard,prophet,euclidean,prophet,hdbscan,0.9100212454795837
113.0,standard,linear,euclidean,prophet,weighted,0.38889068365097046
459.0,standard,median,euclidean,prophet,hdbscan,0.9103325605392456
121.0,standard,prophet,euclidean,prophet,hdbscan,0.9119647741317749
424.0,zscore,prophet,euclidean,dtw,ward,0.10533155500888824
1186.0,standard,mean,euclidean,mean,single,6.208573176991194e-05
254.0,standard,median,euclidean,prophet,hdbscan,0.9125058054924011
408.0,standard,linear,euclidean,prophet,hdbscan,0.9133517146110535
221.0,standard,mean,dtw,dtw,ward,0.4145544171333313
766.0,standard,prophet,dtw,median,ward,0.06841260194778442
464.0,standard,linear,euclidean,dtw,ward,0.5988991856575012
247.0,standard,prophet,euclidean,prophet,hdbscan,0.9161114692687988
172.0,standard,mean,euclidean,prophet,hdbscan,0.9135147929191589
652.0,standard,prophet,euclidean,dtw,complete,0.4029504060745239
3.0,minmax,median,euclidean,median,ward,0.4293408989906311
782.0,standard,linear,euclidean,dtw,ward,0.5220267176628113
24.0,zscore,mean,euclidean,dtw,ward,0.5585963726043701
486.0,minmax,linear,euclidean,dtw,ward,0.6104848384857178
290.0,standard,prophet,euclidean,mode,ward,0.10263373702764511
1175.0,zscore,median,euclidean,dtw,weighted,0.000142473159939982
603.0,standard,mean,dtw,dtw,ward,0.44036978483200073
527.0,standard,mean,dtw,dtw,average,0.19876353442668915
81.0,standard,median,euclidean,prophet,hdbscan,0.9128654599189758
299.0,standard,linear,euclidean,prophet,single,0.6915591359138489
406.0,standard,prophet,euclidean,dtw,ward,0.5941510200500488
17.0,zscore,linear,dtw,prophet,hdbscan,0.0010000000474974513
996.0,standard,mean,dtw,prophet,hdbscan,0.0763666033744812
453.0,standard,prophet,euclidean,dtw,ward,0.5776695013046265
276.0,standard,median,euclidean,dtw,ward,0.557421863079071
2.0,minmax,linear,euclidean,prophet,hdbscan,0.8091419339179993
454.0,standard,mean,euclidean,prophet,hdbscan,0.9142243266105652
364.0,standard,mean,euclidean,prophet,hdbscan,0.9135648012161255
71.0,standard,mean,dtw,median,complete,0.17119397222995758
495.0,standard,linear,euclidean,prophet,ward,0.531221866607666
25.0,minmax,median,euclidean,dtw,average,0.4312554895877838
469.0,standard,median,euclidean,prophet,hdbscan,0.9101444482803345
213.0,standard,prophet,euclidean,prophet,hdbscan,0.9149554371833801
136.0,standard,prophet,euclidean,prophet,hdbscan,0.9119647741317749
338.0,standard,mean,euclidean,prophet,hdbscan,0.9135648012161255
157.0,standard,linear,euclidean,prophet,hdbscan,0.9128001928329468
284.0,standard,linear,euclidean,prophet,hdbscan,0.911010205745697
407.0,standard,mean,euclidean,prophet,average,0.3605268597602844
73.0,standard,mean,euclidean,prophet,hdbscan,0.9135147929191589
729.0,standard,median,euclidean,median,hdbscan,0.009286369197070599
35.0,standard,prophet,euclidean,dtw,centroid,0.03639693930745125
450.0,standard,prophet,euclidean,prophet,hdbscan,0.9138299822807312
43.0,standard,mean,euclidean,dtw,single,0.00016223729471676052
147.0,standard,linear,euclidean,prophet,hdbscan,0.9128001928329468
284.0,minmax,prophet,euclidean,dtw,ward,0.5474875569343567
216.0,standard,mean,euclidean,prophet,hdbscan,0.9135147929191589
411.0,standard,linear,euclidean,dtw,ward,0.5827645063400269
549.0,minmax,mean,euclidean,prophet,hdbscan,0.5572770237922668
445.0,minmax,prophet,euclidean,dtw,ward,0.6597148180007935
220.0,standard,median,dtw,prophet,complete,0.25112640857696533
15.0,zscore,linear,euclidean,mode,ward,0.44187065958976746
234.0,standard,linear,euclidean,prophet,hdbscan,0.9128001928329468
109.0,standard,linear,dtw,dtw,weighted,0.40719377994537354
460.0,standard,mean,euclidean,prophet,hdbscan,0.9140645265579224
188.0,standard,prophet,euclidean,prophet,hdbscan,0.9119647741317749
41.0,standard,mean,euclidean,prophet,hdbscan,0.9135147929191589
60.0,standard,linear,dtw,median,ward,0.35262763500213623
283.0,standard,prophet,euclidean,prophet,hdbscan,0.9135695695877075
676.0,zscore,median,euclidean,dtw,hdbscan,0.0010000000474974513
354.0,standard,prophet,euclidean,prophet,weighted,0.4762480854988098
343.0,standard,mean,dtw,prophet,weighted,0.2603711485862732
558.0,standard,mean,euclidean,prophet,hdbscan,0.7170120477676392
50.0,zscore,mean,euclidean,mode,hdbscan,0.0010000000474974513
398.0,standard,prophet,euclidean,prophet,centroid,0.24385303258895874
266.0,standard,mean,euclidean,prophet,hdbscan,0.9094902276992798
285.0,standard,mean,euclidean,median,ward,0.34057101607322693
201.0,minmax,linear,euclidean,dtw,ward,0.5563145279884338
882.0,zscore,median,euclidean,mean,hdbscan,0.01512522529810667
258.0,standard,mean,euclidean,prophet,single,0.8808384537696838
137.0,standard,median,dtw,mode,hdbscan,0.11587323248386383
344.0,standard,linear,euclidean,prophet,hdbscan,0.9135648012161255
185.0,standard,median,euclidean,prophet,hdbscan,0.9128654599189758
727.0,standard,median,euclidean,dtw,ward,0.5038962960243225
260.0,standard,median,euclidean,prophet,hdbscan,0.9094451069831848
38.0,minmax,mean,dtw,dtw,average,0.3184601962566376
169.0,standard,mean,euclidean,prophet,hdbscan,0.9135147929191589
439.0,minmax,mean,euclidean,dtw,ward,0.6479130983352661
597.0,minmax,prophet,dtw,mode,hdbscan,0.14603860676288605
981.0,standard,mean,euclidean,dtw,average,0.24124041199684143
801.0,zscore,median,dtw,dtw,ward,0.22415992617607117
287.0,standard,mean,euclidean,prophet,hdbscan,0.9109560251235962
542.0,standard,mean,euclidean,prophet,average,0.3181702792644501
896.0,zscore,mean,dtw,mode,ward,0.1565597802400589
382.0,standard,mean,euclidean,prophet,hdbscan,0.9097139239311218
6.0,zscore,linear,euclidean,prophet,ward,0.4529213011264801
467.0,minmax,median,euclidean,dtw,centroid,0.36303040385246277
763.0,zscore,mean,dtw,prophet,single,-5.652677373291226e-06
22.0,standard,linear,euclidean,dtw,ward,0.5616484880447388
306.0,standard,mean,euclidean,prophet,hdbscan,0.911010205745697
150.0,standard,linear,euclidean,prophet,hdbscan,0.9128001928329468
241.0,standard,prophet,euclidean,prophet,hdbscan,0.91255784034729
370.0,standard,median,dtw,dtw,weighted,0.2563576400279999
300.0,standard,mean,euclidean,prophet,hdbscan,0.911010205745697
