Comperiod,Scaling,Outliers,Interpolation,Similarity,Unsynced,Linkmeth,ray/tune/_metric
654.0,standard,SD2,mean,euclidean,prophet,ward,0.6240140199661255
556.0,standard,SD2,mean,euclidean,prophet,weighted,0.6520963311195374
570.0,minmax,SD2,median,euclidean,median,single,0.8608385324478149
494.0,minmax,SD2,prophet,euclidean,prophet,single,0.8608385324478149
480.0,minmax,SD2,linear,euclidean,median,single,0.8608385324478149
130.0,standard,SD5,mean,euclidean,dtw,average,0.7262079119682312
321.0,minmax,SD2,median,euclidean,prophet,single,0.8608385324478149
540.0,standard,SD2,median,euclidean,median,ward,0.8556891679763794
609.0,standard,SD2,median,euclidean,prophet,ward,0.8556891679763794
526.0,minmax,SD2,median,euclidean,median,single,0.8608385324478149
97.0,standard,SD3,mean,euclidean,median,complete,0.7262079119682312
218.0,standard,SD2,prophet,euclidean,dtw,ward,0.8556891679763794
678.0,standard,SD2,mean,euclidean,dtw,complete,0.6520963311195374
585.0,standard,SD2,median,euclidean,prophet,ward,0.8556891679763794
382.0,minmax,SD2,median,euclidean,mean,weighted,0.8608385324478149
443.0,minmax,SD2,median,euclidean,mode,single,0.8608385324478149
56.0,minmax,SD2,prophet,euclidean,prophet,complete,0.5968992114067078
465.0,standard,SD2,mean,euclidean,mode,ward,0.8556891679763794
486.0,minmax,SD2,linear,euclidean,prophet,single,0.8608385324478149
88.0,minmax,SD2,prophet,euclidean,median,weighted,0.8608385324478149
486.0,minmax,SD2,median,euclidean,median,single,0.8608385324478149
504.0,standard,SD2,mean,euclidean,prophet,ward,0.8556891679763794
500.0,minmax,SD2,mean,euclidean,prophet,single,0.8608385324478149
24.0,zscore,SD5,mean,euclidean,prophet,hdbscan,0.0010000000474974513
396.0,standard,SD2,prophet,euclidean,prophet,ward,0.8556891679763794
405.0,minmax,SD2,linear,euclidean,mean,weighted,0.8608385324478149
447.0,standard,SD2,median,euclidean,prophet,ward,0.6520963311195374
552.0,minmax,SD2,linear,euclidean,prophet,single,0.8608385324478149
486.0,standard,SD4,median,euclidean,prophet,ward,0.440559446811676
452.0,minmax,SD2,prophet,euclidean,prophet,single,0.8608385324478149
572.0,standard,SD2,median,euclidean,median,single,0.6228847503662109
54.0,minmax,SD2,median,euclidean,dtw,single,0.8608385324478149
176.0,minmax,SD2,prophet,euclidean,dtw,weighted,0.8608385324478149
601.0,standard,SD2,linear,euclidean,median,ward,0.8556891679763794
260.0,minmax,SD2,prophet,euclidean,median,weighted,0.8608385324478149
429.0,standard,SD2,prophet,euclidean,prophet,ward,0.8556891679763794
3.0,minmax,SD2,prophet,euclidean,prophet,single,0.8608385324478149
47.0,minmax,SD2,prophet,dtw,prophet,weighted,0.5297157764434814
317.0,minmax,SD2,linear,dtw,mode,complete,0.6240140199661255
552.0,minmax,SD2,median,euclidean,median,single,0.8608385324478149
501.0,minmax,SD2,median,euclidean,median,single,0.8608385324478149
629.0,standard,SD2,linear,euclidean,prophet,ward,0.8556891679763794
554.0,minmax,SD2,linear,euclidean,median,single,0.8608385324478149
41.0,minmax,SD2,linear,euclidean,mean,weighted,0.8608385324478149
572.0,standard,SD2,median,euclidean,prophet,complete,0.6240140199661255
375.0,minmax,SD2,prophet,euclidean,mean,weighted,0.8608385324478149
89.0,minmax,SD2,prophet,euclidean,prophet,single,0.8608385324478149
383.0,standard,SD6,median,euclidean,mode,median,0.7262079119682312
672.0,standard,SD4,linear,euclidean,median,complete,0.7262079119682312
57.0,minmax,SD2,linear,euclidean,mode,single,0.8608385324478149
610.0,standard,SD3,median,euclidean,prophet,average,0.7262079119682312
350.0,minmax,SD2,mean,euclidean,mode,weighted,0.8608385324478149
381.0,minmax,SD2,prophet,euclidean,prophet,single,0.8608385324478149
563.0,standard,SD3,median,euclidean,median,weighted,0.7262079119682312
470.0,minmax,SD2,median,euclidean,prophet,single,0.8608385324478149
669.0,standard,SD2,linear,euclidean,prophet,ward,0.8556891679763794
624.0,standard,SD2,linear,euclidean,prophet,complete,0.6240140199661255
586.0,standard,SD2,mean,euclidean,prophet,ward,0.8556891679763794
634.0,standard,SD2,median,euclidean,median,ward,0.8556891679763794
563.0,minmax,SD2,median,euclidean,prophet,single,0.8608385324478149
515.0,minmax,SD2,median,euclidean,prophet,ward,0.6520963311195374
34.0,minmax,SD2,prophet,euclidean,prophet,single,0.8608385324478149
669.0,standard,SD5,median,dtw,prophet,complete,0.477525919675827
289.0,minmax,SD2,linear,euclidean,prophet,single,0.8608385324478149
638.0,standard,SD2,prophet,euclidean,prophet,ward,0.6520963311195374
238.0,minmax,SD2,prophet,dtw,prophet,median,0.6240140199661255
627.0,standard,SD5,median,euclidean,prophet,complete,0.5484374761581421
438.0,standard,SD2,median,euclidean,mean,ward,0.8556891679763794
2.0,standard,SD5,mean,dtw,mean,ward,0.5484374761581421
702.0,standard,SD4,prophet,euclidean,prophet,average,0.7262079119682312
482.0,minmax,SD2,linear,euclidean,mode,single,0.8608385324478149
487.0,minmax,SD2,prophet,euclidean,prophet,single,0.8608385324478149
469.0,minmax,SD2,median,euclidean,median,single,0.8608385324478149
507.0,minmax,SD2,median,euclidean,median,single,0.8608385324478149
88.0,minmax,SD2,median,euclidean,median,single,0.8608385324478149
580.0,standard,SD2,mean,euclidean,median,complete,0.6240140199661255
568.0,standard,SD2,median,euclidean,prophet,average,0.6520963311195374
697.0,standard,SD2,median,euclidean,prophet,ward,0.6240140199661255
499.0,minmax,SD2,mean,euclidean,prophet,single,0.8608385324478149
541.0,minmax,SD2,prophet,euclidean,prophet,single,0.8608385324478149
336.0,standard,SD2,linear,euclidean,dtw,ward,0.8556891679763794
101.0,minmax,SD2,mean,euclidean,prophet,median,0.5968992114067078
470.0,minmax,SD2,mean,euclidean,median,weighted,0.5297157764434814
396.0,minmax,SD2,median,euclidean,prophet,weighted,0.8608385324478149
434.0,standard,SD2,linear,euclidean,prophet,ward,0.8556891679763794
717.0,standard,SD4,prophet,euclidean,median,complete,0.6019283533096313
759.0,zscore,SD3,linear,euclidean,dtw,average,-0.09387395530939102
404.0,standard,SD2,mean,euclidean,median,ward,0.8556891679763794
1192.0,zscore,SD6,mean,euclidean,mode,single,0.0010000000474974513
426.0,minmax,SD2,median,euclidean,mode,weighted,0.8608385324478149
632.0,standard,SD2,mean,euclidean,median,ward,0.5297157764434814
479.0,minmax,SD2,prophet,euclidean,mean,weighted,0.33109620213508606
513.0,minmax,SD2,mean,euclidean,dtw,single,0.5129348635673523
597.0,standard,SD2,mean,euclidean,prophet,ward,0.8556891679763794
428.0,minmax,SD2,mean,euclidean,prophet,weighted,0.8608385324478149
383.0,standard,SD2,mean,euclidean,mean,ward,0.8556891679763794
95.0,standard,SD2,prophet,euclidean,prophet,ward,0.8556891679763794
667.0,standard,SD2,mean,euclidean,prophet,complete,0.8556891679763794
387.0,minmax,SD2,median,euclidean,median,single,0.8608385324478149
95.0,standard,SD5,linear,euclidean,prophet,average,0.7262079119682312
602.0,standard,SD2,linear,euclidean,mode,ward,0.8556891679763794
664.0,standard,SD2,prophet,euclidean,median,ward,0.5956644415855408
575.0,standard,SD2,median,euclidean,prophet,ward,0.8556891679763794
295.0,standard,SD3,mean,euclidean,prophet,centroid,0.7262079119682312
61.0,standard,SD2,median,euclidean,mean,median,0.3122704029083252
112.0,minmax,SD2,median,euclidean,mean,single,0.8608385324478149
497.0,standard,SD2,median,euclidean,prophet,ward,0.8556891679763794
414.0,minmax,SD2,median,euclidean,median,single,0.8608385324478149
322.0,minmax,SD2,mean,euclidean,mode,single,0.8608385324478149
426.0,minmax,SD2,prophet,euclidean,mode,single,0.8608385324478149
465.0,minmax,SD2,mean,euclidean,mode,weighted,0.5297157764434814
543.0,minmax,SD2,prophet,euclidean,mode,single,0.8608385324478149
626.0,standard,SD2,median,euclidean,prophet,ward,0.8556891679763794
556.0,minmax,SD2,mean,euclidean,prophet,single,0.8608385324478149
677.0,standard,SD2,mean,euclidean,median,ward,0.3505696654319763
750.0,standard,SD2,median,euclidean,prophet,single,0.3122704029083252
628.0,standard,SD2,prophet,euclidean,median,ward,0.8556891679763794
378.0,minmax,SD2,prophet,euclidean,median,single,0.8608385324478149
490.0,minmax,SD2,prophet,euclidean,prophet,single,0.8608385324478149
748.0,standard,SD2,linear,euclidean,prophet,weighted,0.6240140199661255
159.0,minmax,SD2,linear,euclidean,mean,weighted,0.8608385324478149
18.0,minmax,SD2,mean,euclidean,prophet,single,0.8608385324478149
344.0,minmax,SD2,mean,euclidean,mean,single,0.8608385324478149
1194.0,standard,SD2,median,dtw,dtw,single,0.6520963311195374
531.0,standard,SD2,median,euclidean,prophet,complete,0.6240140199661255
671.0,standard,SD2,median,euclidean,prophet,ward,0.8556891679763794
606.0,standard,SD5,mean,euclidean,prophet,weighted,0.7262079119682312
501.0,minmax,SD2,prophet,euclidean,prophet,single,0.8608385324478149
41.0,minmax,SD2,prophet,euclidean,mode,single,0.8608385324478149
717.0,standard,SD2,median,euclidean,prophet,ward,0.6240140199661255
135.0,minmax,SD2,mean,euclidean,dtw,single,0.8608385324478149
306.0,minmax,SD2,linear,euclidean,dtw,weighted,0.8608385324478149
683.0,standard,SD3,median,euclidean,median,ward,0.440559446811676
740.0,standard,SD2,prophet,euclidean,prophet,weighted,0.6240140199661255
97.0,zscore,SD3,linear,euclidean,prophet,single,-0.09387395530939102
665.0,standard,SD2,prophet,euclidean,prophet,complete,0.8556891679763794
764.0,standard,SD3,linear,dtw,mean,median,0.1450292468070984
557.0,minmax,SD2,mean,euclidean,median,single,0.8608385324478149
57.0,minmax,SD2,prophet,euclidean,prophet,single,0.8608385324478149
538.0,minmax,SD2,linear,euclidean,median,single,0.8608385324478149
626.0,standard,SD2,median,euclidean,median,ward,0.8556891679763794
390.0,minmax,SD2,linear,euclidean,dtw,weighted,0.8608385324478149
683.0,standard,SD5,linear,euclidean,prophet,weighted,0.7262079119682312
568.0,standard,SD4,prophet,dtw,mode,ward,0.5484374761581421
61.0,zscore,SD4,prophet,euclidean,mode,ward,-0.04284323379397392
391.0,minmax,SD2,prophet,euclidean,dtw,weighted,0.8608385324478149
424.0,minmax,SD2,mean,euclidean,prophet,single,0.8608385324478149
365.0,minmax,SD2,prophet,euclidean,prophet,single,0.8608385324478149
625.0,standard,SD2,prophet,euclidean,prophet,ward,0.6520963311195374
520.0,standard,SD2,median,euclidean,median,ward,0.8556891679763794
472.0,standard,SD2,linear,euclidean,median,ward,0.8556891679763794
205.0,minmax,SD2,prophet,euclidean,prophet,single,0.8608385324478149
518.0,standard,SD3,prophet,euclidean,prophet,average,0.7262079119682312
313.0,standard,SD4,median,euclidean,mode,centroid,0.7262079119682312
85.0,standard,SD2,mean,euclidean,prophet,single,0.6228847503662109
626.0,standard,SD2,mean,euclidean,prophet,ward,0.8556891679763794
568.0,standard,SD2,median,euclidean,prophet,complete,0.6240140199661255
490.0,standard,SD2,median,euclidean,prophet,ward,0.8556891679763794
772.0,standard,SD2,prophet,euclidean,prophet,weighted,0.6240140199661255
365.0,minmax,SD2,mean,euclidean,mean,weighted,0.8608385324478149
422.0,minmax,SD2,median,euclidean,median,single,0.8608385324478149
239.0,minmax,SD2,prophet,euclidean,dtw,single,0.8608385324478149
508.0,minmax,SD2,median,euclidean,prophet,single,0.8608385324478149
555.0,minmax,SD2,median,euclidean,median,single,0.8608385324478149
427.0,minmax,SD2,prophet,euclidean,prophet,weighted,0.8608385324478149
395.0,minmax,SD2,median,euclidean,prophet,weighted,0.8608385324478149
412.0,minmax,SD2,median,euclidean,mode,single,0.8608385324478149
666.0,standard,SD2,median,euclidean,median,ward,0.5968992114067078
428.0,minmax,SD2,median,euclidean,dtw,weighted,0.8608385324478149
495.0,minmax,SD2,linear,euclidean,prophet,single,0.8608385324478149
694.0,standard,SD4,median,euclidean,prophet,complete,0.5484374761581421
724.0,standard,SD2,mean,euclidean,prophet,complete,0.6240140199661255
563.0,minmax,SD2,prophet,euclidean,mode,single,0.8608385324478149
785.0,standard,SD2,prophet,euclidean,prophet,weighted,0.3978201746940613
29.0,minmax,SD2,prophet,euclidean,prophet,single,0.8608385324478149
600.0,minmax,SD5,mean,dtw,mode,single,0.26724138855934143
548.0,zscore,SD5,median,euclidean,median,weighted,-0.09387395530939102
483.0,minmax,SD2,linear,euclidean,median,single,0.8608385324478149
542.0,minmax,SD2,median,euclidean,prophet,single,0.8608385324478149
409.0,minmax,SD2,mean,euclidean,dtw,single,0.8608385324478149
571.0,standard,SD2,prophet,euclidean,median,complete,0.8556891679763794
562.0,standard,SD2,prophet,euclidean,prophet,complete,0.8556891679763794
705.0,standard,SD2,median,euclidean,prophet,average,0.6240140199661255
414.0,minmax,SD2,median,euclidean,mean,single,0.8608385324478149
455.0,minmax,SD2,mean,euclidean,prophet,single,0.8608385324478149
558.0,minmax,SD2,mean,euclidean,mode,single,0.8608385324478149
332.0,minmax,SD2,median,euclidean,median,weighted,0.8608385324478149
702.0,standard,SD4,mean,euclidean,prophet,complete,0.7262079119682312
286.0,minmax,SD2,mean,euclidean,mean,weighted,0.8608385324478149
737.0,standard,SD2,median,euclidean,prophet,ward,0.6240140199661255
397.0,minmax,SD2,median,euclidean,prophet,weighted,0.8608385324478149
587.0,standard,SD5,prophet,euclidean,mean,complete,0.5297733545303345
175.0,standard,SD3,linear,euclidean,dtw,complete,0.7262079119682312
466.0,minmax,SD2,prophet,euclidean,median,single,0.8608385324478149
488.0,minmax,SD2,prophet,euclidean,median,single,0.8608385324478149
572.0,minmax,SD2,mean,euclidean,prophet,single,0.8608385324478149
730.0,standard,SD2,linear,euclidean,prophet,ward,0.6240140199661255
408.0,minmax,SD2,prophet,euclidean,median,single,0.8608385324478149
514.0,minmax,SD2,median,euclidean,median,single,0.8608385324478149
478.0,standard,SD6,mean,euclidean,prophet,weighted,0.7262079119682312
627.0,standard,SD2,mean,euclidean,median,ward,0.5297157764434814
639.0,standard,SD2,median,euclidean,prophet,ward,0.8556891679763794
667.0,standard,SD2,median,dtw,mode,complete,0.38926175236701965
157.0,standard,SD2,linear,euclidean,prophet,complete,0.6240140199661255
812.0,zscore,SD3,linear,dtw,mode,centroid,0.027413588017225266
503.0,minmax,SD2,prophet,euclidean,prophet,single,0.8608385324478149
288.0,minmax,SD2,linear,euclidean,median,weighted,0.8608385324478149
492.0,standard,SD2,prophet,euclidean,prophet,ward,0.6520963311195374
599.0,standard,SD3,linear,euclidean,prophet,weighted,0.7262079119682312
757.0,standard,SD2,linear,euclidean,prophet,ward,0.6240140199661255
472.0,minmax,SD2,prophet,euclidean,median,single,0.8608385324478149
577.0,minmax,SD2,median,euclidean,mode,single,0.7912577986717224
498.0,minmax,SD2,prophet,euclidean,prophet,single,0.8608385324478149
445.0,standard,SD3,median,dtw,prophet,average,0.7262079119682312
538.0,minmax,SD2,mean,euclidean,prophet,single,0.8608385324478149
287.0,minmax,SD3,median,dtw,mean,ward,0.37774524092674255
664.0,standard,SD2,linear,euclidean,prophet,complete,0.6240140199661255
131.0,minmax,SD2,median,euclidean,prophet,single,0.8608385324478149
446.0,minmax,SD2,mean,euclidean,prophet,single,0.8608385324478149
628.0,standard,SD2,linear,euclidean,median,ward,0.8556891679763794
84.0,minmax,SD2,median,euclidean,median,weighted,0.8608385324478149
378.0,minmax,SD2,mean,euclidean,prophet,single,0.8608385324478149
584.0,standard,SD2,median,euclidean,median,ward,0.8556891679763794
508.0,minmax,SD2,prophet,euclidean,prophet,single,0.8608385324478149
633.0,standard,SD2,median,euclidean,mean,ward,0.43861135840415955
595.0,standard,SD2,mean,euclidean,median,ward,0.8556891679763794
579.0,standard,SD6,prophet,euclidean,median,complete,0.440559446811676
280.0,minmax,SD2,median,euclidean,prophet,single,0.8608385324478149
45.0,standard,SD3,mean,euclidean,dtw,ward,0.7262079119682312
319.0,minmax,SD2,mean,euclidean,prophet,weighted,0.8608385324478149
446.0,minmax,SD2,prophet,euclidean,dtw,single,0.6520963311195374
157.0,minmax,SD2,mean,euclidean,prophet,single,0.8608385324478149
498.0,minmax,SD2,median,euclidean,median,single,0.8608385324478149
632.0,standard,SD2,prophet,euclidean,median,ward,0.8556891679763794
499.0,minmax,SD2,median,euclidean,prophet,ward,0.6520963311195374
378.0,minmax,SD2,prophet,euclidean,prophet,single,0.8608385324478149
171.0,minmax,SD2,median,euclidean,mean,weighted,0.8608385324478149
368.0,minmax,SD2,prophet,euclidean,prophet,single,0.8608385324478149
568.0,minmax,SD2,prophet,euclidean,prophet,single,0.8608385324478149
463.0,minmax,SD2,median,euclidean,median,single,0.8608385324478149
480.0,minmax,SD2,linear,euclidean,prophet,single,0.8608385324478149
613.0,standard,SD2,linear,euclidean,median,ward,0.8556891679763794
654.0,standard,SD4,prophet,dtw,prophet,weighted,0.6965414881706238
566.0,standard,SD2,linear,euclidean,median,ward,0.8556891679763794
551.0,minmax,SD2,mean,euclidean,median,single,0.8608385324478149
91.0,minmax,SD2,prophet,euclidean,prophet,single,0.8608385324478149
413.0,standard,SD2,mean,euclidean,dtw,ward,0.8556891679763794
201.0,minmax,SD2,linear,euclidean,prophet,single,0.8608385324478149
649.0,standard,SD2,median,euclidean,median,ward,0.8556891679763794
675.0,standard,SD2,median,euclidean,prophet,ward,0.8556891679763794
528.0,standard,SD2,mean,euclidean,median,ward,0.8556891679763794
182.0,minmax,SD2,median,euclidean,dtw,weighted,0.8608385324478149
686.0,standard,SD2,mean,dtw,prophet,complete,0.7113783359527588
525.0,minmax,SD2,mean,euclidean,prophet,single,0.8608385324478149
706.0,standard,SD3,prophet,euclidean,mode,complete,0.5053763389587402
534.0,minmax,SD2,median,dtw,median,single,0.6520963311195374
360.0,minmax,SD2,mean,euclidean,dtw,weighted,0.8608385324478149
782.0,standard,SD2,mean,euclidean,prophet,complete,0.6240140199661255
450.0,minmax,SD3,mean,euclidean,mode,single,0.6380411386489868
319.0,minmax,SD2,linear,euclidean,dtw,single,0.8608385324478149
420.0,minmax,SD2,prophet,euclidean,prophet,weighted,0.8608385324478149
639.0,standard,SD4,prophet,euclidean,prophet,single,0.555096447467804
412.0,minmax,SD2,mean,euclidean,mean,single,0.8608385324478149
513.0,minmax,SD2,median,euclidean,median,single,0.8608385324478149
173.0,standard,SD2,mean,dtw,dtw,complete,0.5297157764434814
464.0,minmax,SD2,linear,euclidean,mode,single,0.8608385324478149
572.0,minmax,SD2,median,euclidean,median,single,0.8608385324478149
548.0,standard,SD3,prophet,euclidean,prophet,centroid,0.7262079119682312
558.0,minmax,SD2,mean,euclidean,median,single,0.8608385324478149
566.0,standard,SD5,prophet,euclidean,prophet,weighted,0.7262079119682312
420.0,minmax,SD2,median,euclidean,mode,weighted,0.8608385324478149
439.0,standard,SD2,linear,euclidean,dtw,ward,0.8556891679763794
483.0,minmax,SD2,mean,euclidean,median,single,0.8608385324478149
494.0,standard,SD2,mean,euclidean,prophet,ward,0.8556891679763794
60.0,minmax,SD4,prophet,euclidean,dtw,weighted,0.460317462682724
497.0,standard,SD5,prophet,euclidean,prophet,centroid,0.7262079119682312
500.0,minmax,SD2,prophet,euclidean,median,single,0.8608385324478149
468.0,minmax,SD2,prophet,euclidean,median,single,0.8608385324478149
1062.0,minmax,SD2,median,euclidean,mode,single,0.025869758799672127
1173.0,standard,SD5,mean,euclidean,dtw,weighted,0.31387388706207275
568.0,standard,SD2,prophet,euclidean,prophet,ward,0.6520963311195374
1064.0,standard,SD2,prophet,dtw,dtw,single,0.6520963311195374
575.0,standard,SD2,linear,euclidean,median,ward,0.8556891679763794
247.0,minmax,SD2,median,euclidean,prophet,weighted,0.8608385324478149
195.0,minmax,SD2,prophet,euclidean,dtw,single,0.8608385324478149
761.0,standard,SD2,prophet,euclidean,prophet,weighted,0.6240140199661255
745.0,standard,SD2,linear,euclidean,prophet,ward,0.6240140199661255
503.0,minmax,SD2,median,euclidean,median,single,0.8608385324478149
673.0,standard,SD2,linear,euclidean,prophet,complete,0.8556891679763794
635.0,standard,SD2,prophet,euclidean,median,ward,0.8556891679763794
497.0,minmax,SD2,median,euclidean,prophet,single,0.8608385324478149
732.0,minmax,SD2,median,euclidean,prophet,ward,0.6240140199661255
80.0,standard,SD3,mean,euclidean,dtw,weighted,0.7262079119682312
567.0,minmax,SD2,median,euclidean,prophet,single,0.8608385324478149
455.0,standard,SD5,prophet,dtw,prophet,centroid,0.7262079119682312
713.0,standard,SD3,prophet,euclidean,prophet,weighted,0.7262079119682312
592.0,standard,SD2,prophet,euclidean,prophet,ward,0.6520963311195374
500.0,minmax,SD2,median,euclidean,prophet,single,0.8608385324478149
391.0,minmax,SD2,mean,euclidean,prophet,single,0.8608385324478149
433.0,minmax,SD2,mean,euclidean,prophet,weighted,0.8608385324478149
50.0,standard,SD2,linear,euclidean,prophet,ward,0.8556891679763794
671.0,standard,SD2,median,euclidean,median,complete,0.38926175236701965
245.0,standard,SD2,median,euclidean,prophet,ward,0.8556891679763794
493.0,minmax,SD2,linear,euclidean,prophet,single,0.8608385324478149
658.0,standard,SD4,prophet,euclidean,prophet,single,0.555096447467804
674.0,minmax,SD4,prophet,euclidean,mode,median,0.4773060083389282
280.0,standard,SD3,median,euclidean,mean,weighted,0.7262079119682312
563.0,minmax,SD2,mean,euclidean,prophet,single,0.8608385324478149
840.0,standard,SD6,linear,euclidean,mean,centroid,0.0240249615162611
542.0,minmax,SD2,prophet,euclidean,prophet,single,0.8608385324478149
296.0,minmax,SD2,prophet,euclidean,dtw,single,0.8608385324478149
486.0,standard,SD2,linear,euclidean,mode,ward,0.8556891679763794
453.0,standard,SD2,mean,euclidean,median,ward,0.8556891679763794
445.0,minmax,SD2,prophet,euclidean,median,single,0.8608385324478149
671.0,standard,SD2,prophet,euclidean,prophet,complete,0.8556891679763794
445.0,standard,SD2,prophet,euclidean,dtw,ward,0.8556891679763794
612.0,standard,SD2,mean,euclidean,median,ward,0.8556891679763794
568.0,minmax,SD2,prophet,euclidean,mode,single,0.8608385324478149
597.0,standard,SD4,mean,euclidean,median,weighted,0.7262079119682312
480.0,standard,SD2,median,euclidean,median,ward,0.8556891679763794
636.0,standard,SD2,median,euclidean,mode,ward,0.8556891679763794
652.0,standard,SD2,median,euclidean,median,ward,0.8556891679763794
11.0,minmax,SD2,prophet,euclidean,prophet,single,0.8608385324478149
734.0,standard,SD2,median,euclidean,prophet,ward,0.6240140199661255
558.0,minmax,SD2,linear,euclidean,median,single,0.8608385324478149
277.0,minmax,SD2,median,euclidean,median,single,0.8608385324478149
679.0,standard,SD2,mean,euclidean,prophet,complete,0.8556891679763794
393.0,standard,SD4,prophet,euclidean,mode,weighted,0.7262079119682312
585.0,standard,SD4,median,euclidean,prophet,weighted,0.7262079119682312
170.0,minmax,SD2,linear,euclidean,prophet,single,0.8608385324478149
509.0,standard,SD2,median,euclidean,median,ward,0.8556891679763794
635.0,standard,SD2,linear,euclidean,median,ward,0.8556891679763794
592.0,standard,SD2,median,euclidean,median,ward,0.8556891679763794
528.0,minmax,SD2,prophet,euclidean,mode,single,0.8608385324478149
568.0,minmax,SD2,mean,euclidean,median,single,0.5968992114067078
14.0,standard,SD5,prophet,euclidean,prophet,median,0.7262079119682312
690.0,standard,SD5,median,euclidean,prophet,weighted,0.7262079119682312
566.0,standard,SD3,median,euclidean,median,ward,0.440559446811676
599.0,standard,SD2,mean,euclidean,prophet,complete,0.6240140199661255
336.0,minmax,SD2,prophet,euclidean,mode,single,0.8608385324478149
418.0,minmax,SD2,median,euclidean,prophet,single,0.8608385324478149
85.0,minmax,SD2,mean,euclidean,prophet,single,0.8608385324478149
345.0,minmax,SD2,linear,euclidean,prophet,single,0.8608385324478149
577.0,standard,SD2,median,euclidean,mean,ward,0.5968992114067078
194.0,minmax,SD2,median,euclidean,prophet,single,0.8608385324478149
645.0,minmax,SD2,linear,euclidean,prophet,ward,0.7113783359527588
313.0,minmax,SD2,linear,euclidean,mode,single,0.8608385324478149
422.0,minmax,SD2,prophet,euclidean,prophet,single,0.8608385324478149
427.0,minmax,SD2,prophet,euclidean,prophet,single,0.8608385324478149
516.0,minmax,SD2,linear,euclidean,prophet,single,0.8608385324478149
774.0,standard,SD6,linear,dtw,prophet,ward,0.36782538890838623
676.0,standard,SD2,prophet,euclidean,prophet,complete,0.8556891679763794
674.0,standard,SD2,median,euclidean,prophet,complete,0.8556891679763794
424.0,minmax,SD2,median,euclidean,dtw,weighted,0.8608385324478149
545.0,standard,SD2,prophet,euclidean,prophet,ward,0.6520963311195374
520.0,standard,SD2,median,euclidean,mode,ward,0.8556891679763794
678.0,standard,SD2,linear,euclidean,prophet,complete,0.8556891679763794
552.0,minmax,SD2,prophet,euclidean,prophet,single,0.8608385324478149
558.0,minmax,SD2,prophet,euclidean,median,single,0.8608385324478149
657.0,standard,SD2,median,euclidean,prophet,ward,0.8556891679763794
406.0,minmax,SD2,prophet,euclidean,mode,weighted,0.8608385324478149
499.0,minmax,SD2,prophet,euclidean,prophet,single,0.8608385324478149
491.0,minmax,SD2,linear,euclidean,prophet,single,0.8608385324478149
461.0,minmax,SD2,prophet,euclidean,prophet,single,0.8608385324478149
38.0,minmax,SD2,mean,euclidean,prophet,weighted,0.8608385324478149
533.0,minmax,SD2,median,euclidean,prophet,single,0.8608385324478149
497.0,minmax,SD2,prophet,euclidean,prophet,single,0.8608385324478149
683.0,standard,SD2,prophet,euclidean,prophet,complete,0.6240140199661255
604.0,standard,SD2,median,euclidean,median,ward,0.8556891679763794
568.0,minmax,SD2,prophet,euclidean,median,single,0.8608385324478149
27.0,standard,SD4,prophet,dtw,mean,centroid,0.7262079119682312
111.0,minmax,SD2,prophet,euclidean,dtw,single,0.8608385324478149
423.0,minmax,SD2,median,euclidean,mean,weighted,0.8608385324478149
338.0,standard,SD3,mean,euclidean,mean,ward,0.7262079119682312
571.0,minmax,SD2,linear,euclidean,prophet,single,0.8608385324478149
490.0,standard,SD2,median,euclidean,median,ward,0.8556891679763794
43.0,standard,SD4,mean,euclidean,prophet,single,0.6861193776130676
610.0,standard,SD2,mean,euclidean,mode,median,0.1794871836900711
1192.0,standard,SD3,mean,dtw,mode,centroid,0.039047971367836
553.0,minmax,SD2,linear,euclidean,median,single,0.8608385324478149
663.0,standard,SD2,median,euclidean,prophet,ward,0.8556891679763794
725.0,standard,SD2,prophet,euclidean,prophet,ward,0.6240140199661255
336.0,minmax,SD2,linear,euclidean,median,single,0.8608385324478149
602.0,standard,SD2,mean,euclidean,prophet,ward,0.8556891679763794
473.0,minmax,SD2,median,euclidean,prophet,single,0.8608385324478149
478.0,standard,SD2,mean,euclidean,mean,ward,0.7113783359527588
570.0,standard,SD2,prophet,euclidean,prophet,complete,0.8556891679763794
567.0,standard,SD2,prophet,euclidean,mode,complete,0.8556891679763794
200.0,minmax,SD2,prophet,euclidean,median,single,0.8608385324478149
665.0,standard,SD2,mean,euclidean,mode,weighted,0.38926175236701965
492.0,minmax,SD2,median,euclidean,prophet,single,0.8608385324478149
494.0,minmax,SD2,linear,euclidean,median,single,0.8608385324478149
377.0,minmax,SD2,median,euclidean,prophet,single,0.8608385324478149
43.0,standard,SD3,prophet,dtw,mode,centroid,0.7262079119682312
567.0,minmax,SD2,median,euclidean,median,single,0.8608385324478149
675.0,standard,SD2,median,euclidean,prophet,average,0.6520963311195374
606.0,standard,SD2,median,euclidean,dtw,ward,0.6520963311195374
81.0,standard,SD2,mean,euclidean,dtw,ward,0.8556891679763794
562.0,standard,SD2,prophet,euclidean,mode,complete,0.8556891679763794
505.0,standard,SD2,median,euclidean,median,ward,0.8556891679763794
482.0,minmax,SD2,prophet,euclidean,prophet,single,0.8608385324478149
570.0,minmax,SD2,prophet,euclidean,prophet,single,0.8608385324478149
397.0,standard,SD3,mean,euclidean,median,average,0.7262079119682312
562.0,minmax,SD2,mean,euclidean,mode,single,0.8608385324478149
465.0,minmax,SD2,prophet,euclidean,mode,single,0.8608385324478149
397.0,minmax,SD2,prophet,euclidean,prophet,single,0.8608385324478149
90.0,minmax,SD3,mean,dtw,median,hdbscan,0.0010000000474974513
39.0,minmax,SD2,median,euclidean,prophet,ward,0.6520963311195374
329.0,minmax,SD2,linear,euclidean,median,single,0.8608385324478149
14.0,minmax,SD2,linear,euclidean,mode,weighted,0.8608385324478149
708.0,standard,SD5,linear,euclidean,prophet,weighted,0.7262079119682312
803.0,standard,SD2,prophet,euclidean,prophet,complete,0.6240140199661255
499.0,minmax,SD2,median,euclidean,prophet,single,0.8608385324478149
454.0,minmax,SD2,median,euclidean,mode,single,0.8608385324478149
561.0,standard,SD2,prophet,euclidean,prophet,ward,0.6520963311195374
675.0,standard,SD2,prophet,euclidean,dtw,complete,0.6520963311195374
636.0,standard,SD2,median,euclidean,prophet,ward,0.8556891679763794
558.0,minmax,SD2,median,euclidean,mode,single,0.7912577986717224
39.0,minmax,SD2,median,euclidean,dtw,single,0.8608385324478149
599.0,standard,SD2,prophet,euclidean,prophet,weighted,0.6520963311195374
701.0,standard,SD4,prophet,dtw,prophet,single,0.4614325165748596
20.0,standard,SD5,median,euclidean,prophet,weighted,0.7262079119682312
968.0,standard,SD4,prophet,dtw,dtw,centroid,0.31387388706207275
603.0,standard,SD2,prophet,euclidean,prophet,ward,0.6520963311195374
490.0,minmax,SD2,prophet,euclidean,median,single,0.8608385324478149
388.0,minmax,SD2,median,euclidean,dtw,average,0.3695811927318573
615.0,standard,SD3,prophet,euclidean,prophet,weighted,0.7262079119682312
560.0,standard,SD2,linear,euclidean,median,complete,0.6240140199661255
579.0,minmax,SD2,median,euclidean,prophet,weighted,0.6520963311195374
218.0,standard,SD6,mean,euclidean,dtw,complete,0.7262079119682312
345.0,minmax,SD2,median,euclidean,median,single,0.8608385324478149
609.0,standard,SD2,prophet,euclidean,prophet,ward,0.6520963311195374
356.0,minmax,SD2,prophet,euclidean,mean,single,0.8608385324478149
576.0,standard,SD2,mean,euclidean,dtw,ward,0.6520963311195374
684.0,standard,SD2,mean,euclidean,prophet,weighted,0.6240140199661255
812.0,standard,SD2,mean,euclidean,prophet,complete,0.6240140199661255
535.0,standard,SD4,median,euclidean,prophet,weighted,0.7262079119682312
53.0,minmax,SD2,median,euclidean,prophet,single,0.8608385324478149
791.0,standard,SD5,mean,euclidean,dtw,ward,0.3820342421531677
651.0,standard,SD2,linear,euclidean,median,ward,0.8556891679763794
472.0,minmax,SD2,linear,euclidean,prophet,single,0.8608385324478149
381.0,standard,SD2,prophet,euclidean,mean,ward,0.8556891679763794
562.0,minmax,SD2,linear,euclidean,median,single,0.8608385324478149
697.0,standard,SD3,prophet,euclidean,prophet,single,0.7262079119682312
89.0,minmax,SD2,mean,euclidean,dtw,ward,0.5968992114067078
506.0,minmax,SD2,prophet,euclidean,prophet,single,0.8608385324478149
554.0,minmax,SD2,median,euclidean,prophet,single,0.8608385324478149
584.0,standard,SD2,linear,euclidean,median,ward,0.8556891679763794
506.0,minmax,SD2,mean,euclidean,median,single,0.8608385324478149
673.0,standard,SD2,mean,euclidean,prophet,ward,0.8556891679763794
494.0,minmax,SD2,median,euclidean,prophet,single,0.8608385324478149
577.0,standard,SD2,prophet,euclidean,prophet,complete,0.8556891679763794
502.0,minmax,SD2,median,euclidean,prophet,single,0.8608385324478149
578.0,standard,SD5,median,euclidean,median,weighted,0.7262079119682312
651.0,standard,SD2,prophet,euclidean,median,ward,0.8556891679763794
721.0,standard,SD3,prophet,euclidean,prophet,average,0.7262079119682312
169.0,standard,SD2,linear,euclidean,mean,ward,0.8556891679763794
509.0,minmax,SD2,median,euclidean,prophet,single,0.8608385324478149
485.0,minmax,SD2,linear,euclidean,mode,single,0.8608385324478149
955.0,zscore,SD2,median,euclidean,mode,weighted,-0.040756914764642715
609.0,standard,SD2,linear,euclidean,prophet,ward,0.8556891679763794
627.0,standard,SD3,prophet,euclidean,prophet,average,0.7262079119682312
561.0,standard,SD2,prophet,euclidean,median,complete,0.8556891679763794
669.0,standard,SD2,prophet,euclidean,mean,complete,0.5129348635673523
26.0,minmax,SD2,mean,euclidean,mode,weighted,0.8608385324478149
2.0,minmax,SD6,linear,dtw,mean,single,0.26724138855934143
572.0,standard,SD2,prophet,euclidean,mode,complete,0.8556891679763794
386.0,minmax,SD2,median,euclidean,median,weighted,0.8608385324478149
648.0,standard,SD4,prophet,euclidean,prophet,average,0.7262079119682312
499.0,standard,SD2,linear,euclidean,prophet,ward,0.8556891679763794
135.0,standard,SD3,median,dtw,mode,average,0.7262079119682312
477.0,minmax,SD2,prophet,euclidean,prophet,single,0.8608385324478149
342.0,standard,SD2,prophet,euclidean,median,ward,0.8556891679763794
484.0,minmax,SD2,prophet,euclidean,prophet,single,0.8608385324478149
539.0,minmax,SD2,prophet,euclidean,prophet,single,0.8608385324478149
856.0,standard,SD2,mean,euclidean,prophet,complete,0.6240140199661255
509.0,minmax,SD2,prophet,euclidean,prophet,single,0.8608385324478149
360.0,minmax,SD2,linear,euclidean,median,weighted,0.8608385324478149
381.0,minmax,SD2,mean,euclidean,median,single,0.8608385324478149
203.0,minmax,SD2,linear,dtw,dtw,single,0.6520963311195374
1033.0,zscore,SD5,prophet,dtw,median,complete,-0.12177564203739166
383.0,minmax,SD2,prophet,euclidean,prophet,single,0.8608385324478149
752.0,standard,SD2,median,euclidean,prophet,ward,0.6240140199661255
496.0,minmax,SD2,prophet,euclidean,median,single,0.8608385324478149
555.0,standard,SD3,median,euclidean,prophet,average,0.7262079119682312
553.0,minmax,SD2,linear,euclidean,mode,single,0.8608385324478149
494.0,minmax,SD2,prophet,euclidean,mode,single,0.8608385324478149
572.0,minmax,SD2,median,euclidean,prophet,single,0.8608385324478149
598.0,standard,SD2,median,euclidean,median,ward,0.8556891679763794
719.0,standard,SD5,prophet,euclidean,prophet,weighted,0.7262079119682312
1197.0,standard,SD2,linear,euclidean,mean,hdbscan,0.0010000000474974513
384.0,minmax,SD2,median,euclidean,dtw,weighted,0.8608385324478149
663.0,standard,SD2,prophet,euclidean,prophet,complete,0.8556891679763794
446.0,minmax,SD2,median,euclidean,prophet,single,0.8608385324478149
27.0,minmax,SD2,prophet,euclidean,mode,weighted,0.8608385324478149
665.0,standard,SD2,median,euclidean,prophet,ward,0.8556891679763794
557.0,minmax,SD2,prophet,euclidean,prophet,single,0.8608385324478149
260.0,minmax,SD3,mean,dtw,mode,single,0.3677685856819153
661.0,standard,SD4,prophet,euclidean,median,weighted,0.7262079119682312
478.0,minmax,SD2,median,euclidean,mode,single,0.7912577986717224
355.0,minmax,SD2,prophet,euclidean,mode,weighted,0.8608385324478149
564.0,minmax,SD2,prophet,euclidean,dtw,single,0.5129348635673523
95.0,minmax,SD2,median,euclidean,prophet,single,0.8608385324478149
547.0,minmax,SD2,median,euclidean,median,single,0.8608385324478149
398.0,standard,SD2,prophet,euclidean,dtw,ward,0.8556891679763794
565.0,standard,SD2,mean,euclidean,prophet,complete,0.6240140199661255
507.0,minmax,SD2,prophet,euclidean,median,single,0.8608385324478149
363.0,minmax,SD2,median,euclidean,median,weighted,0.8608385324478149
600.0,zscore,SD4,mean,dtw,median,centroid,-0.09387395530939102
475.0,standard,SD2,median,euclidean,median,ward,0.8556891679763794
646.0,minmax,SD2,median,euclidean,dtw,single,0.3737734258174896
699.0,standard,SD5,mean,euclidean,mode,weighted,0.5053763389587402
669.0,standard,SD2,prophet,euclidean,prophet,complete,0.8556891679763794
100.0,minmax,SD2,linear,euclidean,dtw,single,0.8608385324478149
380.0,minmax,SD2,mean,euclidean,median,weighted,0.8608385324478149
393.0,minmax,SD2,mean,euclidean,mean,weighted,0.8608385324478149
371.0,standard,SD2,linear,dtw,mode,average,0.5297157764434814
564.0,minmax,SD2,median,dtw,prophet,single,0.6520963311195374
700.0,minmax,SD4,mean,euclidean,median,complete,0.3677685856819153
253.0,minmax,SD2,prophet,euclidean,median,single,0.8608385324478149
539.0,minmax,SD2,median,euclidean,median,single,0.8608385324478149
506.0,minmax,SD2,median,euclidean,median,single,0.8608385324478149
620.0,standard,SD4,mean,dtw,prophet,complete,0.477525919675827
83.0,minmax,SD2,linear,euclidean,median,ward,0.5968992114067078
559.0,minmax,SD2,mean,euclidean,prophet,single,0.8608385324478149
493.0,minmax,SD2,median,euclidean,median,single,0.8608385324478149
606.0,standard,SD2,prophet,euclidean,median,ward,0.8556891679763794
649.0,standard,SD5,linear,euclidean,median,ward,0.5484374761581421
660.0,standard,SD2,prophet,euclidean,prophet,ward,0.6520963311195374
716.0,standard,SD2,mean,euclidean,prophet,weighted,0.6240140199661255
504.0,minmax,SD2,prophet,euclidean,prophet,single,0.8608385324478149
412.0,minmax,SD2,linear,euclidean,median,single,0.8608385324478149
672.0,standard,SD2,mean,euclidean,prophet,ward,0.8556891679763794
242.0,minmax,SD2,prophet,euclidean,median,weighted,0.8608385324478149
368.0,minmax,SD2,median,euclidean,median,single,0.8608385324478149
675.0,minmax,SD2,prophet,euclidean,prophet,weighted,0.5297157764434814
705.0,standard,SD4,mean,euclidean,prophet,single,0.7262079119682312
391.0,minmax,SD2,mean,euclidean,mean,single,0.8608385324478149
450.0,standard,SD2,linear,euclidean,mode,ward,0.8556891679763794
558.0,standard,SD2,median,euclidean,median,ward,0.8556891679763794
77.0,minmax,SD2,median,euclidean,mean,single,0.8608385324478149
548.0,standard,SD2,mean,euclidean,median,complete,0.6240140199661255
900.0,minmax,SD5,prophet,euclidean,prophet,complete,0.1907772421836853
161.0,standard,SD2,median,euclidean,dtw,ward,0.8556891679763794
563.0,minmax,SD2,linear,euclidean,prophet,single,0.8608385324478149
574.0,standard,SD2,median,euclidean,prophet,ward,0.8556891679763794
526.0,minmax,SD2,prophet,euclidean,median,single,0.8608385324478149
470.0,standard,SD3,mean,dtw,mode,complete,0.5484374761581421
631.0,standard,SD5,median,dtw,mode,weighted,0.5484374761581421
487.0,standard,SD6,median,euclidean,median,weighted,0.7262079119682312
635.0,standard,SD2,median,euclidean,median,ward,0.8556891679763794
499.0,minmax,SD2,median,euclidean,median,single,0.8608385324478149
235.0,minmax,SD2,prophet,euclidean,mode,single,0.8608385324478149
514.0,standard,SD2,median,euclidean,prophet,ward,0.8556891679763794
676.0,zscore,SD5,prophet,euclidean,mode,weighted,-0.009737098589539528
426.0,minmax,SD2,median,euclidean,mean,single,0.8608385324478149
392.0,standard,SD2,median,euclidean,mean,ward,0.8556891679763794
1109.0,minmax,SD6,mean,euclidean,median,single,-0.10756701976060867
494.0,standard,SD2,mean,euclidean,median,ward,0.8556891679763794
1191.0,standard,SD2,prophet,euclidean,mode,single,-0.05334233492612839
758.0,standard,SD2,prophet,euclidean,prophet,complete,0.6240140199661255
341.0,minmax,SD2,prophet,euclidean,prophet,single,0.8608385324478149
26.0,minmax,SD3,mean,euclidean,dtw,median,0.3722386956214905
623.0,standard,SD2,linear,euclidean,prophet,ward,0.8556891679763794
475.0,minmax,SD2,prophet,euclidean,prophet,single,0.8608385324478149
436.0,minmax,SD2,mean,euclidean,prophet,weighted,0.8608385324478149
441.0,standard,SD3,prophet,euclidean,prophet,ward,0.440559446811676
538.0,standard,SD5,mean,euclidean,mode,centroid,0.7262079119682312
100.0,minmax,SD2,median,euclidean,median,single,0.8608385324478149
496.0,minmax,SD2,linear,euclidean,median,single,0.8608385324478149
536.0,minmax,SD2,median,euclidean,median,single,0.8608385324478149
185.0,standard,SD6,prophet,euclidean,median,median,0.7262079119682312
348.0,minmax,SD2,prophet,euclidean,prophet,single,0.8608385324478149
471.0,minmax,SD2,prophet,euclidean,median,single,0.8608385324478149
532.0,minmax,SD2,prophet,euclidean,prophet,single,0.8608385324478149
178.0,minmax,SD2,linear,euclidean,prophet,single,0.8608385324478149
484.0,minmax,SD2,median,dtw,prophet,single,0.6520963311195374
484.0,minmax,SD2,mean,euclidean,prophet,single,0.8608385324478149
791.0,standard,SD2,median,euclidean,prophet,ward,0.6240140199661255
640.0,standard,SD6,mean,euclidean,prophet,weighted,0.7262079119682312
653.0,standard,SD4,prophet,euclidean,median,complete,0.440559446811676
846.0,standard,SD2,prophet,euclidean,prophet,weighted,0.6240140199661255
521.0,minmax,SD2,linear,euclidean,prophet,single,0.8608385324478149
659.0,standard,SD2,linear,euclidean,median,ward,0.8556891679763794
712.0,standard,SD3,prophet,euclidean,prophet,average,0.7262079119682312
156.0,minmax,SD2,linear,euclidean,dtw,single,0.8608385324478149
116.0,standard,SD2,median,euclidean,median,ward,0.8556891679763794
297.0,minmax,SD2,median,euclidean,prophet,single,0.8608385324478149
596.0,standard,SD3,prophet,euclidean,prophet,average,0.7262079119682312
458.0,minmax,SD2,median,euclidean,prophet,single,0.8608385324478149
7.0,minmax,SD2,mean,euclidean,mean,single,0.8608385324478149
609.0,standard,SD2,median,euclidean,median,ward,0.8556891679763794
657.0,standard,SD2,linear,euclidean,median,ward,0.8556891679763794
91.0,minmax,SD2,median,euclidean,median,single,0.8608385324478149
600.0,standard,SD3,prophet,euclidean,prophet,centroid,0.7262079119682312
495.0,minmax,SD2,linear,euclidean,median,single,0.8608385324478149
630.0,standard,SD2,mean,euclidean,prophet,ward,0.8556891679763794
158.0,minmax,SD2,median,euclidean,prophet,single,0.8608385324478149
267.0,minmax,SD2,median,euclidean,dtw,single,0.8608385324478149
452.0,minmax,SD2,linear,euclidean,mode,single,0.8608385324478149
569.0,standard,SD5,prophet,euclidean,prophet,single,0.555096447467804
264.0,minmax,SD2,mean,euclidean,prophet,single,0.8608385324478149
223.0,standard,SD4,linear,euclidean,prophet,ward,0.7262079119682312
831.0,standard,SD6,median,euclidean,median,centroid,0.019819820299744606
547.0,minmax,SD2,mean,euclidean,median,single,0.8608385324478149
301.0,standard,SD3,mean,dtw,mode,median,0.7262079119682312
506.0,standard,SD2,median,euclidean,prophet,ward,0.8556891679763794
657.0,standard,SD2,prophet,euclidean,median,ward,0.8556891679763794
388.0,standard,SD3,linear,euclidean,mode,hdbscan,0.0010000000474974513
621.0,standard,SD3,median,euclidean,prophet,ward,0.440559446811676
397.0,standard,SD3,mean,euclidean,mode,complete,0.7262079119682312
494.0,standard,SD5,prophet,euclidean,prophet,weighted,0.7262079119682312
144.0,minmax,SD2,median,euclidean,mode,weighted,0.8608385324478149
642.0,standard,SD2,mean,euclidean,median,ward,0.42275670170783997
362.0,minmax,SD2,mean,euclidean,prophet,single,0.8608385324478149
604.0,minmax,SD2,prophet,dtw,prophet,complete,0.6240140199661255
678.0,standard,SD2,prophet,euclidean,prophet,ward,0.8556891679763794
704.0,standard,SD2,linear,euclidean,prophet,ward,0.6240140199661255
491.0,minmax,SD2,median,euclidean,median,single,0.8608385324478149
422.0,minmax,SD2,linear,euclidean,mean,weighted,0.8608385324478149
685.0,standard,SD5,median,euclidean,prophet,complete,0.5484374761581421
682.0,standard,SD2,prophet,euclidean,median,complete,0.5395095348358154
668.0,standard,SD2,median,euclidean,prophet,complete,0.8556891679763794
559.0,standard,SD2,prophet,euclidean,prophet,single,0.6228847503662109
668.0,standard,SD2,prophet,euclidean,median,ward,0.5395095348358154
658.0,standard,SD5,linear,euclidean,prophet,weighted,0.7262079119682312
634.0,standard,SD2,linear,euclidean,dtw,ward,0.6520963311195374
278.0,minmax,SD2,median,euclidean,mode,weighted,0.8608385324478149
287.0,minmax,SD2,prophet,euclidean,median,single,0.8608385324478149
424.0,minmax,SD2,median,euclidean,prophet,single,0.8608385324478149
628.0,standard,SD2,median,euclidean,prophet,ward,0.8556891679763794
18.0,minmax,SD2,mean,euclidean,mode,weighted,0.8608385324478149
558.0,minmax,SD2,prophet,euclidean,prophet,single,0.8608385324478149
651.0,standard,SD3,median,euclidean,prophet,weighted,0.7262079119682312
207.0,standard,SD2,mean,euclidean,prophet,ward,0.8556891679763794
634.0,standard,SD2,prophet,euclidean,prophet,weighted,0.6520963311195374
678.0,standard,SD2,mean,euclidean,prophet,complete,0.8556891679763794
395.0,minmax,SD2,mean,euclidean,dtw,single,0.8608385324478149
1197.0,standard,SD2,prophet,euclidean,dtw,single,0.6520963311195374
485.0,minmax,SD2,median,euclidean,median,single,0.8608385324478149
417.0,minmax,SD2,linear,euclidean,prophet,single,0.8608385324478149
525.0,standard,SD2,median,euclidean,prophet,ward,0.8556891679763794
451.0,zscore,SD4,median,dtw,mean,weighted,-0.04284323379397392
56.0,minmax,SD2,prophet,euclidean,median,single,0.8608385324478149
562.0,minmax,SD2,prophet,euclidean,prophet,single,0.8608385324478149
636.0,standard,SD2,median,euclidean,median,ward,0.8556891679763794
357.0,standard,SD2,prophet,euclidean,mode,ward,0.8556891679763794
541.0,minmax,SD2,median,euclidean,median,single,0.8608385324478149
558.0,minmax,SD2,median,euclidean,prophet,single,0.8608385324478149
662.0,standard,SD2,prophet,euclidean,prophet,complete,0.8556891679763794
602.0,standard,SD2,mean,euclidean,median,ward,0.8556891679763794
235.0,minmax,SD2,median,euclidean,prophet,weighted,0.8608385324478149
562.0,standard,SD2,linear,euclidean,prophet,ward,0.8556891679763794
495.0,standard,SD2,median,euclidean,mode,ward,0.8556891679763794
114.0,minmax,SD2,median,euclidean,mean,single,0.8608385324478149
348.0,minmax,SD2,median,euclidean,prophet,single,0.8608385324478149
669.0,standard,SD6,prophet,euclidean,dtw,average,0.4614325165748596
469.0,minmax,SD2,mean,euclidean,prophet,single,0.8608385324478149
509.0,zscore,SD3,mean,dtw,median,median,-0.09387395530939102
469.0,minmax,SD2,prophet,euclidean,median,single,0.8608385324478149
113.0,minmax,SD2,mean,euclidean,prophet,single,0.8608385324478149
545.0,minmax,SD2,prophet,euclidean,prophet,single,0.8608385324478149
571.0,minmax,SD2,median,euclidean,median,single,0.8608385324478149
417.0,minmax,SD2,prophet,euclidean,median,weighted,0.8608385324478149
394.0,minmax,SD2,prophet,euclidean,prophet,weighted,0.8608385324478149
304.0,minmax,SD2,mean,euclidean,median,single,0.8608385324478149
463.0,minmax,SD2,median,euclidean,mode,single,0.8608385324478149
797.0,standard,SD2,mean,euclidean,prophet,single,0.3978201746940613
340.0,standard,SD2,prophet,euclidean,prophet,centroid,0.5297157764434814
599.0,minmax,SD3,linear,euclidean,mode,complete,0.41460055112838745
655.0,standard,SD6,mean,euclidean,median,weighted,0.7262079119682312
197.0,standard,SD3,prophet,euclidean,median,average,0.7262079119682312
417.0,minmax,SD2,prophet,euclidean,mode,weighted,0.8608385324478149
588.0,standard,SD4,mean,euclidean,mean,complete,0.42527851462364197
145.0,minmax,SD2,prophet,euclidean,mean,weighted,0.8608385324478149
527.0,minmax,SD2,median,euclidean,prophet,single,0.8608385324478149
653.0,standard,SD2,median,euclidean,median,ward,0.8556891679763794
155.0,minmax,SD2,prophet,euclidean,mean,average,0.5968992114067078
731.0,standard,SD2,prophet,euclidean,prophet,weighted,0.6240140199661255
564.0,standard,SD2,median,euclidean,prophet,average,0.6520963311195374
1049.0,standard,SD6,prophet,euclidean,median,ward,0.037995148450136185
408.0,minmax,SD2,prophet,euclidean,mean,weighted,0.8608385324478149
674.0,standard,SD2,median,euclidean,prophet,ward,0.8556891679763794
544.0,minmax,SD2,mean,euclidean,prophet,weighted,0.6520963311195374
563.0,minmax,SD2,prophet,euclidean,prophet,single,0.8608385324478149
563.0,minmax,SD2,mean,euclidean,median,single,0.5968992114067078
147.0,minmax,SD2,median,euclidean,median,single,0.8608385324478149
700.0,standard,SD2,mean,euclidean,prophet,single,0.6520963311195374
581.0,standard,SD5,mean,euclidean,prophet,centroid,0.7262079119682312
667.0,standard,SD2,median,euclidean,prophet,ward,0.8556891679763794
471.0,minmax,SD2,prophet,euclidean,prophet,single,0.8608385324478149
591.0,standard,SD5,prophet,dtw,prophet,weighted,0.7262079119682312
507.0,minmax,SD2,linear,euclidean,prophet,single,0.8608385324478149
558.0,standard,SD2,median,euclidean,prophet,ward,0.8556891679763794
672.0,standard,SD2,median,euclidean,prophet,ward,0.8556891679763794
339.0,minmax,SD2,mean,euclidean,median,single,0.8608385324478149
739.0,standard,SD2,mean,euclidean,prophet,complete,0.6240140199661255
607.0,standard,SD4,mean,euclidean,prophet,single,0.6861193776130676
576.0,standard,SD4,median,dtw,prophet,complete,0.5484374761581421
559.0,standard,SD2,mean,euclidean,median,ward,0.8556891679763794
125.0,standard,SD6,linear,euclidean,median,weighted,0.7262079119682312
143.0,minmax,SD2,mean,euclidean,prophet,single,0.8608385324478149
505.0,minmax,SD2,median,euclidean,mode,single,0.7912577986717224
498.0,standard,SD2,mean,euclidean,dtw,ward,0.6520963311195374
561.0,minmax,SD2,mean,euclidean,median,single,0.5968992114067078
226.0,minmax,SD2,prophet,euclidean,mean,weighted,0.8608385324478149
456.0,minmax,SD2,prophet,euclidean,dtw,weighted,0.6520963311195374
104.0,minmax,SD2,mean,euclidean,dtw,weighted,0.8608385324478149
707.0,standard,SD2,prophet,euclidean,prophet,single,0.6520963311195374
511.0,standard,SD2,prophet,euclidean,prophet,average,0.6520963311195374
22.0,minmax,SD2,linear,euclidean,prophet,single,0.8608385324478149
429.0,minmax,SD2,median,euclidean,mean,weighted,0.8608385324478149
192.0,minmax,SD2,mean,euclidean,median,single,0.8608385324478149
723.0,standard,SD3,prophet,euclidean,prophet,weighted,0.7262079119682312
545.0,minmax,SD2,mean,euclidean,prophet,single,0.8608385324478149
33.0,minmax,SD2,prophet,euclidean,dtw,centroid,0.3695811927318573
538.0,minmax,SD2,prophet,euclidean,median,single,0.8608385324478149
680.0,standard,SD2,prophet,euclidean,prophet,ward,0.6240140199661255
678.0,standard,SD2,prophet,dtw,dtw,complete,0.6520963311195374
578.0,minmax,SD3,linear,euclidean,dtw,centroid,0.4614325165748596
538.0,minmax,SD2,median,euclidean,prophet,single,0.8608385324478149
758.0,minmax,SD3,prophet,euclidean,prophet,single,0.5099099278450012
675.0,standard,SD2,linear,euclidean,prophet,complete,0.8556891679763794
503.0,standard,SD2,median,euclidean,median,ward,0.8556891679763794
445.0,standard,SD2,median,euclidean,median,ward,0.8556891679763794
400.0,minmax,SD2,median,euclidean,prophet,weighted,0.8608385324478149
750.0,minmax,SD2,mean,euclidean,dtw,average,0.4486333727836609
1189.0,minmax,SD4,median,dtw,mean,median,0.0703125
567.0,standard,SD2,median,euclidean,prophet,ward,0.8556891679763794
604.0,standard,SD2,median,euclidean,prophet,ward,0.8556891679763794
634.0,standard,SD2,median,euclidean,prophet,ward,0.8556891679763794
451.0,minmax,SD2,median,euclidean,prophet,single,0.8608385324478149
877.0,zscore,SD2,mean,dtw,prophet,ward,0.14754098653793335
422.0,standard,SD2,prophet,euclidean,median,ward,0.8556891679763794
838.0,standard,SD4,mean,dtw,dtw,centroid,0.31387388706207275
1094.0,zscore,SD2,linear,dtw,dtw,ward,-0.0006752194603905082
367.0,minmax,SD2,mean,euclidean,mode,weighted,0.8608385324478149
608.0,standard,SD2,mean,euclidean,median,ward,0.8556891679763794
687.0,standard,SD2,median,euclidean,prophet,complete,0.6240140199661255
501.0,minmax,SD2,median,euclidean,prophet,single,0.8608385324478149
492.0,minmax,SD2,prophet,euclidean,median,single,0.8608385324478149
211.0,minmax,SD2,median,euclidean,median,single,0.8608385324478149
629.0,standard,SD2,mean,euclidean,prophet,ward,0.8556891679763794
96.0,minmax,SD2,prophet,euclidean,mean,single,0.8608385324478149
405.0,minmax,SD2,median,euclidean,mode,single,0.8608385324478149
515.0,minmax,SD2,mean,euclidean,median,single,0.8608385324478149
589.0,standard,SD2,median,euclidean,prophet,ward,0.8556891679763794
528.0,standard,SD2,mean,euclidean,prophet,ward,0.8556891679763794
551.0,minmax,SD2,prophet,euclidean,median,single,0.8608385324478149
588.0,standard,SD2,median,euclidean,median,ward,0.8556891679763794
639.0,standard,SD2,median,euclidean,median,ward,0.8556891679763794
473.0,minmax,SD2,median,euclidean,mean,single,0.6520963311195374
675.0,standard,SD2,prophet,euclidean,prophet,ward,0.8556891679763794
250.0,minmax,SD2,linear,euclidean,mode,single,0.8608385324478149
1105.0,standard,SD2,mean,euclidean,prophet,single,0.3978201746940613
612.0,standard,SD2,median,euclidean,median,ward,0.8556891679763794
152.0,zscore,SD4,linear,dtw,median,centroid,-0.09387395530939102
7.0,minmax,SD2,median,euclidean,dtw,weighted,0.8608385324478149
155.0,minmax,SD2,median,euclidean,median,weighted,0.8608385324478149
382.0,minmax,SD2,mean,euclidean,median,weighted,0.8608385324478149
552.0,standard,SD2,median,euclidean,prophet,ward,0.8556891679763794
592.0,standard,SD5,prophet,euclidean,prophet,weighted,0.7262079119682312
622.0,standard,SD4,mean,euclidean,prophet,weighted,0.7262079119682312
92.0,minmax,SD2,mean,euclidean,mode,single,0.8608385324478149
1159.0,zscore,SD2,mean,euclidean,mean,hdbscan,0.0010000000474974513
100.0,minmax,SD2,linear,euclidean,mode,single,0.8608385324478149
252.0,minmax,SD2,linear,euclidean,mean,single,0.8608385324478149
88.0,minmax,SD2,median,euclidean,median,weighted,0.8608385324478149
606.0,standard,SD2,linear,euclidean,mode,ward,0.8556891679763794
445.0,minmax,SD2,mean,euclidean,prophet,single,0.8608385324478149
701.0,standard,SD2,prophet,dtw,prophet,weighted,0.3122704029083252
306.0,standard,SD3,prophet,euclidean,dtw,median,0.7262079119682312
713.0,standard,SD2,median,euclidean,median,ward,0.20999324321746826
495.0,minmax,SD2,prophet,euclidean,prophet,weighted,0.6520963311195374
331.0,minmax,SD2,linear,euclidean,prophet,single,0.8608385324478149
90.0,minmax,SD2,median,euclidean,mean,weighted,0.8608385324478149
515.0,standard,SD4,prophet,euclidean,prophet,complete,0.440559446811676
624.0,standard,SD2,median,euclidean,median,ward,0.8556891679763794
358.0,minmax,SD2,linear,euclidean,prophet,weighted,0.8608385324478149
656.0,standard,SD2,median,euclidean,median,ward,0.8556891679763794
781.0,standard,SD2,prophet,euclidean,prophet,single,0.3978201746940613
628.0,standard,SD3,mean,euclidean,prophet,complete,0.7262079119682312
567.0,minmax,SD2,prophet,euclidean,mode,single,0.8608385324478149
409.0,minmax,SD2,mean,euclidean,mean,single,0.8608385324478149
149.0,minmax,SD2,linear,euclidean,median,single,0.8608385324478149
764.0,standard,SD2,median,euclidean,prophet,ward,0.6240140199661255
707.0,standard,SD6,prophet,euclidean,prophet,average,0.7262079119682312
675.0,standard,SD2,prophet,euclidean,prophet,median,0.5297157764434814
688.0,standard,SD5,linear,euclidean,prophet,single,0.7262079119682312
222.0,minmax,SD2,mean,euclidean,prophet,single,0.8608385324478149
456.0,minmax,SD2,linear,euclidean,median,single,0.8608385324478149
599.0,standard,SD2,median,euclidean,prophet,ward,0.8556891679763794
248.0,zscore,SD2,linear,dtw,mean,centroid,-0.0006752194603905082
819.0,standard,SD2,mean,euclidean,prophet,complete,0.6240140199661255
515.0,minmax,SD2,prophet,euclidean,prophet,single,0.8608385324478149
481.0,minmax,SD2,prophet,euclidean,mode,single,0.8608385324478149
664.0,standard,SD2,median,euclidean,dtw,complete,0.6520963311195374
367.0,minmax,SD2,mean,euclidean,median,single,0.8608385324478149
511.0,standard,SD3,mean,dtw,prophet,weighted,0.7262079119682312
486.0,minmax,SD2,mean,euclidean,prophet,single,0.8608385324478149
593.0,minmax,SD3,mean,dtw,prophet,median,0.37774524092674255
567.0,minmax,SD2,prophet,euclidean,prophet,single,0.8608385324478149
633.0,standard,SD2,median,euclidean,prophet,ward,0.8556891679763794
669.0,standard,SD2,median,euclidean,prophet,complete,0.8556891679763794
513.0,standard,SD2,linear,euclidean,median,ward,0.8556891679763794
306.0,minmax,SD2,median,euclidean,prophet,single,0.8608385324478149
502.0,minmax,SD2,median,euclidean,median,single,0.8608385324478149
613.0,standard,SD2,median,euclidean,prophet,ward,0.8556891679763794
414.0,standard,SD2,mean,euclidean,prophet,ward,0.8556891679763794
392.0,minmax,SD2,median,euclidean,mode,weighted,0.8608385324478149
672.0,standard,SD3,linear,euclidean,prophet,complete,0.7262079119682312
534.0,minmax,SD2,linear,euclidean,prophet,single,0.8608385324478149
244.0,standard,SD3,mean,dtw,dtw,centroid,0.7262079119682312
491.0,standard,SD2,median,euclidean,prophet,ward,0.8556891679763794
295.0,minmax,SD2,prophet,euclidean,prophet,single,0.8608385324478149
638.0,minmax,SD2,linear,euclidean,prophet,single,0.3695811927318573
551.0,standard,SD2,median,euclidean,median,ward,0.8556891679763794
678.0,standard,SD2,median,euclidean,median,complete,0.38926175236701965
403.0,minmax,SD2,median,euclidean,prophet,single,0.8608385324478149
691.0,standard,SD3,prophet,euclidean,prophet,weighted,0.7262079119682312
464.0,standard,SD2,prophet,euclidean,median,ward,0.8556891679763794
7.0,standard,SD2,prophet,euclidean,prophet,weighted,0.6520963311195374
630.0,standard,SD2,prophet,euclidean,prophet,ward,0.6520963311195374
525.0,minmax,SD2,median,euclidean,prophet,ward,0.6520963311195374
602.0,standard,SD3,median,dtw,median,weighted,0.7262079119682312
103.0,minmax,SD2,prophet,euclidean,prophet,single,0.8608385324478149
69.0,minmax,SD2,linear,dtw,mode,single,0.6520963311195374
560.0,standard,SD2,median,euclidean,mode,average,0.38926175236701965
200.0,standard,SD3,mean,dtw,prophet,weighted,0.7262079119682312
729.0,standard,SD2,mean,euclidean,dtw,complete,0.3737734258174896
99.0,minmax,SD2,mean,euclidean,prophet,weighted,0.8608385324478149
617.0,standard,SD2,prophet,euclidean,prophet,ward,0.6520963311195374
572.0,standard,SD2,mean,euclidean,prophet,ward,0.8556891679763794
183.0,minmax,SD2,mean,euclidean,prophet,weighted,0.8608385324478149
407.0,minmax,SD2,median,euclidean,median,single,0.8608385324478149
419.0,minmax,SD2,median,euclidean,prophet,weighted,0.8608385324478149
468.0,standard,SD2,mean,euclidean,mode,complete,0.6240140199661255
656.0,standard,SD3,median,euclidean,prophet,ward,0.440559446811676
668.0,standard,SD2,median,euclidean,prophet,ward,0.8556891679763794
471.0,minmax,SD2,median,euclidean,median,single,0.8608385324478149
542.0,minmax,SD2,prophet,euclidean,median,single,0.8608385324478149
1000.0,zscore,SD3,mean,dtw,mode,weighted,-0.040816325694322586
516.0,minmax,SD2,prophet,euclidean,prophet,single,0.8608385324478149
83.0,minmax,SD2,median,euclidean,prophet,weighted,0.8608385324478149
82.0,minmax,SD2,linear,euclidean,median,weighted,0.8608385324478149
1090.0,standard,SD4,median,dtw,mode,weighted,0.18205460906028748
584.0,standard,SD2,prophet,euclidean,prophet,complete,0.8556891679763794
545.0,minmax,SD2,median,euclidean,median,single,0.8608385324478149
100.0,minmax,SD2,prophet,euclidean,median,weighted,0.8608385324478149
625.0,standard,SD5,prophet,dtw,prophet,complete,0.6569369435310364
93.0,minmax,SD2,mean,euclidean,prophet,single,0.8608385324478149
369.0,minmax,SD2,linear,euclidean,dtw,weighted,0.8608385324478149
514.0,minmax,SD2,prophet,euclidean,prophet,single,0.8608385324478149
558.0,standard,SD2,prophet,euclidean,prophet,complete,0.8556891679763794
304.0,minmax,SD2,prophet,euclidean,prophet,single,0.8608385324478149
466.0,standard,SD3,prophet,euclidean,prophet,weighted,0.7262079119682312
28.0,minmax,SD2,mean,euclidean,prophet,weighted,0.8608385324478149
609.0,standard,SD3,mean,dtw,prophet,centroid,0.7262079119682312
489.0,minmax,SD2,linear,euclidean,prophet,single,0.8608385324478149
547.0,minmax,SD2,linear,euclidean,mode,single,0.8608385324478149
588.0,standard,SD3,median,euclidean,mode,median,0.7262079119682312
325.0,standard,SD5,mean,euclidean,mean,weighted,0.7262079119682312
376.0,standard,SD2,prophet,dtw,prophet,ward,0.5297157764434814
629.0,standard,SD2,median,euclidean,median,ward,0.8556891679763794
528.0,minmax,SD2,linear,euclidean,prophet,ward,0.6520963311195374
676.0,standard,SD2,mean,euclidean,prophet,complete,0.8556891679763794
669.0,standard,SD2,mean,euclidean,prophet,complete,0.8556891679763794
254.0,minmax,SD2,prophet,euclidean,median,weighted,0.8608385324478149
359.0,minmax,SD2,prophet,euclidean,prophet,weighted,0.8608385324478149
553.0,standard,SD2,linear,euclidean,prophet,ward,0.8556891679763794
589.0,zscore,SD5,prophet,dtw,mode,hdbscan,0.0010000000474974513
448.0,minmax,SD2,median,euclidean,dtw,single,0.6520963311195374
455.0,standard,SD2,mean,euclidean,prophet,ward,0.8556891679763794
101.0,minmax,SD2,median,euclidean,dtw,single,0.8608385324478149
468.0,minmax,SD2,median,euclidean,prophet,single,0.8608385324478149
547.0,minmax,SD2,median,euclidean,prophet,single,0.8608385324478149
87.0,minmax,SD2,median,euclidean,mode,single,0.8608385324478149
549.0,minmax,SD2,mean,euclidean,mean,single,0.6520963311195374
466.0,standard,SD2,mean,euclidean,median,ward,0.8556891679763794
544.0,minmax,SD2,median,euclidean,prophet,single,0.8608385324478149
522.0,minmax,SD2,median,euclidean,prophet,single,0.8608385324478149
1102.0,standard,SD2,linear,dtw,dtw,complete,0.4486333727836609
667.0,standard,SD2,mean,euclidean,prophet,ward,0.8556891679763794
241.0,minmax,SD2,mean,euclidean,prophet,weighted,0.8608385324478149
528.0,minmax,SD2,median,euclidean,median,single,0.8608385324478149
173.0,standard,SD2,prophet,euclidean,median,single,0.6228847503662109
413.0,minmax,SD2,linear,euclidean,median,single,0.8608385324478149
651.0,standard,SD2,median,euclidean,prophet,ward,0.8556891679763794
39.0,standard,SD6,linear,euclidean,prophet,complete,0.7262079119682312
468.0,minmax,SD2,median,euclidean,mode,single,0.8608385324478149
523.0,standard,SD5,prophet,dtw,median,single,0.24358242750167847
382.0,minmax,SD2,prophet,euclidean,dtw,weighted,0.8608385324478149
457.0,minmax,SD2,median,euclidean,prophet,weighted,0.6520963311195374
416.0,minmax,SD2,mean,euclidean,median,single,0.8608385324478149
526.0,minmax,SD2,prophet,euclidean,prophet,single,0.8608385324478149
576.0,standard,SD2,prophet,euclidean,prophet,average,0.6520963311195374
534.0,minmax,SD2,prophet,euclidean,prophet,single,0.8608385324478149
573.0,standard,SD2,prophet,euclidean,dtw,complete,0.6520963311195374
614.0,standard,SD2,prophet,euclidean,prophet,single,0.6520963311195374
554.0,minmax,SD2,prophet,euclidean,prophet,single,0.8608385324478149
647.0,standard,SD2,linear,euclidean,median,ward,0.8556891679763794
63.0,standard,SD5,prophet,dtw,prophet,weighted,0.7262079119682312
493.0,standard,SD2,mean,euclidean,median,ward,0.8556891679763794
569.0,minmax,SD2,prophet,euclidean,prophet,single,0.8608385324478149
580.0,standard,SD2,mean,euclidean,prophet,ward,0.8556891679763794
606.0,standard,SD2,linear,euclidean,median,ward,0.8556891679763794
574.0,standard,SD5,mean,euclidean,mode,average,0.7262079119682312
637.0,standard,SD2,prophet,euclidean,median,ward,0.8556891679763794
541.0,standard,SD2,median,euclidean,prophet,ward,0.8556891679763794
390.0,minmax,SD2,prophet,euclidean,mean,single,0.8608385324478149
284.0,minmax,SD2,linear,euclidean,mean,weighted,0.8608385324478149
670.0,standard,SD2,median,euclidean,prophet,ward,0.8556891679763794
674.0,standard,SD2,prophet,euclidean,median,ward,0.5395095348358154
698.0,standard,SD3,mean,dtw,prophet,complete,0.6965414881706238
447.0,minmax,SD2,mean,euclidean,median,single,0.8608385324478149
590.0,standard,SD5,median,euclidean,prophet,single,0.6861193776130676
671.0,standard,SD2,prophet,euclidean,dtw,ward,0.6520963311195374
689.0,standard,SD3,prophet,euclidean,prophet,average,0.7262079119682312
238.0,minmax,SD2,prophet,euclidean,mode,weighted,0.8608385324478149
553.0,minmax,SD2,prophet,euclidean,prophet,single,0.8608385324478149
47.0,minmax,SD2,linear,euclidean,median,weighted,0.8608385324478149
425.0,minmax,SD2,median,euclidean,prophet,weighted,0.8608385324478149
570.0,standard,SD2,median,euclidean,median,ward,0.8556891679763794
92.0,minmax,SD2,mean,euclidean,prophet,weighted,0.8608385324478149
485.0,minmax,SD2,prophet,euclidean,prophet,single,0.8608385324478149
346.0,minmax,SD2,mean,dtw,dtw,centroid,0.6240140199661255
363.0,minmax,SD2,linear,euclidean,prophet,single,0.8608385324478149
687.0,standard,SD2,prophet,euclidean,prophet,ward,0.6240140199661255
719.0,standard,SD2,mean,euclidean,dtw,complete,0.3737734258174896
181.0,standard,SD5,median,euclidean,dtw,complete,0.5484374761581421
373.0,minmax,SD2,prophet,euclidean,prophet,single,0.8608385324478149
445.0,standard,SD2,linear,euclidean,median,ward,0.8556891679763794
560.0,minmax,SD2,linear,euclidean,prophet,single,0.8608385324478149
642.0,standard,SD3,median,euclidean,median,ward,0.440559446811676
406.0,minmax,SD2,prophet,euclidean,median,weighted,0.8608385324478149
159.0,standard,SD2,mean,euclidean,mode,ward,0.8556891679763794
571.0,minmax,SD2,median,euclidean,prophet,single,0.8608385324478149
577.0,minmax,SD2,prophet,euclidean,prophet,single,0.6520963311195374
309.0,minmax,SD2,median,euclidean,prophet,single,0.8608385324478149
549.0,standard,SD2,linear,euclidean,median,ward,0.8556891679763794
510.0,minmax,SD2,prophet,euclidean,prophet,single,0.8608385324478149
825.0,standard,SD2,mean,euclidean,mode,median,-0.04371097311377525
644.0,minmax,SD2,prophet,euclidean,prophet,weighted,0.6520963311195374
323.0,minmax,SD2,prophet,euclidean,median,single,0.8608385324478149
429.0,minmax,SD2,median,euclidean,prophet,weighted,0.8608385324478149
696.0,standard,SD6,mean,euclidean,prophet,average,0.7262079119682312
551.0,minmax,SD2,mean,euclidean,mode,single,0.8608385324478149
483.0,standard,SD3,prophet,euclidean,prophet,median,0.7262079119682312
649.0,standard,SD2,mean,euclidean,prophet,ward,0.6240140199661255
808.0,zscore,SD4,median,dtw,prophet,ward,0.0240249615162611
147.0,minmax,SD2,median,euclidean,mode,single,0.8608385324478149
123.0,minmax,SD2,linear,euclidean,mean,hdbscan,0.0010000000474974513
352.0,minmax,SD2,mean,euclidean,median,weighted,0.8608385324478149
664.0,standard,SD2,median,euclidean,prophet,ward,0.8556891679763794
462.0,minmax,SD2,prophet,euclidean,mode,single,0.8608385324478149
174.0,minmax,SD2,mean,euclidean,median,single,0.8608385324478149
312.0,minmax,SD2,median,euclidean,prophet,weighted,0.8608385324478149
505.0,minmax,SD2,linear,euclidean,prophet,single,0.8608385324478149
526.0,minmax,SD2,median,euclidean,prophet,single,0.8608385324478149
528.0,zscore,SD4,prophet,euclidean,median,complete,-0.04284323379397392
642.0,standard,SD2,prophet,euclidean,prophet,ward,0.7113783359527588
323.0,zscore,SD3,prophet,dtw,prophet,median,-0.04284323379397392
541.0,minmax,SD2,mean,euclidean,median,single,0.8608385324478149
320.0,minmax,SD2,mean,euclidean,mode,complete,0.5968992114067078
569.0,minmax,SD2,mean,euclidean,mean,single,0.6520963311195374
638.0,standard,SD2,median,euclidean,median,ward,0.8556891679763794
676.0,standard,SD2,median,euclidean,prophet,complete,0.8556891679763794
562.0,minmax,SD2,median,euclidean,prophet,complete,0.555652916431427
433.0,minmax,SD2,mean,euclidean,mode,single,0.8608385324478149
428.0,minmax,SD2,prophet,euclidean,mean,single,0.8608385324478149
558.0,minmax,SD2,linear,euclidean,prophet,single,0.8608385324478149
638.0,standard,SD3,median,euclidean,prophet,average,0.7262079119682312
563.0,minmax,SD2,prophet,euclidean,median,single,0.8608385324478149
647.0,standard,SD2,median,euclidean,median,ward,0.8556891679763794
636.0,standard,SD2,prophet,euclidean,prophet,ward,0.6520963311195374
493.0,minmax,SD2,median,euclidean,prophet,single,0.8608385324478149
670.0,standard,SD3,prophet,euclidean,prophet,weighted,0.7262079119682312
552.0,minmax,SD2,mean,euclidean,median,single,0.8608385324478149
206.0,minmax,SD2,prophet,euclidean,prophet,single,0.8608385324478149
774.0,standard,SD2,prophet,euclidean,prophet,complete,0.6240140199661255
53.0,standard,SD5,mean,dtw,mode,ward,0.5484374761581421
554.0,minmax,SD2,prophet,euclidean,mode,single,0.8608385324478149
562.0,standard,SD2,median,euclidean,prophet,single,0.6228847503662109
532.0,minmax,SD2,mean,euclidean,median,single,0.8608385324478149
524.0,standard,SD4,mean,euclidean,prophet,median,0.7262079119682312
519.0,standard,SD2,median,euclidean,prophet,ward,0.8556891679763794
659.0,standard,SD2,mean,euclidean,prophet,complete,0.6240140199661255
625.0,standard,SD5,linear,euclidean,prophet,centroid,0.7262079119682312
500.0,standard,SD2,median,euclidean,prophet,ward,0.8556891679763794
672.0,standard,SD2,prophet,euclidean,prophet,ward,0.8556891679763794
573.0,standard,SD2,mean,dtw,prophet,complete,0.5297157764434814
551.0,minmax,SD2,prophet,euclidean,prophet,single,0.8608385324478149
499.0,standard,SD4,linear,euclidean,dtw,median,0.6487603187561035
785.0,zscore,SD2,prophet,euclidean,prophet,single,-0.045703839510679245
74.0,minmax,SD2,prophet,euclidean,median,single,0.8608385324478149
700.0,standard,SD3,mean,dtw,prophet,weighted,0.6487603187561035
360.0,minmax,SD2,prophet,euclidean,dtw,weighted,0.8608385324478149
564.0,minmax,SD2,median,euclidean,prophet,single,0.8608385324478149
462.0,minmax,SD2,prophet,euclidean,prophet,single,0.8608385324478149
597.0,standard,SD3,linear,euclidean,prophet,ward,0.7262079119682312
