Comperiod,Scaling,Interpolation,Similarity,Unsynced,Linkmeth,ray/tune/_metric
450.0,zscore,mean,dtw,median,centroid,-0.04284323379397392
636.0,minmax,prophet,euclidean,mode,single,0.6380411386489868
585.0,standard,linear,euclidean,prophet,complete,0.7262079119682312
142.0,zscore,prophet,dtw,median,hdbscan,0.0010000000474974513
531.0,minmax,linear,euclidean,mode,ward,0.7471178770065308
727.0,zscore,linear,euclidean,median,hdbscan,0.0010000000474974513
488.0,standard,prophet,dtw,dtw,complete,0.3628828823566437
643.0,minmax,mean,euclidean,mean,ward,0.7471178770065308
746.0,standard,mean,dtw,dtw,weighted,0.31387388706207275
655.0,standard,prophet,dtw,median,single,0.555096447467804
431.0,standard,mean,euclidean,mode,complete,0.7262079119682312
586.0,minmax,linear,euclidean,mode,ward,0.7471178770065308
685.0,standard,mean,dtw,median,weighted,0.7262079119682312
490.0,standard,median,euclidean,dtw,median,0.6487603187561035
619.0,standard,linear,dtw,mean,weighted,0.477525919675827
486.0,standard,prophet,dtw,mode,single,0.24358242750167847
611.0,minmax,mean,euclidean,mean,ward,0.7471178770065308
661.0,standard,mean,dtw,mode,complete,0.5484374761581421
621.0,standard,linear,dtw,median,complete,0.7262079119682312
675.0,minmax,prophet,dtw,prophet,median,0.3599543571472168
10.0,minmax,mean,dtw,mode,ward,0.37774524092674255
553.0,minmax,prophet,euclidean,mean,ward,0.5297733545303345
506.0,standard,prophet,dtw,prophet,median,0.7262079119682312
897.0,standard,mean,euclidean,dtw,single,0.31387388706207275
631.0,standard,mean,euclidean,mode,complete,0.7262079119682312
222.0,standard,prophet,dtw,median,weighted,0.7262079119682312
322.0,standard,mean,euclidean,prophet,average,0.7262079119682312
667.0,standard,prophet,euclidean,mode,ward,0.440559446811676
592.0,standard,mean,euclidean,mode,centroid,0.7262079119682312
462.0,standard,prophet,euclidean,dtw,centroid,0.7059459686279297
504.0,minmax,mean,euclidean,mode,ward,0.7471178770065308
128.0,standard,prophet,dtw,prophet,complete,0.7262079119682312
100.0,minmax,prophet,euclidean,dtw,ward,0.5820207595825195
53.0,minmax,prophet,euclidean,mean,single,0.6380411386489868
24.0,standard,prophet,euclidean,mean,complete,0.440559446811676
601.0,standard,prophet,dtw,mode,weighted,0.7262079119682312
674.0,minmax,mean,euclidean,mean,ward,0.7471178770065308
134.0,standard,prophet,dtw,mean,complete,0.7262079119682312
120.0,standard,prophet,euclidean,mode,complete,0.440559446811676
546.0,standard,linear,dtw,median,median,0.7262079119682312
446.0,standard,mean,dtw,dtw,median,0.7262079119682312
189.0,zscore,linear,euclidean,mean,single,-0.09387395530939102
237.0,standard,mean,euclidean,mean,ward,0.7262079119682312
720.0,standard,median,euclidean,dtw,single,0.14803825318813324
610.0,standard,mean,dtw,mode,single,0.24358242750167847
576.0,standard,mean,euclidean,prophet,single,0.6861193776130676
159.0,standard,median,euclidean,median,median,0.7262079119682312
66.0,standard,mean,dtw,mean,median,0.7262079119682312
227.0,standard,mean,euclidean,prophet,ward,0.7262079119682312
226.0,standard,mean,euclidean,mode,complete,0.7262079119682312
578.0,minmax,mean,dtw,mean,ward,0.37774524092674255
581.0,standard,linear,euclidean,median,average,0.5484374761581421
145.0,minmax,mean,dtw,prophet,hdbscan,0.0010000000474974513
650.0,standard,mean,euclidean,mean,ward,0.17656250298023224
591.0,standard,prophet,euclidean,median,complete,0.440559446811676
610.0,standard,linear,dtw,mode,average,0.7262079119682312
29.0,standard,mean,euclidean,mode,single,0.6861193776130676
650.0,standard,mean,dtw,mode,median,0.7262079119682312
570.0,standard,prophet,dtw,median,complete,0.7262079119682312
597.0,standard,prophet,dtw,prophet,centroid,0.7262079119682312
235.0,standard,linear,dtw,median,weighted,0.7262079119682312
149.0,minmax,mean,euclidean,median,hdbscan,0.0010000000474974513
602.0,minmax,linear,euclidean,mode,ward,0.7471178770065308
338.0,zscore,mean,euclidean,median,average,-0.04284323379397392
468.0,standard,mean,euclidean,mode,ward,0.7262079119682312
140.0,standard,mean,euclidean,mean,complete,0.7262079119682312
719.0,standard,prophet,dtw,mode,centroid,0.5678929686546326
374.0,standard,linear,dtw,mean,weighted,0.7262079119682312
381.0,standard,prophet,dtw,prophet,average,0.7262079119682312
660.0,zscore,mean,euclidean,mode,single,-0.09032602608203888
325.0,standard,mean,dtw,median,centroid,0.7262079119682312
399.0,minmax,mean,euclidean,mean,median,0.3722386956214905
12.0,standard,median,euclidean,median,single,0.6861193776130676
539.0,standard,prophet,dtw,median,median,0.7262079119682312
540.0,minmax,linear,euclidean,median,ward,0.7471178770065308
443.0,minmax,mean,euclidean,mean,single,0.6380411386489868
207.0,standard,linear,euclidean,dtw,centroid,0.7262079119682312
167.0,standard,prophet,dtw,dtw,average,0.7262079119682312
517.0,minmax,mean,euclidean,dtw,complete,0.5484374761581421
613.0,standard,mean,euclidean,dtw,complete,0.6487603187561035
787.0,standard,linear,dtw,dtw,centroid,0.31387388706207275
593.0,minmax,linear,euclidean,mean,complete,0.41460055112838745
640.0,standard,mean,euclidean,mode,ward,0.7262079119682312
333.0,standard,mean,dtw,dtw,weighted,0.7262079119682312
700.0,zscore,linear,dtw,mode,weighted,0.1479385644197464
537.0,standard,mean,euclidean,mode,complete,0.7262079119682312
810.0,standard,prophet,dtw,mode,ward,0.3730311095714569
506.0,standard,linear,euclidean,mode,average,0.7262079119682312
144.0,standard,median,dtw,median,weighted,0.7262079119682312
496.0,minmax,mean,euclidean,median,ward,0.7471178770065308
717.0,standard,prophet,dtw,median,single,0.42339181900024414
419.0,standard,prophet,euclidean,mean,weighted,0.7262079119682312
242.0,zscore,prophet,euclidean,prophet,complete,-0.04284323379397392
495.0,standard,linear,dtw,prophet,centroid,0.7262079119682312
574.0,minmax,linear,euclidean,mean,ward,0.7471178770065308
530.0,standard,linear,dtw,mean,weighted,0.6380411386489868
563.0,minmax,median,euclidean,median,ward,0.6965414881706238
385.0,standard,prophet,euclidean,mode,median,0.7262079119682312
567.0,minmax,mean,euclidean,mean,ward,0.7471178770065308
561.0,minmax,mean,euclidean,mean,single,0.6380411386489868
523.0,minmax,mean,euclidean,mode,ward,0.7471178770065308
328.0,standard,mean,euclidean,dtw,median,0.7262079119682312
506.0,minmax,mean,euclidean,median,ward,0.7471178770065308
549.0,minmax,mean,euclidean,median,ward,0.7471178770065308
416.0,standard,median,euclidean,mode,weighted,0.7262079119682312
430.0,standard,prophet,euclidean,mean,weighted,0.7262079119682312
30.0,standard,mean,euclidean,median,median,0.7262079119682312
40.0,minmax,prophet,dtw,dtw,single,0.3677685856819153
881.0,minmax,prophet,dtw,median,single,0.1937597543001175
678.0,standard,prophet,dtw,mode,weighted,0.7262079119682312
649.0,standard,mean,euclidean,prophet,single,0.6861193776130676
701.0,minmax,linear,euclidean,dtw,ward,0.3930829167366028
554.0,minmax,mean,euclidean,mode,ward,0.7471178770065308
395.0,standard,mean,euclidean,mode,ward,0.7262079119682312
493.0,standard,linear,euclidean,mean,complete,0.6019283533096313
623.0,standard,mean,euclidean,dtw,weighted,0.4614325165748596
722.0,standard,mean,euclidean,mode,weighted,0.2592986226081848
110.0,minmax,prophet,euclidean,mean,complete,0.5820207595825195
685.0,minmax,linear,euclidean,mean,ward,0.6487603187561035
754.0,standard,median,euclidean,median,median,0.04071817919611931
286.0,standard,mean,dtw,median,weighted,0.7262079119682312
607.0,standard,linear,dtw,prophet,weighted,0.7262079119682312
637.0,minmax,mean,euclidean,mean,ward,0.7471178770065308
724.0,zscore,linear,euclidean,mode,weighted,0.08144616335630417
100.0,minmax,prophet,dtw,mode,complete,0.37774524092674255
664.0,minmax,mean,euclidean,mean,ward,0.7471178770065308
285.0,standard,mean,dtw,dtw,ward,0.5484374761581421
667.0,minmax,linear,dtw,mean,complete,0.44218748807907104
93.0,zscore,mean,dtw,dtw,single,-0.09387395530939102
881.0,zscore,prophet,euclidean,dtw,single,-0.04284323379397392
394.0,standard,prophet,dtw,prophet,ward,0.5484374761581421
721.0,minmax,median,euclidean,prophet,centroid,0.41460055112838745
501.0,standard,mean,dtw,dtw,weighted,0.4614325165748596
377.0,standard,linear,euclidean,mean,complete,0.7262079119682312
445.0,standard,prophet,euclidean,mean,weighted,0.7471178770065308
537.0,standard,median,euclidean,mode,median,0.7262079119682312
578.0,standard,mean,euclidean,median,median,0.7262079119682312
533.0,minmax,mean,euclidean,mean,ward,0.7471178770065308
29.0,standard,prophet,dtw,dtw,weighted,0.7262079119682312
769.0,minmax,mean,euclidean,dtw,hdbscan,0.0010000000474974513
371.0,standard,mean,euclidean,mode,complete,0.7262079119682312
525.0,standard,mean,euclidean,prophet,ward,0.7262079119682312
590.0,minmax,linear,euclidean,median,ward,0.7471178770065308
623.0,minmax,mean,euclidean,mean,ward,0.7471178770065308
150.0,zscore,mean,dtw,mode,hdbscan,0.0010000000474974513
524.0,standard,mean,euclidean,mode,centroid,0.7262079119682312
112.0,standard,mean,dtw,dtw,median,0.7262079119682312
42.0,standard,mean,euclidean,prophet,complete,0.7262079119682312
151.0,standard,prophet,euclidean,mean,average,0.7262079119682312
662.0,standard,mean,euclidean,prophet,median,0.7262079119682312
199.0,standard,median,dtw,mean,ward,0.5484374761581421
676.0,minmax,linear,euclidean,mode,hdbscan,0.0010000000474974513
569.0,minmax,prophet,dtw,prophet,weighted,0.37774524092674255
559.0,minmax,mean,euclidean,mean,ward,0.7471178770065308
398.0,standard,linear,dtw,dtw,weighted,0.7262079119682312
577.0,standard,prophet,dtw,dtw,median,0.4614325165748596
646.0,standard,prophet,dtw,mode,complete,0.7262079119682312
110.0,standard,prophet,euclidean,dtw,median,0.7262079119682312
138.0,minmax,prophet,euclidean,dtw,single,0.6380411386489868
207.0,standard,mean,dtw,mean,single,0.24358242750167847
507.0,standard,median,euclidean,mode,single,0.6861193776130676
588.0,minmax,median,euclidean,mean,ward,0.6965414881706238
334.0,standard,mean,euclidean,mode,average,0.7262079119682312
383.0,standard,mean,euclidean,dtw,median,0.7262079119682312
614.0,standard,median,dtw,median,median,0.7262079119682312
524.0,minmax,linear,euclidean,prophet,ward,0.5820207595825195
525.0,minmax,mean,euclidean,dtw,ward,0.5484374761581421
520.0,minmax,mean,euclidean,mean,ward,0.7471178770065308
294.0,standard,prophet,dtw,dtw,complete,0.7262079119682312
534.0,minmax,mean,euclidean,mode,ward,0.7471178770065308
52.0,zscore,prophet,dtw,mean,ward,-0.04284323379397392
374.0,standard,prophet,euclidean,mean,centroid,0.7262079119682312
651.0,standard,mean,euclidean,prophet,ward,0.7262079119682312
501.0,standard,mean,euclidean,dtw,ward,0.6487603187561035
664.0,standard,mean,dtw,median,hdbscan,0.0010000000474974513
86.0,standard,mean,euclidean,prophet,centroid,0.7262079119682312
656.0,minmax,mean,euclidean,mean,average,0.3677685856819153
545.0,minmax,mean,euclidean,dtw,single,0.3269346058368683
687.0,standard,prophet,dtw,mode,single,0.7262079119682312
581.0,standard,prophet,dtw,mode,weighted,0.7262079119682312
550.0,standard,mean,dtw,median,ward,0.5484374761581421
694.0,minmax,prophet,euclidean,mode,complete,0.4773060083389282
35.0,minmax,mean,euclidean,mean,hdbscan,0.0010000000474974513
630.0,minmax,mean,euclidean,mean,ward,0.7471178770065308
58.0,standard,mean,euclidean,dtw,single,0.6861193776130676
698.0,minmax,mean,euclidean,mode,ward,0.6487603187561035
177.0,standard,mean,dtw,median,complete,0.5484374761581421
431.0,standard,mean,euclidean,dtw,ward,0.7262079119682312
610.0,minmax,prophet,euclidean,mean,single,0.6380411386489868
530.0,minmax,linear,euclidean,mean,ward,0.7471178770065308
355.0,minmax,mean,euclidean,median,single,0.6380411386489868
663.0,standard,mean,euclidean,mode,complete,0.7262079119682312
537.0,minmax,mean,euclidean,mean,ward,0.7471178770065308
557.0,standard,mean,euclidean,dtw,ward,0.6487603187561035
575.0,minmax,mean,euclidean,median,ward,0.7471178770065308
486.0,standard,prophet,euclidean,mean,weighted,0.4942357838153839
571.0,minmax,linear,euclidean,mode,ward,0.7471178770065308
251.0,standard,prophet,euclidean,dtw,single,0.555096447467804
637.0,minmax,median,euclidean,mode,ward,0.6965414881706238
378.0,standard,prophet,euclidean,mean,weighted,0.7262079119682312
512.0,minmax,linear,dtw,dtw,ward,0.3209366500377655
649.0,standard,linear,dtw,mode,complete,0.7262079119682312
697.0,zscore,mean,euclidean,mean,complete,-0.10905550420284271
484.0,standard,mean,euclidean,dtw,complete,0.6569369435310364
572.0,standard,linear,euclidean,prophet,single,0.6861193776130676
516.0,standard,mean,euclidean,dtw,single,0.24358242750167847
653.0,minmax,mean,euclidean,prophet,complete,0.41460055112838745
182.0,standard,prophet,euclidean,mean,weighted,0.7262079119682312
439.0,standard,prophet,euclidean,mode,weighted,0.7262079119682312
793.0,zscore,median,dtw,median,ward,-0.06674272567033768
550.0,minmax,linear,euclidean,mode,ward,0.7471178770065308
315.0,standard,median,dtw,median,complete,0.5484374761581421
366.0,standard,mean,euclidean,prophet,median,0.7262079119682312
578.0,standard,linear,dtw,median,weighted,0.7262079119682312
606.0,minmax,median,dtw,mean,hdbscan,0.0010000000474974513
809.0,standard,mean,euclidean,dtw,ward,0.3820342421531677
571.0,minmax,mean,euclidean,mean,ward,0.7471178770065308
689.0,standard,mean,dtw,dtw,average,0.4773060083389282
899.0,minmax,mean,dtw,dtw,complete,0.21585585176944733
541.0,standard,linear,euclidean,median,weighted,0.7262079119682312
397.0,standard,prophet,dtw,prophet,median,0.7262079119682312
624.0,standard,mean,euclidean,prophet,weighted,0.7262079119682312
27.0,standard,linear,dtw,dtw,centroid,0.7262079119682312
541.0,standard,mean,euclidean,dtw,weighted,0.4614325165748596
422.0,standard,linear,euclidean,mean,ward,0.7262079119682312
506.0,minmax,mean,euclidean,mode,ward,0.7471178770065308
609.0,standard,prophet,dtw,median,ward,0.5484374761581421
315.0,standard,linear,euclidean,mean,weighted,0.7262079119682312
446.0,standard,median,dtw,dtw,single,0.4614325165748596
172.0,standard,prophet,euclidean,median,weighted,0.7262079119682312
640.0,standard,mean,euclidean,median,median,0.7262079119682312
456.0,minmax,prophet,euclidean,dtw,complete,0.3677685856819153
649.0,minmax,median,euclidean,mean,ward,0.6965414881706238
113.0,standard,mean,euclidean,mean,weighted,0.7262079119682312
705.0,standard,median,dtw,median,complete,0.6569369435310364
431.0,standard,mean,euclidean,mean,ward,0.7262079119682312
96.0,standard,prophet,euclidean,dtw,complete,0.440559446811676
622.0,standard,mean,euclidean,median,ward,0.7262079119682312
832.0,zscore,median,dtw,mean,weighted,-0.02918918989598751
91.0,standard,linear,dtw,mean,average,0.7262079119682312
507.0,standard,prophet,dtw,median,weighted,0.7262079119682312
585.0,standard,mean,euclidean,prophet,ward,0.7262079119682312
227.0,standard,linear,euclidean,dtw,single,0.6861193776130676
485.0,standard,mean,dtw,mean,weighted,0.6672492027282715
428.0,standard,prophet,dtw,dtw,median,0.7262079119682312
581.0,minmax,mean,euclidean,mean,ward,0.7471178770065308
250.0,standard,mean,dtw,mean,average,0.7262079119682312
798.0,standard,median,euclidean,prophet,complete,0.440559446811676
47.0,standard,mean,dtw,dtw,weighted,0.7262079119682312
788.0,standard,prophet,dtw,mode,hdbscan,0.0010000000474974513
893.0,standard,prophet,dtw,median,centroid,0.33449843525886536
613.0,standard,linear,euclidean,prophet,single,0.6861193776130676
407.0,standard,prophet,euclidean,prophet,centroid,0.7262079119682312
671.0,standard,prophet,dtw,mode,complete,0.7262079119682312
410.0,standard,mean,dtw,dtw,median,0.7262079119682312
562.0,standard,mean,euclidean,mode,ward,0.7262079119682312
769.0,minmax,mean,euclidean,median,single,0.1888997107744217
617.0,standard,mean,dtw,median,weighted,0.7262079119682312
18.0,minmax,linear,euclidean,dtw,complete,0.5820207595825195
592.0,standard,median,dtw,median,average,0.7262079119682312
198.0,minmax,median,euclidean,prophet,median,0.3722386956214905
690.0,standard,mean,dtw,dtw,ward,0.4773060083389282
616.0,minmax,linear,euclidean,mode,ward,0.7471178770065308
472.0,minmax,prophet,euclidean,mode,ward,0.5820207595825195
414.0,standard,prophet,dtw,mode,average,0.7262079119682312
342.0,standard,prophet,dtw,median,weighted,0.7262079119682312
255.0,standard,prophet,dtw,mean,centroid,0.7262079119682312
548.0,standard,mean,euclidean,mean,single,0.042507968842983246
505.0,minmax,linear,euclidean,mode,ward,0.7471178770065308
520.0,minmax,linear,euclidean,mode,ward,0.7471178770065308
536.0,minmax,prophet,euclidean,mean,complete,0.41460055112838745
684.0,standard,linear,dtw,mode,single,0.555096447467804
283.0,standard,mean,euclidean,mean,median,0.7262079119682312
641.0,standard,mean,dtw,median,complete,0.5484374761581421
685.0,minmax,linear,dtw,median,single,0.6266471743583679
620.0,standard,mean,euclidean,prophet,hdbscan,0.0010000000474974513
569.0,standard,median,dtw,mode,complete,0.5484374761581421
207.0,standard,mean,dtw,dtw,average,0.7262079119682312
456.0,minmax,mean,euclidean,mean,complete,0.5820207595825195
712.0,minmax,prophet,dtw,mode,complete,0.5678929686546326
619.0,zscore,linear,euclidean,mean,ward,-0.04284323379397392
20.0,minmax,mean,euclidean,median,complete,0.5820207595825195
562.0,minmax,linear,euclidean,mean,ward,0.7471178770065308
47.0,minmax,prophet,euclidean,mean,ward,0.5820207595825195
258.0,standard,linear,euclidean,prophet,centroid,0.7262079119682312
225.0,standard,mean,euclidean,dtw,complete,0.7262079119682312
103.0,standard,prophet,dtw,mode,weighted,0.7262079119682312
468.0,standard,linear,dtw,median,centroid,0.7262079119682312
566.0,minmax,mean,euclidean,median,ward,0.7471178770065308
640.0,minmax,linear,euclidean,median,single,0.6380411386489868
582.0,minmax,linear,euclidean,median,ward,0.7471178770065308
226.0,standard,prophet,euclidean,prophet,weighted,0.7262079119682312
165.0,standard,mean,dtw,prophet,ward,0.5484374761581421
897.0,minmax,median,euclidean,dtw,average,0.22536945343017578
650.0,standard,prophet,dtw,median,weighted,0.7262079119682312
552.0,standard,mean,euclidean,median,weighted,0.7262079119682312
508.0,standard,prophet,dtw,mean,ward,0.4942357838153839
616.0,minmax,mean,euclidean,mean,ward,0.7471178770065308
134.0,standard,prophet,euclidean,median,median,0.7262079119682312
557.0,standard,linear,euclidean,mode,weighted,0.7262079119682312
517.0,standard,prophet,euclidean,mean,ward,0.42527851462364197
707.0,standard,mean,euclidean,median,complete,0.6019283533096313
602.0,minmax,mean,euclidean,median,ward,0.7471178770065308
585.0,zscore,prophet,euclidean,dtw,ward,-0.04284323379397392
142.0,standard,mean,euclidean,mean,centroid,0.7262079119682312
442.0,standard,prophet,euclidean,mean,weighted,0.7471178770065308
523.0,minmax,linear,euclidean,mean,ward,0.7471178770065308
544.0,minmax,mean,euclidean,mean,ward,0.7471178770065308
60.0,standard,median,euclidean,mean,single,0.6861193776130676
608.0,standard,mean,euclidean,prophet,median,0.7262079119682312
363.0,standard,mean,euclidean,median,complete,0.7262079119682312
17.0,standard,mean,euclidean,mode,weighted,0.7262079119682312
645.0,standard,median,dtw,mode,weighted,0.7262079119682312
659.0,minmax,mean,euclidean,mean,ward,0.7471178770065308
137.0,standard,median,euclidean,dtw,ward,0.440559446811676
502.0,minmax,median,euclidean,median,ward,0.6965414881706238
482.0,minmax,linear,euclidean,median,complete,0.5820207595825195
662.0,standard,median,euclidean,prophet,complete,0.5484374761581421
448.0,standard,prophet,dtw,mean,weighted,0.6965414881706238
431.0,standard,mean,euclidean,mean,complete,0.7262079119682312
618.0,standard,linear,euclidean,median,complete,0.7262079119682312
47.0,minmax,linear,dtw,median,weighted,0.37774524092674255
19.0,standard,prophet,dtw,mean,median,0.7262079119682312
590.0,minmax,mean,euclidean,median,ward,0.7471178770065308
627.0,standard,linear,dtw,median,weighted,0.7262079119682312
112.0,standard,mean,dtw,dtw,complete,0.5484374761581421
575.0,standard,mean,dtw,median,weighted,0.7262079119682312
658.0,standard,median,dtw,prophet,median,0.6019283533096313
552.0,minmax,mean,euclidean,mean,ward,0.7471178770065308
186.0,minmax,mean,euclidean,median,ward,0.5820207595825195
670.0,minmax,linear,dtw,dtw,hdbscan,0.1847953200340271
689.0,minmax,prophet,euclidean,mode,single,0.555096447467804
527.0,minmax,mean,dtw,mode,complete,0.37774524092674255
734.0,standard,mean,euclidean,median,ward,0.3279648721218109
83.0,standard,prophet,euclidean,mode,hdbscan,0.0010000000474974513
732.0,minmax,prophet,euclidean,mean,ward,0.33449843525886536
546.0,standard,prophet,dtw,mode,complete,0.7262079119682312
605.0,minmax,mean,euclidean,mean,ward,0.7471178770065308
577.0,minmax,mean,euclidean,mode,ward,0.7471178770065308
504.0,minmax,mean,euclidean,median,ward,0.7471178770065308
582.0,standard,mean,euclidean,dtw,median,0.6487603187561035
136.0,standard,mean,dtw,mean,hdbscan,0.0010000000474974513
613.0,standard,mean,euclidean,mean,complete,0.42527851462364197
677.0,minmax,mean,euclidean,mean,ward,0.7471178770065308
625.0,standard,mean,euclidean,median,average,0.7262079119682312
2.0,minmax,prophet,euclidean,mode,weighted,0.5297733545303345
583.0,standard,linear,euclidean,dtw,complete,0.6487603187561035
691.0,standard,linear,dtw,mode,centroid,0.7262079119682312
563.0,standard,mean,dtw,prophet,centroid,0.7262079119682312
664.0,minmax,mean,dtw,median,ward,0.44218748807907104
565.0,minmax,linear,euclidean,median,ward,0.7471178770065308
581.0,minmax,mean,euclidean,mode,ward,0.7471178770065308
474.0,standard,median,dtw,mean,median,0.6764275431632996
561.0,standard,linear,euclidean,median,ward,0.5484374761581421
566.0,minmax,mean,euclidean,mean,ward,0.7471178770065308
623.0,minmax,linear,euclidean,mean,ward,0.7471178770065308
823.0,minmax,prophet,euclidean,dtw,weighted,0.14803825318813324
365.0,standard,mean,euclidean,dtw,ward,0.7262079119682312
604.0,standard,mean,euclidean,median,complete,0.7262079119682312
141.0,minmax,mean,euclidean,dtw,single,0.6380411386489868
608.0,standard,mean,euclidean,mode,single,0.6861193776130676
181.0,minmax,linear,euclidean,median,ward,0.5820207595825195
522.0,standard,mean,euclidean,median,single,0.6861193776130676
426.0,standard,prophet,dtw,mean,complete,0.7262079119682312
172.0,minmax,median,euclidean,median,weighted,0.5297733545303345
878.0,standard,mean,euclidean,mode,hdbscan,0.0010000000474974513
26.0,minmax,median,euclidean,mean,single,0.6380411386489868
740.0,minmax,linear,dtw,median,ward,0.2869625985622406
250.0,standard,prophet,dtw,mean,weighted,0.7262079119682312
404.0,standard,linear,euclidean,mean,weighted,0.7262079119682312
868.0,zscore,median,dtw,mode,complete,-0.08118525892496109
507.0,standard,mean,euclidean,prophet,complete,0.7262079119682312
519.0,zscore,mean,euclidean,prophet,ward,-0.04284323379397392
551.0,standard,linear,dtw,median,hdbscan,0.0010000000474974513
877.0,minmax,mean,euclidean,mean,complete,0.13547874987125397
639.0,minmax,mean,euclidean,mean,ward,0.7471178770065308
671.0,standard,mean,euclidean,prophet,centroid,0.7262079119682312
38.0,standard,prophet,euclidean,median,ward,0.440559446811676
397.0,standard,linear,euclidean,dtw,weighted,0.7262079119682312
7.0,standard,prophet,euclidean,median,single,0.555096447467804
199.0,standard,mean,euclidean,median,ward,0.7262079119682312
419.0,standard,mean,dtw,mode,median,0.7262079119682312
595.0,minmax,mean,euclidean,mode,ward,0.7471178770065308
817.0,minmax,linear,euclidean,mode,ward,0.5137068033218384
427.0,minmax,linear,euclidean,mean,hdbscan,0.0010000000474974513
134.0,standard,mean,euclidean,dtw,centroid,0.7262079119682312
383.0,standard,mean,euclidean,mean,weighted,0.7262079119682312
456.0,standard,mean,euclidean,median,average,0.7262079119682312
348.0,standard,prophet,dtw,mode,complete,0.7262079119682312
539.0,standard,mean,euclidean,prophet,centroid,0.7262079119682312
68.0,standard,mean,euclidean,dtw,centroid,0.7262079119682312
478.0,standard,mean,euclidean,prophet,ward,0.7262079119682312
524.0,standard,median,euclidean,mode,weighted,0.7262079119682312
33.0,standard,median,dtw,median,median,0.7262079119682312
552.0,minmax,linear,euclidean,mean,ward,0.7471178770065308
223.0,standard,median,euclidean,mode,complete,0.5484374761581421
396.0,standard,mean,euclidean,mean,single,0.6861193776130676
597.0,minmax,mean,euclidean,mean,ward,0.7471178770065308
899.0,minmax,mean,dtw,dtw,ward,0.2781844735145569
210.0,standard,median,dtw,dtw,median,0.7262079119682312
626.0,minmax,linear,euclidean,mean,single,0.6380411386489868
2.0,minmax,linear,dtw,mean,single,0.3677685856819153
622.0,standard,mean,euclidean,prophet,complete,0.7262079119682312
796.0,standard,prophet,dtw,mean,complete,0.0703125
385.0,standard,mean,dtw,median,weighted,0.7262079119682312
396.0,zscore,linear,euclidean,median,hdbscan,0.0010000000474974513
543.0,standard,linear,dtw,mode,weighted,0.7262079119682312
233.0,standard,prophet,euclidean,dtw,weighted,0.7262079119682312
231.0,standard,mean,euclidean,dtw,hdbscan,0.0010000000474974513
205.0,standard,median,dtw,prophet,centroid,0.7262079119682312
698.0,standard,prophet,euclidean,mode,complete,0.5053763389587402
653.0,standard,median,dtw,median,weighted,0.7262079119682312
552.0,standard,prophet,dtw,prophet,complete,0.7262079119682312
97.0,standard,prophet,dtw,dtw,ward,0.5484374761581421
664.0,standard,mean,euclidean,mode,ward,0.7262079119682312
571.0,minmax,mean,euclidean,mode,average,0.3677685856819153
306.0,standard,prophet,dtw,prophet,median,0.7262079119682312
693.0,standard,prophet,dtw,median,single,0.7262079119682312
842.0,standard,mean,dtw,mode,centroid,0.1668468415737152
596.0,standard,prophet,dtw,prophet,complete,0.7262079119682312
666.0,standard,linear,dtw,mode,weighted,0.7262079119682312
269.0,standard,mean,euclidean,prophet,average,0.7262079119682312
383.0,standard,linear,dtw,median,median,0.7262079119682312
502.0,standard,mean,euclidean,median,median,0.7262079119682312
606.0,standard,prophet,euclidean,mean,weighted,0.2975764870643616
501.0,minmax,median,euclidean,mean,ward,0.6965414881706238
524.0,standard,linear,euclidean,prophet,complete,0.7262079119682312
855.0,zscore,mean,euclidean,median,ward,0.06549707800149918
703.0,standard,linear,dtw,mean,ward,0.11783783882856369
661.0,standard,prophet,dtw,dtw,complete,0.3628828823566437
522.0,minmax,mean,euclidean,median,ward,0.7471178770065308
541.0,standard,prophet,dtw,mean,complete,0.4773060083389282
619.0,minmax,linear,euclidean,mean,ward,0.7471178770065308
530.0,minmax,median,euclidean,median,single,0.35890766978263855
565.0,standard,mean,dtw,mode,complete,0.5484374761581421
888.0,minmax,mean,dtw,mode,hdbscan,0.0010000000474974513
194.0,minmax,prophet,euclidean,mode,single,0.6380411386489868
244.0,standard,median,dtw,median,median,0.7262079119682312
879.0,standard,prophet,euclidean,mode,median,-0.0022675737272948027
561.0,standard,median,dtw,prophet,weighted,0.7262079119682312
598.0,standard,mean,dtw,mode,median,0.7262079119682312
423.0,standard,mean,euclidean,dtw,ward,0.7262079119682312
114.0,standard,prophet,dtw,mode,complete,0.7262079119682312
550.0,minmax,mean,euclidean,mean,ward,0.7471178770065308
582.0,minmax,mean,dtw,mode,single,0.3677685856819153
222.0,standard,mean,euclidean,median,complete,0.7262079119682312
649.0,minmax,mean,euclidean,prophet,ward,0.5820207595825195
689.0,minmax,prophet,dtw,mean,single,0.24731183052062988
671.0,zscore,median,dtw,median,single,-0.06390480697154999
480.0,standard,linear,euclidean,prophet,centroid,0.7262079119682312
555.0,standard,prophet,dtw,prophet,average,0.7262079119682312
609.0,minmax,linear,euclidean,mean,ward,0.7471178770065308
466.0,standard,prophet,dtw,prophet,complete,0.7262079119682312
548.0,minmax,linear,euclidean,mean,hdbscan,0.0010000000474974513
244.0,standard,linear,euclidean,mean,ward,0.7262079119682312
395.0,standard,linear,dtw,dtw,median,0.7262079119682312
614.0,standard,prophet,dtw,median,complete,0.7262079119682312
657.0,standard,mean,dtw,mode,ward,0.5484374761581421
558.0,standard,linear,euclidean,median,complete,0.7262079119682312
542.0,minmax,mean,euclidean,mean,ward,0.7471178770065308
235.0,standard,linear,dtw,prophet,weighted,0.7262079119682312
651.0,standard,linear,euclidean,median,single,0.1888997107744217
92.0,minmax,mean,euclidean,mean,ward,0.5820207595825195
434.0,standard,mean,euclidean,dtw,average,0.7262079119682312
539.0,standard,mean,euclidean,mean,ward,0.6569369435310364
250.0,standard,prophet,dtw,median,median,0.7262079119682312
885.0,zscore,prophet,dtw,median,ward,-0.020497804507613182
323.0,standard,linear,euclidean,mode,single,0.6861193776130676
636.0,minmax,mean,euclidean,dtw,ward,0.5297733545303345
495.0,standard,linear,dtw,median,weighted,0.7262079119682312
451.0,standard,prophet,euclidean,median,median,0.7262079119682312
574.0,minmax,mean,euclidean,mode,ward,0.7471178770065308
564.0,zscore,linear,dtw,mode,complete,-0.04578818753361702
307.0,standard,prophet,dtw,dtw,median,0.7262079119682312
407.0,standard,linear,euclidean,mode,median,0.7262079119682312
582.0,minmax,linear,euclidean,mean,hdbscan,0.0010000000474974513
896.0,zscore,prophet,dtw,mean,weighted,-0.026618991047143936
570.0,standard,mean,euclidean,prophet,complete,0.7262079119682312
619.0,minmax,linear,dtw,dtw,complete,0.3279648721218109
102.0,minmax,mean,euclidean,dtw,weighted,0.5297733545303345
469.0,standard,mean,euclidean,prophet,single,0.6861193776130676
28.0,standard,linear,euclidean,mean,average,0.7262079119682312
2.0,minmax,linear,dtw,mean,single,0.3677685856819153
497.0,standard,mean,dtw,prophet,median,0.7262079119682312
780.0,standard,prophet,euclidean,dtw,weighted,0.31387388706207275
664.0,standard,mean,euclidean,dtw,ward,0.4614325165748596
609.0,standard,median,euclidean,mean,weighted,0.16404148936271667
505.0,minmax,mean,euclidean,mode,ward,0.7471178770065308
609.0,minmax,prophet,euclidean,mode,ward,0.5297733545303345
180.0,minmax,median,dtw,mode,average,0.37774524092674255
675.0,standard,mean,euclidean,mode,ward,0.7262079119682312
560.0,minmax,mean,euclidean,mean,ward,0.7471178770065308
646.0,standard,mean,euclidean,prophet,complete,0.7262079119682312
644.0,standard,prophet,euclidean,mean,single,-0.12384310364723206
689.0,standard,prophet,dtw,median,complete,0.7262079119682312
231.0,standard,mean,dtw,mean,complete,0.5484374761581421
765.0,standard,linear,euclidean,dtw,hdbscan,0.0010000000474974513
189.0,standard,linear,euclidean,median,weighted,0.7262079119682312
548.0,standard,mean,dtw,median,weighted,0.7262079119682312
558.0,standard,median,dtw,median,median,0.7262079119682312
610.0,minmax,linear,euclidean,mode,ward,0.7471178770065308
