Comperiod,Scaling,Interpolation,Similarity,Unsynced,Linkmeth,ray/tune/_metric
3.0,minmax,mean,dtw,dtw,median,0.16647036373615265
106.0,standard,median,dtw,dtw,ward,0.2973625659942627
75.0,standard,median,euclidean,prophet,ward,0.20931072533130646
70.0,minmax,prophet,euclidean,dtw,average,0.16330862045288086
130.0,standard,mean,dtw,dtw,ward,0.2590179443359375
152.0,minmax,mean,dtw,dtw,ward,0.264934241771698
94.0,standard,prophet,dtw,dtw,ward,0.29477977752685547
82.0,standard,mean,dtw,dtw,ward,0.36999061703681946
376.0,minmax,prophet,euclidean,dtw,weighted,0.1491585522890091
2.0,standard,prophet,dtw,dtw,ward,0.28144580125808716
140.0,standard,prophet,dtw,dtw,ward,0.23136918246746063
61.0,standard,median,dtw,dtw,ward,0.24662934243679047
74.0,standard,median,dtw,dtw,ward,0.27821895480155945
61.0,standard,prophet,dtw,dtw,ward,0.24591919779777527
320.0,minmax,mean,euclidean,median,weighted,0.01915952004492283
481.0,standard,prophet,dtw,dtw,ward,0.19293922185897827
111.0,standard,median,dtw,dtw,ward,0.2704138159751892
199.0,standard,mean,dtw,dtw,ward,0.23544828593730927
101.0,standard,median,dtw,dtw,ward,0.3741191029548645
1140.0,minmax,median,dtw,prophet,single,-1.0652339369698893e-05
31.0,standard,linear,dtw,dtw,ward,0.2621501088142395
242.0,minmax,prophet,dtw,dtw,ward,0.20968404412269592
173.0,standard,mean,dtw,prophet,ward,0.13615716993808746
283.0,minmax,prophet,euclidean,prophet,median,0.04192580282688141
236.0,standard,prophet,dtw,dtw,ward,0.248702272772789
30.0,zscore,mean,euclidean,prophet,weighted,-3.03368005916127e-06
101.0,standard,prophet,dtw,dtw,ward,0.3741191029548645
86.0,standard,mean,dtw,dtw,ward,0.35321757197380066
162.0,standard,mean,euclidean,dtw,ward,0.22731103003025055
1166.0,minmax,mean,dtw,dtw,weighted,0.16448888182640076
104.0,standard,linear,dtw,dtw,ward,0.23685993254184723
32.0,standard,median,dtw,dtw,ward,0.2732597589492798
10.0,standard,linear,dtw,dtw,ward,0.23721638321876526
918.0,zscore,linear,dtw,mean,ward,0.08178424835205078
27.0,minmax,mean,dtw,dtw,ward,0.28479769825935364
96.0,minmax,mean,dtw,median,average,0.003078263020142913
357.0,zscore,prophet,dtw,median,median,0.0005962279974482954
734.0,standard,prophet,dtw,dtw,ward,0.18056268990039825
77.0,standard,linear,dtw,dtw,ward,0.2708180546760559
107.0,standard,median,dtw,dtw,ward,0.2347889542579651
191.0,zscore,mean,dtw,dtw,ward,0.057237837463617325
173.0,minmax,median,dtw,dtw,ward,0.2853841185569763
37.0,standard,mean,dtw,dtw,ward,0.2764439582824707
289.0,minmax,prophet,dtw,dtw,ward,0.23652887344360352
657.0,standard,prophet,dtw,prophet,weighted,0.013936452567577362
288.0,standard,linear,dtw,dtw,ward,0.2200370579957962
4.0,minmax,median,dtw,mode,ward,0.05511282756924629
1152.0,zscore,prophet,euclidean,dtw,ward,0.11241234093904495
146.0,minmax,prophet,dtw,dtw,ward,0.27965033054351807
6.0,minmax,mean,dtw,dtw,ward,0.19570066034793854
703.0,minmax,mean,dtw,median,median,0.025490764528512955
175.0,zscore,mean,euclidean,prophet,hdbscan,0.0010000000474974513
114.0,zscore,prophet,euclidean,mode,hdbscan,0.005289177875965834
14.0,standard,median,dtw,prophet,ward,0.18316273391246796
161.0,minmax,prophet,dtw,dtw,ward,0.24457456171512604
23.0,minmax,prophet,dtw,dtw,ward,0.2582879066467285
149.0,standard,mean,dtw,dtw,ward,0.2901371121406555
600.0,zscore,mean,dtw,median,centroid,0.00162537454161793
232.0,standard,linear,dtw,dtw,ward,0.28841644525527954
16.0,standard,linear,dtw,dtw,ward,0.23844140768051147
226.0,zscore,median,dtw,median,complete,0.003726928262040019
184.0,minmax,prophet,euclidean,dtw,hdbscan,0.028506416827440262
137.0,standard,mean,euclidean,prophet,ward,0.17760713398456573
1174.0,minmax,prophet,dtw,dtw,ward,0.1671631634235382
391.0,minmax,prophet,dtw,dtw,ward,0.17063015699386597
105.0,standard,median,dtw,dtw,ward,0.2928689420223236
554.0,standard,median,dtw,median,weighted,0.030507061630487442
104.0,standard,prophet,dtw,dtw,ward,0.35875365138053894
435.0,standard,linear,dtw,dtw,ward,0.23495544493198395
227.0,standard,prophet,dtw,dtw,ward,0.2306527942419052
355.0,standard,prophet,dtw,dtw,ward,0.22335204482078552
365.0,standard,linear,euclidean,dtw,ward,0.21181932091712952
104.0,standard,median,dtw,dtw,ward,0.2896519601345062
694.0,zscore,prophet,euclidean,dtw,centroid,-9.303643309976906e-06
79.0,standard,linear,dtw,dtw,ward,0.3618982434272766
90.0,standard,median,dtw,dtw,ward,0.30372458696365356
139.0,standard,mean,dtw,dtw,ward,0.30174726247787476
247.0,standard,linear,dtw,dtw,ward,0.2515600323677063
713.0,standard,median,dtw,prophet,weighted,0.010303379967808723
264.0,standard,linear,euclidean,median,centroid,0.045801736414432526
526.0,zscore,prophet,euclidean,prophet,single,-2.638712976477109e-05
238.0,minmax,prophet,euclidean,dtw,ward,0.24607843160629272
109.0,minmax,mean,dtw,dtw,ward,0.19904114305973053
136.0,standard,median,dtw,dtw,ward,0.24013879895210266
315.0,minmax,median,euclidean,dtw,ward,0.24732910096645355
133.0,zscore,linear,euclidean,median,ward,0.004404416773468256
29.0,standard,mean,dtw,dtw,ward,0.30221930146217346
94.0,standard,median,dtw,dtw,ward,0.3040578067302704
213.0,minmax,mean,dtw,dtw,average,0.18287816643714905
82.0,minmax,prophet,euclidean,mode,ward,0.12127555906772614
463.0,minmax,prophet,euclidean,dtw,ward,0.27583155035972595
231.0,standard,prophet,dtw,dtw,ward,0.31024429202079773
101.0,standard,linear,dtw,dtw,ward,0.2660369277000427
104.0,zscore,prophet,dtw,dtw,ward,0.0894143283367157
95.0,standard,median,dtw,dtw,ward,0.3040578067302704
45.0,standard,prophet,dtw,dtw,ward,0.2773627042770386
43.0,minmax,linear,dtw,dtw,ward,0.2797924876213074
6.0,zscore,median,euclidean,prophet,weighted,0.01717979647219181
506.0,minmax,mean,dtw,dtw,ward,0.23223525285720825
177.0,standard,median,dtw,dtw,ward,0.28789037466049194
92.0,standard,prophet,dtw,dtw,ward,0.33172622323036194
93.0,standard,linear,dtw,dtw,ward,0.29109448194503784
404.0,zscore,mean,dtw,mode,single,3.831384310615249e-05
115.0,minmax,mean,euclidean,dtw,average,0.24883076548576355
46.0,standard,mean,euclidean,dtw,ward,0.17161934077739716
201.0,minmax,linear,dtw,dtw,ward,0.2629464268684387
44.0,minmax,median,dtw,dtw,ward,0.27444782853126526
82.0,standard,median,dtw,dtw,ward,0.28086671233177185
23.0,standard,prophet,dtw,dtw,ward,0.2903605103492737
371.0,standard,linear,dtw,dtw,ward,0.2717094123363495
122.0,standard,median,dtw,dtw,ward,0.23645097017288208
42.0,standard,prophet,dtw,prophet,ward,0.16275332868099213
86.0,standard,linear,dtw,dtw,ward,0.3154594302177429
134.0,standard,linear,dtw,dtw,ward,0.24013879895210266
254.0,minmax,linear,euclidean,mode,average,0.03183241933584213
853.0,zscore,mean,dtw,prophet,centroid,9.128539204539265e-06
87.0,standard,mean,dtw,dtw,ward,0.27766653895378113
1012.0,minmax,prophet,euclidean,median,complete,0.026756644248962402
103.0,standard,mean,dtw,dtw,ward,0.28415510058403015
994.0,zscore,prophet,dtw,dtw,complete,0.06082407385110855
1087.0,zscore,mean,euclidean,mean,weighted,0.08006764203310013
536.0,standard,prophet,dtw,dtw,ward,0.1789010614156723
95.0,standard,linear,euclidean,prophet,weighted,0.14431509375572205
1049.0,standard,linear,dtw,dtw,centroid,0.14210966229438782
35.0,standard,prophet,dtw,dtw,ward,0.28461864590644836
464.0,standard,median,dtw,dtw,ward,0.22149039804935455
355.0,minmax,mean,dtw,dtw,ward,0.22570404410362244
58.0,zscore,mean,euclidean,mode,ward,0.018458977341651917
35.0,minmax,median,dtw,dtw,ward,0.28861770033836365
200.0,standard,prophet,dtw,dtw,ward,0.2638322114944458
80.0,standard,median,dtw,dtw,ward,0.31080496311187744
629.0,standard,prophet,dtw,mode,hdbscan,0.00234720460139215
151.0,standard,mean,dtw,dtw,ward,0.32481303811073303
1124.0,minmax,mean,dtw,mode,centroid,0.0035780577454715967
131.0,minmax,mean,euclidean,dtw,weighted,0.18047282099723816
498.0,standard,linear,dtw,dtw,ward,0.20386217534542084
126.0,minmax,prophet,dtw,dtw,ward,0.2931995391845703
180.0,standard,mean,euclidean,median,single,2.293298348376993e-05
96.0,standard,linear,dtw,dtw,ward,0.2839489281177521
86.0,standard,median,dtw,dtw,ward,0.340643972158432
73.0,standard,linear,dtw,dtw,ward,0.26783502101898193
788.0,zscore,linear,dtw,mode,average,0.07544086873531342
178.0,minmax,median,euclidean,dtw,ward,0.22897063195705414
27.0,standard,mean,euclidean,dtw,centroid,0.001815130584873259
177.0,minmax,mean,dtw,dtw,ward,0.26973217725753784
52.0,minmax,linear,dtw,dtw,ward,0.24321655929088593
173.0,standard,prophet,euclidean,dtw,ward,0.20193257927894592
110.0,standard,mean,euclidean,dtw,ward,0.23230507969856262
615.0,standard,prophet,dtw,dtw,ward,0.19421085715293884
434.0,standard,mean,euclidean,dtw,ward,0.2571345269680023
128.0,standard,median,dtw,mean,ward,0.05286255478858948
157.0,minmax,median,dtw,dtw,ward,0.22000837326049805
101.0,standard,linear,dtw,dtw,average,0.10640019923448563
138.0,standard,linear,dtw,dtw,ward,0.3212587237358093
413.0,zscore,mean,dtw,mean,median,0.0006736305076628923
459.0,standard,prophet,dtw,dtw,ward,0.1956745684146881
150.0,standard,linear,dtw,dtw,ward,0.28177720308303833
63.0,standard,mean,dtw,dtw,ward,0.2641209363937378
136.0,minmax,median,dtw,dtw,ward,0.22480350732803345
213.0,standard,prophet,dtw,dtw,ward,0.263395220041275
97.0,minmax,mean,dtw,prophet,ward,0.18629473447799683
825.0,standard,prophet,euclidean,mean,ward,0.0028284089639782906
51.0,standard,mean,dtw,prophet,centroid,0.02782754972577095
649.0,standard,mean,dtw,mode,ward,0.04159339889883995
47.0,minmax,prophet,dtw,dtw,ward,0.2811022400856018
37.0,standard,prophet,dtw,dtw,ward,0.2711494565010071
28.0,standard,prophet,dtw,dtw,ward,0.29827383160591125
432.0,zscore,median,dtw,prophet,centroid,-9.252230483980384e-06
146.0,minmax,mean,euclidean,dtw,average,0.23335212469100952
88.0,standard,median,dtw,dtw,ward,0.2856033742427826
837.0,minmax,prophet,dtw,dtw,median,0.09680716693401337
993.0,zscore,mean,dtw,prophet,ward,0.0015369710745289922
1003.0,standard,linear,euclidean,prophet,centroid,0.0039007586892694235
35.0,minmax,linear,dtw,dtw,ward,0.28861770033836365
83.0,standard,mean,dtw,dtw,ward,0.34418925642967224
32.0,minmax,prophet,dtw,dtw,ward,0.26296770572662354
131.0,standard,prophet,dtw,dtw,ward,0.30913978815078735
123.0,standard,prophet,dtw,prophet,ward,0.1594180315732956
58.0,standard,median,euclidean,prophet,ward,0.20594975352287292
315.0,standard,prophet,dtw,dtw,ward,0.22517681121826172
1020.0,zscore,mean,dtw,dtw,weighted,1.54916360770585e-05
125.0,standard,linear,dtw,dtw,ward,0.27350863814353943
98.0,standard,mean,dtw,dtw,ward,0.29592058062553406
148.0,standard,prophet,dtw,dtw,ward,0.26615437865257263
89.0,standard,median,dtw,dtw,ward,0.29873743653297424
451.0,standard,prophet,dtw,dtw,ward,0.2202695608139038
92.0,standard,linear,dtw,dtw,ward,0.29109448194503784
675.0,zscore,linear,euclidean,mode,median,0.07232926785945892
319.0,standard,prophet,dtw,dtw,ward,0.2530565559864044
146.0,standard,linear,euclidean,mean,ward,0.08754866570234299
104.0,minmax,prophet,dtw,dtw,ward,0.2712288200855255
93.0,standard,median,dtw,dtw,ward,0.3040578067302704
881.0,zscore,mean,dtw,mode,complete,0.04446229711174965
99.0,standard,median,dtw,dtw,ward,0.3225988447666168
956.0,minmax,median,euclidean,dtw,average,0.13902148604393005
185.0,minmax,prophet,dtw,dtw,ward,0.24767984449863434
96.0,standard,median,dtw,dtw,ward,0.3040578067302704
211.0,standard,linear,dtw,dtw,ward,0.21084558963775635
273.0,minmax,linear,dtw,dtw,ward,0.23258425295352936
161.0,standard,mean,dtw,mean,median,0.030186200514435768
232.0,standard,mean,dtw,dtw,ward,0.2527221441268921
582.0,standard,mean,dtw,dtw,hdbscan,0.08849126100540161
507.0,minmax,linear,dtw,mode,ward,0.032759714871644974
525.0,standard,mean,dtw,dtw,ward,0.26665547490119934
147.0,standard,mean,dtw,dtw,ward,0.3155459761619568
56.0,minmax,prophet,dtw,dtw,median,0.04623603820800781
443.0,standard,mean,dtw,dtw,ward,0.1953233778476715
135.0,minmax,median,euclidean,dtw,weighted,0.1708313226699829
492.0,standard,median,dtw,dtw,ward,0.22621023654937744
125.0,standard,prophet,dtw,dtw,ward,0.25678902864456177
284.0,minmax,prophet,dtw,dtw,ward,0.23431693017482758
1105.0,zscore,mean,euclidean,prophet,complete,0.0019265735754743218
86.0,standard,prophet,dtw,dtw,ward,0.3119262158870697
88.0,minmax,linear,dtw,dtw,ward,0.23988084495067596
187.0,standard,prophet,dtw,dtw,ward,0.27035948634147644
14.0,standard,prophet,dtw,dtw,ward,0.251242458820343
137.0,standard,mean,dtw,dtw,ward,0.292257696390152
150.0,standard,mean,dtw,dtw,ward,0.29456207156181335
279.0,minmax,prophet,dtw,dtw,ward,0.2537710964679718
937.0,standard,mean,euclidean,mode,single,0.0029783505015075207
102.0,standard,prophet,dtw,dtw,ward,0.35814109444618225
91.0,standard,prophet,dtw,dtw,ward,0.33172622323036194
59.0,standard,mean,dtw,dtw,ward,0.2501371502876282
100.0,minmax,median,dtw,dtw,ward,0.23959314823150635
301.0,minmax,prophet,dtw,dtw,ward,0.2421894669532776
141.0,standard,mean,dtw,dtw,ward,0.31138506531715393
33.0,minmax,mean,dtw,dtw,average,0.1635122448205948
975.0,zscore,mean,dtw,median,hdbscan,0.0010442388011142612
144.0,standard,mean,dtw,dtw,ward,0.33649343252182007
181.0,standard,prophet,dtw,dtw,ward,0.23920564353466034
175.0,standard,linear,dtw,dtw,ward,0.23149827122688293
551.0,minmax,mean,euclidean,dtw,ward,0.24304571747779846
1180.0,zscore,linear,euclidean,median,weighted,0.010513780638575554
378.0,standard,prophet,dtw,dtw,ward,0.2210513949394226
2.0,standard,mean,dtw,dtw,ward,0.28619682788848877
201.0,minmax,prophet,dtw,dtw,ward,0.25645050406455994
99.0,standard,prophet,dtw,dtw,ward,0.37238791584968567
92.0,standard,median,euclidean,dtw,ward,0.18581297993659973
146.0,standard,mean,dtw,dtw,ward,0.33649343252182007
41.0,minmax,prophet,dtw,dtw,ward,0.24133272469043732
100.0,standard,mean,dtw,dtw,ward,0.28150710463523865
928.0,minmax,mean,euclidean,median,median,0.022046523168683052
248.0,standard,mean,dtw,dtw,ward,0.257987380027771
158.0,standard,mean,dtw,dtw,average,0.17252209782600403
58.0,minmax,prophet,euclidean,dtw,ward,0.1651797592639923
77.0,standard,prophet,dtw,dtw,ward,0.2560949921607971
83.0,standard,prophet,dtw,dtw,ward,0.2702025771141052
103.0,minmax,median,euclidean,dtw,ward,0.25224003195762634
209.0,minmax,mean,dtw,dtw,ward,0.2638598680496216
558.0,standard,prophet,euclidean,dtw,ward,0.2708251476287842
26.0,standard,mean,dtw,dtw,ward,0.3059564530849457
619.0,zscore,median,euclidean,mode,centroid,0.08640998601913452
121.0,minmax,mean,dtw,mode,ward,0.08133496344089508
254.0,minmax,prophet,dtw,dtw,ward,0.23272739350795746
196.0,minmax,linear,dtw,prophet,ward,0.1534234881401062
73.0,standard,median,dtw,dtw,ward,0.3045688569545746
20.0,standard,mean,dtw,dtw,ward,0.2815645635128021
161.0,minmax,linear,dtw,dtw,ward,0.23429764807224274
82.0,standard,linear,dtw,dtw,ward,0.36337369680404663
32.0,standard,prophet,euclidean,dtw,ward,0.14037710428237915
118.0,standard,prophet,dtw,dtw,ward,0.3151133954524994
87.0,standard,linear,dtw,dtw,ward,0.340871661901474
63.0,minmax,linear,dtw,dtw,ward,0.27617722749710083
65.0,standard,linear,euclidean,dtw,median,0.02790044993162155
114.0,minmax,linear,euclidean,dtw,ward,0.236050084233284
416.0,standard,prophet,dtw,dtw,ward,0.22516414523124695
143.0,standard,median,dtw,dtw,ward,0.289514422416687
81.0,standard,linear,dtw,dtw,ward,0.2943393588066101
30.0,standard,mean,dtw,dtw,ward,0.27960216999053955
366.0,zscore,prophet,dtw,mode,ward,0.059739965945482254
53.0,standard,prophet,dtw,dtw,ward,0.27710261940956116
87.0,standard,median,dtw,dtw,ward,0.2899077236652374
74.0,minmax,mean,dtw,dtw,ward,0.18564462661743164
91.0,standard,mean,dtw,dtw,ward,0.29832494258880615
41.0,standard,median,dtw,dtw,ward,0.29447227716445923
8.0,minmax,mean,euclidean,dtw,ward,0.18277700245380402
93.0,standard,prophet,dtw,dtw,ward,0.29477977752685547
171.0,standard,prophet,dtw,dtw,ward,0.2673315703868866
329.0,zscore,linear,dtw,dtw,average,1.4859269867883995e-06
144.0,minmax,linear,euclidean,dtw,ward,0.20969195663928986
21.0,standard,prophet,dtw,prophet,average,0.0640694871544838
470.0,zscore,median,euclidean,prophet,single,-2.638712976477109e-05
103.0,standard,prophet,dtw,dtw,ward,0.35875365138053894
5.0,minmax,linear,dtw,prophet,ward,0.21647243201732635
479.0,minmax,prophet,dtw,prophet,complete,0.04951448366045952
100.0,standard,prophet,dtw,dtw,ward,0.3732297122478485
31.0,standard,prophet,dtw,dtw,average,0.11659456789493561
1143.0,standard,median,dtw,median,median,0.033737532794475555
3.0,standard,median,dtw,dtw,ward,0.2640247046947479
139.0,standard,linear,dtw,dtw,ward,0.2550375163555145
84.0,zscore,linear,dtw,dtw,ward,0.08217013627290726
102.0,minmax,prophet,euclidean,dtw,ward,0.24202214181423187
997.0,standard,linear,euclidean,dtw,ward,0.1877843737602234
371.0,minmax,prophet,dtw,dtw,ward,0.23952890932559967
26.0,standard,linear,dtw,dtw,ward,0.2886618375778198
451.0,zscore,mean,euclidean,median,average,0.0008773995214141905
195.0,standard,mean,dtw,dtw,ward,0.2574581801891327
668.0,minmax,linear,dtw,dtw,ward,0.1962500810623169
224.0,minmax,mean,dtw,dtw,ward,0.28239211440086365
83.0,standard,median,dtw,dtw,ward,0.2794187664985657
22.0,standard,median,dtw,dtw,ward,0.2955613136291504
143.0,standard,mean,dtw,dtw,ward,0.3436886668205261
85.0,standard,median,dtw,dtw,ward,0.3212689161300659
256.0,standard,linear,dtw,dtw,ward,0.21568189561367035
97.0,standard,median,dtw,dtw,ward,0.3004073202610016
589.0,minmax,mean,dtw,dtw,ward,0.2234955132007599
45.0,standard,median,dtw,dtw,ward,0.23582249879837036
101.0,standard,mean,dtw,dtw,ward,0.28234875202178955
320.0,minmax,mean,dtw,dtw,ward,0.23005492985248566
138.0,standard,mean,dtw,dtw,ward,0.30637896060943604
9.0,standard,mean,euclidean,median,centroid,0.0029981210827827454
28.0,minmax,median,euclidean,dtw,complete,0.06202739477157593
8.0,standard,mean,dtw,dtw,complete,0.026913601905107498
218.0,minmax,mean,euclidean,prophet,ward,0.17340438067913055
545.0,standard,median,dtw,dtw,ward,0.21249279379844666
106.0,standard,prophet,dtw,dtw,ward,0.35875365138053894
84.0,standard,mean,dtw,dtw,ward,0.2619849443435669
146.0,standard,median,dtw,dtw,ward,0.25853806734085083
1114.0,zscore,mean,dtw,mean,weighted,0.07830798625946045
231.0,minmax,median,dtw,dtw,ward,0.2674030363559723
216.0,standard,mean,dtw,dtw,ward,0.25739577412605286
945.0,minmax,mean,euclidean,dtw,average,0.13663329184055328
19.0,minmax,median,dtw,dtw,ward,0.258342981338501
80.0,standard,mean,dtw,dtw,ward,0.29702627658843994
7.0,standard,median,euclidean,dtw,average,0.01625307835638523
204.0,standard,prophet,dtw,dtw,ward,0.2528612017631531
137.0,standard,median,euclidean,dtw,ward,0.20267035067081451
185.0,minmax,median,dtw,dtw,ward,0.2226003110408783
158.0,standard,prophet,dtw,dtw,ward,0.2425331026315689
488.0,standard,prophet,dtw,median,ward,0.03621777892112732
749.0,zscore,mean,euclidean,dtw,ward,0.09800757467746735
66.0,standard,mean,euclidean,dtw,ward,0.1602567583322525
3.0,standard,median,dtw,median,complete,0.0062617287039756775
370.0,standard,prophet,dtw,dtw,ward,0.26158982515335083
544.0,zscore,prophet,euclidean,mean,average,0.10001412034034729
2.0,minmax,linear,dtw,mean,single,3.070768070756458e-05
90.0,standard,mean,dtw,dtw,ward,0.29889270663261414
103.0,standard,prophet,euclidean,dtw,ward,0.17501845955848694
103.0,standard,median,dtw,dtw,ward,0.3770601749420166
1162.0,minmax,prophet,dtw,mean,weighted,0.020543845370411873
100.0,standard,median,dtw,dtw,ward,0.3234201967716217
85.0,standard,mean,dtw,dtw,ward,0.34218505024909973
212.0,standard,mean,euclidean,dtw,ward,0.23171690106391907
220.0,standard,linear,dtw,dtw,ward,0.2641904354095459
806.0,zscore,prophet,dtw,median,single,-3.645870378932159e-07
1162.0,zscore,mean,euclidean,prophet,ward,0.011095522902905941
189.0,minmax,mean,euclidean,prophet,median,0.10228047519922256
719.0,minmax,mean,dtw,prophet,weighted,0.04275377094745636
372.0,minmax,prophet,euclidean,prophet,average,0.01882210187613964
21.0,minmax,linear,dtw,dtw,ward,0.24221546947956085
9.0,zscore,linear,dtw,prophet,ward,0.002527405973523855
83.0,standard,linear,dtw,dtw,ward,0.3376126289367676
263.0,standard,prophet,dtw,dtw,ward,0.23765303194522858
98.0,standard,prophet,dtw,dtw,ward,0.37238791584968567
154.0,standard,mean,dtw,dtw,ward,0.282656192779541
151.0,zscore,mean,dtw,dtw,average,1.1322473255859222e-05
57.0,standard,median,dtw,dtw,ward,0.24469392001628876
148.0,standard,mean,dtw,dtw,ward,0.2901371121406555
89.0,standard,linear,dtw,dtw,ward,0.2767704427242279
170.0,standard,mean,dtw,dtw,ward,0.29500675201416016
1079.0,standard,mean,dtw,dtw,complete,0.16489891707897186
99.0,standard,linear,dtw,dtw,ward,0.280360609292984
307.0,standard,linear,dtw,dtw,ward,0.2267535924911499
150.0,standard,median,dtw,dtw,single,2.8459853638196364e-05
179.0,minmax,prophet,dtw,dtw,ward,0.29063665866851807
428.0,standard,mean,dtw,dtw,ward,0.20410063862800598
105.0,standard,prophet,dtw,dtw,ward,0.35450583696365356
32.0,standard,prophet,dtw,dtw,ward,0.28829365968704224
37.0,standard,median,dtw,dtw,ward,0.2911991477012634
20.0,standard,prophet,dtw,dtw,ward,0.2924688458442688
267.0,standard,mean,dtw,dtw,ward,0.254677414894104
1162.0,zscore,prophet,euclidean,prophet,complete,0.0005085315206088126
395.0,standard,linear,euclidean,mode,complete,0.029801707714796066
1031.0,standard,prophet,euclidean,mode,average,0.027876434847712517
350.0,standard,linear,dtw,dtw,ward,0.21654734015464783
158.0,standard,mean,dtw,dtw,ward,0.2673296630382538
4.0,minmax,median,dtw,mean,ward,0.09094057232141495
336.0,minmax,mean,dtw,dtw,ward,0.236579030752182
208.0,standard,mean,euclidean,mean,centroid,1.813924973248504e-05
2.0,minmax,linear,dtw,dtw,ward,0.2233346700668335
269.0,minmax,prophet,dtw,dtw,ward,0.24431930482387543
778.0,zscore,prophet,dtw,mean,centroid,0.09622257202863693
142.0,standard,mean,dtw,dtw,ward,0.3133713901042938
140.0,standard,mean,dtw,dtw,ward,0.3351576626300812
78.0,standard,prophet,dtw,dtw,ward,0.2775445580482483
14.0,standard,prophet,euclidean,dtw,ward,0.18146046996116638
88.0,standard,prophet,dtw,dtw,ward,0.256026953458786
2.0,standard,mean,dtw,median,weighted,0.08509913831949234
221.0,standard,prophet,dtw,mode,hdbscan,0.0005325009115040302
934.0,standard,median,dtw,dtw,ward,0.1896096020936966
139.0,minmax,linear,dtw,dtw,ward,0.22004908323287964
435.0,standard,mean,dtw,dtw,ward,0.23495544493198395
78.0,standard,linear,dtw,dtw,ward,0.2952579855918884
87.0,standard,prophet,dtw,dtw,ward,0.2816339135169983
192.0,standard,linear,dtw,dtw,ward,0.24711166322231293
900.0,minmax,prophet,dtw,prophet,median,0.03416093811392784
859.0,minmax,median,euclidean,mean,average,0.02255270443856716
98.0,minmax,prophet,dtw,dtw,ward,0.26239827275276184
91.0,standard,median,dtw,dtw,ward,0.3040578067302704
2.0,minmax,mean,euclidean,prophet,ward,0.19096678495407104
152.0,zscore,prophet,dtw,mean,weighted,0.029873056337237358
17.0,standard,mean,dtw,dtw,ward,0.2800736129283905
345.0,standard,prophet,dtw,dtw,ward,0.18557468056678772
20.0,zscore,mean,dtw,dtw,ward,0.06668933480978012
107.0,standard,prophet,dtw,dtw,ward,0.26780572533607483
731.0,minmax,mean,dtw,mean,weighted,0.02491854317486286
1068.0,minmax,prophet,dtw,mode,centroid,0.1688191443681717
1077.0,zscore,median,euclidean,mode,ward,0.08271784335374832
408.0,standard,prophet,dtw,dtw,ward,0.21562916040420532
86.0,minmax,median,dtw,dtw,ward,0.23235481977462769
256.0,standard,linear,euclidean,dtw,ward,0.21811522543430328
25.0,standard,mean,dtw,dtw,ward,0.3059564530849457
862.0,zscore,mean,dtw,dtw,average,1.4859269867883995e-06
92.0,standard,median,dtw,dtw,ward,0.3040578067302704
36.0,standard,mean,dtw,dtw,ward,0.28492116928100586
42.0,standard,linear,dtw,dtw,ward,0.2703193426132202
81.0,standard,median,dtw,dtw,ward,0.31080496311187744
2.0,standard,linear,dtw,prophet,ward,0.13713312149047852
39.0,zscore,median,euclidean,dtw,median,0.049433961510658264
146.0,standard,prophet,dtw,dtw,ward,0.2372031807899475
301.0,standard,mean,euclidean,mode,complete,0.0365833044052124
494.0,standard,median,euclidean,dtw,weighted,0.16573013365268707
170.0,zscore,prophet,dtw,dtw,complete,0.0025792312808334827
272.0,standard,prophet,dtw,dtw,ward,0.2529342770576477
79.0,standard,mean,dtw,dtw,ward,0.3690069615840912
223.0,standard,prophet,dtw,dtw,ward,0.2848130166530609
19.0,standard,median,dtw,dtw,ward,0.2913235127925873
32.0,standard,mean,dtw,dtw,ward,0.2734745442867279
302.0,minmax,median,dtw,dtw,complete,0.1799665093421936
95.0,standard,prophet,dtw,dtw,ward,0.29477977752685547
109.0,standard,median,dtw,dtw,ward,0.2929438352584839
85.0,standard,prophet,dtw,dtw,ward,0.2954220473766327
88.0,standard,mean,dtw,dtw,ward,0.2839224934577942
355.0,standard,prophet,euclidean,dtw,ward,0.26826128363609314
572.0,standard,prophet,euclidean,dtw,ward,0.26389631628990173
67.0,standard,prophet,dtw,dtw,ward,0.24430502951145172
140.0,standard,linear,dtw,dtw,ward,0.3233867883682251
527.0,standard,linear,dtw,dtw,ward,0.1852068156003952
563.0,minmax,median,dtw,mode,ward,0.007573799230158329
109.0,standard,prophet,dtw,dtw,ward,0.26461103558540344
392.0,minmax,linear,dtw,prophet,complete,0.09267623722553253
97.0,standard,prophet,dtw,dtw,ward,0.3291824460029602
96.0,standard,mean,dtw,dtw,ward,0.29111406207084656
296.0,standard,mean,dtw,dtw,ward,0.228672057390213
108.0,standard,prophet,dtw,dtw,ward,0.26780572533607483
216.0,minmax,prophet,dtw,dtw,ward,0.20571540296077728
145.0,standard,linear,dtw,dtw,ward,0.3196903169155121
212.0,minmax,mean,dtw,dtw,ward,0.27865803241729736
84.0,standard,linear,dtw,dtw,ward,0.3376126289367676
98.0,standard,median,dtw,dtw,ward,0.37238791584968567
89.0,standard,mean,dtw,dtw,ward,0.2839224934577942
245.0,zscore,mean,dtw,mode,weighted,0.020219281315803528
120.0,standard,prophet,euclidean,dtw,ward,0.21829165518283844
363.0,minmax,mean,dtw,dtw,ward,0.20738641917705536
750.0,minmax,median,euclidean,median,ward,0.02395705319941044
159.0,standard,mean,dtw,dtw,ward,0.2684919536113739
769.0,standard,mean,euclidean,median,median,0.029526131227612495
2.0,standard,median,euclidean,dtw,ward,0.09896320849657059
145.0,standard,mean,dtw,dtw,ward,0.33649343252182007
339.0,zscore,linear,dtw,prophet,centroid,5.707070158678107e-06
749.0,zscore,prophet,euclidean,dtw,hdbscan,0.0010000000474974513
77.0,standard,prophet,dtw,prophet,ward,0.12429799884557724
81.0,standard,median,dtw,dtw,weighted,0.1632719486951828
341.0,minmax,mean,dtw,dtw,ward,0.20816609263420105
844.0,minmax,prophet,euclidean,prophet,hdbscan,0.02303781360387802
82.0,standard,prophet,dtw,dtw,ward,0.2716541886329651
1191.0,standard,mean,euclidean,prophet,ward,0.10221453756093979
504.0,standard,mean,dtw,dtw,ward,0.20622020959854126
38.0,standard,prophet,dtw,dtw,ward,0.2977246046066284
94.0,standard,linear,dtw,dtw,ward,0.2839489281177521
703.0,minmax,linear,euclidean,dtw,centroid,0.13789455592632294
183.0,standard,linear,dtw,dtw,ward,0.2400556355714798
130.0,standard,prophet,dtw,median,ward,0.04597138613462448
9.0,minmax,median,euclidean,prophet,ward,0.20084671676158905
474.0,minmax,linear,euclidean,dtw,ward,0.26318538188934326
142.0,standard,linear,dtw,dtw,ward,0.32368162274360657
102.0,zscore,linear,dtw,mean,complete,0.0015082707395777106
15.0,standard,median,dtw,dtw,ward,0.288269966840744
76.0,standard,median,dtw,dtw,ward,0.2611282169818878
49.0,standard,mean,dtw,dtw,ward,0.23465092480182648
10.0,minmax,linear,dtw,dtw,hdbscan,0.046171534806489944
102.0,standard,median,dtw,dtw,ward,0.37642624974250793
1133.0,standard,prophet,euclidean,median,ward,0.0349692702293396
404.0,standard,prophet,dtw,dtw,ward,0.18098929524421692
125.0,minmax,mean,euclidean,dtw,ward,0.2325354963541031
104.0,standard,prophet,euclidean,prophet,ward,0.2041550576686859
96.0,standard,prophet,dtw,dtw,ward,0.33172622323036194
81.0,standard,mean,dtw,dtw,ward,0.29702627658843994
34.0,standard,linear,euclidean,prophet,ward,0.16848362982273102
259.0,standard,prophet,dtw,dtw,ward,0.28478801250457764
638.0,minmax,prophet,dtw,median,complete,0.024973208084702492
292.0,standard,median,dtw,dtw,ward,0.25134608149528503
75.0,minmax,median,euclidean,dtw,median,0.038174815475940704
90.0,standard,prophet,dtw,dtw,ward,0.2995312511920929
310.0,standard,mean,dtw,dtw,ward,0.2254015952348709
88.0,standard,linear,dtw,dtw,ward,0.2767704427242279
148.0,minmax,linear,dtw,dtw,ward,0.2599305808544159
175.0,standard,prophet,euclidean,prophet,ward,0.23263441026210785
77.0,standard,mean,dtw,prophet,average,0.13722585141658783
22.0,standard,prophet,dtw,dtw,ward,0.2924082577228546
