StudyPeriod,Comperiod,Scaling,Outliers,Interpolation,Similarity,Unsynced,Linkmeth,ray/tune/_metric
914.0,1177.0,standard,SD4,linear,euclidean,prophet,hdbscan,0.35121724009513855
1069.0,1191.0,zscore,SD2,median,euclidean,dtw,complete,0.28838151693344116
468.0,440.0,standard,SD2,mean,dtw,median,median,0.13460484147071838
1115.0,473.0,standard,SD4,linear,euclidean,mean,ward,1.0
1098.0,878.0,minmax,SD2,linear,dtw,dtw,single,1.0
1102.0,348.0,standard,SD3,mean,euclidean,median,complete,1.0
1042.0,871.0,standard,SD5,mean,euclidean,prophet,ward,1.0
859.0,847.0,standard,SD2,linear,euclidean,dtw,hdbscan,0.23446567356586456
1125.0,1074.0,standard,SD5,prophet,euclidean,prophet,ward,1.0
1182.0,1149.0,original,SD3,median,euclidean,dtw,complete,0.0010000000474974513
944.0,728.0,standard,SD2,mean,euclidean,median,ward,1.0
1183.0,1138.0,zscore,SD6,mean,euclidean,dtw,ward,0.0010000000474974513
924.0,27.0,standard,SD4,median,euclidean,dtw,ward,1.0
1026.0,838.0,standard,SD2,prophet,euclidean,prophet,centroid,1.0
903.0,117.0,standard,SD5,median,dtw,dtw,hdbscan,0.8365363478660583
1097.0,1072.0,standard,SD3,prophet,euclidean,mode,single,0.8381577134132385
1077.0,913.0,standard,SD2,mean,euclidean,dtw,single,1.0
1109.0,1087.0,minmax,SD2,prophet,euclidean,dtw,complete,1.0
1095.0,1011.0,standard,SD4,mean,euclidean,dtw,single,1.0
1064.0,1012.0,standard,SD3,prophet,dtw,dtw,single,0.8004176616668701
1128.0,1031.0,standard,SD3,median,euclidean,mean,complete,1.0
997.0,35.0,zscore,SD3,mean,euclidean,dtw,weighted,0.23935237526893616
1070.0,1007.0,standard,SD5,prophet,euclidean,prophet,average,1.0
1112.0,1080.0,minmax,SD5,mean,dtw,median,centroid,0.8702033758163452
1115.0,21.0,standard,SD3,prophet,euclidean,mean,ward,1.0
1131.0,1028.0,standard,SD3,mean,dtw,mode,centroid,1.0
979.0,103.0,minmax,SD5,median,dtw,median,average,0.6387679576873779
1112.0,66.0,minmax,SD4,linear,dtw,mode,centroid,1.0
1128.0,56.0,standard,SD3,mean,euclidean,dtw,ward,1.0
1073.0,807.0,standard,SD5,prophet,euclidean,dtw,ward,1.0
1099.0,1142.0,standard,SD2,prophet,euclidean,dtw,complete,0.9011628031730652
1111.0,989.0,standard,SD5,median,dtw,prophet,ward,1.0
1001.0,1057.0,standard,SD2,mean,dtw,dtw,average,0.7171297073364258
1127.0,1080.0,standard,SD3,mean,euclidean,mean,weighted,1.0
1076.0,1192.0,original,SD3,mean,euclidean,dtw,hdbscan,0.00140505435410887
1135.0,760.0,standard,SD3,mean,euclidean,prophet,complete,1.0
1112.0,668.0,minmax,SD5,median,euclidean,median,median,1.0
1092.0,136.0,minmax,SD6,median,euclidean,dtw,ward,1.0
1128.0,223.0,standard,SD3,mean,euclidean,mean,ward,1.0
1088.0,814.0,minmax,SD3,prophet,euclidean,median,weighted,1.0
904.0,713.0,standard,SD4,mean,euclidean,prophet,hdbscan,1.0
886.0,13.0,minmax,SD3,mean,euclidean,mean,hdbscan,0.9418339729309082
1086.0,226.0,standard,SD2,mean,euclidean,median,complete,1.0
904.0,864.0,standard,SD2,prophet,euclidean,dtw,single,0.22286169230937958
1030.0,923.0,standard,SD2,median,euclidean,dtw,complete,1.0
1069.0,961.0,standard,SD3,prophet,euclidean,mode,ward,1.0
1081.0,940.0,standard,SD5,mean,dtw,mean,centroid,1.0
1052.0,91.0,standard,SD2,prophet,dtw,mode,centroid,1.0
1116.0,1194.0,minmax,SD4,mean,dtw,mode,weighted,0.022544780746102333
783.0,1048.0,original,SD2,mean,euclidean,dtw,average,0.0007240085978992283
902.0,301.0,minmax,SD5,mean,euclidean,mode,median,0.6058163046836853
1118.0,948.0,minmax,SD3,median,euclidean,mean,centroid,1.0
1141.0,1107.0,minmax,SD5,linear,euclidean,dtw,centroid,1.0
1198.0,1194.0,standard,SD5,mean,euclidean,dtw,ward,0.0010000000474974513
804.0,62.0,standard,SD4,linear,euclidean,dtw,single,1.0
1106.0,1193.0,standard,SD2,median,dtw,dtw,ward,1.0
1051.0,1049.0,original,SD4,median,euclidean,dtw,weighted,0.0023686594795435667
1097.0,1023.0,zscore,SD2,median,euclidean,dtw,complete,0.33917683362960815
1046.0,767.0,standard,SD2,median,euclidean,dtw,ward,1.0
1087.0,892.0,standard,SD5,mean,euclidean,dtw,single,1.0
919.0,159.0,standard,SD5,median,euclidean,prophet,average,1.0
880.0,536.0,zscore,SD5,mean,dtw,mode,median,0.001065620919689536
987.0,723.0,standard,SD2,mean,euclidean,dtw,single,1.0
1113.0,1082.0,minmax,SD2,mean,euclidean,dtw,single,1.0
77.0,1110.0,standard,SD2,linear,euclidean,dtw,ward,0.13149166107177734
1029.0,132.0,standard,SD5,mean,euclidean,median,centroid,1.0
1110.0,1177.0,standard,SD2,median,euclidean,dtw,ward,1.0
1051.0,800.0,standard,SD2,mean,dtw,mode,single,0.8102591037750244
1100.0,913.0,standard,SD3,mean,euclidean,dtw,average,1.0
1051.0,892.0,standard,SD3,mean,euclidean,mean,ward,1.0
839.0,18.0,standard,SD4,median,euclidean,prophet,single,1.0
1092.0,1075.0,standard,SD2,mean,dtw,dtw,complete,1.0
1094.0,1148.0,standard,SD6,mean,euclidean,dtw,hdbscan,0.15252266824245453
1115.0,798.0,standard,SD5,median,dtw,dtw,single,1.0
1068.0,77.0,standard,SD2,mean,dtw,prophet,centroid,1.0
925.0,39.0,standard,SD4,mean,euclidean,median,centroid,1.0
1135.0,1104.0,standard,SD3,median,dtw,dtw,complete,1.0
1122.0,1147.0,minmax,SD4,mean,dtw,median,median,0.190476194024086
1106.0,1007.0,standard,SD5,mean,euclidean,prophet,centroid,1.0
1178.0,1199.0,zscore,SD3,mean,euclidean,dtw,complete,0.0010000000474974513
995.0,910.0,standard,SD2,mean,euclidean,dtw,ward,1.0
1069.0,957.0,standard,SD4,mean,euclidean,median,complete,1.0
1155.0,1020.0,standard,SD6,mean,euclidean,mean,single,0.0010000000474974513
1199.0,1080.0,standard,SD2,mean,dtw,dtw,ward,0.0010000000474974513
754.0,152.0,standard,SD4,mean,euclidean,mean,average,0.7841918468475342
1030.0,680.0,minmax,SD2,prophet,euclidean,mode,weighted,1.0
1171.0,109.0,original,SD4,mean,euclidean,dtw,hdbscan,0.0010000000474974513
1058.0,1021.0,standard,SD2,prophet,euclidean,dtw,complete,0.759358286857605
943.0,767.0,standard,SD2,mean,euclidean,dtw,single,1.0
1062.0,1089.0,standard,SD2,mean,dtw,dtw,ward,1.0
845.0,515.0,standard,SD3,mean,euclidean,mean,hdbscan,0.95936119556427
64.0,1046.0,original,SD2,mean,dtw,mean,hdbscan,-0.0002689019893296063
1129.0,1199.0,standard,SD4,mean,euclidean,dtw,complete,1.0
309.0,900.0,zscore,SD3,prophet,dtw,prophet,complete,-9.334222704637796e-05
491.0,66.0,standard,SD2,linear,euclidean,median,hdbscan,0.2812478542327881
1042.0,643.0,standard,SD4,median,euclidean,dtw,hdbscan,1.0
1146.0,1141.0,standard,SD3,mean,dtw,mean,complete,0.5732758641242981
1199.0,982.0,original,SD2,prophet,dtw,mean,complete,0.0010000000474974513
1053.0,921.0,standard,SD6,median,dtw,mean,ward,1.0
1112.0,197.0,standard,SD2,mean,euclidean,prophet,ward,1.0
1135.0,178.0,minmax,SD4,median,dtw,mean,weighted,1.0
1073.0,647.0,minmax,SD2,median,euclidean,dtw,median,1.0
887.0,1199.0,zscore,SD3,median,euclidean,dtw,complete,0.23885738849639893
1124.0,18.0,minmax,SD3,prophet,dtw,median,weighted,1.0
1019.0,936.0,standard,SD2,median,euclidean,dtw,complete,1.0
967.0,870.0,standard,SD2,prophet,euclidean,dtw,ward,0.9412508010864258
1115.0,1003.0,standard,SD3,prophet,euclidean,dtw,single,1.0
901.0,193.0,standard,SD6,median,euclidean,prophet,hdbscan,1.0
1060.0,362.0,minmax,SD2,mean,euclidean,median,average,1.0
1092.0,264.0,standard,SD3,mean,euclidean,prophet,complete,1.0
25.0,13.0,standard,SD2,mean,dtw,prophet,ward,0.08775173872709274
944.0,69.0,standard,SD3,prophet,euclidean,dtw,ward,1.0
827.0,1142.0,standard,SD2,mean,dtw,dtw,hdbscan,0.7555187940597534
1093.0,694.0,standard,SD2,prophet,dtw,prophet,median,1.0
1095.0,990.0,standard,SD5,mean,dtw,mean,ward,1.0
986.0,3.0,minmax,SD6,prophet,euclidean,dtw,hdbscan,0.9836062788963318
1054.0,286.0,zscore,SD2,mean,euclidean,dtw,hdbscan,0.0010000000474974513
1127.0,989.0,standard,SD5,median,euclidean,dtw,complete,1.0
742.0,120.0,standard,SD2,median,dtw,dtw,single,0.46939578652381897
1051.0,571.0,standard,SD4,mean,euclidean,mode,hdbscan,0.9282934069633484
1071.0,15.0,standard,SD2,mean,euclidean,mean,complete,1.0
1126.0,807.0,standard,SD4,prophet,euclidean,prophet,centroid,1.0
1020.0,90.0,standard,SD4,prophet,euclidean,dtw,single,1.0
1091.0,665.0,standard,SD3,mean,euclidean,median,complete,1.0
1111.0,961.0,standard,SD5,prophet,euclidean,dtw,median,1.0
1143.0,1088.0,standard,SD5,linear,dtw,median,single,1.0
866.0,1140.0,standard,SD2,prophet,euclidean,dtw,complete,0.5191606879234314
1095.0,930.0,standard,SD3,mean,euclidean,prophet,median,1.0
1035.0,937.0,standard,SD2,median,dtw,dtw,median,0.8172198534011841
1102.0,959.0,standard,SD5,linear,euclidean,mode,single,1.0
1130.0,565.0,standard,SD5,mean,euclidean,dtw,average,1.0
411.0,1197.0,zscore,SD5,mean,euclidean,mode,median,0.12377051264047623
911.0,1035.0,zscore,SD5,mean,euclidean,dtw,ward,0.4366510510444641
1126.0,1008.0,standard,SD3,linear,dtw,dtw,ward,1.0
1087.0,700.0,standard,SD6,median,euclidean,dtw,ward,1.0
1098.0,1036.0,minmax,SD2,mean,dtw,dtw,ward,1.0
1093.0,847.0,standard,SD2,prophet,euclidean,dtw,complete,1.0
915.0,515.0,standard,SD2,mean,euclidean,prophet,hdbscan,1.0
1134.0,1047.0,minmax,SD3,mean,euclidean,median,single,1.0
739.0,7.0,zscore,SD4,mean,euclidean,dtw,average,0.0013222499983385205
1021.0,698.0,standard,SD5,mean,euclidean,dtw,ward,1.0
1133.0,1100.0,minmax,SD4,prophet,euclidean,dtw,centroid,1.0
1192.0,245.0,zscore,SD6,linear,euclidean,prophet,ward,0.0010000000474974513
1050.0,721.0,standard,SD2,mean,euclidean,mode,complete,1.0
967.0,639.0,standard,SD5,linear,euclidean,dtw,ward,1.0
1125.0,956.0,standard,SD5,median,dtw,mean,complete,1.0
1065.0,1029.0,standard,SD6,prophet,euclidean,dtw,ward,1.0
1085.0,1078.0,minmax,SD6,prophet,euclidean,mode,complete,0.1235707700252533
941.0,99.0,standard,SD4,prophet,euclidean,dtw,ward,1.0
774.0,959.0,standard,SD2,prophet,dtw,mode,single,0.0022538641933351755
1153.0,1071.0,standard,SD4,linear,euclidean,dtw,single,1.0
920.0,434.0,standard,SD2,mean,euclidean,dtw,hdbscan,1.0
864.0,291.0,standard,SD4,mean,euclidean,median,hdbscan,1.0
986.0,460.0,standard,SD4,mean,dtw,prophet,single,0.6722837090492249
1140.0,807.0,standard,SD2,prophet,dtw,mode,median,0.0010000000474974513
1066.0,1080.0,standard,SD3,mean,euclidean,dtw,median,1.0
1096.0,928.0,standard,SD2,mean,euclidean,mean,single,1.0
1109.0,47.0,standard,SD2,mean,euclidean,dtw,ward,1.0
1020.0,223.0,standard,SD5,prophet,euclidean,mean,centroid,1.0
1052.0,1128.0,minmax,SD5,mean,dtw,prophet,ward,0.5098296403884888
1124.0,940.0,minmax,SD3,prophet,dtw,dtw,ward,1.0
1083.0,326.0,zscore,SD4,median,dtw,prophet,average,0.08370081335306168
537.0,1044.0,zscore,SD5,linear,euclidean,dtw,average,0.00010780262527987361
986.0,263.0,standard,SD4,mean,euclidean,prophet,hdbscan,1.0
904.0,69.0,standard,SD3,median,euclidean,dtw,centroid,1.0
1136.0,726.0,minmax,SD5,mean,euclidean,dtw,complete,1.0
892.0,1050.0,standard,SD2,mean,euclidean,dtw,ward,0.7695065140724182
1101.0,1199.0,standard,SD2,mean,euclidean,dtw,single,1.0
1141.0,1029.0,standard,SD3,mean,euclidean,mean,median,1.0
1074.0,762.0,minmax,SD4,prophet,euclidean,median,median,1.0
1137.0,863.0,standard,SD3,linear,euclidean,dtw,centroid,1.0
1105.0,102.0,standard,SD4,median,euclidean,dtw,weighted,1.0
964.0,679.0,standard,SD5,median,euclidean,dtw,single,1.0
1048.0,353.0,minmax,SD6,mean,euclidean,prophet,centroid,1.0
1026.0,799.0,standard,SD2,mean,euclidean,dtw,single,1.0
1129.0,1093.0,standard,SD2,mean,euclidean,mode,ward,0.0010000000474974513
1126.0,933.0,minmax,SD5,mean,euclidean,mean,ward,1.0
1047.0,1058.0,standard,SD2,linear,euclidean,dtw,ward,1.0
1020.0,84.0,standard,SD5,mean,euclidean,prophet,centroid,1.0
946.0,1083.0,standard,SD5,prophet,euclidean,dtw,complete,0.5698181986808777
935.0,181.0,standard,SD2,prophet,euclidean,prophet,weighted,1.0
1087.0,443.0,minmax,SD4,prophet,euclidean,median,ward,1.0
790.0,608.0,original,SD4,median,euclidean,mean,complete,0.0012347452575340867
955.0,1013.0,standard,SD5,median,euclidean,dtw,ward,0.893181324005127
842.0,156.0,original,SD3,prophet,euclidean,median,hdbscan,0.0037856618873775005
1061.0,1123.0,standard,SD4,linear,euclidean,prophet,complete,0.7128756046295166
1107.0,20.0,standard,SD3,linear,euclidean,median,ward,1.0
1137.0,1132.0,minmax,SD4,median,dtw,dtw,average,1.0
1105.0,1020.0,standard,SD2,mean,dtw,dtw,single,1.0
1103.0,892.0,standard,SD3,mean,euclidean,dtw,complete,1.0
1133.0,1012.0,minmax,SD3,median,dtw,mean,complete,1.0
590.0,247.0,zscore,SD3,prophet,euclidean,mean,hdbscan,0.009279213845729828
1018.0,1197.0,standard,SD2,mean,euclidean,dtw,centroid,0.7812085747718811
1014.0,229.0,standard,SD3,mean,euclidean,prophet,hdbscan,1.0
1111.0,1023.0,standard,SD2,prophet,dtw,dtw,single,1.0
82.0,971.0,zscore,SD2,mean,euclidean,dtw,hdbscan,0.0010000000474974513
1027.0,336.0,standard,SD2,linear,euclidean,dtw,complete,1.0
1023.0,727.0,standard,SD4,mean,euclidean,prophet,median,1.0
1005.0,371.0,standard,SD2,prophet,euclidean,mean,centroid,1.0
1091.0,932.0,standard,SD3,median,euclidean,mean,complete,1.0
931.0,348.0,standard,SD3,mean,euclidean,median,ward,1.0
1064.0,518.0,standard,SD4,mean,euclidean,prophet,average,1.0
1009.0,838.0,minmax,SD3,mean,euclidean,median,complete,0.7727675437927246
723.0,604.0,original,SD5,prophet,dtw,dtw,ward,0.0010913414880633354
1155.0,1160.0,minmax,SD5,median,euclidean,dtw,weighted,0.0010000000474974513
1118.0,1063.0,minmax,SD4,mean,euclidean,prophet,median,1.0
1007.0,1076.0,standard,SD2,median,euclidean,dtw,complete,0.9478573799133301
1198.0,107.0,standard,SD2,mean,euclidean,dtw,hdbscan,0.0010000000474974513
1179.0,1154.0,minmax,SD4,mean,euclidean,prophet,average,0.0010000000474974513
1102.0,959.0,minmax,SD2,mean,dtw,dtw,ward,1.0
1067.0,946.0,minmax,SD2,linear,dtw,prophet,complete,0.8003072142601013
1123.0,1012.0,standard,SD4,median,euclidean,mean,single,1.0
1082.0,495.0,standard,SD6,mean,dtw,median,complete,1.0
954.0,672.0,standard,SD2,mean,euclidean,prophet,ward,1.0
945.0,360.0,original,SD3,mean,dtw,dtw,centroid,-0.001055725384503603
1147.0,969.0,minmax,SD6,median,euclidean,median,hdbscan,0.0010000000474974513
736.0,316.0,standard,SD3,median,euclidean,dtw,hdbscan,0.9702578783035278
1109.0,1199.0,standard,SD2,linear,euclidean,dtw,ward,1.0
1100.0,996.0,standard,SD2,mean,dtw,mean,single,1.0
1034.0,531.0,standard,SD2,mean,euclidean,mean,centroid,1.0
1072.0,793.0,minmax,SD5,median,euclidean,prophet,ward,1.0
1105.0,965.0,minmax,SD2,mean,dtw,mode,single,1.0
168.0,1198.0,standard,SD5,prophet,euclidean,dtw,average,0.10704939812421799
819.0,246.0,standard,SD3,prophet,euclidean,dtw,hdbscan,0.977173924446106
1101.0,1199.0,zscore,SD3,median,dtw,prophet,ward,-0.03270744904875755
1126.0,897.0,standard,SD3,mean,dtw,prophet,single,1.0
699.0,80.0,standard,SD4,prophet,dtw,prophet,centroid,0.4947291612625122
648.0,69.0,standard,SD2,mean,euclidean,dtw,single,1.0
1098.0,298.0,minmax,SD4,linear,dtw,mode,average,0.9487094283103943
1142.0,1135.0,standard,SD2,mean,dtw,dtw,complete,0.0010000000474974513
1075.0,60.0,standard,SD2,median,euclidean,dtw,weighted,1.0
1196.0,29.0,original,SD3,mean,dtw,mode,weighted,0.0010000000474974513
1014.0,423.0,standard,SD5,mean,euclidean,prophet,ward,1.0
1143.0,76.0,original,SD3,prophet,dtw,mean,median,-0.003215434029698372
767.0,1069.0,standard,SD3,mean,euclidean,dtw,average,0.29113203287124634
1016.0,1179.0,original,SD5,prophet,euclidean,mean,weighted,0.01470089890062809
1089.0,592.0,standard,SD3,prophet,euclidean,median,ward,1.0
1098.0,328.0,standard,SD2,median,euclidean,dtw,single,1.0
1130.0,431.0,standard,SD4,mean,euclidean,dtw,ward,1.0
1108.0,233.0,standard,SD2,prophet,dtw,mean,ward,1.0
993.0,222.0,standard,SD2,prophet,euclidean,median,complete,1.0
1099.0,792.0,standard,SD2,mean,dtw,median,centroid,1.0
1018.0,563.0,standard,SD5,prophet,euclidean,median,ward,1.0
1087.0,904.0,standard,SD4,median,dtw,dtw,complete,1.0
1093.0,552.0,minmax,SD6,prophet,euclidean,mode,median,1.0
1144.0,1121.0,standard,SD3,median,dtw,dtw,complete,1.0
1138.0,1116.0,standard,SD6,linear,dtw,mode,ward,1.0
1119.0,1146.0,standard,SD5,prophet,euclidean,mean,ward,-0.038303691893815994
160.0,750.0,minmax,SD6,linear,dtw,median,centroid,0.024054141715168953
1086.0,1028.0,standard,SD3,mean,euclidean,dtw,ward,1.0
1061.0,1164.0,standard,SD2,linear,euclidean,dtw,weighted,0.6792737245559692
1082.0,1008.0,standard,SD2,median,dtw,dtw,ward,1.0
1128.0,1010.0,minmax,SD5,median,euclidean,dtw,weighted,1.0
1050.0,81.0,standard,SD2,mean,dtw,mode,centroid,1.0
1117.0,535.0,standard,SD3,mean,dtw,mean,single,1.0
908.0,52.0,standard,SD6,mean,euclidean,dtw,ward,1.0
1095.0,907.0,standard,SD2,mean,euclidean,prophet,single,1.0
1033.0,905.0,standard,SD6,prophet,euclidean,dtw,ward,1.0
1111.0,717.0,minmax,SD4,mean,euclidean,dtw,single,1.0
1088.0,918.0,standard,SD2,median,dtw,dtw,ward,1.0
1131.0,883.0,minmax,SD5,prophet,euclidean,prophet,average,1.0
1076.0,450.0,zscore,SD4,median,dtw,mode,centroid,0.04102315381169319
1199.0,1199.0,original,SD4,prophet,dtw,median,centroid,0.0010000000474974513
1124.0,298.0,standard,SD3,mean,euclidean,mean,complete,1.0
961.0,45.0,minmax,SD2,linear,euclidean,dtw,single,1.0
1196.0,1015.0,original,SD4,prophet,euclidean,dtw,ward,0.0010000000474974513
1048.0,862.0,standard,SD6,prophet,euclidean,dtw,average,1.0
1120.0,1173.0,standard,SD2,mean,euclidean,dtw,complete,1.0
1192.0,165.0,standard,SD6,mean,euclidean,dtw,hdbscan,0.0010000000474974513
1199.0,1199.0,zscore,SD3,linear,euclidean,prophet,average,0.0010000000474974513
1117.0,824.0,minmax,SD4,mean,euclidean,dtw,ward,1.0
1052.0,1065.0,standard,SD3,linear,euclidean,dtw,ward,1.0
933.0,1104.0,original,SD2,mean,euclidean,dtw,ward,-0.005108071956783533
1077.0,330.0,standard,SD4,mean,euclidean,mean,complete,1.0
1105.0,1053.0,standard,SD2,prophet,euclidean,dtw,single,1.0
1075.0,788.0,standard,SD4,mean,euclidean,prophet,complete,1.0
1168.0,1000.0,original,SD4,prophet,euclidean,dtw,hdbscan,0.0010000000474974513
1159.0,1199.0,zscore,SD2,prophet,dtw,median,weighted,0.0010000000474974513
1008.0,2.0,minmax,SD4,prophet,euclidean,mode,complete,0.7727675437927246
1132.0,510.0,standard,SD6,prophet,euclidean,dtw,centroid,1.0
1071.0,126.0,standard,SD5,median,dtw,prophet,ward,1.0
917.0,594.0,minmax,SD5,prophet,euclidean,median,average,0.857241153717041
1058.0,589.0,standard,SD2,mean,euclidean,prophet,ward,1.0
1086.0,1000.0,standard,SD6,median,euclidean,mode,single,1.0
1013.0,816.0,standard,SD2,mean,euclidean,dtw,ward,1.0
1157.0,133.0,zscore,SD3,median,euclidean,dtw,hdbscan,0.0010000000474974513
1127.0,1098.0,minmax,SD5,linear,euclidean,dtw,single,1.0
768.0,229.0,minmax,SD2,median,euclidean,dtw,single,1.0
672.0,1199.0,zscore,SD2,prophet,euclidean,dtw,ward,0.33759602904319763
1082.0,1146.0,standard,SD5,linear,euclidean,dtw,average,0.9335010051727295
1135.0,1108.0,standard,SD3,linear,euclidean,dtw,centroid,1.0
847.0,47.0,minmax,SD4,mean,dtw,mean,median,0.42902427911758423
1042.0,1187.0,standard,SD2,mean,euclidean,dtw,ward,1.0
881.0,7.0,minmax,SD3,prophet,euclidean,median,weighted,0.8337312340736389
1093.0,311.0,minmax,SD2,median,dtw,mode,ward,1.0
124.0,631.0,minmax,SD4,linear,euclidean,median,centroid,0.025843044742941856
800.0,79.0,standard,SD2,mean,euclidean,dtw,ward,0.8797141909599304
980.0,1130.0,standard,SD3,mean,euclidean,dtw,ward,0.7354425191879272
971.0,1089.0,zscore,SD5,mean,euclidean,dtw,hdbscan,0.0010000000474974513
1105.0,467.0,standard,SD2,mean,euclidean,mode,centroid,1.0
1073.0,47.0,standard,SD4,mean,euclidean,mode,centroid,1.0
1069.0,1028.0,standard,SD2,mean,euclidean,dtw,median,1.0
1090.0,1045.0,standard,SD2,prophet,euclidean,dtw,median,1.0
1099.0,1013.0,standard,SD2,mean,euclidean,dtw,ward,1.0
1028.0,749.0,standard,SD2,mean,euclidean,dtw,complete,1.0
1128.0,67.0,standard,SD4,prophet,euclidean,prophet,hdbscan,0.0010000000474974513
1036.0,894.0,standard,SD2,median,euclidean,dtw,ward,1.0
1134.0,115.0,standard,SD3,mean,euclidean,dtw,median,1.0
1134.0,105.0,standard,SD6,mean,euclidean,dtw,ward,1.0
1139.0,1060.0,standard,SD3,mean,euclidean,dtw,centroid,1.0
1039.0,1197.0,standard,SD4,mean,dtw,median,median,0.29341983795166016
1172.0,1199.0,original,SD5,mean,euclidean,prophet,centroid,0.0010000000474974513
1123.0,1047.0,standard,SD5,median,euclidean,dtw,average,1.0
1139.0,1026.0,standard,SD3,median,euclidean,dtw,complete,1.0
892.0,998.0,standard,SD6,prophet,dtw,mode,complete,0.18671748042106628
1088.0,317.0,minmax,SD4,prophet,euclidean,median,ward,1.0
928.0,152.0,standard,SD3,mean,euclidean,median,average,1.0
853.0,1199.0,minmax,SD2,prophet,euclidean,prophet,centroid,0.3190597891807556
1140.0,1086.0,zscore,SD5,median,dtw,dtw,average,0.4013157784938812
1140.0,891.0,standard,SD4,mean,euclidean,median,complete,1.0
1098.0,375.0,minmax,SD5,median,dtw,dtw,weighted,0.9487094283103943
1079.0,1186.0,standard,SD2,mean,euclidean,dtw,average,0.8614009022712708
1095.0,811.0,standard,SD4,prophet,euclidean,prophet,single,1.0
833.0,831.0,standard,SD5,mean,euclidean,mode,average,0.126633882522583
1108.0,983.0,original,SD2,prophet,dtw,dtw,complete,0.0625
1036.0,166.0,minmax,SD2,linear,euclidean,dtw,single,1.0
1108.0,291.0,standard,SD5,mean,euclidean,dtw,single,1.0
1113.0,560.0,minmax,SD2,mean,euclidean,mode,average,1.0
883.0,95.0,standard,SD5,prophet,euclidean,dtw,hdbscan,1.0
1135.0,1065.0,standard,SD4,prophet,euclidean,dtw,complete,1.0
1135.0,1191.0,zscore,SD2,mean,euclidean,dtw,median,0.0010000000474974513
1034.0,55.0,minmax,SD3,mean,dtw,prophet,weighted,0.6622241735458374
1108.0,258.0,standard,SD6,median,euclidean,prophet,median,1.0
1140.0,1066.0,minmax,SD4,linear,euclidean,mode,ward,1.0
928.0,71.0,standard,SD6,linear,euclidean,prophet,weighted,1.0
1032.0,148.0,minmax,SD2,mean,euclidean,prophet,median,1.0
951.0,1154.0,standard,SD6,mean,euclidean,dtw,hdbscan,0.7423370480537415
1103.0,975.0,standard,SD2,mean,dtw,prophet,complete,1.0
457.0,451.0,zscore,SD2,prophet,dtw,median,ward,0.05499786511063576
875.0,24.0,standard,SD6,mean,euclidean,median,weighted,0.8423048853874207
1065.0,377.0,standard,SD2,prophet,euclidean,dtw,single,1.0
1002.0,1189.0,standard,SD2,linear,euclidean,prophet,single,0.33339041471481323
1134.0,1199.0,minmax,SD4,median,euclidean,dtw,single,0.7857142686843872
1136.0,522.0,standard,SD6,median,dtw,mean,complete,1.0
1132.0,1068.0,standard,SD5,prophet,dtw,dtw,single,1.0
1077.0,331.0,standard,SD3,mean,euclidean,dtw,complete,1.0
1137.0,993.0,minmax,SD3,linear,euclidean,median,ward,1.0
1123.0,1194.0,standard,SD3,linear,euclidean,dtw,complete,0.7712418437004089
636.0,1189.0,standard,SD2,prophet,euclidean,dtw,ward,0.4823686182498932
1092.0,662.0,standard,SD2,mean,euclidean,mean,average,1.0
1107.0,371.0,minmax,SD3,mean,euclidean,mean,median,1.0
34.0,1076.0,zscore,SD4,linear,dtw,mean,median,0.08111637830734253
1086.0,1017.0,standard,SD2,mean,euclidean,prophet,ward,1.0
319.0,904.0,minmax,SD4,mean,dtw,median,complete,0.03385479003190994
620.0,1132.0,zscore,SD3,mean,euclidean,dtw,hdbscan,0.0010000000474974513
974.0,159.0,original,SD2,prophet,euclidean,dtw,hdbscan,-0.005835607182234526
1133.0,882.0,minmax,SD5,mean,dtw,mode,ward,1.0
1075.0,965.0,standard,SD3,prophet,euclidean,dtw,complete,1.0
1007.0,1026.0,standard,SD5,linear,euclidean,dtw,complete,0.8573663830757141
1017.0,959.0,zscore,SD2,mean,euclidean,dtw,complete,0.3186548948287964
1137.0,1079.0,standard,SD5,median,euclidean,dtw,centroid,1.0
1060.0,193.0,minmax,SD5,mean,euclidean,prophet,median,1.0
976.0,691.0,minmax,SD4,linear,euclidean,mode,weighted,0.8722796440124512
1118.0,1199.0,standard,SD2,mean,dtw,dtw,complete,1.0
957.0,795.0,standard,SD3,mean,euclidean,dtw,complete,0.9052013158798218
1004.0,198.0,minmax,SD5,median,euclidean,median,hdbscan,0.9822748303413391
1127.0,1056.0,standard,SD5,prophet,euclidean,dtw,single,1.0
1109.0,147.0,minmax,SD4,mean,euclidean,prophet,centroid,1.0
874.0,310.0,original,SD2,mean,euclidean,dtw,ward,0.0059595853090286255
1110.0,1199.0,standard,SD6,mean,euclidean,dtw,hdbscan,0.2038753181695938
1039.0,897.0,original,SD3,prophet,euclidean,dtw,hdbscan,-0.009840494953095913
1139.0,170.0,minmax,SD3,median,dtw,dtw,complete,1.0
1113.0,1071.0,standard,SD6,mean,euclidean,dtw,ward,1.0
1141.0,1093.0,minmax,SD6,median,euclidean,median,ward,1.0
1115.0,1185.0,standard,SD2,mean,euclidean,dtw,complete,1.0
1015.0,454.0,standard,SD4,mean,euclidean,mode,ward,1.0
417.0,988.0,standard,SD5,mean,euclidean,prophet,centroid,0.19086802005767822
1105.0,1015.0,minmax,SD2,median,euclidean,dtw,single,1.0
813.0,31.0,standard,SD2,median,euclidean,dtw,single,1.0
707.0,253.0,standard,SD3,mean,euclidean,prophet,hdbscan,0.9736574292182922
875.0,992.0,standard,SD4,linear,euclidean,dtw,hdbscan,0.7403903603553772
1137.0,1130.0,standard,SD3,mean,euclidean,dtw,weighted,1.0
1190.0,838.0,minmax,SD2,prophet,euclidean,dtw,complete,0.0010000000474974513
938.0,382.0,standard,SD2,prophet,euclidean,dtw,single,1.0
1060.0,1067.0,standard,SD2,mean,euclidean,dtw,ward,1.0
942.0,368.0,minmax,SD2,prophet,euclidean,dtw,single,1.0
958.0,936.0,standard,SD3,mean,euclidean,dtw,single,0.32123124599456787
1129.0,1085.0,standard,SD3,mean,euclidean,dtw,complete,1.0
887.0,196.0,standard,SD2,median,euclidean,median,complete,0.6796777844429016
825.0,921.0,standard,SD3,median,euclidean,dtw,hdbscan,0.7381289601325989
1094.0,1091.0,minmax,SD2,median,dtw,dtw,ward,1.0
1113.0,155.0,minmax,SD3,prophet,euclidean,prophet,median,1.0
895.0,393.0,standard,SD2,prophet,euclidean,dtw,hdbscan,1.0
1138.0,1104.0,minmax,SD5,mean,dtw,dtw,single,1.0
1199.0,47.0,standard,SD2,median,euclidean,dtw,hdbscan,0.0010000000474974513
1155.0,1199.0,standard,SD2,mean,euclidean,dtw,complete,0.0010000000474974513
1150.0,1074.0,standard,SD5,mean,dtw,prophet,single,1.0
999.0,9.0,standard,SD2,mean,euclidean,dtw,hdbscan,1.0
1124.0,1089.0,minmax,SD2,prophet,euclidean,dtw,ward,1.0
1100.0,954.0,standard,SD5,mean,dtw,mean,single,1.0
355.0,468.0,minmax,SD5,mean,euclidean,mode,single,0.0010000000474974513
1011.0,1199.0,minmax,SD2,median,euclidean,dtw,hdbscan,0.1512383371591568
1156.0,197.0,standard,SD5,linear,dtw,dtw,complete,0.0010000000474974513
895.0,1167.0,minmax,SD4,median,euclidean,mode,ward,0.025841882452368736
1195.0,1198.0,original,SD4,prophet,euclidean,dtw,complete,0.0010000000474974513
1116.0,965.0,standard,SD5,mean,euclidean,prophet,average,1.0
1119.0,1050.0,standard,SD5,mean,euclidean,dtw,hdbscan,0.6335912346839905
930.0,265.0,standard,SD4,mean,euclidean,dtw,hdbscan,1.0
1115.0,2.0,standard,SD3,prophet,dtw,dtw,complete,1.0
982.0,1173.0,standard,SD3,prophet,euclidean,dtw,hdbscan,0.768692672252655
1150.0,1128.0,minmax,SD3,prophet,dtw,dtw,complete,1.0
1075.0,843.0,standard,SD2,linear,dtw,mode,median,0.9110838770866394
1079.0,390.0,standard,SD5,mean,euclidean,mean,complete,1.0
1017.0,97.0,standard,SD2,mean,euclidean,dtw,hdbscan,1.0
1133.0,929.0,minmax,SD5,prophet,euclidean,dtw,median,1.0
1098.0,233.0,zscore,SD4,linear,dtw,prophet,average,0.32561132311820984
1199.0,242.0,original,SD2,median,euclidean,dtw,hdbscan,0.0010000000474974513
1077.0,1049.0,standard,SD2,prophet,euclidean,dtw,median,1.0
1060.0,842.0,standard,SD5,linear,euclidean,dtw,single,1.0
1093.0,934.0,minmax,SD5,prophet,dtw,prophet,weighted,0.9125558137893677
1036.0,169.0,standard,SD2,median,euclidean,prophet,ward,1.0
606.0,600.0,zscore,SD4,mean,dtw,median,centroid,0.0011435616761446
1067.0,559.0,standard,SD4,prophet,euclidean,mode,weighted,1.0
994.0,84.0,standard,SD2,median,euclidean,prophet,weighted,1.0
1131.0,1017.0,standard,SD6,prophet,euclidean,prophet,median,1.0
927.0,316.0,standard,SD5,mean,dtw,median,hdbscan,0.8388823866844177
1040.0,1023.0,standard,SD2,mean,euclidean,dtw,ward,1.0
1042.0,116.0,minmax,SD6,mean,euclidean,dtw,single,1.0
1097.0,185.0,standard,SD2,mean,euclidean,dtw,hdbscan,0.2838137447834015
947.0,35.0,standard,SD4,linear,euclidean,prophet,hdbscan,1.0
1054.0,1183.0,standard,SD5,mean,euclidean,dtw,ward,0.8472455739974976
1104.0,640.0,standard,SD2,median,dtw,mean,single,1.0
1197.0,1092.0,zscore,SD2,prophet,euclidean,dtw,ward,0.0010000000474974513
838.0,1170.0,standard,SD5,linear,euclidean,dtw,hdbscan,0.70726478099823
411.0,10.0,original,SD4,mean,euclidean,mean,average,3.9067130273906514e-05
1056.0,897.0,standard,SD5,prophet,euclidean,median,median,1.0
1134.0,1019.0,standard,SD4,mean,euclidean,prophet,complete,1.0
1013.0,79.0,standard,SD6,linear,euclidean,median,ward,1.0
1089.0,1044.0,standard,SD2,mean,euclidean,dtw,single,1.0
1078.0,768.0,standard,SD5,prophet,dtw,median,single,0.8352558016777039
945.0,1199.0,zscore,SD5,prophet,dtw,dtw,hdbscan,0.0010000000474974513
1128.0,1073.0,standard,SD5,mean,dtw,prophet,median,1.0
1069.0,1058.0,standard,SD2,prophet,euclidean,dtw,average,1.0
969.0,1196.0,original,SD3,mean,euclidean,dtw,hdbscan,0.0012670153519138694
1144.0,803.0,minmax,SD3,linear,euclidean,mean,complete,1.0
988.0,521.0,standard,SD2,mean,euclidean,prophet,single,1.0
1045.0,877.0,standard,SD4,prophet,euclidean,dtw,single,1.0
1050.0,228.0,standard,SD2,mean,euclidean,prophet,ward,1.0
927.0,1187.0,standard,SD2,median,dtw,dtw,complete,0.5238781571388245
981.0,759.0,standard,SD2,prophet,euclidean,prophet,single,1.0
1088.0,120.0,minmax,SD2,median,euclidean,dtw,single,1.0
902.0,246.0,standard,SD5,prophet,euclidean,dtw,single,1.0
1098.0,1176.0,standard,SD2,mean,euclidean,dtw,complete,1.0
995.0,88.0,standard,SD5,mean,euclidean,prophet,weighted,1.0
1156.0,979.0,minmax,SD5,mean,dtw,dtw,ward,0.0010000000474974513
1140.0,1093.0,standard,SD5,mean,euclidean,mean,complete,1.0
1127.0,834.0,standard,SD5,median,dtw,dtw,ward,1.0
80.0,933.0,standard,SD2,linear,euclidean,dtw,ward,0.14815692603588104
1077.0,833.0,standard,SD5,prophet,euclidean,prophet,average,1.0
1126.0,952.0,standard,SD4,mean,euclidean,mean,single,1.0
1053.0,7.0,standard,SD2,median,euclidean,median,hdbscan,0.6846197247505188
1078.0,952.0,standard,SD5,linear,euclidean,dtw,average,1.0
1054.0,1071.0,standard,SD2,mean,euclidean,dtw,median,1.0
1089.0,1130.0,standard,SD5,mean,dtw,dtw,median,0.9281889796257019
1050.0,96.0,original,SD2,linear,euclidean,mean,complete,0.041531529277563095
1100.0,1113.0,minmax,SD2,mean,dtw,dtw,weighted,1.0
1128.0,1028.0,standard,SD6,mean,euclidean,median,ward,1.0
1118.0,1195.0,standard,SD2,mean,euclidean,dtw,complete,1.0
42.0,467.0,zscore,SD4,prophet,euclidean,dtw,median,-1.996758783207042e-06
1060.0,1005.0,standard,SD3,mean,dtw,dtw,ward,1.0
1067.0,851.0,standard,SD3,prophet,euclidean,mean,complete,1.0
1114.0,1090.0,minmax,SD2,prophet,euclidean,dtw,centroid,1.0
907.0,187.0,zscore,SD2,median,euclidean,dtw,single,0.006663872394710779
1098.0,316.0,standard,SD4,prophet,euclidean,dtw,complete,1.0
1128.0,1009.0,standard,SD2,mean,euclidean,dtw,median,0.0010000000474974513
944.0,31.0,standard,SD2,mean,euclidean,dtw,ward,1.0
1038.0,1112.0,standard,SD2,mean,dtw,prophet,ward,0.5553992986679077
1088.0,1193.0,original,SD2,prophet,euclidean,mode,complete,-0.048986487090587616
1127.0,1089.0,minmax,SD3,prophet,euclidean,dtw,ward,1.0
1075.0,990.0,standard,SD5,mean,euclidean,dtw,median,1.0
1182.0,53.0,minmax,SD6,prophet,euclidean,median,average,0.0010000000474974513
949.0,1023.0,original,SD3,prophet,euclidean,dtw,complete,-0.0047040036879479885
1193.0,1048.0,standard,SD5,mean,euclidean,dtw,ward,0.0010000000474974513
997.0,777.0,standard,SD2,mean,euclidean,mean,hdbscan,1.0
1114.0,377.0,standard,SD3,mean,euclidean,mean,complete,1.0
737.0,116.0,zscore,SD6,prophet,dtw,prophet,complete,0.19621440768241882
1128.0,916.0,standard,SD3,prophet,euclidean,dtw,complete,1.0
1138.0,1111.0,standard,SD3,median,euclidean,dtw,single,1.0
1080.0,1199.0,standard,SD2,linear,euclidean,prophet,centroid,0.5525773167610168
1053.0,974.0,standard,SD5,mean,euclidean,dtw,centroid,1.0
1131.0,1026.0,standard,SD5,mean,euclidean,mean,centroid,1.0
1031.0,114.0,standard,SD4,median,euclidean,dtw,hdbscan,1.0
1132.0,1069.0,minmax,SD5,prophet,dtw,dtw,ward,1.0
1139.0,447.0,zscore,SD2,mean,euclidean,prophet,complete,0.0010000000474974513
1127.0,1030.0,minmax,SD3,linear,euclidean,mean,average,1.0
822.0,1199.0,zscore,SD2,prophet,dtw,prophet,hdbscan,0.0010000000474974513
998.0,239.0,standard,SD2,mean,euclidean,mean,complete,1.0
1000.0,58.0,standard,SD3,prophet,euclidean,dtw,ward,1.0
1135.0,865.0,standard,SD4,median,dtw,dtw,complete,1.0
1115.0,804.0,standard,SD4,median,euclidean,prophet,single,1.0
1040.0,971.0,standard,SD5,prophet,euclidean,dtw,ward,1.0
709.0,334.0,minmax,SD5,mean,euclidean,mode,median,0.2837141454219818
1052.0,1041.0,standard,SD2,linear,dtw,dtw,median,1.0
1082.0,832.0,standard,SD5,mean,euclidean,dtw,complete,1.0
1130.0,1119.0,minmax,SD6,median,euclidean,dtw,ward,1.0
1197.0,1128.0,minmax,SD2,median,euclidean,mean,centroid,0.0010000000474974513
839.0,1169.0,original,SD4,median,euclidean,dtw,complete,0.0011105838930234313
1138.0,732.0,standard,SD5,mean,dtw,dtw,ward,1.0
1051.0,69.0,minmax,SD6,median,euclidean,mode,median,1.0
1145.0,1049.0,standard,SD4,mean,euclidean,dtw,complete,1.0
1035.0,1166.0,zscore,SD5,mean,euclidean,dtw,ward,0.4293235242366791
1199.0,938.0,standard,SD3,prophet,euclidean,dtw,single,0.0010000000474974513
1038.0,903.0,standard,SD2,prophet,euclidean,prophet,complete,1.0
947.0,745.0,standard,SD2,prophet,euclidean,dtw,single,1.0
1118.0,812.0,standard,SD6,mean,euclidean,median,complete,1.0
906.0,20.0,standard,SD4,mean,euclidean,prophet,hdbscan,1.0
937.0,944.0,standard,SD3,mean,euclidean,dtw,ward,0.970606803894043
1053.0,630.0,standard,SD4,mean,euclidean,prophet,single,1.0
1068.0,1076.0,standard,SD2,linear,euclidean,dtw,ward,1.0
1117.0,1074.0,standard,SD3,mean,euclidean,prophet,average,1.0
1131.0,978.0,standard,SD5,mean,dtw,dtw,single,1.0
1199.0,1197.0,original,SD2,mean,euclidean,mean,hdbscan,0.0010000000474974513
992.0,318.0,standard,SD2,mean,euclidean,prophet,hdbscan,1.0
1124.0,1143.0,minmax,SD2,mean,dtw,median,hdbscan,0.0010000000474974513
880.0,103.0,standard,SD4,mean,euclidean,prophet,hdbscan,1.0
1006.0,838.0,standard,SD2,prophet,euclidean,dtw,complete,1.0
957.0,675.0,standard,SD2,prophet,euclidean,dtw,single,1.0
1103.0,949.0,standard,SD2,prophet,euclidean,dtw,single,1.0
1005.0,813.0,standard,SD5,median,euclidean,dtw,ward,1.0
1112.0,193.0,standard,SD5,median,euclidean,median,centroid,1.0
1078.0,1112.0,standard,SD2,mean,euclidean,dtw,single,0.8614009022712708
1182.0,42.0,standard,SD3,prophet,euclidean,mean,centroid,0.0010000000474974513
927.0,1133.0,standard,SD2,prophet,euclidean,dtw,hdbscan,0.730907142162323
1064.0,961.0,standard,SD5,mean,euclidean,dtw,ward,1.0
1006.0,904.0,minmax,SD5,linear,euclidean,dtw,hdbscan,0.13719716668128967
983.0,946.0,standard,SD2,median,euclidean,dtw,average,1.0
1086.0,688.0,standard,SD2,linear,dtw,dtw,ward,1.0
1144.0,1105.0,standard,SD5,mean,euclidean,dtw,ward,1.0
1118.0,59.0,standard,SD2,prophet,euclidean,mode,ward,1.0
972.0,156.0,standard,SD2,linear,euclidean,dtw,hdbscan,1.0
694.0,1047.0,standard,SD5,linear,euclidean,dtw,hdbscan,0.5997647643089294
1088.0,872.0,standard,SD2,median,euclidean,dtw,ward,1.0
235.0,376.0,standard,SD4,mean,dtw,median,hdbscan,0.003211831673979759
1141.0,1058.0,standard,SD3,mean,euclidean,dtw,weighted,1.0
963.0,1199.0,standard,SD2,mean,euclidean,dtw,hdbscan,0.7376784682273865
975.0,470.0,standard,SD2,linear,euclidean,prophet,hdbscan,1.0
1160.0,924.0,zscore,SD3,mean,euclidean,dtw,complete,0.0010000000474974513
994.0,1067.0,standard,SD2,mean,euclidean,dtw,hdbscan,0.15772126615047455
1069.0,867.0,standard,SD3,mean,euclidean,median,ward,1.0
1079.0,290.0,standard,SD5,mean,euclidean,mean,average,1.0
845.0,1199.0,standard,SD2,mean,dtw,dtw,hdbscan,0.7495752573013306
1127.0,846.0,standard,SD2,median,euclidean,dtw,complete,0.0010000000474974513
1095.0,963.0,standard,SD3,mean,euclidean,median,ward,1.0
1138.0,1068.0,standard,SD6,mean,dtw,prophet,ward,1.0
1104.0,992.0,standard,SD3,median,euclidean,dtw,complete,1.0
965.0,75.0,minmax,SD4,prophet,euclidean,median,hdbscan,0.9058740139007568
1139.0,1149.0,standard,SD4,mean,dtw,dtw,complete,1.0
1037.0,1069.0,standard,SD2,prophet,euclidean,dtw,ward,1.0
1092.0,801.0,standard,SD2,median,euclidean,dtw,single,1.0
992.0,474.0,standard,SD2,mean,euclidean,dtw,ward,1.0
1125.0,498.0,minmax,SD4,mean,euclidean,mode,centroid,1.0
951.0,43.0,standard,SD2,mean,euclidean,dtw,hdbscan,1.0
1103.0,1007.0,standard,SD2,mean,dtw,mean,ward,1.0
1105.0,820.0,standard,SD6,mean,euclidean,dtw,ward,1.0
1055.0,814.0,standard,SD6,mean,euclidean,mean,ward,1.0
963.0,813.0,standard,SD4,median,euclidean,dtw,ward,0.9875597953796387
1087.0,976.0,standard,SD4,prophet,euclidean,prophet,ward,1.0
1110.0,908.0,standard,SD3,mean,euclidean,median,median,1.0
603.0,699.0,minmax,SD3,mean,euclidean,mean,centroid,0.04092022404074669
666.0,589.0,standard,SD3,prophet,euclidean,dtw,hdbscan,0.36451712250709534
1085.0,1026.0,standard,SD2,mean,euclidean,prophet,ward,1.0
1179.0,970.0,standard,SD2,mean,euclidean,dtw,hdbscan,0.0010000000474974513
1199.0,22.0,standard,SD4,median,euclidean,dtw,ward,0.0010000000474974513
1191.0,1163.0,standard,SD5,mean,euclidean,dtw,hdbscan,0.0010000000474974513
1106.0,937.0,standard,SD2,prophet,euclidean,dtw,ward,1.0
1047.0,1041.0,standard,SD3,linear,euclidean,mean,single,-0.0060651772655546665
1119.0,126.0,minmax,SD2,median,euclidean,mode,centroid,1.0
1153.0,1106.0,standard,SD4,mean,euclidean,dtw,single,1.0
1101.0,1180.0,standard,SD2,median,dtw,dtw,single,1.0
935.0,787.0,minmax,SD2,median,euclidean,dtw,single,0.6323401927947998
1100.0,792.0,minmax,SD2,prophet,euclidean,prophet,centroid,1.0
1139.0,1006.0,standard,SD3,mean,dtw,mean,complete,1.0
958.0,86.0,standard,SD2,mean,euclidean,prophet,single,1.0
1155.0,120.0,original,SD2,mean,euclidean,dtw,complete,0.0010000000474974513
987.0,1186.0,standard,SD2,mean,euclidean,dtw,ward,1.0
1049.0,155.0,standard,SD5,mean,euclidean,mode,centroid,1.0
859.0,382.0,standard,SD2,linear,euclidean,median,hdbscan,1.0
1069.0,967.0,minmax,SD6,median,dtw,mean,weighted,0.8495334386825562
1116.0,1059.0,standard,SD3,median,euclidean,mode,weighted,1.0
1047.0,53.0,standard,SD2,mean,euclidean,dtw,median,1.0
1105.0,286.0,standard,SD2,median,euclidean,dtw,single,1.0
1035.0,359.0,minmax,SD4,prophet,euclidean,prophet,hdbscan,0.9649643898010254
1105.0,1024.0,standard,SD2,linear,euclidean,dtw,complete,1.0
1145.0,1199.0,standard,SD4,mean,euclidean,dtw,average,1.0
914.0,67.0,standard,SD2,mean,euclidean,median,ward,1.0
1103.0,932.0,standard,SD3,median,dtw,dtw,ward,1.0
1198.0,1024.0,standard,SD4,mean,euclidean,dtw,hdbscan,0.0010000000474974513
969.0,1178.0,standard,SD2,prophet,euclidean,dtw,single,0.6231664419174194
965.0,652.0,standard,SD2,mean,euclidean,prophet,single,1.0
1123.0,304.0,minmax,SD5,prophet,euclidean,dtw,ward,1.0
1119.0,698.0,minmax,SD5,linear,euclidean,mode,weighted,1.0
1049.0,1062.0,standard,SD4,median,euclidean,dtw,ward,1.0
1079.0,814.0,minmax,SD2,linear,euclidean,dtw,ward,1.0
330.0,1172.0,zscore,SD2,mean,euclidean,mean,ward,0.11756405234336853
1140.0,1074.0,standard,SD6,prophet,euclidean,mean,complete,1.0
973.0,142.0,standard,SD2,mean,euclidean,dtw,complete,1.0
1199.0,1165.0,minmax,SD6,mean,euclidean,mode,average,0.0010000000474974513
1142.0,1062.0,minmax,SD5,mean,dtw,mean,weighted,1.0
1144.0,1131.0,zscore,SD2,mean,euclidean,dtw,hdbscan,0.0010000000474974513
1064.0,1080.0,minmax,SD3,linear,euclidean,median,weighted,0.3704066574573517
1089.0,812.0,standard,SD4,median,euclidean,dtw,hdbscan,0.7970687747001648
1128.0,907.0,standard,SD6,mean,euclidean,mode,ward,1.0
1006.0,375.0,standard,SD2,prophet,euclidean,prophet,complete,1.0
1091.0,400.0,minmax,SD2,prophet,euclidean,mode,weighted,1.0
1122.0,1172.0,standard,SD5,mean,euclidean,mode,median,0.30817610025405884
1009.0,648.0,standard,SD2,prophet,euclidean,dtw,hdbscan,1.0
716.0,788.0,standard,SD2,prophet,euclidean,dtw,hdbscan,0.13854123651981354
776.0,770.0,standard,SD4,prophet,euclidean,mean,hdbscan,0.0009290894377045333
1101.0,381.0,standard,SD2,mean,euclidean,dtw,ward,1.0
1199.0,1005.0,zscore,SD5,prophet,euclidean,dtw,ward,0.0010000000474974513
1131.0,495.0,standard,SD5,median,euclidean,dtw,weighted,1.0
1199.0,83.0,zscore,SD2,prophet,euclidean,dtw,hdbscan,0.0010000000474974513
1091.0,4.0,standard,SD2,median,dtw,dtw,ward,1.0
1129.0,232.0,standard,SD3,median,dtw,dtw,complete,1.0
1042.0,611.0,minmax,SD5,prophet,euclidean,dtw,ward,1.0
883.0,1180.0,standard,SD2,prophet,euclidean,dtw,hdbscan,0.7268006801605225
478.0,135.0,original,SD6,median,euclidean,dtw,hdbscan,0.000114132919406984
1140.0,1102.0,standard,SD5,prophet,dtw,dtw,complete,1.0
78.0,1098.0,original,SD5,mean,euclidean,dtw,average,8.432043978245929e-05
1085.0,1074.0,original,SD5,mean,euclidean,dtw,hdbscan,0.03181687369942665
1117.0,865.0,minmax,SD5,prophet,euclidean,mode,centroid,1.0
1048.0,52.0,standard,SD2,median,euclidean,dtw,centroid,1.0
12.0,2.0,original,SD6,linear,dtw,mean,single,1.3860045555702527e-06
1108.0,1178.0,standard,SD2,median,dtw,dtw,complete,1.0
1055.0,873.0,standard,SD2,prophet,dtw,dtw,complete,1.0
1132.0,1079.0,standard,SD3,mean,euclidean,mode,ward,1.0
164.0,160.0,standard,SD3,prophet,dtw,median,average,0.01602344401180744
1104.0,1057.0,minmax,SD2,mean,dtw,dtw,single,1.0
1085.0,122.0,original,SD5,mean,euclidean,dtw,centroid,0.007146784104406834
1138.0,1080.0,standard,SD5,linear,euclidean,mean,single,1.0
989.0,736.0,standard,SD2,median,euclidean,dtw,hdbscan,1.0
975.0,550.0,minmax,SD3,prophet,dtw,mean,ward,0.7979628443717957
906.0,201.0,standard,SD3,mean,euclidean,dtw,ward,1.0
777.0,1191.0,standard,SD3,prophet,euclidean,prophet,hdbscan,0.3124743103981018
1117.0,184.0,minmax,SD2,mean,dtw,mode,ward,1.0
930.0,23.0,standard,SD2,mean,dtw,prophet,hdbscan,0.7978488802909851
1089.0,69.0,standard,SD5,mean,euclidean,mean,centroid,1.0
947.0,849.0,standard,SD3,linear,euclidean,mean,hdbscan,0.03568973392248154
1199.0,1189.0,standard,SD6,mean,dtw,median,hdbscan,0.0010000000474974513
1116.0,935.0,minmax,SD6,mean,euclidean,dtw,complete,1.0
1079.0,1072.0,standard,SD3,prophet,euclidean,dtw,centroid,1.0
841.0,1104.0,standard,SD5,mean,euclidean,dtw,hdbscan,0.715541422367096
1101.0,1085.0,standard,SD3,mean,euclidean,dtw,median,1.0
859.0,23.0,minmax,SD6,prophet,euclidean,prophet,hdbscan,0.9437900185585022
776.0,362.0,standard,SD3,median,euclidean,dtw,ward,0.8595555424690247
1166.0,1102.0,minmax,SD3,median,dtw,median,complete,0.0010000000474974513
947.0,91.0,standard,SD3,prophet,euclidean,mode,complete,0.8480963110923767
1016.0,113.0,standard,SD3,linear,dtw,mode,median,0.8489360213279724
1104.0,286.0,standard,SD2,median,euclidean,dtw,centroid,1.0
1128.0,15.0,standard,SD6,mean,euclidean,dtw,complete,1.0
1125.0,1003.0,standard,SD4,mean,dtw,prophet,single,1.0
747.0,196.0,standard,SD2,linear,euclidean,dtw,ward,0.811496376991272
1120.0,912.0,standard,SD3,median,euclidean,dtw,single,1.0
1103.0,783.0,standard,SD5,mean,dtw,median,median,1.0
1130.0,267.0,standard,SD5,linear,euclidean,dtw,hdbscan,0.0010000000474974513
1198.0,237.0,zscore,SD3,mean,euclidean,dtw,complete,0.0010000000474974513
1113.0,1046.0,standard,SD3,median,dtw,dtw,ward,1.0
1196.0,147.0,zscore,SD5,mean,euclidean,mode,weighted,0.0010000000474974513
1117.0,984.0,minmax,SD5,linear,dtw,median,centroid,1.0
1070.0,1029.0,zscore,SD6,linear,euclidean,median,weighted,0.3029792308807373
1030.0,1199.0,standard,SD5,mean,euclidean,dtw,hdbscan,0.7780329585075378
1122.0,498.0,standard,SD3,prophet,euclidean,mode,single,1.0
897.0,18.0,standard,SD3,mean,euclidean,mode,weighted,0.8350953459739685
1111.0,1063.0,minmax,SD4,mean,dtw,dtw,single,1.0
1144.0,1123.0,standard,SD3,mean,dtw,dtw,median,1.0
1013.0,190.0,standard,SD2,prophet,euclidean,median,single,1.0
1199.0,1103.0,original,SD6,mean,euclidean,dtw,ward,0.0010000000474974513
893.0,134.0,standard,SD2,mean,euclidean,prophet,hdbscan,1.0
1106.0,1130.0,standard,SD3,prophet,euclidean,dtw,ward,0.7959709167480469
1078.0,1199.0,minmax,SD3,mean,euclidean,median,median,0.3744843602180481
1193.0,1199.0,standard,SD2,median,euclidean,dtw,ward,0.0010000000474974513
1083.0,1158.0,minmax,SD2,mean,euclidean,dtw,average,0.8721952438354492
980.0,710.0,standard,SD2,median,euclidean,prophet,ward,1.0
1050.0,400.0,standard,SD2,prophet,euclidean,mode,ward,1.0
902.0,69.0,standard,SD4,mean,euclidean,mode,hdbscan,1.0
1133.0,483.0,minmax,SD5,prophet,euclidean,dtw,ward,1.0
825.0,65.0,standard,SD3,prophet,euclidean,median,hdbscan,0.9791433811187744
974.0,8.0,standard,SD5,mean,euclidean,prophet,hdbscan,1.0
1119.0,709.0,minmax,SD6,prophet,euclidean,median,average,1.0
1104.0,392.0,standard,SD2,prophet,euclidean,dtw,average,1.0
1136.0,618.0,minmax,SD5,prophet,dtw,mode,complete,1.0
1128.0,1052.0,minmax,SD3,mean,dtw,prophet,centroid,1.0
814.0,664.0,standard,SD2,median,euclidean,dtw,hdbscan,0.14285719394683838
1012.0,462.0,standard,SD2,median,euclidean,prophet,hdbscan,1.0
913.0,156.0,standard,SD2,mean,euclidean,dtw,weighted,1.0
364.0,1199.0,original,SD3,median,dtw,dtw,hdbscan,0.005533360876142979
953.0,1195.0,standard,SD5,mean,euclidean,dtw,hdbscan,0.7299758791923523
968.0,186.0,minmax,SD5,prophet,euclidean,dtw,hdbscan,0.9062176942825317
1139.0,791.0,minmax,SD6,median,euclidean,mean,complete,1.0
1066.0,771.0,standard,SD5,mean,euclidean,dtw,weighted,1.0
1133.0,1094.0,original,SD3,mean,euclidean,dtw,average,0.0892857164144516
1055.0,831.0,standard,SD4,mean,euclidean,dtw,hdbscan,0.9390016198158264
1108.0,20.0,minmax,SD2,mean,dtw,mean,average,1.0
894.0,1199.0,original,SD2,mean,euclidean,dtw,ward,-0.004058596678078175
782.0,478.0,original,SD5,prophet,dtw,prophet,median,0.0013032049173489213
1136.0,264.0,minmax,SD2,linear,euclidean,median,single,0.0010000000474974513
888.0,878.0,minmax,SD3,mean,euclidean,dtw,hdbscan,0.15244267880916595
1025.0,284.0,standard,SD2,prophet,dtw,dtw,ward,1.0
1027.0,636.0,standard,SD2,mean,euclidean,dtw,hdbscan,1.0
1066.0,126.0,standard,SD5,prophet,euclidean,dtw,single,1.0
1112.0,1078.0,standard,SD6,mean,euclidean,dtw,weighted,1.0
1175.0,92.0,zscore,SD2,mean,euclidean,dtw,weighted,0.0010000000474974513
1107.0,16.0,standard,SD5,mean,euclidean,mean,median,1.0
978.0,912.0,standard,SD6,mean,euclidean,dtw,weighted,0.970723569393158
1073.0,870.0,standard,SD2,mean,euclidean,mean,ward,1.0
1024.0,15.0,standard,SD2,prophet,euclidean,prophet,median,1.0
1112.0,923.0,standard,SD2,mean,euclidean,dtw,ward,1.0
993.0,167.0,minmax,SD2,mean,euclidean,dtw,single,1.0
1120.0,966.0,standard,SD3,prophet,dtw,prophet,complete,1.0
1086.0,1021.0,standard,SD5,linear,dtw,dtw,median,1.0
927.0,508.0,standard,SD6,median,euclidean,prophet,median,0.8388823866844177
1018.0,286.0,standard,SD4,prophet,euclidean,dtw,hdbscan,1.0
1055.0,58.0,minmax,SD5,median,euclidean,mode,ward,1.0
1198.0,908.0,standard,SD2,mean,euclidean,dtw,ward,0.0010000000474974513
1130.0,1117.0,standard,SD3,mean,euclidean,median,hdbscan,0.0010000000474974513
928.0,226.0,standard,SD4,linear,euclidean,median,single,1.0
1003.0,42.0,standard,SD5,prophet,euclidean,dtw,ward,1.0
1129.0,914.0,minmax,SD5,prophet,euclidean,dtw,median,1.0
1079.0,1196.0,standard,SD2,median,euclidean,dtw,complete,0.8614009022712708
1076.0,1057.0,standard,SD2,prophet,euclidean,dtw,hdbscan,0.5719823837280273
1050.0,766.0,standard,SD4,median,euclidean,dtw,single,1.0
755.0,5.0,minmax,SD4,prophet,dtw,mode,hdbscan,0.79825758934021
1045.0,728.0,standard,SD2,mean,dtw,dtw,ward,1.0
1055.0,963.0,standard,SD5,mean,euclidean,dtw,ward,1.0
1130.0,993.0,minmax,SD3,mean,euclidean,dtw,average,1.0
1175.0,1027.0,original,SD2,median,euclidean,dtw,median,0.0010000000474974513
1199.0,1199.0,minmax,SD5,prophet,dtw,dtw,average,0.0010000000474974513
906.0,189.0,standard,SD2,prophet,euclidean,median,single,1.0
1077.0,1111.0,standard,SD5,prophet,euclidean,dtw,ward,1.0
1074.0,124.0,standard,SD3,prophet,dtw,mean,ward,1.0
1088.0,1139.0,minmax,SD5,mean,euclidean,prophet,ward,0.9314645528793335
137.0,1192.0,minmax,SD5,median,dtw,prophet,median,0.019347934052348137
1099.0,973.0,minmax,SD3,mean,dtw,mode,ward,1.0
1086.0,241.0,standard,SD4,mean,euclidean,dtw,complete,1.0
1123.0,1141.0,standard,SD5,prophet,euclidean,dtw,complete,0.7712418437004089
1136.0,1199.0,standard,SD3,linear,dtw,dtw,complete,1.0
1193.0,228.0,standard,SD5,median,euclidean,median,centroid,0.0010000000474974513
866.0,462.0,standard,SD3,linear,euclidean,dtw,hdbscan,1.0
1049.0,87.0,standard,SD5,median,euclidean,prophet,ward,1.0
1022.0,120.0,standard,SD3,mean,euclidean,dtw,complete,1.0
985.0,1199.0,minmax,SD2,mean,dtw,dtw,single,0.7417909502983093
985.0,1047.0,standard,SD3,mean,euclidean,dtw,ward,0.8265442848205566
1050.0,160.0,standard,SD5,median,euclidean,dtw,ward,1.0
1014.0,180.0,standard,SD2,mean,euclidean,mean,complete,1.0
1127.0,382.0,standard,SD4,mean,dtw,median,complete,1.0
1089.0,1141.0,minmax,SD5,mean,euclidean,dtw,single,0.8625662326812744
1054.0,291.0,minmax,SD2,median,euclidean,prophet,centroid,1.0
1049.0,1040.0,standard,SD2,prophet,euclidean,dtw,ward,1.0
967.0,1038.0,standard,SD2,mean,euclidean,dtw,complete,0.9892374873161316
1096.0,657.0,minmax,SD5,prophet,euclidean,dtw,complete,1.0
1148.0,1086.0,standard,SD4,mean,dtw,dtw,single,1.0
1104.0,1199.0,standard,SD4,mean,euclidean,dtw,complete,0.7959709167480469
1090.0,60.0,minmax,SD4,prophet,euclidean,median,single,1.0
1049.0,620.0,standard,SD6,median,euclidean,dtw,ward,1.0
1050.0,64.0,standard,SD2,mean,dtw,mode,centroid,1.0
1096.0,1024.0,zscore,SD3,mean,euclidean,dtw,hdbscan,0.0010000000474974513
1198.0,1199.0,standard,SD6,prophet,dtw,median,hdbscan,0.0010000000474974513
976.0,89.0,standard,SD5,prophet,euclidean,dtw,ward,1.0
1097.0,868.0,standard,SD2,median,euclidean,prophet,centroid,1.0
1008.0,273.0,standard,SD5,mean,euclidean,median,hdbscan,1.0
1093.0,366.0,standard,SD2,mean,euclidean,prophet,ward,1.0
905.0,890.0,zscore,SD5,mean,euclidean,dtw,hdbscan,0.0010000000474974513
1083.0,1102.0,standard,SD5,linear,euclidean,dtw,weighted,1.0
732.0,63.0,original,SD2,linear,euclidean,median,centroid,0.0014178036944940686
1127.0,1103.0,minmax,SD3,mean,euclidean,mode,median,1.0
1004.0,882.0,standard,SD5,median,dtw,dtw,median,0.829948902130127
1111.0,282.0,minmax,SD5,prophet,euclidean,median,median,1.0
1063.0,865.0,standard,SD3,median,euclidean,median,median,1.0
1195.0,632.0,minmax,SD3,linear,euclidean,median,ward,0.0010000000474974513
1094.0,923.0,standard,SD3,mean,dtw,dtw,hdbscan,0.1648218035697937
1139.0,101.0,standard,SD3,median,dtw,mean,complete,1.0
1098.0,105.0,standard,SD5,mean,euclidean,mean,single,1.0
893.0,196.0,standard,SD5,prophet,euclidean,dtw,ward,1.0
939.0,2.0,standard,SD5,prophet,euclidean,dtw,weighted,1.0
1014.0,926.0,standard,SD2,mean,euclidean,dtw,centroid,1.0
1140.0,942.0,standard,SD5,median,euclidean,mean,single,1.0
1062.0,1075.0,standard,SD2,prophet,euclidean,dtw,complete,1.0
1056.0,66.0,minmax,SD2,median,euclidean,mean,weighted,1.0
1048.0,906.0,standard,SD2,linear,euclidean,prophet,hdbscan,0.7031176686286926
1134.0,876.0,minmax,SD5,linear,dtw,dtw,single,1.0
1017.0,768.0,standard,SD5,median,euclidean,median,weighted,1.0
1198.0,307.0,standard,SD5,mean,euclidean,dtw,median,0.0010000000474974513
1134.0,1000.0,standard,SD4,mean,euclidean,mode,single,1.0
1187.0,518.0,original,SD5,median,euclidean,dtw,ward,0.0010000000474974513
1099.0,881.0,standard,SD4,prophet,euclidean,mean,complete,1.0
756.0,55.0,standard,SD3,mean,euclidean,dtw,hdbscan,0.976475715637207
1091.0,116.0,standard,SD2,prophet,euclidean,median,average,1.0
934.0,984.0,minmax,SD2,prophet,euclidean,dtw,weighted,0.8380662798881531
1115.0,427.0,standard,SD6,mean,dtw,mode,ward,1.0
1026.0,1190.0,standard,SD2,mean,euclidean,dtw,complete,0.8287963271141052
1033.0,1102.0,standard,SD4,linear,euclidean,dtw,ward,0.90964674949646
1055.0,186.0,standard,SD4,median,euclidean,mean,complete,1.0
1062.0,1124.0,standard,SD5,mean,euclidean,dtw,complete,0.8012425899505615
1099.0,825.0,minmax,SD2,median,dtw,dtw,centroid,1.0
1198.0,1195.0,zscore,SD4,median,euclidean,dtw,centroid,0.0010000000474974513
1154.0,433.0,standard,SD6,median,euclidean,median,single,0.0010000000474974513
1101.0,922.0,standard,SD2,mean,euclidean,dtw,ward,1.0
1101.0,1198.0,standard,SD2,mean,euclidean,dtw,complete,1.0
1017.0,243.0,standard,SD3,mean,dtw,dtw,hdbscan,0.8587788939476013
1019.0,173.0,minmax,SD5,prophet,euclidean,mean,ward,1.0
1139.0,1116.0,minmax,SD3,median,euclidean,dtw,complete,1.0
958.0,219.0,standard,SD2,mean,euclidean,prophet,centroid,1.0
1130.0,901.0,standard,SD4,mean,euclidean,dtw,ward,1.0
1039.0,848.0,standard,SD3,mean,euclidean,dtw,ward,1.0
507.0,34.0,minmax,SD3,median,euclidean,dtw,weighted,0.4125937819480896
946.0,73.0,standard,SD2,mean,euclidean,dtw,single,1.0
744.0,21.0,standard,SD2,prophet,euclidean,median,ward,0.7363865971565247
604.0,958.0,original,SD3,prophet,euclidean,dtw,ward,0.003951146267354488
1073.0,924.0,standard,SD3,mean,euclidean,dtw,ward,1.0
1076.0,927.0,standard,SD6,prophet,euclidean,median,complete,1.0
1114.0,220.0,original,SD5,median,euclidean,mode,hdbscan,0.03648509830236435
941.0,31.0,standard,SD3,median,dtw,mean,weighted,0.7628670334815979
1033.0,964.0,standard,SD2,mean,euclidean,dtw,complete,1.0
1018.0,20.0,minmax,SD2,median,euclidean,dtw,hdbscan,1.0
648.0,1164.0,standard,SD6,linear,dtw,mean,average,0.0011024534469470382
892.0,1199.0,standard,SD5,mean,euclidean,dtw,hdbscan,0.7559056878089905
1064.0,728.0,minmax,SD2,linear,euclidean,dtw,hdbscan,0.7091244459152222
1199.0,291.0,original,SD4,mean,euclidean,dtw,ward,0.0010000000474974513
1049.0,857.0,standard,SD4,mean,euclidean,dtw,single,1.0
1109.0,245.0,minmax,SD4,prophet,euclidean,mean,ward,1.0
1101.0,593.0,standard,SD5,median,dtw,prophet,complete,1.0
1079.0,75.0,standard,SD5,mean,euclidean,mean,hdbscan,0.7481644153594971
1127.0,1047.0,minmax,SD6,linear,euclidean,dtw,centroid,1.0
1066.0,814.0,standard,SD2,mean,euclidean,dtw,complete,1.0
1068.0,301.0,minmax,SD3,mean,dtw,dtw,median,0.8418754935264587
1082.0,1069.0,standard,SD2,mean,euclidean,dtw,ward,1.0
1112.0,1020.0,standard,SD5,linear,dtw,dtw,complete,1.0
1140.0,945.0,standard,SD3,median,euclidean,mode,ward,1.0
1019.0,22.0,standard,SD6,median,euclidean,median,hdbscan,1.0
1033.0,1177.0,standard,SD2,mean,euclidean,dtw,hdbscan,0.17412982881069183
1126.0,880.0,standard,SD3,prophet,euclidean,mean,weighted,1.0
960.0,489.0,standard,SD2,median,euclidean,dtw,weighted,1.0
1073.0,9.0,minmax,SD6,prophet,euclidean,dtw,ward,1.0
1005.0,308.0,standard,SD6,prophet,euclidean,dtw,weighted,1.0
1010.0,110.0,standard,SD5,mean,euclidean,prophet,hdbscan,1.0
833.0,1069.0,standard,SD2,prophet,euclidean,dtw,hdbscan,0.7063701748847961
964.0,1113.0,standard,SD2,mean,euclidean,dtw,weighted,0.6794514060020447
1092.0,737.0,minmax,SD2,prophet,euclidean,mode,single,1.0
1106.0,1159.0,minmax,SD2,mean,euclidean,dtw,single,0.9041533470153809
1017.0,123.0,standard,SD2,mean,euclidean,dtw,single,1.0
771.0,1053.0,zscore,SD2,prophet,euclidean,dtw,complete,0.07500629872083664
1125.0,112.0,minmax,SD5,prophet,dtw,median,centroid,1.0
828.0,428.0,standard,SD3,mean,euclidean,dtw,weighted,0.8979052901268005
1020.0,5.0,standard,SD6,median,euclidean,median,centroid,1.0
1064.0,75.0,standard,SD2,mean,dtw,median,centroid,1.0
272.0,1199.0,zscore,SD4,mean,euclidean,dtw,hdbscan,0.0010000000474974513
1113.0,1003.0,standard,SD3,median,dtw,mode,weighted,1.0
986.0,1199.0,zscore,SD4,mean,euclidean,dtw,ward,0.48805099725723267
654.0,835.0,standard,SD2,mean,euclidean,dtw,ward,0.5714210271835327
869.0,183.0,standard,SD3,mean,euclidean,prophet,hdbscan,1.0
977.0,95.0,minmax,SD2,mean,dtw,mode,hdbscan,0.8128162622451782
1199.0,1005.0,zscore,SD4,mean,dtw,mean,hdbscan,0.0010000000474974513
1141.0,1080.0,minmax,SD5,median,euclidean,dtw,single,1.0
1052.0,1199.0,zscore,SD4,linear,euclidean,dtw,hdbscan,0.0010000000474974513
1087.0,652.0,standard,SD3,median,euclidean,dtw,single,1.0
1108.0,1009.0,standard,SD2,prophet,euclidean,prophet,single,1.0
1082.0,876.0,standard,SD3,median,euclidean,mean,ward,1.0
1100.0,511.0,standard,SD5,median,dtw,median,hdbscan,0.855725884437561
1096.0,621.0,minmax,SD2,mean,euclidean,dtw,ward,1.0
966.0,954.0,standard,SD2,mean,dtw,dtw,complete,0.7052938342094421
1128.0,108.0,standard,SD4,linear,dtw,dtw,ward,1.0
929.0,359.0,standard,SD2,prophet,euclidean,median,single,1.0
1107.0,1177.0,minmax,SD2,prophet,dtw,dtw,complete,1.0
865.0,1086.0,original,SD5,prophet,euclidean,dtw,hdbscan,0.023586012423038483
1088.0,240.0,standard,SD2,prophet,euclidean,median,single,1.0
294.0,1172.0,original,SD2,prophet,euclidean,dtw,ward,0.00042797636706382036
1030.0,1008.0,standard,SD5,prophet,euclidean,median,weighted,0.5662704706192017
689.0,60.0,standard,SD4,median,euclidean,dtw,single,1.0
915.0,978.0,standard,SD2,median,euclidean,median,hdbscan,0.0929238349199295
1120.0,71.0,minmax,SD3,median,dtw,mode,hdbscan,0.0010000000474974513
1024.0,1187.0,standard,SD3,prophet,euclidean,dtw,complete,0.6145334243774414
1097.0,668.0,standard,SD2,mean,dtw,mode,complete,1.0
1108.0,533.0,standard,SD3,prophet,euclidean,dtw,median,1.0
1040.0,564.0,standard,SD5,linear,euclidean,dtw,ward,1.0
1000.0,110.0,standard,SD5,prophet,euclidean,dtw,hdbscan,1.0
1006.0,710.0,standard,SD2,mean,dtw,mean,median,1.0
1065.0,1196.0,standard,SD2,median,dtw,dtw,single,0.7942836284637451
1067.0,1199.0,standard,SD2,mean,dtw,dtw,hdbscan,0.22801147401332855
874.0,330.0,standard,SD2,mean,euclidean,dtw,hdbscan,1.0
1104.0,1106.0,standard,SD4,linear,dtw,median,weighted,0.4397154748439789
1000.0,738.0,standard,SD2,mean,euclidean,mean,hdbscan,1.0
700.0,1140.0,standard,SD2,linear,euclidean,dtw,hdbscan,0.13342717289924622
323.0,1196.0,original,SD6,linear,dtw,median,complete,-0.00033172895200550556
1186.0,1017.0,zscore,SD3,median,euclidean,dtw,hdbscan,0.0010000000474974513
1130.0,20.0,standard,SD2,mean,dtw,dtw,single,0.0010000000474974513
1079.0,1130.0,standard,SD3,median,euclidean,prophet,weighted,0.6460070610046387
1059.0,640.0,standard,SD2,linear,euclidean,dtw,complete,1.0
1095.0,1123.0,zscore,SD3,mean,euclidean,dtw,ward,0.3840000033378601
1107.0,452.0,standard,SD3,median,euclidean,mean,centroid,1.0
992.0,1148.0,minmax,SD2,linear,euclidean,dtw,average,0.7534849643707275
904.0,1147.0,standard,SD3,median,euclidean,dtw,hdbscan,0.7871807813644409
1057.0,1130.0,standard,SD2,median,dtw,dtw,complete,0.855323851108551
1163.0,207.0,standard,SD2,mean,euclidean,mean,centroid,0.0010000000474974513
1137.0,1102.0,minmax,SD3,linear,dtw,mode,weighted,1.0
871.0,1064.0,standard,SD4,prophet,dtw,prophet,weighted,0.23879729211330414
1050.0,75.0,standard,SD2,mean,dtw,mode,centroid,1.0
1035.0,1086.0,standard,SD3,median,euclidean,dtw,hdbscan,0.1309436410665512
1168.0,1198.0,standard,SD3,prophet,euclidean,prophet,weighted,0.0010000000474974513
1126.0,961.0,standard,SD4,mean,euclidean,dtw,median,1.0
1055.0,679.0,standard,SD5,mean,euclidean,dtw,complete,1.0
979.0,1192.0,standard,SD4,linear,euclidean,dtw,ward,0.7396897673606873
657.0,1199.0,standard,SD3,mean,euclidean,dtw,single,0.13039682805538177
1053.0,921.0,standard,SD5,mean,euclidean,dtw,complete,1.0
1000.0,169.0,standard,SD2,prophet,euclidean,prophet,ward,1.0
1155.0,1187.0,minmax,SD4,mean,dtw,mean,hdbscan,0.0010000000474974513
1110.0,1001.0,minmax,SD5,mean,dtw,dtw,single,1.0
927.0,64.0,standard,SD2,mean,euclidean,prophet,ward,1.0
962.0,747.0,standard,SD5,linear,euclidean,dtw,single,1.0
1124.0,1035.0,standard,SD5,linear,euclidean,mode,ward,1.0
1062.0,498.0,standard,SD5,prophet,euclidean,median,centroid,1.0
1030.0,1164.0,standard,SD2,linear,euclidean,dtw,median,0.7019374966621399
1063.0,886.0,standard,SD3,mean,euclidean,prophet,complete,1.0
34.0,60.0,original,SD2,prophet,euclidean,dtw,ward,0.00038618608959950507
1068.0,428.0,standard,SD3,prophet,euclidean,prophet,hdbscan,0.6887356638908386
1136.0,1189.0,standard,SD2,mean,euclidean,dtw,single,0.0010000000474974513
1088.0,1178.0,standard,SD4,median,dtw,dtw,complete,0.8239368200302124
1020.0,754.0,standard,SD2,linear,euclidean,dtw,median,1.0
1092.0,810.0,zscore,SD2,median,euclidean,dtw,ward,0.3841754198074341
1020.0,940.0,standard,SD2,median,dtw,median,complete,0.9298361539840698
1082.0,1013.0,standard,SD5,prophet,euclidean,median,hdbscan,0.7455621361732483
1029.0,1092.0,standard,SD3,mean,dtw,dtw,complete,0.566399097442627
1029.0,746.0,standard,SD4,mean,dtw,mode,hdbscan,0.860739529132843
203.0,810.0,original,SD3,mean,dtw,mean,median,0.00019767986668739468
1035.0,328.0,standard,SD2,median,euclidean,median,complete,1.0
934.0,127.0,standard,SD4,mean,euclidean,prophet,ward,1.0
1137.0,1098.0,standard,SD6,mean,dtw,mode,ward,1.0
1120.0,143.0,standard,SD3,mean,euclidean,median,centroid,1.0
1079.0,1086.0,standard,SD5,prophet,euclidean,dtw,weighted,1.0
940.0,1199.0,standard,SD3,prophet,euclidean,dtw,complete,0.5651775598526001
937.0,499.0,standard,SD4,prophet,euclidean,prophet,ward,1.0
1199.0,374.0,zscore,SD5,mean,dtw,mode,centroid,0.0010000000474974513
969.0,1196.0,standard,SD2,mean,euclidean,dtw,ward,0.9297736287117004
1015.0,47.0,standard,SD4,median,euclidean,prophet,centroid,1.0
1098.0,887.0,standard,SD2,median,euclidean,dtw,median,1.0
867.0,1122.0,standard,SD2,mean,euclidean,prophet,hdbscan,0.3308282196521759
1183.0,1013.0,standard,SD4,median,dtw,dtw,centroid,0.0010000000474974513
1129.0,282.0,minmax,SD5,prophet,dtw,mean,weighted,1.0
1127.0,76.0,standard,SD6,mean,euclidean,prophet,weighted,1.0
1109.0,246.0,minmax,SD2,median,euclidean,median,ward,1.0
1066.0,665.0,standard,SD2,mean,dtw,prophet,centroid,1.0
858.0,453.0,standard,SD3,mean,euclidean,dtw,complete,0.6799793243408203
918.0,612.0,standard,SD2,mean,euclidean,dtw,complete,0.788570761680603
505.0,1199.0,standard,SD2,median,euclidean,dtw,hdbscan,0.25836092233657837
1119.0,1016.0,standard,SD3,mean,dtw,mean,median,1.0
1106.0,109.0,standard,SD2,mean,euclidean,mean,weighted,1.0
1065.0,8.0,standard,SD2,mean,dtw,dtw,complete,1.0
1125.0,31.0,zscore,SD5,mean,euclidean,dtw,median,0.17814455926418304
1055.0,174.0,standard,SD5,mean,euclidean,dtw,hdbscan,0.9390016198158264
1133.0,845.0,minmax,SD3,mean,dtw,mode,complete,1.0
1101.0,712.0,minmax,SD5,mean,euclidean,median,single,1.0
949.0,1129.0,zscore,SD2,mean,euclidean,dtw,centroid,0.004869790282100439
1103.0,1179.0,standard,SD2,prophet,euclidean,dtw,median,1.0
1087.0,868.0,minmax,SD5,median,euclidean,dtw,centroid,1.0
1108.0,1199.0,zscore,SD2,linear,euclidean,mean,hdbscan,0.0010000000474974513
1131.0,1191.0,original,SD5,mean,euclidean,dtw,centroid,-0.009900989942252636
1018.0,134.0,standard,SD5,linear,euclidean,median,ward,1.0
1064.0,880.0,standard,SD3,mean,euclidean,prophet,hdbscan,0.8227847814559937
1059.0,1159.0,minmax,SD3,median,euclidean,median,weighted,0.3367844521999359
1037.0,961.0,standard,SD3,mean,euclidean,dtw,single,0.4366987645626068
1108.0,1152.0,minmax,SD2,linear,dtw,dtw,ward,1.0
1133.0,1078.0,minmax,SD6,mean,euclidean,prophet,average,1.0
1119.0,203.0,minmax,SD2,mean,euclidean,prophet,centroid,1.0
949.0,207.0,zscore,SD2,median,euclidean,median,hdbscan,0.0010000000474974513
932.0,81.0,standard,SD2,mean,euclidean,dtw,ward,1.0
1012.0,87.0,standard,SD5,mean,euclidean,prophet,hdbscan,1.0
1134.0,1137.0,standard,SD3,mean,euclidean,dtw,ward,1.0
1129.0,660.0,standard,SD3,linear,euclidean,mode,weighted,1.0
1113.0,247.0,standard,SD2,median,dtw,prophet,average,1.0
1054.0,2.0,minmax,SD2,linear,euclidean,prophet,single,1.0
762.0,85.0,standard,SD4,prophet,euclidean,dtw,single,1.0
1004.0,1012.0,standard,SD2,mean,euclidean,dtw,complete,1.0
100.0,1173.0,standard,SD4,mean,euclidean,mean,hdbscan,0.00019875298312399536
1126.0,75.0,minmax,SD3,mean,dtw,median,centroid,1.0
721.0,2.0,standard,SD2,prophet,euclidean,prophet,hdbscan,0.9680147767066956
1105.0,949.0,standard,SD2,median,euclidean,mean,weighted,1.0
1085.0,995.0,standard,SD2,prophet,euclidean,dtw,ward,1.0
399.0,1117.0,minmax,SD2,mean,euclidean,dtw,hdbscan,0.21953946352005005
865.0,254.0,standard,SD3,mean,euclidean,prophet,hdbscan,1.0
818.0,430.0,zscore,SD2,linear,euclidean,mode,hdbscan,0.0010000000474974513
1156.0,1183.0,original,SD2,median,euclidean,mode,hdbscan,0.0010000000474974513
977.0,962.0,standard,SD2,median,euclidean,mean,average,0.24466291069984436
1109.0,1090.0,standard,SD3,median,euclidean,mode,weighted,1.0
796.0,1177.0,zscore,SD4,mean,euclidean,dtw,ward,0.3517153859138489
1121.0,632.0,minmax,SD3,mean,dtw,prophet,ward,1.0
843.0,168.0,standard,SD2,prophet,euclidean,dtw,average,0.7407614588737488
1026.0,726.0,standard,SD2,linear,euclidean,prophet,weighted,1.0
1020.0,297.0,standard,SD5,prophet,euclidean,dtw,ward,1.0
188.0,865.0,minmax,SD6,mean,euclidean,dtw,hdbscan,0.07973130792379379
329.0,600.0,minmax,SD4,linear,euclidean,mode,weighted,0.01602247729897499
780.0,256.0,standard,SD2,linear,euclidean,mean,single,1.0
