Comperiod,Scaling,Outliers,Interpolation,Similarity,Unsynced,Linkmeth,ray/tune/_metric
377.0,standard,SD4,prophet,dtw,prophet,average,0.526273787021637
213.0,standard,SD6,linear,dtw,prophet,weighted,0.5709562301635742
5.0,standard,SD5,median,dtw,dtw,average,0.46441200375556946
153.0,standard,SD5,linear,dtw,prophet,weighted,0.6268913149833679
86.0,standard,SD5,prophet,dtw,dtw,average,0.48256540298461914
109.0,standard,SD5,linear,euclidean,prophet,weighted,0.39321368932724
141.0,standard,SD5,linear,dtw,prophet,weighted,0.6268913149833679
158.0,standard,SD4,linear,dtw,prophet,weighted,0.4753434956073761
10.0,standard,SD5,linear,dtw,prophet,weighted,0.6268913149833679
78.0,standard,SD2,prophet,dtw,dtw,weighted,0.5581149458885193
181.0,standard,SD5,linear,dtw,prophet,weighted,0.6268913149833679
275.0,standard,SD5,prophet,dtw,prophet,average,0.5056594610214233
301.0,standard,SD6,prophet,dtw,dtw,weighted,0.4493139088153839
79.0,standard,SD6,prophet,dtw,prophet,weighted,0.5488208532333374
25.0,standard,SD4,linear,dtw,prophet,weighted,0.6302320957183838
159.0,standard,SD5,linear,dtw,prophet,weighted,0.6268913149833679
11.0,minmax,SD3,mean,dtw,prophet,weighted,0.5371729135513306
135.0,standard,SD5,linear,dtw,prophet,average,0.4943355917930603
188.0,zscore,SD5,prophet,dtw,mode,hdbscan,0.056069813668727875
451.0,zscore,SD4,median,dtw,mean,weighted,0.10997582972049713
223.0,standard,SD6,linear,dtw,prophet,weighted,0.5709562301635742
5.0,standard,SD5,prophet,euclidean,dtw,average,0.5808215141296387
131.0,standard,SD5,mean,dtw,prophet,weighted,0.5864676237106323
95.0,standard,SD4,prophet,euclidean,prophet,average,0.5089081525802612
136.0,standard,SD5,prophet,euclidean,prophet,weighted,0.4752348065376282
176.0,standard,SD4,mean,dtw,prophet,average,0.5053628087043762
134.0,standard,SD5,prophet,dtw,dtw,weighted,0.5494387745857239
20.0,standard,SD5,prophet,dtw,dtw,ward,0.4536144733428955
9.0,standard,SD6,mean,dtw,prophet,weighted,0.5104959607124329
48.0,standard,SD6,prophet,dtw,prophet,weighted,0.5488208532333374
60.0,standard,SD3,prophet,euclidean,dtw,weighted,0.6263307929039001
33.0,standard,SD6,linear,euclidean,prophet,weighted,0.37633877992630005
11.0,standard,SD3,linear,euclidean,dtw,average,0.4983906149864197
7.0,standard,SD5,prophet,euclidean,mean,weighted,0.5064817667007446
496.0,standard,SD5,linear,dtw,dtw,ward,0.39023318886756897
14.0,standard,SD5,mean,dtw,dtw,weighted,0.48380792140960693
197.0,standard,SD5,linear,dtw,prophet,weighted,0.6268913149833679
373.0,minmax,SD2,prophet,euclidean,mode,ward,0.283537358045578
29.0,standard,SD6,median,dtw,dtw,complete,0.46152037382125854
1049.0,standard,SD6,prophet,euclidean,median,ward,-0.00595271959900856
417.0,standard,SD5,prophet,dtw,prophet,average,0.5567613840103149
89.0,standard,SD3,prophet,euclidean,dtw,weighted,0.5427539944648743
25.0,standard,SD5,linear,dtw,prophet,weighted,0.6268913149833679
188.0,standard,SD5,linear,dtw,dtw,average,0.376743346452713
186.0,standard,SD5,mean,dtw,prophet,weighted,0.5864676237106323
39.0,standard,SD5,prophet,dtw,dtw,weighted,0.5591803193092346
6.0,standard,SD6,linear,dtw,prophet,average,0.5029289722442627
48.0,standard,SD4,prophet,euclidean,dtw,weighted,0.5171675086021423
265.0,standard,SD4,prophet,dtw,prophet,average,0.48783957958221436
40.0,standard,SD3,linear,euclidean,prophet,average,0.5526791214942932
117.0,standard,SD5,linear,dtw,prophet,complete,0.45146644115448
169.0,standard,SD5,linear,dtw,prophet,weighted,0.6268913149833679
211.0,standard,SD5,linear,dtw,prophet,weighted,0.6268913149833679
16.0,standard,SD4,linear,dtw,prophet,weighted,0.6302320957183838
72.0,standard,SD6,linear,dtw,prophet,weighted,0.47921574115753174
195.0,standard,SD5,mean,dtw,prophet,weighted,0.5864676237106323
68.0,standard,SD5,prophet,dtw,dtw,ward,0.5816986560821533
172.0,standard,SD5,linear,dtw,prophet,weighted,0.6268913149833679
75.0,standard,SD5,median,dtw,dtw,weighted,0.5013958215713501
5.0,minmax,SD3,prophet,euclidean,dtw,weighted,0.34436503052711487
156.0,standard,SD2,linear,dtw,prophet,weighted,0.4945865571498871
191.0,standard,SD4,linear,dtw,prophet,weighted,0.6246510744094849
113.0,standard,SD5,linear,dtw,prophet,weighted,0.6268913149833679
151.0,standard,SD5,linear,dtw,prophet,weighted,0.6268913149833679
358.0,standard,SD5,prophet,dtw,prophet,average,0.5306023955345154
17.0,standard,SD5,linear,dtw,dtw,single,0.05568228289484978
94.0,standard,SD6,median,dtw,dtw,complete,0.4635535776615143
24.0,standard,SD4,linear,dtw,prophet,weighted,0.6302320957183838
17.0,standard,SD5,linear,dtw,prophet,weighted,0.6268913149833679
115.0,standard,SD3,linear,dtw,prophet,average,0.5064731240272522
14.0,standard,SD4,linear,dtw,prophet,weighted,0.6302320957183838
29.0,standard,SD3,linear,dtw,prophet,weighted,0.5353967547416687
4.0,standard,SD4,linear,dtw,prophet,weighted,0.6302320957183838
35.0,standard,SD5,prophet,dtw,dtw,weighted,0.5592206716537476
1194.0,zscore,SD3,linear,dtw,mode,median,0.06165609508752823
173.0,standard,SD5,linear,dtw,prophet,weighted,0.6268913149833679
2.0,standard,SD3,linear,dtw,prophet,weighted,0.5353967547416687
43.0,standard,SD5,prophet,dtw,mode,weighted,0.5804823637008667
285.0,standard,SD5,linear,dtw,prophet,weighted,0.5318647027015686
8.0,standard,SD4,linear,dtw,prophet,weighted,0.6302320957183838
750.0,minmax,SD2,mean,euclidean,dtw,average,0.27894702553749084
204.0,standard,SD5,linear,dtw,dtw,weighted,0.49291303753852844
31.0,standard,SD2,linear,dtw,prophet,weighted,0.4735993444919586
186.0,standard,SD5,linear,dtw,dtw,weighted,0.5976770520210266
1098.0,zscore,SD2,median,dtw,dtw,ward,0.2262096107006073
82.0,standard,SD6,prophet,dtw,dtw,weighted,0.21118824183940887
350.0,standard,SD5,prophet,dtw,prophet,weighted,0.4776555597782135
65.0,standard,SD3,prophet,euclidean,dtw,weighted,0.6263307929039001
59.0,standard,SD3,prophet,euclidean,dtw,weighted,0.6263307929039001
315.0,standard,SD5,prophet,dtw,dtw,complete,0.45485416054725647
52.0,standard,SD5,linear,dtw,dtw,weighted,0.47804898023605347
181.0,standard,SD4,linear,dtw,prophet,weighted,0.6268913149833679
101.0,standard,SD5,linear,dtw,prophet,weighted,0.6268913149833679
671.0,standard,SD5,prophet,dtw,mean,ward,0.020052891224622726
2.0,standard,SD3,mean,euclidean,prophet,average,0.5188292264938354
4.0,standard,SD5,linear,dtw,prophet,complete,0.45146644115448
30.0,standard,SD2,prophet,dtw,prophet,average,0.4217066168785095
7.0,standard,SD5,linear,euclidean,dtw,average,0.5164275765419006
2.0,standard,SD5,prophet,dtw,prophet,ward,0.42140164971351624
41.0,standard,SD2,median,dtw,dtw,weighted,0.47885680198669434
3.0,standard,SD4,linear,dtw,prophet,weighted,0.6302320957183838
153.0,standard,SD6,prophet,dtw,prophet,average,0.4835626482963562
165.0,standard,SD5,linear,dtw,prophet,weighted,0.6268913149833679
171.0,standard,SD5,mean,dtw,prophet,weighted,0.5864676237106323
24.0,standard,SD3,mean,euclidean,dtw,weighted,0.443830281496048
19.0,standard,SD6,linear,dtw,dtw,weighted,0.3705596327781677
103.0,standard,SD5,prophet,dtw,prophet,weighted,0.5446106791496277
60.0,standard,SD6,linear,euclidean,prophet,average,0.4851994216442108
388.0,standard,SD5,prophet,dtw,prophet,weighted,0.49752679467201233
357.0,standard,SD6,prophet,dtw,prophet,average,0.5004420280456543
34.0,standard,SD6,prophet,euclidean,mean,hdbscan,0.0010000000474974513
23.0,standard,SD6,prophet,euclidean,prophet,average,0.5117590427398682
174.0,standard,SD5,mean,dtw,dtw,weighted,0.4719737768173218
152.0,zscore,SD4,linear,dtw,median,centroid,0.16107667982578278
97.0,standard,SD5,mean,dtw,prophet,weighted,0.5864676237106323
115.0,standard,SD5,linear,dtw,prophet,weighted,0.6268913149833679
50.0,standard,SD3,prophet,euclidean,dtw,average,0.5350499153137207
308.0,standard,SD4,prophet,dtw,prophet,weighted,0.5166302919387817
122.0,standard,SD6,mean,dtw,prophet,weighted,0.547408938407898
199.0,standard,SD3,prophet,dtw,mode,weighted,0.2977822422981262
98.0,standard,SD5,linear,euclidean,prophet,average,0.435310959815979
28.0,standard,SD4,linear,dtw,prophet,weighted,0.6302320957183838
49.0,standard,SD3,prophet,euclidean,prophet,average,0.5091948509216309
182.0,standard,SD5,linear,euclidean,prophet,average,0.43920454382896423
191.0,standard,SD5,linear,dtw,prophet,weighted,0.6268913149833679
227.0,standard,SD6,mean,dtw,prophet,weighted,0.5153404474258423
207.0,standard,SD6,prophet,dtw,prophet,average,0.4339926540851593
147.0,standard,SD5,linear,dtw,prophet,weighted,0.6268913149833679
199.0,standard,SD5,linear,dtw,prophet,weighted,0.6268913149833679
322.0,standard,SD5,prophet,dtw,prophet,average,0.5343119502067566
308.0,standard,SD6,median,dtw,dtw,hdbscan,0.14028210937976837
171.0,standard,SD5,prophet,dtw,dtw,weighted,0.5491716265678406
144.0,standard,SD5,linear,dtw,prophet,weighted,0.6268913149833679
4.0,minmax,SD6,linear,dtw,mode,ward,0.3715114891529083
6.0,standard,SD4,linear,dtw,prophet,weighted,0.6302320957183838
151.0,standard,SD5,prophet,dtw,prophet,weighted,0.5446106791496277
715.0,standard,SD3,mean,dtw,median,single,0.01128927618265152
271.0,standard,SD4,linear,dtw,mode,ward,0.4551560878753662
131.0,standard,SD5,linear,dtw,prophet,weighted,0.6268913149833679
334.0,standard,SD4,prophet,dtw,prophet,average,0.5311686396598816
158.0,standard,SD5,mean,dtw,prophet,weighted,0.5864676237106323
57.0,standard,SD6,mean,dtw,prophet,weighted,0.547408938407898
134.0,standard,SD5,prophet,dtw,prophet,weighted,0.5446106791496277
62.0,standard,SD6,linear,dtw,prophet,average,0.5029289722442627
113.0,standard,SD2,linear,dtw,prophet,average,0.36665716767311096
1187.0,standard,SD5,prophet,dtw,mode,single,0.06460876017808914
270.0,standard,SD6,mean,dtw,prophet,weighted,0.4363623261451721
9.0,standard,SD4,prophet,euclidean,prophet,weighted,0.4752348065376282
242.0,standard,SD6,linear,dtw,prophet,average,0.4646664559841156
43.0,standard,SD4,linear,dtw,prophet,weighted,0.4753434956073761
11.0,zscore,SD5,prophet,dtw,dtw,single,0.08390258252620697
183.0,standard,SD3,prophet,dtw,prophet,weighted,0.39799878001213074
64.0,minmax,SD2,linear,dtw,dtw,weighted,0.4185076951980591
53.0,standard,SD6,prophet,euclidean,dtw,average,0.5172566175460815
34.0,standard,SD3,prophet,euclidean,dtw,weighted,0.5406956076622009
84.0,standard,SD5,prophet,euclidean,dtw,average,0.4976840913295746
18.0,standard,SD5,mean,dtw,dtw,median,0.2258438766002655
156.0,standard,SD5,linear,dtw,prophet,weighted,0.6268913149833679
85.0,standard,SD5,mean,dtw,prophet,weighted,0.5864676237106323
5.0,standard,SD6,prophet,euclidean,dtw,average,0.5693013072013855
58.0,standard,SD5,prophet,euclidean,dtw,weighted,0.5171675086021423
106.0,standard,SD5,mean,dtw,prophet,average,0.4447075128555298
659.0,minmax,SD4,prophet,dtw,mode,hdbscan,0.0010000000474974513
238.0,standard,SD6,linear,dtw,prophet,weighted,0.5709562301635742
171.0,standard,SD5,prophet,dtw,prophet,weighted,0.5559561848640442
6.0,standard,SD5,prophet,dtw,prophet,weighted,0.5404695272445679
28.0,standard,SD5,linear,dtw,prophet,weighted,0.6268913149833679
3.0,standard,SD5,linear,dtw,prophet,weighted,0.6268913149833679
260.0,standard,SD5,median,dtw,dtw,ward,0.45963048934936523
163.0,standard,SD5,linear,dtw,prophet,weighted,0.6268913149833679
130.0,standard,SD5,prophet,dtw,dtw,ward,0.4734058082103729
184.0,standard,SD6,linear,dtw,prophet,average,0.5029289722442627
54.0,zscore,SD3,median,euclidean,dtw,weighted,0.15069584548473358
194.0,standard,SD6,mean,dtw,prophet,weighted,0.5153404474258423
103.0,standard,SD3,linear,dtw,prophet,weighted,0.5213217735290527
177.0,standard,SD4,linear,dtw,prophet,weighted,0.6268913149833679
5.0,standard,SD4,linear,dtw,prophet,weighted,0.6302320957183838
1127.0,standard,SD5,prophet,dtw,dtw,centroid,0.26083317399024963
184.0,standard,SD4,linear,dtw,prophet,weighted,0.6268913149833679
214.0,standard,SD5,linear,dtw,prophet,weighted,0.6268913149833679
7.0,standard,SD2,linear,euclidean,prophet,average,0.4356149137020111
148.0,standard,SD5,linear,dtw,prophet,weighted,0.6268913149833679
16.0,minmax,SD3,prophet,dtw,dtw,average,0.4603272080421448
154.0,standard,SD5,linear,dtw,prophet,weighted,0.6268913149833679
175.0,standard,SD4,linear,dtw,prophet,weighted,0.6268913149833679
55.0,standard,SD3,prophet,dtw,prophet,average,0.461978018283844
2.0,standard,SD4,mean,dtw,prophet,average,0.5053628087043762
44.0,standard,SD4,prophet,dtw,mode,weighted,0.4632153809070587
260.0,standard,SD6,prophet,dtw,prophet,weighted,0.5005713105201721
5.0,standard,SD4,linear,euclidean,dtw,average,0.552374005317688
134.0,standard,SD5,linear,dtw,prophet,weighted,0.6268913149833679
336.0,standard,SD5,mean,dtw,prophet,average,0.46959567070007324
226.0,standard,SD5,linear,dtw,prophet,weighted,0.4755510091781616
240.0,standard,SD5,mean,dtw,prophet,average,0.44549039006233215
108.0,standard,SD2,linear,dtw,dtw,centroid,0.33932170271873474
17.0,standard,SD5,linear,dtw,dtw,weighted,0.5372599959373474
48.0,standard,SD5,median,dtw,prophet,weighted,0.3584093153476715
12.0,standard,SD3,mean,dtw,prophet,weighted,0.5287899971008301
103.0,standard,SD4,prophet,dtw,prophet,weighted,0.5231607556343079
292.0,standard,SD3,linear,dtw,prophet,weighted,0.49125751852989197
834.0,standard,SD5,mean,dtw,median,median,-0.016456084325909615
3.0,standard,SD3,mean,dtw,median,centroid,0.4053834080696106
201.0,standard,SD5,linear,dtw,prophet,weighted,0.6268913149833679
111.0,standard,SD5,linear,dtw,prophet,weighted,0.6268913149833679
186.0,standard,SD4,linear,dtw,prophet,weighted,0.6268913149833679
23.0,standard,SD3,median,dtw,dtw,weighted,0.4725705087184906
42.0,standard,SD3,prophet,euclidean,mode,weighted,0.5042124390602112
184.0,standard,SD5,linear,dtw,prophet,weighted,0.6268913149833679
40.0,standard,SD6,mean,dtw,prophet,average,0.438523530960083
125.0,standard,SD5,linear,dtw,prophet,weighted,0.6268913149833679
174.0,standard,SD5,linear,dtw,prophet,weighted,0.6268913149833679
148.0,standard,SD5,prophet,dtw,prophet,average,0.4530300796031952
132.0,standard,SD4,prophet,dtw,prophet,average,0.4530300796031952
372.0,standard,SD5,mean,dtw,prophet,weighted,0.39895403385162354
3.0,standard,SD5,prophet,dtw,prophet,average,0.4530300796031952
4.0,standard,SD3,linear,euclidean,prophet,average,0.5526791214942932
265.0,standard,SD2,linear,dtw,dtw,weighted,0.5233203172683716
203.0,standard,SD5,linear,dtw,prophet,weighted,0.6268913149833679
99.0,standard,SD5,linear,dtw,prophet,weighted,0.6268913149833679
178.0,standard,SD4,linear,dtw,prophet,weighted,0.6268913149833679
125.0,standard,SD4,prophet,euclidean,prophet,average,0.5659694671630859
52.0,standard,SD5,prophet,dtw,dtw,weighted,0.5591803193092346
21.0,standard,SD5,linear,dtw,mode,median,0.2981625199317932
82.0,standard,SD5,prophet,dtw,dtw,weighted,0.4718606173992157
21.0,standard,SD4,linear,dtw,prophet,weighted,0.6302320957183838
193.0,standard,SD5,linear,dtw,prophet,weighted,0.6268913149833679
536.0,minmax,SD6,linear,euclidean,dtw,centroid,0.18610094487667084
139.0,standard,SD5,linear,dtw,prophet,weighted,0.6268913149833679
6.0,standard,SD3,prophet,euclidean,dtw,average,0.5764100551605225
352.0,standard,SD6,linear,euclidean,dtw,centroid,0.1644262671470642
66.0,standard,SD5,median,dtw,prophet,average,0.45197123289108276
44.0,standard,SD4,median,dtw,mode,ward,0.4465714991092682
174.0,zscore,SD5,prophet,dtw,dtw,hdbscan,0.0010000000474974513
7.0,minmax,SD3,median,dtw,dtw,centroid,0.2900793254375458
161.0,standard,SD5,linear,dtw,prophet,weighted,0.6268913149833679
46.0,standard,SD3,prophet,euclidean,dtw,centroid,0.4023731052875519
1164.0,zscore,SD5,prophet,dtw,mode,single,0.1264103204011917
179.0,standard,SD4,linear,dtw,prophet,weighted,0.6268913149833679
107.0,standard,SD5,linear,dtw,prophet,weighted,0.6268913149833679
272.0,standard,SD5,prophet,dtw,prophet,weighted,0.48575595021247864
304.0,standard,SD4,prophet,dtw,prophet,average,0.5343119502067566
2.0,standard,SD3,linear,dtw,median,weighted,0.33185169100761414
96.0,standard,SD5,linear,dtw,prophet,weighted,0.6268913149833679
7.0,standard,SD4,linear,dtw,prophet,weighted,0.6302320957183838
67.0,standard,SD2,prophet,dtw,dtw,average,0.3670368492603302
194.0,standard,SD2,linear,dtw,prophet,weighted,0.4668470621109009
207.0,standard,SD5,linear,dtw,prophet,weighted,0.6268913149833679
24.0,standard,SD6,prophet,dtw,prophet,weighted,0.5488208532333374
13.0,standard,SD4,linear,dtw,prophet,weighted,0.6302320957183838
289.0,standard,SD5,mean,dtw,prophet,average,0.4826534688472748
210.0,standard,SD4,linear,dtw,prophet,weighted,0.4755510091781616
305.0,standard,SD6,prophet,dtw,prophet,average,0.5078330039978027
103.0,standard,SD5,linear,dtw,prophet,weighted,0.6268913149833679
184.0,standard,SD4,prophet,dtw,prophet,weighted,0.5156358480453491
331.0,standard,SD2,linear,dtw,prophet,average,0.49826380610466003
118.0,standard,SD5,linear,dtw,prophet,weighted,0.6268913149833679
98.0,standard,SD4,prophet,dtw,dtw,complete,0.46218201518058777
92.0,minmax,SD3,prophet,dtw,prophet,weighted,0.47343122959136963
301.0,standard,SD5,prophet,dtw,prophet,ward,0.4716726839542389
54.0,standard,SD5,mean,dtw,prophet,weighted,0.5864676237106323
186.0,standard,SD5,linear,dtw,prophet,weighted,0.6268913149833679
30.0,standard,SD4,linear,dtw,prophet,weighted,0.6302320957183838
43.0,standard,SD5,median,euclidean,mean,ward,0.3044377863407135
1007.0,standard,SD5,median,dtw,dtw,weighted,0.4026757776737213
120.0,minmax,SD4,linear,dtw,prophet,weighted,0.4223995804786682
201.0,standard,SD4,median,dtw,dtw,weighted,0.4421570301055908
687.0,standard,SD3,prophet,dtw,dtw,average,0.3895023465156555
270.0,standard,SD4,linear,dtw,prophet,average,0.48789674043655396
45.0,minmax,SD3,linear,dtw,prophet,weighted,0.5171982645988464
62.0,standard,SD3,prophet,euclidean,prophet,weighted,0.4505247473716736
2.0,standard,SD4,prophet,dtw,prophet,weighted,0.5231607556343079
38.0,standard,SD5,mean,dtw,prophet,weighted,0.5864676237106323
17.0,standard,SD4,linear,dtw,dtw,weighted,0.5107215642929077
14.0,standard,SD5,linear,dtw,prophet,weighted,0.6268913149833679
1003.0,standard,SD4,median,dtw,mode,weighted,0.034925807267427444
166.0,standard,SD3,linear,dtw,prophet,weighted,0.5041462779045105
15.0,standard,SD4,mean,dtw,prophet,weighted,0.4699786603450775
374.0,standard,SD5,linear,dtw,prophet,average,0.5148326754570007
18.0,standard,SD4,linear,dtw,prophet,weighted,0.6302320957183838
197.0,standard,SD4,mean,dtw,prophet,weighted,0.47098296880722046
19.0,standard,SD6,linear,dtw,dtw,average,0.46196460723876953
202.0,standard,SD5,linear,euclidean,dtw,average,0.4767300486564636
175.0,standard,SD4,mean,dtw,prophet,weighted,0.4699786603450775
183.0,zscore,SD5,linear,dtw,prophet,weighted,0.11836327612400055
189.0,standard,SD5,linear,dtw,prophet,weighted,0.6268913149833679
204.0,standard,SD5,mean,dtw,prophet,weighted,0.5864676237106323
159.0,standard,SD4,prophet,euclidean,prophet,average,0.5659694671630859
207.0,standard,SD5,prophet,dtw,prophet,weighted,0.5559561848640442
22.0,standard,SD5,linear,dtw,prophet,weighted,0.6268913149833679
63.0,standard,SD3,prophet,dtw,prophet,weighted,0.39489006996154785
69.0,standard,SD5,linear,euclidean,dtw,weighted,0.5264999866485596
43.0,standard,SD4,mean,euclidean,prophet,average,0.519822895526886
100.0,standard,SD5,prophet,dtw,prophet,average,0.4530300796031952
7.0,standard,SD6,linear,dtw,prophet,weighted,0.47921574115753174
45.0,standard,SD3,median,dtw,dtw,weighted,0.4971967339515686
39.0,minmax,SD6,mean,euclidean,mean,centroid,0.26292547583580017
149.0,standard,SD5,mean,dtw,prophet,weighted,0.5864676237106323
1081.0,standard,SD5,linear,euclidean,dtw,hdbscan,0.17675593495368958
1050.0,minmax,SD6,median,dtw,dtw,median,0.09657832235097885
122.0,standard,SD5,linear,dtw,prophet,weighted,0.6268913149833679
190.0,standard,SD5,linear,dtw,prophet,average,0.4943355917930603
257.0,standard,SD6,linear,dtw,prophet,weighted,0.5709562301635742
279.0,standard,SD6,linear,dtw,prophet,weighted,0.5057058334350586
1006.0,zscore,SD5,linear,dtw,dtw,median,0.03886361047625542
67.0,standard,SD5,prophet,dtw,dtw,ward,0.5816986560821533
27.0,standard,SD4,linear,dtw,prophet,weighted,0.6302320957183838
167.0,standard,SD6,prophet,dtw,dtw,weighted,0.29647985100746155
148.0,standard,SD5,mean,dtw,mean,weighted,0.48022663593292236
301.0,standard,SD5,prophet,dtw,dtw,average,0.432102233171463
897.0,standard,SD3,median,dtw,dtw,complete,0.35187098383903503
212.0,standard,SD5,prophet,dtw,prophet,average,0.4530300796031952
39.0,standard,SD6,prophet,dtw,prophet,average,0.4835626482963562
41.0,standard,SD5,linear,dtw,prophet,weighted,0.5373954176902771
220.0,standard,SD5,mean,dtw,prophet,weighted,0.5864676237106323
16.0,standard,SD5,prophet,dtw,mode,weighted,0.5804823637008667
192.0,standard,SD6,linear,dtw,dtw,weighted,0.5065808296203613
137.0,standard,SD5,linear,dtw,dtw,average,0.48864609003067017
9.0,standard,SD4,linear,euclidean,dtw,weighted,0.45979440212249756
307.0,standard,SD5,linear,dtw,prophet,average,0.5081483721733093
411.0,standard,SD5,mean,dtw,prophet,average,0.40831711888313293
20.0,minmax,SD4,linear,dtw,mode,median,0.3956659734249115
199.0,standard,SD6,linear,dtw,prophet,weighted,0.5709562301635742
830.0,zscore,SD6,median,euclidean,prophet,centroid,0.06653081625699997
209.0,standard,SD5,linear,dtw,prophet,weighted,0.6268913149833679
188.0,zscore,SD5,mean,dtw,prophet,single,0.11836327612400055
120.0,minmax,SD3,mean,dtw,mode,weighted,0.5398451089859009
229.0,minmax,SD5,linear,euclidean,dtw,median,0.07533370703458786
823.0,zscore,SD3,mean,euclidean,prophet,hdbscan,0.0010000000474974513
61.0,standard,SD3,mean,euclidean,dtw,weighted,0.4122283458709717
178.0,standard,SD5,linear,dtw,dtw,weighted,0.5932058095932007
86.0,standard,SD5,linear,dtw,prophet,weighted,0.5373954176902771
384.0,standard,SD5,prophet,dtw,prophet,average,0.5402360558509827
433.0,standard,SD5,prophet,dtw,mode,complete,0.36330169439315796
69.0,standard,SD3,prophet,euclidean,dtw,weighted,0.6160418391227722
22.0,zscore,SD4,mean,dtw,dtw,centroid,0.12499555945396423
51.0,standard,SD3,linear,dtw,prophet,weighted,0.5468243360519409
172.0,standard,SD4,linear,dtw,prophet,weighted,0.6268913149833679
9.0,zscore,SD2,prophet,dtw,prophet,median,0.22756075859069824
50.0,standard,SD3,prophet,euclidean,dtw,weighted,0.6263307929039001
300.0,standard,SD3,prophet,dtw,prophet,weighted,0.5319692492485046
62.0,standard,SD3,prophet,euclidean,dtw,weighted,0.6263307929039001
176.0,standard,SD5,linear,dtw,prophet,weighted,0.6268913149833679
98.0,standard,SD5,linear,dtw,prophet,weighted,0.6268913149833679
126.0,standard,SD5,linear,dtw,prophet,weighted,0.6268913149833679
6.0,standard,SD5,prophet,dtw,dtw,weighted,0.5539678931236267
37.0,minmax,SD5,median,dtw,dtw,weighted,0.34251224994659424
56.0,standard,SD5,prophet,dtw,median,complete,0.43454107642173767
183.0,standard,SD6,prophet,dtw,prophet,weighted,0.562238335609436
187.0,standard,SD5,linear,dtw,prophet,weighted,0.6268913149833679
123.0,standard,SD3,mean,dtw,prophet,weighted,0.5216004848480225
63.0,standard,SD3,linear,euclidean,dtw,weighted,0.4512704312801361
99.0,standard,SD6,prophet,dtw,prophet,average,0.4835626482963562
175.0,standard,SD5,linear,dtw,mode,weighted,0.45543372631073
20.0,standard,SD5,linear,dtw,prophet,weighted,0.6268913149833679
2.0,minmax,SD6,linear,dtw,mean,single,0.03777434304356575
185.0,standard,SD5,linear,euclidean,prophet,weighted,0.46294018626213074
4.0,standard,SD2,prophet,dtw,mode,weighted,0.443192720413208
171.0,standard,SD4,linear,dtw,prophet,weighted,0.6268913149833679
348.0,standard,SD6,prophet,dtw,prophet,weighted,0.5047009587287903
12.0,standard,SD4,linear,dtw,prophet,weighted,0.6302320957183838
1199.0,standard,SD3,prophet,euclidean,dtw,weighted,0.318591833114624
191.0,standard,SD5,prophet,dtw,prophet,weighted,0.5559561848640442
294.0,standard,SD6,prophet,dtw,prophet,weighted,0.5802685618400574
403.0,standard,SD3,prophet,euclidean,dtw,average,0.4026777446269989
6.0,standard,SD5,prophet,euclidean,mode,average,0.5030627846717834
142.0,standard,SD5,mean,dtw,prophet,weighted,0.5864676237106323
37.0,standard,SD5,prophet,euclidean,dtw,average,0.5591241121292114
125.0,standard,SD6,linear,dtw,prophet,weighted,0.47921574115753174
187.0,standard,SD4,linear,dtw,prophet,weighted,0.6268913149833679
197.0,standard,SD4,linear,dtw,prophet,weighted,0.6246510744094849
129.0,standard,SD6,linear,dtw,prophet,average,0.5029289722442627
73.0,standard,SD3,prophet,euclidean,dtw,weighted,0.5782884359359741
56.0,standard,SD5,prophet,dtw,dtw,ward,0.4479394257068634
5.0,standard,SD5,linear,dtw,prophet,weighted,0.6268913149833679
351.0,standard,SD3,prophet,dtw,prophet,average,0.514633059501648
13.0,standard,SD3,prophet,euclidean,prophet,average,0.5091948509216309
28.0,minmax,SD3,mean,euclidean,mode,weighted,0.07339659333229065
1168.0,minmax,SD6,mean,euclidean,dtw,single,0.09470594674348831
65.0,standard,SD4,linear,euclidean,dtw,average,0.5128303170204163
600.0,zscore,SD4,mean,dtw,median,centroid,0.17690293490886688
91.0,standard,SD3,mean,dtw,prophet,weighted,0.5216004848480225
633.0,zscore,SD4,prophet,euclidean,mode,single,0.08685721457004547
22.0,standard,SD4,linear,dtw,prophet,weighted,0.6302320957183838
87.0,standard,SD4,mean,dtw,prophet,weighted,0.4699786603450775
22.0,standard,SD4,linear,dtw,prophet,average,0.5054921507835388
120.0,standard,SD5,linear,dtw,prophet,weighted,0.6268913149833679
255.0,standard,SD4,linear,dtw,prophet,weighted,0.4529806673526764
69.0,standard,SD4,linear,dtw,prophet,average,0.5054921507835388
117.0,standard,SD5,mean,dtw,prophet,weighted,0.5864676237106323
12.0,standard,SD5,linear,euclidean,prophet,average,0.5320727825164795
189.0,standard,SD4,linear,dtw,prophet,weighted,0.6246510744094849
166.0,standard,SD5,linear,dtw,prophet,weighted,0.6268913149833679
14.0,standard,SD5,mean,dtw,prophet,weighted,0.5864676237106323
235.0,standard,SD2,median,dtw,mode,centroid,0.1988401710987091
878.0,standard,SD4,median,euclidean,mode,ward,0.007676676847040653
210.0,standard,SD6,prophet,dtw,prophet,weighted,0.5239315629005432
115.0,standard,SD4,linear,dtw,prophet,weighted,0.4753434956073761
182.0,standard,SD5,linear,dtw,prophet,weighted,0.6268913149833679
40.0,standard,SD4,prophet,euclidean,dtw,average,0.5268455147743225
306.0,standard,SD5,prophet,dtw,prophet,average,0.5875848531723022
68.0,standard,SD4,mean,dtw,prophet,average,0.5053628087043762
37.0,standard,SD5,prophet,dtw,prophet,weighted,0.5404695272445679
163.0,standard,SD6,prophet,dtw,prophet,weighted,0.5364128947257996
900.0,minmax,SD5,prophet,euclidean,prophet,complete,0.14591872692108154
683.0,standard,SD5,median,dtw,prophet,median,0.10617730021476746
2.0,standard,SD4,prophet,dtw,dtw,weighted,0.48047128319740295
3.0,standard,SD5,prophet,euclidean,prophet,average,0.5104327201843262
2.0,standard,SD5,linear,euclidean,prophet,weighted,0.4248600900173187
21.0,standard,SD3,prophet,dtw,prophet,median,0.14114437997341156
160.0,standard,SD5,linear,dtw,prophet,weighted,0.6268913149833679
115.0,standard,SD4,prophet,euclidean,prophet,weighted,0.4752348065376282
90.0,standard,SD6,mean,dtw,prophet,weighted,0.547408938407898
60.0,standard,SD6,prophet,euclidean,dtw,weighted,0.5535681843757629
170.0,standard,SD6,linear,dtw,prophet,weighted,0.47921574115753174
11.0,standard,SD4,linear,dtw,prophet,weighted,0.6302320957183838
308.0,standard,SD6,prophet,dtw,prophet,weighted,0.5461905002593994
180.0,standard,SD5,linear,dtw,prophet,weighted,0.6268913149833679
52.0,standard,SD4,linear,euclidean,dtw,weighted,0.5104542374610901
66.0,standard,SD3,mean,dtw,dtw,weighted,0.4617118835449219
31.0,standard,SD4,mean,euclidean,mode,weighted,0.38951489329338074
143.0,standard,SD3,prophet,dtw,prophet,weighted,0.39489006996154785
170.0,standard,SD5,linear,dtw,prophet,weighted,0.6268913149833679
320.0,standard,SD4,linear,dtw,prophet,average,0.5234522819519043
152.0,standard,SD5,prophet,euclidean,mode,weighted,0.4476562738418579
311.0,standard,SD6,linear,dtw,prophet,weighted,0.5182352066040039
71.0,standard,SD3,linear,euclidean,dtw,average,0.48569485545158386
110.0,standard,SD2,prophet,dtw,prophet,weighted,0.44668638706207275
472.0,standard,SD5,prophet,dtw,median,centroid,0.0020794456358999014
109.0,standard,SD2,mean,dtw,dtw,weighted,0.4017880856990814
128.0,standard,SD5,linear,dtw,prophet,weighted,0.6268913149833679
1156.0,zscore,SD3,linear,dtw,dtw,single,0.06687458604574203
86.0,standard,SD2,linear,dtw,prophet,weighted,0.4945865571498871
280.0,standard,SD6,prophet,dtw,prophet,weighted,0.5518936514854431
175.0,standard,SD3,linear,dtw,prophet,average,0.47758540511131287
108.0,standard,SD5,mean,dtw,prophet,weighted,0.5864676237106323
70.0,standard,SD5,mean,dtw,prophet,weighted,0.5864676237106323
28.0,standard,SD4,prophet,euclidean,prophet,average,0.5104327201843262
21.0,standard,SD3,prophet,dtw,dtw,complete,0.4301394522190094
16.0,standard,SD6,prophet,dtw,dtw,ward,0.4535261392593384
203.0,standard,SD3,linear,dtw,prophet,weighted,0.5041462779045105
16.0,standard,SD4,prophet,euclidean,dtw,average,0.5814296007156372
77.0,standard,SD5,prophet,dtw,dtw,complete,0.4703875184059143
6.0,standard,SD6,linear,euclidean,prophet,average,0.5278958082199097
90.0,standard,SD4,prophet,euclidean,dtw,weighted,0.5469681024551392
50.0,standard,SD5,linear,euclidean,prophet,average,0.4908665418624878
203.0,standard,SD4,linear,dtw,prophet,weighted,0.6246510744094849
143.0,standard,SD4,linear,dtw,prophet,average,0.5054921507835388
82.0,standard,SD3,mean,euclidean,prophet,weighted,0.4852621555328369
324.0,standard,SD6,prophet,dtw,prophet,weighted,0.5462242364883423
1198.0,minmax,SD5,mean,dtw,dtw,centroid,0.33562371134757996
12.0,standard,SD6,linear,euclidean,dtw,average,0.5011064410209656
4.0,minmax,SD5,prophet,dtw,prophet,average,0.44140976667404175
8.0,standard,SD5,linear,dtw,prophet,weighted,0.6268913149833679
26.0,standard,SD4,linear,dtw,prophet,weighted,0.6302320957183838
182.0,standard,SD4,linear,dtw,dtw,weighted,0.49394863843917847
70.0,standard,SD2,prophet,euclidean,dtw,weighted,0.4988476037979126
204.0,standard,SD5,linear,dtw,prophet,weighted,0.6268913149833679
178.0,standard,SD5,linear,dtw,prophet,weighted,0.6268913149833679
194.0,standard,SD4,linear,dtw,prophet,weighted,0.6246510744094849
759.0,standard,SD3,median,dtw,dtw,single,0.09407788515090942
132.0,standard,SD5,linear,dtw,dtw,weighted,0.4203334152698517
94.0,standard,SD3,prophet,dtw,dtw,weighted,0.410835862159729
132.0,minmax,SD3,linear,dtw,dtw,average,0.31412431597709656
327.0,standard,SD2,linear,dtw,dtw,median,0.3956669569015503
25.0,zscore,SD5,prophet,dtw,dtw,ward,0.22351354360580444
13.0,standard,SD6,mean,euclidean,prophet,average,0.5237241387367249
41.0,standard,SD5,linear,dtw,prophet,average,0.4943355917930603
20.0,standard,SD4,linear,dtw,prophet,weighted,0.6302320957183838
309.0,standard,SD3,prophet,dtw,prophet,average,0.5068702697753906
205.0,standard,SD5,linear,dtw,prophet,weighted,0.6268913149833679
91.0,standard,SD5,linear,dtw,mode,ward,0.3968487083911896
109.0,standard,SD5,linear,dtw,prophet,weighted,0.6268913149833679
443.0,standard,SD5,prophet,dtw,prophet,weighted,0.4901838004589081
8.0,minmax,SD5,linear,dtw,prophet,weighted,0.4285544157028198
27.0,standard,SD3,linear,dtw,mode,weighted,0.4117366671562195
174.0,standard,SD4,linear,dtw,prophet,weighted,0.6268913149833679
2.0,standard,SD5,mean,dtw,prophet,weighted,0.5864676237106323
84.0,standard,SD5,prophet,dtw,dtw,ward,0.5816986560821533
169.0,standard,SD4,linear,dtw,prophet,weighted,0.6268913149833679
319.0,standard,SD5,linear,dtw,prophet,weighted,0.46303591132164
71.0,standard,SD3,prophet,euclidean,dtw,average,0.5023251175880432
186.0,standard,SD3,linear,dtw,prophet,weighted,0.5321455001831055
23.0,standard,SD5,linear,dtw,prophet,weighted,0.6268913149833679
29.0,standard,SD4,linear,dtw,prophet,weighted,0.6302320957183838
301.0,standard,SD3,mean,dtw,mode,median,0.3366801142692566
2.0,standard,SD4,linear,dtw,prophet,weighted,0.6302320957183838
136.0,standard,SD5,linear,dtw,prophet,weighted,0.6268913149833679
111.0,standard,SD6,prophet,dtw,prophet,weighted,0.5488208532333374
296.0,standard,SD5,prophet,dtw,prophet,average,0.5875848531723022
7.0,standard,SD5,mean,euclidean,prophet,average,0.5320727825164795
167.0,standard,SD5,linear,dtw,dtw,weighted,0.5944231152534485
41.0,standard,SD5,prophet,dtw,dtw,weighted,0.5591803193092346
9.0,standard,SD4,linear,dtw,prophet,weighted,0.6302320957183838
93.0,standard,SD3,prophet,euclidean,mean,weighted,0.5113807320594788
20.0,standard,SD4,linear,euclidean,prophet,average,0.5320727825164795
17.0,standard,SD4,linear,dtw,prophet,weighted,0.6302320957183838
195.0,standard,SD5,linear,dtw,prophet,weighted,0.6268913149833679
102.0,zscore,SD2,mean,dtw,dtw,weighted,0.04046766087412834
780.0,zscore,SD5,median,dtw,mode,ward,0.037252217531204224
200.0,standard,SD4,linear,dtw,prophet,weighted,0.6246510744094849
