Comperiod,Scaling,Interpolation,Similarity,Unsynced,Linkmeth,ray/tune/_metric
340.0,standard,median,dtw,mean,average,0.6381688714027405
267.0,standard,linear,dtw,dtw,ward,0.4741954505443573
462.0,standard,linear,euclidean,mean,average,0.5194340944290161
54.0,standard,median,dtw,prophet,ward,0.5165829062461853
611.0,standard,median,dtw,mean,average,0.13972726464271545
200.0,standard,median,dtw,mean,average,0.4615000784397125
391.0,standard,linear,dtw,mean,complete,0.3946078419685364
381.0,standard,linear,dtw,mean,centroid,0.5940894484519958
186.0,standard,median,dtw,mean,ward,0.557770848274231
393.0,standard,linear,dtw,mean,average,0.630157470703125
422.0,standard,linear,dtw,mean,average,0.5448881387710571
427.0,standard,linear,euclidean,mean,weighted,0.5189712047576904
507.0,standard,linear,dtw,mode,average,0.45561137795448303
556.0,standard,linear,dtw,mean,weighted,0.577688992023468
362.0,standard,linear,dtw,mean,average,0.602289617061615
545.0,standard,linear,dtw,mean,ward,0.371042937040329
473.0,standard,linear,euclidean,mean,average,0.533638060092926
304.0,standard,linear,dtw,mean,average,0.4726991355419159
192.0,standard,mean,dtw,mean,average,0.5090926885604858
33.0,standard,linear,dtw,prophet,ward,0.49186956882476807
412.0,standard,median,euclidean,mean,average,0.4090821146965027
310.0,minmax,linear,dtw,mean,average,0.46381428837776184
517.0,standard,linear,dtw,median,average,0.40058961510658264
360.0,standard,median,dtw,mean,average,0.5518887042999268
536.0,standard,mean,dtw,mean,average,0.3387814462184906
471.0,standard,linear,euclidean,mean,average,0.5893423557281494
471.0,standard,linear,dtw,mean,average,0.5552794933319092
400.0,standard,median,dtw,mean,average,0.568305253982544
426.0,standard,linear,dtw,median,average,0.42310020327568054
399.0,standard,linear,dtw,mean,median,0.5369714498519897
201.0,standard,linear,dtw,prophet,average,0.5128964781761169
380.0,standard,linear,dtw,mean,weighted,0.630157470703125
707.0,minmax,median,dtw,prophet,average,0.44432878494262695
2.0,minmax,linear,dtw,mean,single,0.000982743687927723
439.0,standard,prophet,dtw,mean,average,0.516246497631073
398.0,standard,linear,dtw,mean,average,0.630157470703125
376.0,standard,linear,dtw,mean,weighted,0.6107724905014038
429.0,standard,mean,dtw,mean,ward,0.24702323973178864
4.0,standard,prophet,dtw,mean,average,0.5016424655914307
195.0,standard,linear,dtw,mean,ward,0.4950626492500305
359.0,standard,linear,dtw,dtw,average,0.4408659338951111
372.0,standard,median,euclidean,mean,average,0.5198807716369629
334.0,standard,linear,euclidean,mean,average,0.5857614874839783
508.0,standard,median,dtw,mean,average,0.47987252473831177
329.0,standard,median,dtw,mode,average,0.45561137795448303
99.0,minmax,linear,dtw,prophet,average,0.5220812559127808
34.0,standard,median,dtw,mean,average,0.5128964781761169
112.0,standard,linear,euclidean,mean,ward,0.5039212107658386
465.0,standard,median,dtw,mean,average,0.5377923250198364
448.0,standard,linear,dtw,dtw,complete,0.42948073148727417
502.0,standard,linear,dtw,mean,ward,0.6134672164916992
264.0,standard,prophet,dtw,prophet,ward,0.5448918342590332
382.0,standard,median,euclidean,mean,average,0.5198807716369629
109.0,standard,linear,dtw,prophet,average,0.5128964781761169
450.0,zscore,mean,dtw,median,centroid,0.11983216553926468
42.0,minmax,linear,dtw,mean,average,0.5220812559127808
559.0,standard,linear,euclidean,mean,average,0.4606005549430847
304.0,standard,linear,dtw,mean,ward,0.6694015264511108
339.0,standard,mean,dtw,mean,average,0.4609159827232361
340.0,standard,prophet,dtw,mean,average,0.4591123163700104
308.0,standard,mean,dtw,mean,average,0.5845956206321716
898.0,standard,linear,dtw,median,weighted,0.007038172800093889
375.0,standard,linear,dtw,mean,average,0.6107724905014038
447.0,standard,linear,dtw,mean,average,0.5315328240394592
370.0,standard,linear,dtw,mean,average,0.6107724905014038
262.0,standard,linear,dtw,mean,ward,0.49750757217407227
396.0,standard,linear,dtw,mean,weighted,0.630157470703125
468.0,standard,linear,euclidean,mean,average,0.5893423557281494
598.0,standard,linear,dtw,mode,average,0.04499198868870735
675.0,minmax,prophet,dtw,prophet,median,0.15357419848442078
350.0,standard,linear,dtw,mean,weighted,0.5909106135368347
67.0,standard,prophet,euclidean,mode,average,0.5001891851425171
314.0,standard,prophet,dtw,mean,average,0.5101731419563293
224.0,standard,mean,dtw,mean,average,0.5215744972229004
497.0,standard,linear,dtw,mean,ward,0.5586810111999512
319.0,standard,linear,dtw,dtw,average,0.49638453125953674
389.0,standard,mean,dtw,prophet,average,0.39457714557647705
384.0,standard,linear,dtw,mean,weighted,0.630157470703125
407.0,standard,linear,dtw,mean,average,0.5995010137557983
447.0,minmax,linear,dtw,prophet,average,0.5220812559127808
519.0,standard,median,dtw,prophet,ward,0.4361102283000946
236.0,standard,linear,euclidean,prophet,average,0.47135308384895325
304.0,standard,median,euclidean,mean,average,0.4945375919342041
194.0,minmax,linear,dtw,dtw,average,0.5220812559127808
148.0,standard,median,dtw,prophet,average,0.5128964781761169
455.0,standard,prophet,dtw,prophet,average,0.41153180599212646
232.0,standard,median,dtw,prophet,average,0.5128964781761169
337.0,standard,median,dtw,median,complete,0.34072840213775635
399.0,standard,median,dtw,mean,ward,0.38582494854927063
445.0,standard,linear,euclidean,prophet,average,0.4956868588924408
379.0,standard,linear,dtw,mean,weighted,0.630157470703125
438.0,standard,prophet,dtw,mean,average,0.4834437072277069
66.0,standard,mean,dtw,mean,ward,0.49186956882476807
209.0,standard,median,dtw,mode,average,0.5128964781761169
507.0,standard,linear,euclidean,mean,ward,0.5783368349075317
177.0,minmax,median,dtw,prophet,average,0.46381428837776184
345.0,standard,median,dtw,mean,average,0.5360394716262817
411.0,standard,linear,euclidean,mean,weighted,0.5189712047576904
507.0,minmax,median,dtw,dtw,average,0.3888837397098541
475.0,standard,median,dtw,mean,average,0.5543489456176758
226.0,standard,mean,euclidean,mode,complete,0.37488314509391785
307.0,standard,linear,euclidean,mean,ward,0.493328720331192
330.0,standard,linear,dtw,mean,average,0.4898078441619873
284.0,standard,linear,dtw,prophet,ward,0.49186956882476807
95.0,standard,median,dtw,mean,ward,0.4743801951408386
499.0,standard,linear,dtw,mean,average,0.5417645573616028
346.0,minmax,linear,dtw,prophet,average,0.46381428837776184
399.0,standard,linear,dtw,mean,weighted,0.630157470703125
290.0,minmax,linear,dtw,mean,average,0.5220812559127808
197.0,standard,median,dtw,prophet,ward,0.5165829062461853
304.0,standard,median,dtw,prophet,average,0.45561137795448303
695.0,standard,median,dtw,prophet,ward,0.4244227111339569
635.0,standard,median,dtw,prophet,average,0.41153180599212646
285.0,standard,median,dtw,prophet,average,0.5128964781761169
260.0,standard,mean,dtw,mean,average,0.4575643241405487
321.0,standard,linear,euclidean,mean,average,0.5857614874839783
189.0,standard,median,dtw,mode,ward,0.5165829062461853
111.0,standard,linear,euclidean,mode,average,0.5001891851425171
338.0,zscore,mean,euclidean,median,average,0.12103354930877686
336.0,standard,linear,dtw,mean,ward,0.5220812559127808
244.0,standard,median,dtw,mean,ward,0.557770848274231
545.0,standard,linear,dtw,mean,hdbscan,0.0010000000474974513
386.0,standard,linear,dtw,mean,average,0.630157470703125
471.0,standard,linear,euclidean,prophet,average,0.4956868588924408
380.0,standard,linear,dtw,mean,average,0.630157470703125
215.0,standard,mean,euclidean,mean,average,0.4404854476451874
496.0,standard,linear,euclidean,mean,ward,0.5586810111999512
345.0,standard,linear,dtw,mean,weighted,0.5223749876022339
11.0,minmax,linear,dtw,prophet,ward,0.38879162073135376
239.0,standard,median,dtw,mean,weighted,0.5757783055305481
371.0,standard,prophet,dtw,mean,average,0.4542943835258484
385.0,minmax,linear,dtw,mode,average,0.46381428837776184
145.0,standard,mean,euclidean,mean,average,0.5524218678474426
301.0,standard,mean,dtw,mean,average,0.5845956206321716
274.0,standard,linear,dtw,mode,average,0.5128964781761169
240.0,minmax,linear,dtw,mean,average,0.5220812559127808
440.0,standard,mean,dtw,mean,average,0.4106746017932892
389.0,standard,linear,dtw,mean,weighted,0.630157470703125
482.0,standard,median,dtw,mean,average,0.5376644730567932
787.0,standard,linear,dtw,dtw,centroid,0.25977465510368347
315.0,standard,median,dtw,mean,average,0.5261290073394775
155.0,standard,mean,dtw,mean,ward,0.5039212107658386
112.0,minmax,prophet,dtw,prophet,average,0.4519056975841522
192.0,standard,median,dtw,mode,weighted,0.4269823431968689
355.0,standard,linear,euclidean,mean,average,0.5598906874656677
399.0,standard,linear,dtw,mean,average,0.630157470703125
22.0,standard,linear,dtw,prophet,average,0.5128964781761169
367.0,standard,median,dtw,mean,average,0.5598906874656677
545.0,standard,linear,dtw,mean,average,0.5439032316207886
445.0,standard,median,dtw,mean,complete,0.32294371724128723
508.0,standard,linear,euclidean,mean,average,0.5746976137161255
491.0,standard,linear,euclidean,mean,average,0.45027899742126465
509.0,standard,mean,dtw,median,average,0.48939114809036255
416.0,standard,linear,dtw,prophet,average,0.5128964781761169
563.0,minmax,median,euclidean,median,ward,0.3254437744617462
374.0,standard,mean,euclidean,mean,average,0.44721654057502747
81.0,standard,median,dtw,prophet,average,0.5128964781761169
480.0,standard,linear,dtw,mode,average,0.45561137795448303
252.0,standard,linear,dtw,mode,average,0.5128964781761169
30.0,standard,linear,euclidean,mean,average,0.5001891851425171
340.0,standard,median,euclidean,mean,average,0.6366108059883118
194.0,standard,prophet,dtw,mode,average,0.5016424655914307
263.0,standard,median,dtw,prophet,average,0.5128964781761169
468.0,minmax,median,dtw,dtw,average,0.3804560601711273
234.0,standard,median,dtw,mean,ward,0.557770848274231
388.0,standard,linear,dtw,mean,average,0.630157470703125
416.0,standard,linear,dtw,mean,weighted,0.5448881387710571
558.0,standard,linear,dtw,mean,average,0.6027388572692871
529.0,standard,linear,dtw,mean,average,0.5257985591888428
464.0,standard,mean,dtw,mode,hdbscan,0.38546255230903625
563.0,standard,linear,dtw,mean,weighted,0.5807648301124573
365.0,standard,linear,dtw,mean,average,0.602289617061615
533.0,standard,median,dtw,prophet,average,0.47567886114120483
329.0,standard,linear,euclidean,mean,average,0.5857614874839783
376.0,standard,linear,dtw,dtw,average,0.4408659338951111
506.0,standard,linear,dtw,mean,ward,0.6134672164916992
369.0,standard,median,dtw,mean,weighted,0.5981343984603882
492.0,standard,linear,dtw,mean,ward,0.5586810111999512
386.0,standard,linear,dtw,mean,weighted,0.630157470703125
314.0,standard,mean,dtw,mean,average,0.5379157066345215
391.0,standard,median,dtw,mean,average,0.568305253982544
432.0,standard,linear,dtw,prophet,centroid,0.32868272066116333
300.0,standard,linear,dtw,mean,ward,0.6192841529846191
458.0,standard,median,dtw,prophet,centroid,0.4672897160053253
242.0,minmax,linear,dtw,prophet,average,0.5220812559127808
428.0,standard,mean,euclidean,mean,centroid,0.5012404322624207
335.0,standard,median,euclidean,mean,weighted,0.47486811876296997
349.0,standard,linear,euclidean,mean,average,0.5598906874656677
512.0,standard,linear,dtw,mean,average,0.5623154044151306
391.0,standard,linear,dtw,mean,weighted,0.630157470703125
369.0,standard,mean,euclidean,mean,average,0.6202244162559509
346.0,standard,median,euclidean,mean,weighted,0.5659851431846619
175.0,standard,linear,dtw,dtw,average,0.5128964781761169
195.0,standard,prophet,dtw,mode,ward,0.5448918342590332
392.0,standard,linear,dtw,mean,ward,0.4415578246116638
417.0,minmax,linear,dtw,mean,weighted,0.4577418863773346
326.0,standard,linear,dtw,mean,ward,0.511694073677063
218.0,standard,median,dtw,mode,ward,0.5165829062461853
540.0,standard,linear,euclidean,mean,average,0.4648014307022095
217.0,standard,linear,dtw,mode,average,0.5128964781761169
393.0,zscore,linear,dtw,prophet,ward,0.11707939952611923
473.0,standard,linear,dtw,mean,average,0.5552794933319092
367.0,standard,linear,euclidean,mean,average,0.5561890006065369
176.0,standard,linear,dtw,mean,average,0.5090926885604858
323.0,standard,mean,dtw,mean,average,0.5261290073394775
295.0,standard,linear,euclidean,mean,average,0.5083162188529968
367.0,standard,linear,dtw,mean,average,0.602289617061615
404.0,standard,linear,dtw,mean,weighted,0.616748571395874
430.0,standard,median,dtw,mode,weighted,0.47325170040130615
351.0,standard,median,dtw,mean,average,0.5518887042999268
230.0,minmax,prophet,dtw,mean,average,0.4519056975841522
418.0,minmax,mean,dtw,mean,weighted,0.4357979893684387
469.0,standard,linear,euclidean,mean,weighted,0.5123063921928406
506.0,minmax,linear,dtw,mean,average,0.45820343494415283
514.0,standard,linear,euclidean,mean,weighted,0.4305914640426636
501.0,standard,linear,euclidean,mean,weighted,0.5959094762802124
560.0,standard,linear,dtw,mean,average,0.6027388572692871
382.0,standard,linear,dtw,prophet,average,0.5128964781761169
372.0,standard,linear,dtw,mean,weighted,0.6107724905014038
894.0,zscore,prophet,euclidean,mode,ward,0.05870729312300682
545.0,standard,median,dtw,prophet,weighted,0.4468485713005066
510.0,standard,linear,dtw,mean,average,0.6004902124404907
429.0,standard,linear,dtw,mean,ward,0.376627653837204
248.0,standard,prophet,dtw,mean,average,0.5215744972229004
659.0,standard,median,dtw,mode,average,0.1591804474592209
268.0,standard,mean,dtw,prophet,average,0.5128964781761169
645.0,standard,median,dtw,mode,average,0.14856480062007904
395.0,standard,linear,dtw,mean,weighted,0.630157470703125
267.0,standard,prophet,dtw,mean,average,0.41944798827171326
243.0,standard,mean,dtw,mean,average,0.5215744972229004
216.0,standard,median,dtw,mean,ward,0.557770848274231
400.0,standard,median,dtw,prophet,ward,0.4361102283000946
574.0,standard,prophet,dtw,prophet,weighted,0.39461836218833923
236.0,standard,linear,dtw,prophet,ward,0.49186956882476807
145.0,standard,prophet,dtw,prophet,average,0.5016424655914307
216.0,standard,linear,dtw,mean,ward,0.4950626492500305
349.0,standard,mean,dtw,prophet,ward,0.49186956882476807
389.0,standard,mean,euclidean,mean,average,0.41425588726997375
444.0,standard,median,euclidean,mean,weighted,0.3641629219055176
429.0,standard,median,dtw,mean,average,0.5500961542129517
546.0,standard,linear,dtw,prophet,average,0.41728898882865906
341.0,standard,linear,euclidean,mean,average,0.5725542902946472
263.0,standard,median,dtw,mean,ward,0.3265157639980316
396.0,standard,linear,dtw,mean,average,0.630157470703125
70.0,standard,linear,dtw,prophet,average,0.5128964781761169
522.0,standard,median,dtw,prophet,average,0.41999897360801697
231.0,standard,prophet,dtw,mean,average,0.5215744972229004
472.0,standard,linear,euclidean,mean,average,0.5893423557281494
22.0,standard,median,euclidean,mean,average,0.5223749876022339
229.0,standard,mean,dtw,mean,ward,0.4950626492500305
3.0,standard,prophet,dtw,dtw,ward,0.5448918342590332
195.0,standard,mean,dtw,prophet,average,0.5128964781761169
461.0,standard,prophet,dtw,mean,average,0.46994465589523315
402.0,standard,linear,dtw,dtw,average,0.4465179741382599
336.0,standard,median,euclidean,mean,average,0.6366108059883118
502.0,standard,median,euclidean,mean,ward,0.487872838973999
560.0,standard,linear,dtw,prophet,average,0.41999897360801697
468.0,standard,linear,euclidean,mean,median,0.5068766474723816
298.0,standard,prophet,dtw,mean,average,0.4667806029319763
275.0,minmax,linear,dtw,mean,average,0.5220812559127808
156.0,standard,mean,dtw,prophet,average,0.5128964781761169
356.0,standard,linear,dtw,mean,average,0.5909106135368347
559.0,standard,linear,dtw,mean,weighted,0.6027388572692871
507.0,standard,linear,euclidean,mean,weighted,0.5959094762802124
378.0,standard,linear,euclidean,mean,weighted,0.5257985591888428
314.0,standard,linear,dtw,mean,ward,0.5307706594467163
394.0,standard,linear,dtw,mean,weighted,0.630157470703125
372.0,standard,mean,euclidean,mean,average,0.6202244162559509
420.0,standard,median,dtw,mean,average,0.5500961542129517
606.0,standard,linear,euclidean,mean,average,0.21013714373111725
385.0,standard,linear,dtw,mean,weighted,0.630157470703125
449.0,standard,linear,dtw,mean,complete,0.34516724944114685
476.0,standard,median,dtw,prophet,weighted,0.47325170040130615
444.0,standard,linear,dtw,prophet,single,0.06136390566825867
590.0,minmax,prophet,euclidean,prophet,median,0.24419642984867096
306.0,standard,linear,dtw,mean,ward,0.6694015264511108
395.0,standard,linear,dtw,mean,average,0.630157470703125
469.0,standard,linear,euclidean,mean,average,0.5893423557281494
382.0,standard,linear,dtw,mean,average,0.630157470703125
262.0,standard,linear,dtw,mean,average,0.41944798827171326
347.0,minmax,linear,dtw,mean,average,0.46381428837776184
152.0,minmax,linear,dtw,mean,average,0.5220812559127808
218.0,standard,mean,dtw,prophet,average,0.5128964781761169
372.0,standard,median,dtw,mean,average,0.5918986797332764
158.0,standard,prophet,dtw,dtw,ward,0.5448918342590332
234.0,standard,mean,dtw,dtw,average,0.5016424655914307
98.0,standard,linear,dtw,mean,average,0.4550483226776123
226.0,standard,median,dtw,mean,average,0.5821249485015869
19.0,minmax,median,dtw,prophet,average,0.46381428837776184
362.0,standard,linear,dtw,mean,ward,0.45698633790016174
192.0,minmax,median,dtw,mean,average,0.46381428837776184
387.0,standard,linear,dtw,mode,weighted,0.3646756112575531
21.0,standard,mean,dtw,mean,average,0.5128964781761169
303.0,standard,linear,dtw,mean,ward,0.6694015264511108
473.0,standard,linear,euclidean,mean,centroid,0.5068766474723816
307.0,standard,linear,dtw,mean,ward,0.6694015264511108
460.0,minmax,linear,dtw,mean,average,0.45820343494415283
345.0,standard,mean,euclidean,mean,average,0.5234229564666748
400.0,standard,linear,dtw,mean,average,0.630157470703125
519.0,standard,median,dtw,mean,average,0.4662129580974579
525.0,standard,linear,dtw,prophet,weighted,0.44387635588645935
390.0,standard,linear,dtw,mean,weighted,0.630157470703125
392.0,standard,linear,dtw,mean,weighted,0.630157470703125
358.0,standard,linear,dtw,mean,weighted,0.5909106135368347
455.0,standard,linear,dtw,mean,average,0.5521456003189087
546.0,standard,median,dtw,prophet,ward,0.43001019954681396
389.0,standard,linear,dtw,mean,average,0.630157470703125
6.0,standard,linear,dtw,mean,hdbscan,0.4541877806186676
500.0,standard,mean,dtw,mean,ward,0.26632755994796753
479.0,minmax,linear,dtw,mode,average,0.45820343494415283
504.0,standard,linear,dtw,mean,ward,0.6134672164916992
499.0,standard,mean,dtw,dtw,average,0.38036689162254333
559.0,standard,linear,dtw,mean,ward,0.40983667969703674
478.0,standard,linear,euclidean,mean,average,0.45955416560173035
401.0,standard,linear,dtw,mean,centroid,0.5940894484519958
206.0,standard,linear,dtw,dtw,ward,0.49186956882476807
201.0,standard,linear,euclidean,mean,average,0.4633605480194092
401.0,standard,linear,euclidean,mean,average,0.575090765953064
322.0,standard,linear,euclidean,mean,weighted,0.5411533713340759
61.0,standard,mean,dtw,dtw,average,0.5128964781761169
392.0,standard,linear,euclidean,mean,average,0.575090765953064
339.0,standard,median,dtw,mean,average,0.6381688714027405
281.0,standard,linear,dtw,prophet,average,0.5128964781761169
163.0,standard,linear,dtw,prophet,ward,0.49186956882476807
372.0,standard,prophet,dtw,prophet,ward,0.4269823431968689
377.0,standard,linear,dtw,mean,average,0.630157470703125
387.0,standard,linear,dtw,mean,average,0.630157470703125
714.0,standard,prophet,dtw,mean,average,0.06925271451473236
348.0,standard,linear,dtw,mean,average,0.5909106135368347
384.0,standard,linear,dtw,mean,average,0.630157470703125
382.0,standard,linear,dtw,mean,weighted,0.630157470703125
401.0,standard,linear,dtw,mean,weighted,0.630157470703125
463.0,standard,mean,euclidean,dtw,median,0.3282996416091919
489.0,standard,median,dtw,prophet,ward,0.4361102283000946
507.0,standard,linear,dtw,mean,weighted,0.6004902124404907
612.0,standard,median,dtw,prophet,ward,0.4773455560207367
270.0,standard,mean,dtw,mean,ward,0.5183807015419006
366.0,standard,linear,dtw,mean,weighted,0.602289617061615
281.0,standard,mean,dtw,mean,average,0.41944798827171326
202.0,standard,prophet,dtw,mean,average,0.5090926885604858
152.0,standard,median,dtw,mean,average,0.4615000784397125
163.0,standard,prophet,dtw,mean,average,0.5090926885604858
32.0,standard,linear,dtw,mode,average,0.5128964781761169
349.0,standard,median,euclidean,mean,average,0.5725542902946472
501.0,standard,linear,dtw,mean,weighted,0.6004902124404907
412.0,standard,median,dtw,mean,weighted,0.5500961542129517
401.0,standard,linear,dtw,mean,average,0.630157470703125
293.0,standard,linear,dtw,mean,ward,0.4095902740955353
365.0,standard,mean,euclidean,mean,average,0.4667806029319763
405.0,standard,linear,dtw,mean,average,0.616748571395874
397.0,standard,linear,euclidean,mean,weighted,0.5257985591888428
359.0,standard,linear,dtw,mean,average,0.5909106135368347
504.0,standard,linear,euclidean,mean,weighted,0.5959094762802124
341.0,standard,median,euclidean,mean,weighted,0.5411533713340759
472.0,standard,prophet,euclidean,mean,average,0.44432878494262695
508.0,standard,linear,dtw,mean,average,0.6004902124404907
362.0,minmax,mean,dtw,mean,average,0.44191133975982666
383.0,standard,mean,dtw,mean,average,0.49587482213974
236.0,standard,linear,dtw,mean,ward,0.4950626492500305
302.0,standard,linear,dtw,mean,ward,0.6192841529846191
189.0,minmax,linear,dtw,mean,ward,0.38879162073135376
614.0,standard,prophet,dtw,prophet,average,0.41999897360801697
51.0,standard,prophet,euclidean,mean,ward,0.3738078474998474
402.0,standard,linear,dtw,mean,weighted,0.630157470703125
129.0,standard,median,dtw,prophet,ward,0.5165829062461853
534.0,standard,median,dtw,median,complete,0.25280964374542236
385.0,standard,linear,dtw,mean,average,0.630157470703125
243.0,standard,median,dtw,mean,average,0.5821249485015869
304.0,standard,median,dtw,mean,average,0.5718836188316345
301.0,standard,mean,dtw,prophet,ward,0.49186956882476807
71.0,standard,linear,dtw,mean,ward,0.49186956882476807
453.0,standard,prophet,dtw,dtw,ward,0.3917196989059448
308.0,standard,median,dtw,mean,ward,0.3974602222442627
33.0,standard,median,euclidean,prophet,average,0.5223749876022339
305.0,zscore,linear,dtw,mean,ward,0.10108949989080429
308.0,standard,linear,dtw,mean,ward,0.6694015264511108
245.0,standard,median,dtw,dtw,average,0.49638453125953674
506.0,standard,linear,dtw,mean,weighted,0.6004902124404907
391.0,standard,linear,dtw,mean,average,0.630157470703125
251.0,standard,linear,dtw,mean,average,0.5439032316207886
165.0,minmax,linear,dtw,prophet,average,0.5220812559127808
305.0,standard,linear,dtw,mean,ward,0.6694015264511108
310.0,standard,linear,dtw,mean,ward,0.6694015264511108
164.0,standard,median,dtw,mean,ward,0.557770848274231
285.0,standard,linear,dtw,mean,average,0.4249046742916107
551.0,standard,linear,dtw,mean,average,0.526448130607605
507.0,standard,linear,dtw,mean,ward,0.6134672164916992
470.0,standard,linear,dtw,mean,ward,0.39765167236328125
420.0,standard,linear,euclidean,mean,average,0.5189712047576904
402.0,standard,linear,dtw,mean,average,0.630157470703125
382.0,standard,median,dtw,mean,weighted,0.4201878011226654
14.0,standard,mean,dtw,prophet,average,0.5128964781761169
349.0,standard,linear,dtw,mean,ward,0.5252931118011475
99.0,zscore,prophet,dtw,dtw,complete,0.16102084517478943
501.0,standard,linear,euclidean,mean,average,0.5746976137161255
617.0,standard,linear,dtw,dtw,ward,0.2945847809314728
309.0,standard,linear,dtw,mean,ward,0.6694015264511108
410.0,standard,prophet,dtw,mean,average,0.363482266664505
450.0,standard,linear,dtw,prophet,ward,0.49186956882476807
504.0,standard,linear,euclidean,mean,ward,0.5783368349075317
449.0,standard,linear,dtw,mean,weighted,0.5386543869972229
134.0,standard,mean,euclidean,prophet,ward,0.44849056005477905
275.0,minmax,linear,dtw,prophet,average,0.5220812559127808
237.0,standard,median,dtw,mean,average,0.5821249485015869
159.0,standard,linear,dtw,mean,ward,0.4950626492500305
387.0,standard,prophet,dtw,prophet,average,0.5016424655914307
370.0,standard,mean,euclidean,mean,weighted,0.3536141812801361
152.0,standard,linear,dtw,prophet,weighted,0.3646756112575531
344.0,standard,median,euclidean,mean,average,0.5411533713340759
392.0,standard,linear,dtw,mean,average,0.630157470703125
488.0,minmax,linear,dtw,mean,average,0.45820343494415283
330.0,standard,linear,dtw,prophet,ward,0.49186956882476807
465.0,standard,mean,euclidean,mean,average,0.4130127727985382
387.0,standard,linear,euclidean,mean,average,0.575090765953064
261.0,standard,linear,dtw,prophet,average,0.5128964781761169
557.0,standard,linear,dtw,mean,average,0.6027388572692871
333.0,standard,median,dtw,mean,average,0.5319966673851013
337.0,standard,linear,dtw,prophet,average,0.5128964781761169
421.0,standard,linear,dtw,prophet,ward,0.49186956882476807
501.0,standard,linear,dtw,mean,ward,0.6134672164916992
536.0,standard,linear,dtw,mean,average,0.5439032316207886
122.0,standard,linear,euclidean,mean,average,0.5725542902946472
373.0,standard,median,dtw,mean,weighted,0.5981343984603882
503.0,standard,prophet,dtw,median,average,0.38346508145332336
467.0,standard,linear,dtw,mean,average,0.5521456003189087
387.0,standard,linear,dtw,mean,weighted,0.630157470703125
432.0,standard,linear,dtw,mean,weighted,0.5324764251708984
383.0,standard,linear,dtw,mean,average,0.630157470703125
430.0,standard,linear,dtw,mean,average,0.5315328240394592
352.0,standard,linear,dtw,mean,average,0.5909106135368347
397.0,standard,linear,dtw,mean,average,0.630157470703125
512.0,standard,linear,dtw,mean,ward,0.4992727041244507
200.0,standard,median,dtw,mean,ward,0.557770848274231
277.0,standard,median,dtw,mean,average,0.5203120112419128
468.0,standard,linear,euclidean,mean,hdbscan,0.0010000000474974513
92.0,standard,linear,dtw,dtw,average,0.5128964781761169
458.0,standard,linear,dtw,prophet,weighted,0.3646756112575531
236.0,standard,prophet,dtw,prophet,average,0.5016424655914307
425.0,minmax,linear,dtw,prophet,average,0.5220812559127808
81.0,standard,median,dtw,mode,average,0.5128964781761169
369.0,standard,linear,dtw,mean,weighted,0.6107724905014038
497.0,standard,median,euclidean,mean,weighted,0.24921558797359467
506.0,standard,linear,dtw,mean,average,0.6004902124404907
147.0,standard,linear,dtw,mean,average,0.49655675888061523
244.0,standard,linear,euclidean,mean,average,0.41327619552612305
465.0,standard,linear,euclidean,mean,average,0.5194340944290161
374.0,standard,linear,euclidean,mean,average,0.5561890006065369
490.0,standard,linear,dtw,median,weighted,0.45867159962654114
319.0,standard,linear,dtw,mean,average,0.4898078441619873
259.0,standard,median,dtw,mean,average,0.4747155010700226
4.0,standard,linear,dtw,dtw,average,0.5128964781761169
503.0,standard,linear,dtw,mean,weighted,0.6004902124404907
200.0,minmax,mean,dtw,mode,ward,0.5078727006912231
436.0,standard,linear,euclidean,median,complete,0.3194212019443512
338.0,standard,median,euclidean,mean,weighted,0.6366108059883118
300.0,standard,linear,dtw,prophet,average,0.5128964781761169
411.0,standard,mean,dtw,mean,average,0.4106746017932892
563.0,standard,linear,dtw,mean,average,0.5807648301124573
513.0,standard,linear,dtw,mode,centroid,0.41962912678718567
381.0,standard,linear,dtw,mean,average,0.630157470703125
338.0,standard,linear,dtw,mean,average,0.5552492141723633
18.0,minmax,median,dtw,mean,average,0.46381428837776184
509.0,standard,linear,dtw,mean,weighted,0.6004902124404907
289.0,standard,median,dtw,prophet,ward,0.5165829062461853
561.0,standard,median,dtw,mean,average,0.307224839925766
292.0,standard,median,dtw,mean,average,0.5068766474723816
552.0,minmax,linear,dtw,mean,average,0.37151598930358887
478.0,standard,median,euclidean,mean,average,0.32986578345298767
237.0,standard,linear,dtw,median,average,0.5128964781761169
549.0,standard,mean,dtw,dtw,average,0.33572766184806824
6.0,standard,prophet,dtw,prophet,average,0.5016424655914307
394.0,standard,linear,dtw,mean,average,0.630157470703125
376.0,standard,median,dtw,mean,average,0.5918986797332764
23.0,standard,linear,dtw,mean,average,0.5128964781761169
396.0,minmax,prophet,euclidean,median,ward,0.3103048801422119
224.0,standard,median,euclidean,mean,average,0.4885917603969574
300.0,standard,prophet,dtw,prophet,average,0.5016424655914307
309.0,standard,linear,euclidean,prophet,average,0.5001891851425171
181.0,minmax,mean,euclidean,mode,centroid,0.30687353014945984
186.0,minmax,linear,euclidean,mean,median,0.10158073157072067
470.0,standard,linear,euclidean,mean,average,0.5893423557281494
277.0,standard,prophet,dtw,prophet,average,0.5016424655914307
481.0,minmax,mean,dtw,prophet,average,0.44191133975982666
133.0,standard,mean,dtw,mean,average,0.5150954127311707
120.0,standard,linear,dtw,mean,average,0.49655675888061523
118.0,standard,linear,dtw,median,average,0.5128964781761169
381.0,standard,linear,dtw,mean,weighted,0.630157470703125
446.0,standard,mean,dtw,prophet,average,0.45561137795448303
340.0,standard,median,dtw,mean,weighted,0.5448864698410034
398.0,standard,linear,dtw,mean,weighted,0.630157470703125
158.0,standard,mean,dtw,mean,average,0.5090926885604858
383.0,standard,linear,dtw,mean,weighted,0.630157470703125
297.0,standard,mean,dtw,prophet,average,0.5128964781761169
304.0,standard,linear,dtw,mode,average,0.39457714557647705
685.0,standard,prophet,euclidean,dtw,ward,0.2682150602340698
229.0,standard,linear,dtw,mean,average,0.5215744972229004
408.0,minmax,prophet,dtw,mean,average,0.3584704101085663
329.0,standard,median,euclidean,mean,average,0.5411533713340759
251.0,standard,median,dtw,prophet,ward,0.5165829062461853
217.0,minmax,linear,dtw,mean,average,0.5220812559127808
