Comperiod,Scaling,Interpolation,Similarity,Unsynced,Linkmeth,ray/tune/_metric
118.0,minmax,mean,dtw,dtw,ward,0.3252200186252594
217.0,zscore,mean,dtw,mode,average,0.03667524456977844
209.0,minmax,mean,dtw,dtw,ward,0.40492597222328186
345.0,minmax,median,euclidean,dtw,ward,0.29311403632164
167.0,standard,prophet,euclidean,dtw,average,0.2906859517097473
119.0,standard,prophet,dtw,dtw,ward,0.4092739522457123
750.0,minmax,median,euclidean,median,ward,0.03177204728126526
269.0,minmax,mean,euclidean,dtw,weighted,0.32151687145233154
139.0,standard,mean,dtw,dtw,ward,0.4216770529747009
162.0,minmax,median,dtw,dtw,ward,0.33348581194877625
149.0,minmax,median,euclidean,dtw,weighted,0.3686652183532715
362.0,standard,mean,dtw,dtw,centroid,0.16882739961147308
299.0,minmax,prophet,euclidean,dtw,ward,0.34127938747406006
154.0,standard,prophet,dtw,mode,centroid,0.005005537532269955
64.0,standard,prophet,euclidean,dtw,weighted,0.2802125811576843
600.0,zscore,mean,dtw,median,centroid,0.025273172184824944
183.0,standard,mean,dtw,dtw,ward,0.4080045819282532
416.0,standard,mean,euclidean,dtw,average,0.27847880125045776
144.0,standard,median,dtw,dtw,ward,0.38213616609573364
512.0,minmax,median,euclidean,dtw,average,0.26102542877197266
251.0,minmax,prophet,euclidean,dtw,weighted,0.29681897163391113
136.0,minmax,prophet,dtw,dtw,ward,0.39250174164772034
395.0,minmax,prophet,euclidean,dtw,average,0.4348742365837097
243.0,standard,mean,euclidean,dtw,ward,0.3048223853111267
410.0,minmax,median,euclidean,dtw,average,0.43960297107696533
448.0,minmax,prophet,euclidean,dtw,weighted,0.28868672251701355
410.0,minmax,mean,euclidean,dtw,average,0.4389696419239044
451.0,standard,prophet,dtw,prophet,ward,0.19981840252876282
413.0,minmax,mean,euclidean,dtw,average,0.43805378675460815
452.0,minmax,median,dtw,dtw,ward,0.32851219177246094
134.0,minmax,median,dtw,dtw,ward,0.3441590666770935
423.0,minmax,median,euclidean,dtw,average,0.37364107370376587
278.0,minmax,median,euclidean,dtw,average,0.3622594475746155
2.0,minmax,mean,dtw,mode,ward,0.15150098502635956
2.0,minmax,linear,dtw,mean,single,2.3639198843738995e-05
5.0,minmax,prophet,euclidean,prophet,ward,0.2578257918357849
285.0,standard,mean,dtw,dtw,ward,0.28516140580177307
374.0,minmax,mean,euclidean,dtw,weighted,0.23974044620990753
301.0,standard,mean,euclidean,mode,complete,0.05111685022711754
397.0,minmax,prophet,euclidean,dtw,average,0.4462220072746277
66.0,standard,median,dtw,dtw,ward,0.33060121536254883
415.0,minmax,prophet,euclidean,dtw,average,0.40566450357437134
1049.0,standard,linear,dtw,dtw,centroid,0.15856043994426727
570.0,minmax,prophet,dtw,dtw,ward,0.31472498178482056
404.0,minmax,linear,euclidean,dtw,average,0.4150935113430023
900.0,minmax,prophet,dtw,prophet,median,0.01914048194885254
301.0,standard,mean,euclidean,mode,complete,0.05111685022711754
56.0,zscore,prophet,dtw,dtw,single,1.3457031855068635e-05
214.0,minmax,prophet,dtw,dtw,ward,0.29511934518814087
399.0,minmax,mean,euclidean,dtw,average,0.4472506642341614
221.0,minmax,prophet,euclidean,dtw,ward,0.2988617420196533
455.0,minmax,median,euclidean,dtw,ward,0.38892319798469543
92.0,minmax,prophet,dtw,dtw,ward,0.3744201958179474
552.0,minmax,median,euclidean,dtw,ward,0.34741199016571045
410.0,minmax,linear,euclidean,dtw,average,0.4389696419239044
137.0,standard,linear,dtw,dtw,ward,0.406637579202652
217.0,standard,median,euclidean,dtw,ward,0.30839431285858154
228.0,standard,prophet,dtw,dtw,ward,0.35690775513648987
102.0,standard,linear,dtw,dtw,ward,0.335546612739563
369.0,minmax,prophet,dtw,dtw,ward,0.3000640273094177
2.0,minmax,mean,euclidean,dtw,ward,0.346788614988327
117.0,standard,prophet,dtw,dtw,ward,0.41308367252349854
924.0,minmax,mean,dtw,mode,ward,0.004613988567143679
386.0,minmax,mean,euclidean,dtw,average,0.38018620014190674
451.0,zscore,mean,euclidean,median,average,0.009081813506782055
395.0,minmax,median,euclidean,dtw,average,0.36809927225112915
207.0,minmax,linear,dtw,dtw,average,0.3146477937698364
437.0,minmax,median,euclidean,dtw,ward,0.4016455411911011
4.0,minmax,prophet,dtw,prophet,complete,0.11976975947618484
411.0,minmax,mean,euclidean,dtw,average,0.4521463215351105
86.0,minmax,mean,euclidean,dtw,ward,0.27241063117980957
520.0,minmax,linear,euclidean,dtw,ward,0.3712839186191559
421.0,minmax,prophet,euclidean,dtw,average,0.42899736762046814
124.0,standard,prophet,dtw,dtw,average,0.33912423253059387
269.0,minmax,mean,dtw,dtw,ward,0.32933393120765686
41.0,minmax,mean,euclidean,dtw,ward,0.2538187503814697
185.0,standard,linear,dtw,dtw,ward,0.37934350967407227
132.0,standard,prophet,dtw,median,ward,0.11262345314025879
118.0,minmax,prophet,dtw,dtw,ward,0.36988765001296997
434.0,minmax,linear,euclidean,dtw,ward,0.3805347681045532
287.0,minmax,prophet,euclidean,dtw,average,0.3514156937599182
225.0,standard,prophet,dtw,dtw,ward,0.4074191749095917
141.0,standard,prophet,dtw,dtw,ward,0.4159518778324127
114.0,standard,mean,dtw,dtw,ward,0.36656028032302856
416.0,minmax,linear,dtw,median,ward,0.02153884805738926
142.0,minmax,mean,dtw,dtw,weighted,0.27992236614227295
34.0,minmax,median,dtw,dtw,ward,0.3684677183628082
426.0,minmax,linear,euclidean,dtw,average,0.3992617726325989
177.0,minmax,prophet,euclidean,dtw,ward,0.3230516314506531
201.0,minmax,mean,dtw,dtw,ward,0.3896176815032959
410.0,minmax,linear,euclidean,dtw,complete,0.20007118582725525
144.0,standard,mean,dtw,dtw,ward,0.40315428376197815
402.0,minmax,linear,euclidean,dtw,average,0.40377601981163025
223.0,standard,median,dtw,dtw,ward,0.39681705832481384
268.0,standard,mean,dtw,dtw,ward,0.375440776348114
166.0,minmax,mean,euclidean,dtw,ward,0.3300457298755646
184.0,standard,prophet,dtw,dtw,ward,0.3675764799118042
70.0,standard,prophet,dtw,prophet,ward,0.20074430108070374
673.0,minmax,mean,dtw,dtw,hdbscan,0.1370922178030014
295.0,standard,prophet,euclidean,dtw,ward,0.26458364725112915
352.0,standard,mean,euclidean,dtw,average,0.3480849862098694
200.0,standard,median,dtw,dtw,ward,0.3291541039943695
263.0,minmax,median,euclidean,dtw,ward,0.36312949657440186
419.0,minmax,mean,euclidean,dtw,average,0.442614883184433
393.0,minmax,median,euclidean,dtw,ward,0.36536428332328796
331.0,standard,mean,dtw,dtw,ward,0.31986764073371887
136.0,standard,mean,dtw,dtw,ward,0.3930724859237671
600.0,zscore,mean,dtw,median,centroid,0.025273172184824944
334.0,minmax,median,euclidean,dtw,centroid,0.31229910254478455
117.0,standard,linear,dtw,dtw,ward,0.36740463972091675
216.0,standard,prophet,dtw,dtw,ward,0.41435807943344116
372.0,minmax,mean,euclidean,dtw,ward,0.33440300822257996
149.0,minmax,mean,euclidean,dtw,ward,0.34524857997894287
723.0,minmax,prophet,euclidean,dtw,median,0.1776042878627777
182.0,minmax,mean,dtw,dtw,weighted,0.2663211524486542
394.0,minmax,prophet,euclidean,dtw,average,0.40242913365364075
551.0,minmax,prophet,euclidean,dtw,ward,0.35013777017593384
435.0,minmax,mean,euclidean,dtw,ward,0.3667662739753723
227.0,standard,mean,dtw,dtw,ward,0.3750057518482208
428.0,minmax,linear,euclidean,dtw,ward,0.41454535722732544
33.0,minmax,prophet,dtw,dtw,median,0.1535980999469757
412.0,minmax,prophet,euclidean,dtw,average,0.4404388964176178
267.0,standard,mean,euclidean,dtw,average,0.3455938398838043
163.0,standard,prophet,dtw,dtw,ward,0.2941661477088928
135.0,standard,prophet,dtw,dtw,ward,0.4159518778324127
413.0,minmax,prophet,euclidean,dtw,average,0.45391157269477844
252.0,minmax,mean,euclidean,dtw,ward,0.329872727394104
399.0,minmax,prophet,euclidean,dtw,average,0.4382108449935913
396.0,minmax,linear,euclidean,dtw,average,0.40717217326164246
120.0,standard,prophet,dtw,dtw,ward,0.4092739522457123
190.0,minmax,linear,euclidean,mean,ward,0.07047060132026672
262.0,minmax,mean,euclidean,prophet,ward,0.20421242713928223
377.0,standard,median,euclidean,mean,hdbscan,-0.0004522741073742509
323.0,zscore,mean,euclidean,dtw,centroid,2.4700279027456418e-05
594.0,standard,mean,euclidean,dtw,ward,0.3435872197151184
222.0,standard,linear,dtw,dtw,ward,0.4055729806423187
617.0,minmax,prophet,euclidean,dtw,ward,0.31520846486091614
2.0,minmax,linear,dtw,mean,single,2.3639198843738995e-05
407.0,minmax,mean,euclidean,dtw,average,0.3932111859321594
26.0,minmax,mean,dtw,dtw,average,0.18442165851593018
246.0,standard,mean,dtw,dtw,ward,0.3638060688972473
417.0,standard,mean,euclidean,dtw,ward,0.3866778016090393
430.0,minmax,median,euclidean,dtw,ward,0.3862263560295105
321.0,minmax,mean,dtw,prophet,ward,0.24050678312778473
116.0,minmax,prophet,dtw,dtw,ward,0.35866448283195496
134.0,standard,median,euclidean,dtw,average,0.2743587791919708
129.0,standard,prophet,dtw,dtw,ward,0.4159518778324127
417.0,minmax,median,euclidean,dtw,average,0.429220974445343
196.0,minmax,median,dtw,dtw,ward,0.3429173529148102
1188.0,minmax,prophet,dtw,dtw,ward,0.24592189490795135
406.0,minmax,linear,euclidean,dtw,average,0.4336495101451874
124.0,minmax,prophet,dtw,dtw,ward,0.3906640112400055
130.0,minmax,prophet,dtw,dtw,ward,0.39250174164772034
100.0,standard,prophet,euclidean,dtw,weighted,0.2588088810443878
170.0,minmax,prophet,dtw,dtw,ward,0.4054329991340637
401.0,minmax,mean,euclidean,dtw,average,0.4125627279281616
403.0,minmax,linear,euclidean,dtw,average,0.43251365423202515
346.0,minmax,median,dtw,dtw,ward,0.31777435541152954
218.0,standard,linear,dtw,dtw,ward,0.4014602601528168
418.0,minmax,linear,euclidean,dtw,average,0.4231283664703369
920.0,minmax,prophet,euclidean,mean,average,0.026571322232484818
125.0,standard,prophet,dtw,dtw,ward,0.4159518778324127
409.0,minmax,mean,euclidean,dtw,average,0.4221380949020386
247.0,minmax,median,dtw,dtw,ward,0.3605625629425049
738.0,minmax,mean,euclidean,dtw,weighted,0.22547507286071777
491.0,minmax,median,euclidean,dtw,ward,0.3652992248535156
433.0,minmax,prophet,euclidean,dtw,average,0.436432808637619
142.0,standard,linear,dtw,dtw,ward,0.4216770529747009
225.0,standard,linear,dtw,dtw,ward,0.39681705832481384
127.0,standard,linear,dtw,dtw,ward,0.3862719237804413
750.0,minmax,median,euclidean,median,ward,0.03177204728126526
425.0,standard,prophet,euclidean,dtw,ward,0.388033926486969
58.0,standard,linear,euclidean,dtw,ward,0.31668952107429504
7.0,minmax,prophet,euclidean,dtw,ward,0.3008098304271698
169.0,minmax,mean,dtw,dtw,ward,0.3448849320411682
427.0,minmax,linear,euclidean,dtw,ward,0.40097343921661377
96.0,minmax,prophet,dtw,dtw,ward,0.3720811605453491
900.0,minmax,prophet,dtw,prophet,median,0.006886629853397608
195.0,zscore,median,dtw,dtw,ward,0.12788237631320953
451.0,zscore,mean,euclidean,median,average,0.009081813506782055
135.0,standard,median,dtw,dtw,ward,0.3834816515445709
427.0,minmax,linear,euclidean,dtw,average,0.3569836914539337
68.0,minmax,prophet,euclidean,dtw,ward,0.28255072236061096
136.0,standard,prophet,dtw,dtw,ward,0.4159518778324127
211.0,minmax,mean,euclidean,dtw,ward,0.31155043840408325
390.0,minmax,linear,euclidean,dtw,average,0.3920261859893799
299.0,minmax,median,euclidean,dtw,average,0.3673012852668762
418.0,minmax,prophet,euclidean,dtw,average,0.4457435607910156
181.0,minmax,prophet,dtw,dtw,weighted,0.3942832052707672
408.0,minmax,median,euclidean,dtw,average,0.39611250162124634
80.0,standard,prophet,euclidean,dtw,ward,0.30077028274536133
416.0,minmax,mean,euclidean,dtw,average,0.3651523292064667
53.0,minmax,mean,dtw,dtw,ward,0.295939564704895
412.0,minmax,linear,euclidean,dtw,average,0.41680604219436646
408.0,minmax,mean,euclidean,dtw,average,0.3941385746002197
322.0,standard,median,dtw,dtw,ward,0.37474215030670166
419.0,minmax,prophet,euclidean,dtw,average,0.43916773796081543
127.0,standard,prophet,dtw,dtw,ward,0.4159518778324127
107.0,minmax,prophet,dtw,dtw,ward,0.3671480119228363
415.0,minmax,median,euclidean,dtw,single,2.3639198843738995e-05
41.0,minmax,prophet,dtw,mean,weighted,0.07043804973363876
118.0,standard,prophet,dtw,dtw,ward,0.41308367252349854
281.0,minmax,mean,euclidean,dtw,ward,0.3239522874355316
152.0,minmax,linear,euclidean,dtw,average,0.312004417181015
273.0,standard,mean,euclidean,dtw,ward,0.3030983805656433
406.0,minmax,mean,euclidean,dtw,average,0.4336495101451874
161.0,minmax,prophet,euclidean,dtw,ward,0.33643248677253723
256.0,standard,mean,dtw,dtw,ward,0.38468411564826965
1093.0,zscore,prophet,euclidean,mode,single,0.00011834351607831195
407.0,minmax,median,euclidean,dtw,average,0.39518842101097107
110.0,minmax,median,dtw,dtw,ward,0.34233447909355164
288.0,standard,linear,euclidean,dtw,average,0.3596338927745819
84.0,standard,median,euclidean,dtw,hdbscan,0.13430342078208923
217.0,standard,mean,dtw,dtw,ward,0.3933166563510895
284.0,standard,prophet,euclidean,dtw,median,0.16468019783496857
2.0,zscore,linear,dtw,prophet,ward,0.08519262075424194
1030.0,minmax,prophet,dtw,dtw,complete,0.19899508357048035
270.0,standard,prophet,dtw,dtw,ward,0.298489511013031
611.0,minmax,linear,euclidean,mode,ward,0.04516284167766571
134.0,minmax,median,euclidean,dtw,average,0.3296315371990204
214.0,standard,prophet,dtw,dtw,ward,0.39339157938957214
524.0,zscore,prophet,dtw,dtw,ward,0.14261256158351898
145.0,standard,median,euclidean,dtw,ward,0.2995884120464325
166.0,standard,prophet,euclidean,dtw,complete,0.1121615320444107
417.0,minmax,mean,euclidean,dtw,ward,0.3842358887195587
178.0,standard,prophet,dtw,dtw,weighted,0.26480549573898315
399.0,standard,prophet,euclidean,dtw,ward,0.28233516216278076
417.0,minmax,mean,euclidean,dtw,average,0.441924124956131
495.0,standard,mean,euclidean,dtw,ward,0.36972910165786743
472.0,minmax,median,euclidean,dtw,ward,0.3740606904029846
5.0,zscore,prophet,euclidean,dtw,complete,0.004294277168810368
224.0,minmax,mean,euclidean,dtw,average,0.3249799311161041
408.0,minmax,linear,euclidean,dtw,average,0.3941385746002197
209.0,standard,prophet,dtw,dtw,ward,0.3761969804763794
232.0,standard,median,dtw,dtw,ward,0.37162190675735474
139.0,minmax,prophet,dtw,dtw,ward,0.40697383880615234
143.0,standard,mean,dtw,dtw,ward,0.40315428376197815
133.0,standard,prophet,dtw,dtw,ward,0.4159518778324127
126.0,standard,prophet,dtw,dtw,ward,0.4159518778324127
329.0,minmax,mean,euclidean,dtw,average,0.33468520641326904
137.0,standard,prophet,dtw,dtw,ward,0.4159518778324127
1124.0,minmax,mean,dtw,mode,centroid,0.004724507685750723
223.0,standard,prophet,dtw,dtw,ward,0.4074191749095917
566.0,minmax,median,euclidean,dtw,ward,0.33553966879844666
128.0,standard,prophet,dtw,dtw,ward,0.4159518778324127
2.0,zscore,linear,euclidean,dtw,ward,0.16239033639431
219.0,standard,prophet,dtw,dtw,ward,0.4067923426628113
507.0,minmax,prophet,euclidean,dtw,ward,0.369375079870224
528.0,minmax,mean,euclidean,dtw,ward,0.38712629675865173
413.0,minmax,linear,euclidean,dtw,average,0.43805378675460815
48.0,standard,mean,dtw,dtw,ward,0.3719977140426636
398.0,minmax,median,euclidean,dtw,average,0.38257190585136414
1070.0,minmax,prophet,euclidean,dtw,average,0.1722043752670288
190.0,standard,mean,dtw,dtw,ward,0.3960804343223572
142.0,minmax,linear,dtw,dtw,ward,0.3592992126941681
405.0,minmax,linear,euclidean,dtw,average,0.4191613495349884
284.0,minmax,prophet,euclidean,dtw,ward,0.35743963718414307
271.0,minmax,linear,euclidean,dtw,ward,0.3525340259075165
333.0,minmax,prophet,dtw,dtw,ward,0.3102829158306122
123.0,minmax,prophet,dtw,dtw,average,0.2906387150287628
218.0,standard,prophet,dtw,dtw,ward,0.4000110328197479
2.0,standard,median,euclidean,dtw,ward,0.28294646739959717
410.0,minmax,prophet,euclidean,dtw,average,0.4412872791290283
196.0,minmax,prophet,euclidean,dtw,ward,0.3065577447414398
402.0,minmax,mean,euclidean,dtw,average,0.40377601981163025
248.0,minmax,prophet,dtw,dtw,ward,0.29634544253349304
282.0,minmax,median,dtw,dtw,weighted,0.25300222635269165
128.0,minmax,prophet,euclidean,dtw,weighted,0.3012600541114807
313.0,standard,prophet,dtw,dtw,ward,0.3503575623035431
1088.0,zscore,mean,euclidean,dtw,median,9.384165423398372e-06
920.0,standard,mean,dtw,dtw,ward,0.24164634943008423
1196.0,minmax,prophet,euclidean,dtw,ward,0.2505975067615509
418.0,minmax,median,euclidean,dtw,average,0.43401163816452026
91.0,minmax,prophet,dtw,dtw,ward,0.3744201958179474
221.0,standard,linear,dtw,dtw,ward,0.4055729806423187
135.0,standard,prophet,dtw,dtw,hdbscan,0.1525212824344635
403.0,minmax,median,euclidean,dtw,average,0.4350604712963104
170.0,standard,median,euclidean,dtw,ward,0.29534345865249634
83.0,minmax,prophet,dtw,mode,ward,0.14216063916683197
428.0,minmax,linear,euclidean,dtw,average,0.37662285566329956
403.0,minmax,prophet,euclidean,dtw,average,0.4365878999233246
435.0,minmax,mean,euclidean,dtw,average,0.3913753628730774
420.0,minmax,mean,euclidean,dtw,average,0.4207192659378052
131.0,standard,prophet,dtw,dtw,ward,0.4159518778324127
398.0,minmax,mean,euclidean,dtw,average,0.43728381395339966
25.0,zscore,prophet,dtw,dtw,ward,0.05790068209171295
316.0,minmax,prophet,euclidean,dtw,ward,0.3311525881290436
27.0,zscore,mean,euclidean,mean,ward,0.0024772544857114553
145.0,minmax,prophet,euclidean,dtw,ward,0.33114635944366455
265.0,minmax,linear,euclidean,dtw,average,0.3233877420425415
400.0,minmax,linear,dtw,dtw,ward,0.2979561388492584
116.0,standard,prophet,dtw,dtw,ward,0.41308367252349854
283.0,standard,mean,euclidean,dtw,average,0.34499964118003845
132.0,minmax,prophet,euclidean,dtw,ward,0.2950798571109772
109.0,minmax,prophet,dtw,dtw,ward,0.35157325863838196
143.0,standard,linear,dtw,dtw,ward,0.38213616609573364
445.0,minmax,prophet,euclidean,dtw,average,0.3858277499675751
311.0,minmax,mean,euclidean,dtw,centroid,0.3174711763858795
255.0,minmax,prophet,euclidean,dtw,ward,0.3472568094730377
422.0,minmax,prophet,euclidean,dtw,average,0.435373991727829
825.0,standard,prophet,euclidean,mean,ward,0.0035560857504606247
209.0,standard,prophet,dtw,dtw,single,9.384165423398372e-06
406.0,minmax,prophet,euclidean,dtw,average,0.43306174874305725
184.0,standard,mean,euclidean,dtw,ward,0.3062761723995209
197.0,standard,prophet,euclidean,dtw,ward,0.3362235724925995
30.0,minmax,mean,euclidean,median,ward,0.13995689153671265
6.0,minmax,mean,dtw,dtw,ward,0.2850237190723419
432.0,minmax,prophet,dtw,dtw,ward,0.351766437292099
483.0,minmax,prophet,euclidean,dtw,ward,0.3729957938194275
134.0,standard,prophet,dtw,dtw,ward,0.4159518778324127
83.0,minmax,median,dtw,dtw,ward,0.3649033308029175
139.0,standard,median,dtw,dtw,ward,0.406637579202652
213.0,standard,mean,euclidean,dtw,average,0.3462691009044647
409.0,minmax,prophet,euclidean,dtw,average,0.42561113834381104
250.0,standard,median,dtw,dtw,ward,0.36595356464385986
248.0,standard,mean,dtw,dtw,average,0.2142414003610611
33.0,standard,median,dtw,dtw,ward,0.30615657567977905
415.0,minmax,mean,euclidean,dtw,average,0.43859466910362244
298.0,minmax,linear,euclidean,dtw,weighted,0.264464408159256
431.0,minmax,prophet,euclidean,dtw,average,0.41652119159698486
502.0,minmax,mean,euclidean,dtw,ward,0.39343544840812683
173.0,minmax,prophet,dtw,dtw,weighted,0.3153473436832428
141.0,standard,linear,dtw,dtw,ward,0.4216770529747009
192.0,minmax,linear,euclidean,dtw,average,0.3330247104167938
169.0,minmax,linear,dtw,dtw,average,0.32235777378082275
407.0,minmax,prophet,euclidean,dtw,average,0.4208184480667114
437.0,standard,prophet,euclidean,dtw,ward,0.3605489730834961
124.0,standard,prophet,dtw,dtw,ward,0.4092739522457123
62.0,standard,prophet,dtw,dtw,ward,0.36194512248039246
417.0,minmax,linear,euclidean,dtw,average,0.441924124956131
163.0,minmax,mean,euclidean,dtw,weighted,0.2807174026966095
89.0,standard,prophet,dtw,dtw,ward,0.3025110065937042
18.0,minmax,prophet,dtw,dtw,ward,0.30836376547813416
6.0,standard,prophet,dtw,dtw,weighted,0.1402348428964615
417.0,minmax,prophet,euclidean,dtw,average,0.43435752391815186
404.0,minmax,prophet,euclidean,dtw,average,0.42750856280326843
365.0,standard,mean,dtw,dtw,ward,0.24962861835956573
114.0,standard,prophet,dtw,dtw,ward,0.41308367252349854
399.0,minmax,median,euclidean,dtw,average,0.4491363763809204
26.0,minmax,linear,dtw,dtw,ward,0.33330437541007996
685.0,minmax,prophet,dtw,dtw,ward,0.25342246890068054
447.0,minmax,prophet,euclidean,dtw,ward,0.3546879291534424
89.0,minmax,mean,dtw,dtw,ward,0.3711763620376587
526.0,zscore,prophet,euclidean,prophet,single,-2.0483525076997466e-05
578.0,minmax,prophet,euclidean,dtw,ward,0.3386746644973755
429.0,standard,mean,euclidean,dtw,ward,0.38205471634864807
22.0,minmax,median,euclidean,dtw,centroid,0.008094817399978638
118.0,standard,median,dtw,dtw,ward,0.36740463972091675
122.0,standard,prophet,dtw,dtw,ward,0.4092739522457123
426.0,minmax,prophet,euclidean,dtw,average,0.40575242042541504
188.0,minmax,prophet,dtw,dtw,weighted,0.29919812083244324
50.0,standard,prophet,dtw,dtw,ward,0.36194512248039246
10.0,standard,linear,euclidean,dtw,centroid,0.00804020557552576
131.0,minmax,prophet,dtw,dtw,ward,0.39250174164772034
812.0,minmax,prophet,euclidean,prophet,ward,0.1731526106595993
403.0,standard,linear,euclidean,dtw,average,0.3432454466819763
122.0,minmax,prophet,dtw,dtw,ward,0.3906640112400055
54.0,standard,prophet,dtw,dtw,weighted,0.20414753258228302
411.0,minmax,prophet,euclidean,dtw,average,0.45318135619163513
401.0,minmax,median,euclidean,dtw,average,0.41950732469558716
138.0,standard,linear,dtw,dtw,ward,0.406637579202652
123.0,standard,prophet,dtw,dtw,ward,0.4159518778324127
205.0,minmax,mean,dtw,dtw,ward,0.41253095865249634
293.0,minmax,mean,dtw,dtw,ward,0.3390061855316162
130.0,standard,prophet,dtw,dtw,ward,0.4159518778324127
88.0,minmax,prophet,euclidean,dtw,average,0.2302008867263794
422.0,minmax,prophet,euclidean,dtw,ward,0.37888529896736145
105.0,standard,mean,dtw,dtw,weighted,0.3015187680721283
480.0,minmax,prophet,dtw,dtw,ward,0.3094291090965271
412.0,minmax,prophet,euclidean,dtw,ward,0.37177494168281555
458.0,minmax,mean,euclidean,dtw,ward,0.3588368594646454
289.0,minmax,median,euclidean,dtw,ward,0.35805895924568176
134.0,minmax,mean,dtw,dtw,ward,0.3441590666770935
125.0,standard,mean,dtw,dtw,ward,0.3958013951778412
215.0,standard,prophet,dtw,dtw,ward,0.41435807943344116
166.0,standard,prophet,dtw,dtw,ward,0.2947944104671478
152.0,zscore,prophet,dtw,mean,weighted,0.0345267690718174
146.0,standard,prophet,dtw,dtw,ward,0.3950895667076111
442.0,standard,prophet,euclidean,dtw,average,0.30346742272377014
174.0,minmax,prophet,dtw,dtw,average,0.313667356967926
356.0,minmax,prophet,euclidean,dtw,average,0.3257521986961365
1049.0,standard,linear,dtw,dtw,centroid,0.15856043994426727
126.0,minmax,prophet,dtw,dtw,ward,0.4023849368095398
428.0,minmax,prophet,euclidean,dtw,ward,0.3974761366844177
604.0,standard,mean,dtw,dtw,ward,0.2856692969799042
292.0,minmax,prophet,euclidean,dtw,centroid,0.3533409535884857
375.0,minmax,prophet,euclidean,dtw,ward,0.36275309324264526
142.0,standard,prophet,dtw,dtw,ward,0.4159518778324127
414.0,minmax,mean,euclidean,dtw,average,0.41301482915878296
4.0,standard,mean,euclidean,dtw,weighted,0.17482340335845947
406.0,minmax,median,euclidean,dtw,ward,0.3412897288799286
311.0,minmax,median,euclidean,prophet,centroid,0.05511626973748207
424.0,minmax,prophet,euclidean,dtw,average,0.3486022651195526
376.0,minmax,linear,euclidean,dtw,average,0.3818936049938202
140.0,minmax,prophet,dtw,dtw,ward,0.40697383880615234
9.0,zscore,linear,euclidean,median,complete,0.003920080605894327
222.0,minmax,linear,dtw,dtw,ward,0.31078416109085083
96.0,minmax,median,dtw,dtw,ward,0.3409144878387451
302.0,minmax,prophet,dtw,dtw,centroid,0.2478182017803192
288.0,standard,mean,euclidean,dtw,centroid,0.2789616584777832
314.0,standard,mean,dtw,dtw,ward,0.3142467737197876
457.0,standard,median,euclidean,dtw,ward,0.3119584918022156
212.0,standard,linear,dtw,dtw,ward,0.39482367038726807
125.0,standard,prophet,euclidean,dtw,ward,0.30342796444892883
303.0,minmax,mean,euclidean,dtw,ward,0.34989601373672485
395.0,minmax,linear,euclidean,dtw,average,0.4089759886264801
419.0,standard,prophet,dtw,dtw,ward,0.3190125823020935
448.0,minmax,linear,dtw,dtw,average,0.1904183179140091
143.0,standard,prophet,dtw,dtw,ward,0.3950895667076111
529.0,standard,prophet,euclidean,dtw,ward,0.3273848295211792
132.0,standard,prophet,dtw,dtw,ward,0.4159518778324127
506.0,standard,median,dtw,dtw,ward,0.29702824354171753
66.0,minmax,median,dtw,dtw,ward,0.2860391139984131
425.0,minmax,linear,euclidean,dtw,average,0.3592173755168915
209.0,standard,median,dtw,dtw,weighted,0.16203981637954712
240.0,minmax,mean,dtw,dtw,ward,0.3385832607746124
408.0,minmax,prophet,euclidean,dtw,average,0.3891281485557556
107.0,minmax,median,euclidean,dtw,ward,0.3040608763694763
534.0,standard,prophet,dtw,dtw,ward,0.33330628275871277
183.0,minmax,prophet,dtw,dtw,ward,0.33968019485473633
404.0,minmax,median,euclidean,dtw,average,0.41739243268966675
161.0,minmax,median,euclidean,prophet,ward,0.20885935425758362
195.0,minmax,prophet,dtw,dtw,ward,0.338731050491333
272.0,minmax,median,euclidean,dtw,centroid,0.2870715260505676
97.0,minmax,mean,dtw,dtw,weighted,0.32995983958244324
412.0,minmax,mean,euclidean,dtw,average,0.41680604219436646
127.0,minmax,prophet,dtw,dtw,ward,0.4023849368095398
132.0,zscore,median,dtw,dtw,weighted,0.00017623617895878851
397.0,minmax,linear,euclidean,dtw,average,0.44085222482681274
191.0,minmax,mean,dtw,dtw,ward,0.347539484500885
42.0,minmax,prophet,dtw,dtw,ward,0.2832394540309906
121.0,standard,prophet,dtw,dtw,ward,0.4092739522457123
144.0,minmax,prophet,euclidean,dtw,centroid,0.04341861978173256
119.0,minmax,prophet,dtw,dtw,weighted,0.29676854610443115
8.0,minmax,linear,dtw,dtw,complete,0.1361854523420334
333.0,standard,prophet,dtw,dtw,average,0.1841164380311966
924.0,standard,median,euclidean,dtw,ward,0.2524719834327698
131.0,standard,mean,dtw,dtw,ward,0.3930724859237671
259.0,standard,median,euclidean,dtw,ward,0.2825120985507965
423.0,standard,median,euclidean,dtw,ward,0.32994598150253296
176.0,standard,mean,dtw,dtw,ward,0.334005206823349
51.0,minmax,mean,euclidean,dtw,complete,0.11876015365123749
139.0,standard,prophet,dtw,dtw,weighted,0.2793152332305908
53.0,standard,median,dtw,dtw,ward,0.37137356400489807
420.0,minmax,prophet,euclidean,dtw,average,0.424494206905365
137.0,standard,mean,dtw,dtw,ward,0.3930724859237671
42.0,standard,prophet,euclidean,dtw,ward,0.26196303963661194
140.0,standard,linear,dtw,dtw,ward,0.406637579202652
400.0,minmax,median,euclidean,dtw,average,0.43417122960090637
817.0,minmax,prophet,euclidean,dtw,ward,0.2616698145866394
152.0,minmax,linear,dtw,dtw,ward,0.32012638449668884
177.0,minmax,linear,dtw,dtw,ward,0.3553408682346344
140.0,standard,prophet,dtw,dtw,ward,0.4159518778324127
141.0,standard,prophet,dtw,dtw,average,0.26499468088150024
204.0,standard,mean,dtw,dtw,ward,0.3253060281276703
304.0,standard,mean,euclidean,dtw,average,0.32399025559425354
408.0,minmax,linear,euclidean,dtw,centroid,0.3787885010242462
420.0,minmax,linear,euclidean,dtw,average,0.4207192659378052
401.0,minmax,prophet,euclidean,dtw,average,0.40196534991264343
412.0,minmax,median,euclidean,dtw,average,0.4178867042064667
1087.0,zscore,prophet,euclidean,dtw,ward,0.15090303122997284
279.0,standard,mean,dtw,dtw,ward,0.3762485086917877
396.0,minmax,mean,euclidean,dtw,average,0.40717217326164246
182.0,standard,median,dtw,dtw,ward,0.3764241337776184
416.0,minmax,linear,euclidean,dtw,average,0.3651523292064667
147.0,minmax,prophet,dtw,dtw,ward,0.36003097891807556
568.0,minmax,mean,euclidean,prophet,single,8.710745169082657e-05
151.0,standard,mean,dtw,dtw,ward,0.35499832034111023
242.0,minmax,median,euclidean,dtw,ward,0.3291558623313904
414.0,minmax,linear,euclidean,dtw,average,0.41301482915878296
399.0,minmax,median,euclidean,prophet,ward,0.2285417765378952
138.0,standard,prophet,dtw,dtw,ward,0.4159518778324127
457.0,standard,prophet,dtw,dtw,ward,0.2728661298751831
109.0,standard,prophet,dtw,dtw,ward,0.34816670417785645
3.0,minmax,prophet,dtw,median,ward,0.15671952068805695
139.0,standard,prophet,dtw,dtw,ward,0.4159518778324127
561.0,minmax,prophet,euclidean,dtw,ward,0.37669941782951355
137.0,minmax,prophet,dtw,dtw,ward,0.40697383880615234
387.0,minmax,prophet,euclidean,dtw,average,0.3479350805282593
411.0,minmax,linear,euclidean,dtw,average,0.4521463215351105
220.0,standard,prophet,dtw,dtw,ward,0.40424391627311707
136.0,standard,linear,dtw,dtw,ward,0.406637579202652
424.0,minmax,linear,euclidean,dtw,average,0.3945125937461853
415.0,minmax,linear,euclidean,dtw,average,0.43634742498397827
121.0,standard,mean,dtw,dtw,ward,0.3958013951778412
335.0,standard,prophet,euclidean,dtw,ward,0.25819870829582214
314.0,minmax,median,dtw,dtw,ward,0.33353254199028015
1115.0,zscore,mean,dtw,dtw,hdbscan,0.0010000000474974513
217.0,standard,prophet,dtw,dtw,ward,0.41435807943344116
255.0,standard,linear,euclidean,dtw,centroid,0.3044412434101105
146.0,minmax,prophet,dtw,dtw,average,0.30942967534065247
122.0,standard,mean,dtw,dtw,median,0.1828325390815735
169.0,minmax,prophet,dtw,dtw,ward,0.3899971842765808
560.0,minmax,linear,euclidean,dtw,centroid,0.2578645348548889
414.0,minmax,prophet,euclidean,dtw,average,0.4423465430736542
1104.0,minmax,mean,euclidean,dtw,ward,0.2358180582523346
90.0,standard,prophet,dtw,dtw,average,0.25736817717552185
214.0,standard,median,dtw,dtw,ward,0.39482367038726807
422.0,minmax,linear,euclidean,dtw,average,0.42338526248931885
114.0,minmax,prophet,dtw,dtw,ward,0.35866448283195496
535.0,minmax,prophet,dtw,dtw,ward,0.3055941164493561
226.0,zscore,median,dtw,median,complete,0.013252973556518555
271.0,minmax,prophet,dtw,dtw,ward,0.32348114252090454
139.0,standard,linear,dtw,dtw,ward,0.406637579202652
280.0,minmax,median,dtw,dtw,ward,0.35739871859550476
84.0,standard,mean,dtw,dtw,ward,0.31756505370140076
103.0,standard,linear,euclidean,dtw,ward,0.31373482942581177
