Comperiod,Scaling,Interpolation,Similarity,Unsynced,Linkmeth,ray/tune/_metric
170.0,zscore,median,dtw,median,complete,0.019000781700015068
244.0,standard,prophet,euclidean,prophet,weighted,0.1757761538028717
159.0,minmax,mean,dtw,prophet,weighted,0.17256422340869904
80.0,minmax,linear,dtw,prophet,complete,0.1617075651884079
164.0,standard,median,dtw,prophet,complete,0.17871713638305664
724.0,zscore,prophet,dtw,median,weighted,0.03540562093257904
165.0,standard,linear,dtw,prophet,weighted,0.20545010268688202
25.0,standard,linear,euclidean,prophet,complete,0.22238411009311676
197.0,minmax,median,dtw,prophet,complete,0.16957750916481018
6.0,standard,prophet,dtw,prophet,median,0.16139103472232819
158.0,minmax,median,dtw,prophet,weighted,0.1951841115951538
857.0,standard,median,dtw,median,median,0.004449345637112856
254.0,standard,median,dtw,prophet,weighted,0.18544207513332367
20.0,minmax,linear,euclidean,prophet,complete,0.13434013724327087
37.0,standard,linear,dtw,prophet,weighted,0.16047802567481995
3.0,standard,mean,dtw,prophet,complete,0.19006553292274475
98.0,standard,linear,dtw,prophet,complete,0.15917927026748657
176.0,standard,mean,dtw,prophet,complete,0.16759949922561646
58.0,minmax,median,dtw,mode,complete,0.13066242635250092
314.0,minmax,median,dtw,prophet,ward,0.1566009372472763
324.0,zscore,median,dtw,prophet,centroid,0.003961462061852217
550.0,standard,prophet,euclidean,prophet,weighted,0.18286362290382385
232.0,standard,linear,dtw,prophet,weighted,0.15864068269729614
111.0,minmax,median,dtw,prophet,weighted,0.2023368924856186
44.0,standard,mean,dtw,prophet,complete,0.21240435540676117
262.0,standard,median,dtw,prophet,weighted,0.21075035631656647
58.0,minmax,linear,dtw,prophet,complete,0.15626323223114014
731.0,zscore,mean,dtw,median,hdbscan,0.013725923374295235
822.0,standard,prophet,dtw,median,complete,0.006984920706599951
206.0,standard,linear,dtw,prophet,ward,0.1437709629535675
27.0,standard,median,euclidean,prophet,complete,0.19995516538619995
6.0,standard,median,euclidean,prophet,complete,0.21500036120414734
165.0,standard,prophet,dtw,prophet,weighted,0.16159388422966003
155.0,minmax,median,dtw,prophet,complete,0.15137311816215515
165.0,minmax,prophet,dtw,prophet,ward,0.1501990705728531
899.0,standard,mean,euclidean,prophet,weighted,0.09532121568918228
56.0,minmax,median,dtw,prophet,complete,0.2801241874694824
2.0,standard,median,dtw,prophet,average,0.15300734341144562
39.0,standard,mean,dtw,prophet,complete,0.22758588194847107
479.0,minmax,prophet,dtw,median,complete,0.014470962807536125
192.0,standard,prophet,dtw,prophet,weighted,0.17843952775001526
155.0,standard,median,dtw,prophet,ward,0.14478124678134918
23.0,minmax,median,dtw,prophet,ward,0.1435268521308899
18.0,minmax,median,dtw,prophet,complete,0.20082987844944
474.0,minmax,mean,dtw,prophet,median,0.08327501267194748
60.0,standard,prophet,euclidean,prophet,ward,0.22519685328006744
100.0,zscore,linear,euclidean,median,ward,0.0533747598528862
158.0,standard,prophet,euclidean,prophet,weighted,0.1343100517988205
286.0,standard,median,dtw,prophet,complete,0.11868903785943985
37.0,standard,median,euclidean,prophet,ward,0.1926061064004898
218.0,standard,median,dtw,prophet,ward,0.16229821741580963
648.0,standard,median,dtw,prophet,complete,0.13428665697574615
211.0,standard,linear,euclidean,prophet,weighted,0.1219991073012352
48.0,standard,mean,euclidean,prophet,weighted,0.19072265923023224
8.0,minmax,median,dtw,prophet,complete,0.20510214567184448
49.0,standard,median,euclidean,prophet,ward,0.18393391370773315
233.0,minmax,median,dtw,prophet,weighted,0.12972590327262878
111.0,standard,median,dtw,prophet,ward,0.1588219851255417
668.0,minmax,prophet,euclidean,mode,weighted,0.003965477459132671
422.0,minmax,median,dtw,mode,ward,0.018521517515182495
53.0,standard,mean,dtw,prophet,complete,0.2095048576593399
120.0,standard,median,dtw,prophet,weighted,0.1776750385761261
18.0,minmax,mean,dtw,prophet,weighted,0.19539140164852142
60.0,standard,linear,euclidean,prophet,ward,0.18828819692134857
29.0,standard,linear,euclidean,prophet,complete,0.22238411009311676
331.0,standard,prophet,euclidean,prophet,ward,0.15430402755737305
218.0,standard,median,dtw,prophet,weighted,0.22482912242412567
49.0,standard,median,euclidean,prophet,complete,0.170192152261734
552.0,standard,median,dtw,prophet,weighted,0.18139241635799408
156.0,standard,linear,dtw,prophet,weighted,0.18911245465278625
119.0,standard,prophet,dtw,prophet,ward,0.12875491380691528
55.0,minmax,median,dtw,prophet,complete,0.2801241874694824
268.0,standard,linear,dtw,prophet,complete,0.1654791384935379
20.0,standard,mean,dtw,prophet,weighted,0.1658509373664856
64.0,standard,median,euclidean,prophet,ward,0.1936265528202057
442.0,standard,median,dtw,prophet,weighted,0.17207373678684235
121.0,standard,median,dtw,prophet,ward,0.18167799711227417
22.0,minmax,median,dtw,prophet,complete,0.2007419764995575
247.0,zscore,linear,dtw,dtw,average,0.017296062782406807
34.0,minmax,mean,dtw,prophet,weighted,0.2071252465248108
114.0,zscore,prophet,dtw,mean,weighted,0.02884194813668728
172.0,standard,linear,dtw,prophet,complete,0.1903611272573471
40.0,minmax,prophet,dtw,prophet,complete,0.16517823934555054
49.0,standard,linear,euclidean,prophet,ward,0.1928391456604004
59.0,minmax,median,dtw,prophet,hdbscan,0.03422600403428078
696.0,minmax,mean,euclidean,median,median,0.00394460279494524
28.0,standard,linear,euclidean,prophet,complete,0.22238411009311676
11.0,standard,median,euclidean,prophet,complete,0.19431310892105103
21.0,standard,linear,euclidean,prophet,complete,0.22537893056869507
380.0,standard,linear,euclidean,prophet,weighted,0.19736406207084656
3.0,standard,median,dtw,prophet,weighted,0.16964957118034363
89.0,minmax,prophet,dtw,mode,weighted,0.11960118263959885
317.0,standard,median,dtw,prophet,complete,0.1704012006521225
33.0,minmax,mean,dtw,prophet,complete,0.14303553104400635
22.0,standard,mean,dtw,prophet,complete,0.18827447295188904
240.0,minmax,mean,euclidean,median,weighted,0.012024265713989735
156.0,minmax,median,dtw,prophet,ward,0.16722972691059113
178.0,minmax,median,dtw,prophet,weighted,0.1616419106721878
169.0,standard,mean,dtw,prophet,weighted,0.17167213559150696
198.0,standard,linear,euclidean,median,centroid,-0.0037913371343165636
280.0,standard,median,dtw,prophet,weighted,0.18358397483825684
20.0,standard,median,dtw,prophet,ward,0.14824074506759644
18.0,standard,median,dtw,prophet,average,0.15296489000320435
521.0,zscore,prophet,euclidean,dtw,centroid,-0.0025801784358918667
2.0,minmax,linear,euclidean,prophet,ward,0.1425076723098755
114.0,minmax,median,dtw,prophet,ward,0.17353877425193787
507.0,zscore,linear,euclidean,mode,median,3.782658950512996e-06
46.0,standard,mean,euclidean,prophet,ward,0.19829918444156647
156.0,standard,mean,euclidean,mean,centroid,0.00276324269361794
640.0,zscore,mean,dtw,prophet,centroid,0.004171775653958321
24.0,standard,linear,euclidean,prophet,complete,0.22238411009311676
118.0,minmax,median,dtw,prophet,weighted,0.20808911323547363
576.0,standard,linear,dtw,prophet,complete,0.15127404034137726
226.0,standard,mean,euclidean,mode,complete,0.02623557299375534
154.0,standard,median,euclidean,prophet,ward,0.18532347679138184
535.0,standard,median,dtw,prophet,weighted,0.19198158383369446
47.0,standard,prophet,dtw,prophet,single,-0.000885056215338409
10.0,minmax,median,euclidean,prophet,complete,0.09850063920021057
836.0,minmax,linear,dtw,prophet,average,0.033728498965501785
31.0,standard,mean,dtw,prophet,complete,0.17920270562171936
24.0,minmax,median,dtw,prophet,weighted,0.1988602876663208
34.0,standard,median,dtw,mean,median,0.021488748490810394
2.0,standard,linear,dtw,prophet,complete,0.1686663031578064
168.0,minmax,linear,dtw,prophet,complete,0.14237385988235474
4.0,minmax,median,dtw,prophet,weighted,0.1954692304134369
70.0,standard,prophet,euclidean,prophet,weighted,0.1688581109046936
15.0,standard,prophet,dtw,dtw,median,0.06613805890083313
584.0,zscore,prophet,dtw,mean,centroid,0.053077373653650284
165.0,standard,median,dtw,prophet,weighted,0.17189735174179077
57.0,minmax,median,dtw,prophet,complete,0.2752610743045807
542.0,zscore,prophet,euclidean,prophet,average,0.0012329753953963518
487.0,minmax,prophet,dtw,dtw,complete,0.0840042382478714
57.0,minmax,median,dtw,prophet,centroid,0.1854756772518158
451.0,standard,linear,euclidean,prophet,weighted,0.15544240176677704
577.0,standard,mean,euclidean,median,median,0.007903770543634892
176.0,standard,median,dtw,prophet,ward,0.1403081864118576
379.0,standard,median,dtw,prophet,weighted,0.16986127197742462
644.0,standard,prophet,euclidean,prophet,weighted,0.17078936100006104
175.0,standard,linear,dtw,prophet,weighted,0.1887100785970688
255.0,standard,linear,euclidean,prophet,complete,0.17291681468486786
140.0,minmax,median,dtw,prophet,complete,0.124918632209301
188.0,standard,median,dtw,prophet,weighted,0.18270452320575714
180.0,standard,median,dtw,prophet,weighted,0.20465601980686188
26.0,standard,linear,euclidean,prophet,complete,0.22238411009311676
338.0,zscore,mean,euclidean,median,average,0.01327868364751339
12.0,standard,linear,euclidean,prophet,complete,0.19968007504940033
815.0,zscore,mean,euclidean,mean,weighted,0.041421305388212204
717.0,minmax,median,euclidean,dtw,average,0.060811787843704224
710.0,zscore,linear,dtw,mode,weighted,0.009936298243701458
467.0,standard,median,dtw,prophet,weighted,0.1739366501569748
65.0,minmax,median,dtw,prophet,complete,0.18011370301246643
70.0,standard,mean,dtw,prophet,weighted,0.15802203118801117
70.0,standard,linear,dtw,prophet,ward,0.17325253784656525
692.0,standard,prophet,euclidean,prophet,weighted,0.17392443120479584
766.0,zscore,mean,dtw,dtw,weighted,-0.0036220340989530087
625.0,minmax,linear,euclidean,prophet,weighted,0.1189461275935173
254.0,zscore,linear,dtw,prophet,centroid,0.003714810824021697
210.0,standard,median,dtw,prophet,weighted,0.1958477795124054
64.0,standard,mean,dtw,prophet,complete,0.16779497265815735
199.0,standard,median,euclidean,prophet,weighted,0.11303874850273132
114.0,standard,mean,dtw,prophet,complete,0.13324683904647827
405.0,standard,prophet,euclidean,prophet,weighted,0.16125178337097168
184.0,zscore,mean,dtw,mode,weighted,0.002004186622798443
23.0,standard,linear,euclidean,prophet,complete,0.22543995082378387
98.0,standard,linear,dtw,prophet,ward,0.13974763453006744
41.0,standard,linear,dtw,prophet,complete,0.1668803095817566
415.0,standard,median,dtw,median,weighted,0.0033297387417405844
31.0,standard,linear,euclidean,prophet,complete,0.21946698427200317
58.0,minmax,median,dtw,prophet,complete,0.2752610743045807
265.0,standard,mean,dtw,prophet,weighted,0.16261804103851318
3.0,zscore,linear,euclidean,prophet,weighted,0.05212770029902458
126.0,minmax,median,dtw,prophet,weighted,0.16266115009784698
108.0,standard,prophet,dtw,prophet,weighted,0.14250585436820984
14.0,minmax,linear,dtw,prophet,weighted,0.19889003038406372
387.0,standard,median,euclidean,prophet,weighted,0.1460547000169754
63.0,standard,median,dtw,prophet,ward,0.15333150327205658
36.0,standard,linear,euclidean,prophet,complete,0.17056813836097717
205.0,zscore,mean,dtw,mean,ward,0.07179339975118637
56.0,minmax,median,euclidean,prophet,complete,0.13213135302066803
35.0,minmax,median,dtw,prophet,weighted,0.19460317492485046
787.0,standard,linear,dtw,dtw,centroid,0.018535833805799484
61.0,standard,median,euclidean,prophet,complete,0.19083714485168457
9.0,standard,mean,dtw,prophet,complete,0.19272226095199585
205.0,minmax,median,dtw,prophet,weighted,0.17683424055576324
31.0,standard,median,euclidean,prophet,complete,0.20878542959690094
19.0,standard,linear,euclidean,prophet,complete,0.22537893056869507
81.0,standard,median,dtw,prophet,complete,0.17710405588150024
528.0,minmax,mean,dtw,median,median,0.005979936104267836
415.0,standard,median,dtw,prophet,weighted,0.17289291322231293
175.0,standard,median,dtw,prophet,complete,0.1670016050338745
36.0,standard,median,dtw,prophet,average,0.16485470533370972
237.0,standard,median,dtw,prophet,complete,0.15291647613048553
219.0,standard,median,dtw,prophet,complete,0.17743070423603058
246.0,standard,median,euclidean,prophet,weighted,0.13820886611938477
11.0,standard,mean,euclidean,prophet,complete,0.16775330901145935
47.0,standard,mean,dtw,prophet,complete,0.2095048576593399
2.0,minmax,linear,dtw,prophet,complete,0.19575801491737366
222.0,standard,median,dtw,prophet,weighted,0.24350327253341675
200.0,standard,prophet,dtw,prophet,hdbscan,0.04041320085525513
104.0,standard,median,dtw,prophet,weighted,0.1545158177614212
7.0,standard,median,dtw,prophet,complete,0.18660245835781097
661.0,zscore,mean,dtw,mode,complete,0.0010966211557388306
147.0,standard,mean,dtw,prophet,weighted,0.15527214109897614
328.0,standard,median,dtw,prophet,complete,0.16157127916812897
2.0,minmax,median,dtw,prophet,complete,0.20309646427631378
74.0,minmax,median,dtw,prophet,complete,0.18737541139125824
563.0,minmax,median,euclidean,median,ward,0.0054283165372908115
472.0,standard,prophet,dtw,mode,hdbscan,0.021897539496421814
30.0,minmax,prophet,dtw,prophet,weighted,0.183425635099411
436.0,standard,mean,dtw,dtw,hdbscan,0.05324559286236763
298.0,zscore,prophet,dtw,mode,ward,0.02930724248290062
4.0,standard,median,dtw,prophet,hdbscan,0.0360284298658371
44.0,zscore,mean,euclidean,mode,ward,0.09618853032588959
163.0,zscore,prophet,dtw,median,ward,0.03699344024062157
41.0,standard,median,dtw,prophet,complete,0.19910673797130585
45.0,minmax,median,dtw,prophet,ward,0.1877305954694748
56.0,minmax,prophet,dtw,prophet,complete,0.15607741475105286
85.0,standard,mean,euclidean,prophet,complete,0.1352153867483139
25.0,standard,prophet,euclidean,prophet,ward,0.16067039966583252
191.0,minmax,median,dtw,prophet,weighted,0.17452433705329895
152.0,standard,linear,dtw,prophet,complete,0.12860341370105743
689.0,zscore,linear,dtw,mean,ward,0.06540069729089737
164.0,standard,median,dtw,prophet,average,0.19227279722690582
7.0,standard,mean,dtw,mode,weighted,0.120825856924057
58.0,standard,linear,dtw,prophet,weighted,0.1468784064054489
67.0,minmax,median,dtw,prophet,weighted,0.15387506783008575
211.0,standard,median,dtw,prophet,complete,0.15223899483680725
26.0,minmax,median,dtw,prophet,complete,0.2052379846572876
58.0,minmax,median,dtw,dtw,complete,0.09934338182210922
344.0,standard,median,dtw,prophet,ward,0.15447472035884857
30.0,standard,prophet,euclidean,mean,weighted,0.06018327549099922
53.0,standard,median,euclidean,prophet,weighted,0.15969230234622955
427.0,standard,median,euclidean,prophet,complete,0.15243849158287048
125.0,minmax,linear,dtw,prophet,weighted,0.1801123470067978
759.0,minmax,prophet,euclidean,median,complete,0.010697443969547749
149.0,minmax,median,dtw,prophet,weighted,0.17791487276554108
591.0,zscore,linear,dtw,mode,average,0.0009015243849717081
94.0,minmax,median,dtw,prophet,ward,0.14813680946826935
175.0,zscore,linear,dtw,prophet,ward,0.10069431364536285
22.0,standard,prophet,euclidean,prophet,complete,0.18210537731647491
657.0,minmax,prophet,dtw,median,weighted,0.01740952394902706
218.0,minmax,prophet,euclidean,prophet,median,0.04212426394224167
184.0,standard,median,dtw,prophet,complete,0.19280676543712616
72.0,standard,linear,euclidean,prophet,weighted,0.16808243095874786
366.0,standard,prophet,dtw,median,ward,0.010439052246510983
37.0,minmax,prophet,dtw,median,centroid,0.09489180147647858
45.0,minmax,median,dtw,prophet,complete,0.17424140870571136
33.0,standard,median,euclidean,prophet,complete,0.21117635071277618
871.0,zscore,prophet,euclidean,prophet,complete,0.004366638604551554
619.0,standard,prophet,euclidean,mean,ward,0.07632232457399368
13.0,minmax,linear,dtw,prophet,average,0.15533573925495148
141.0,standard,median,euclidean,prophet,complete,0.15938107669353485
35.0,standard,mean,dtw,prophet,complete,0.17920270562171936
35.0,standard,median,dtw,prophet,complete,0.16669918596744537
268.0,zscore,prophet,dtw,median,median,0.015403781086206436
59.0,minmax,median,dtw,prophet,complete,0.2752610743045807
295.0,minmax,linear,dtw,prophet,weighted,0.17786625027656555
429.0,zscore,prophet,euclidean,mode,centroid,0.025947878137230873
51.0,standard,mean,euclidean,prophet,complete,0.18588225543498993
801.0,minmax,prophet,dtw,mode,centroid,0.0037817293778061867
598.0,minmax,mean,euclidean,mode,weighted,0.005798162426799536
58.0,standard,mean,dtw,prophet,average,0.17356455326080322
745.0,zscore,mean,dtw,prophet,ward,0.10244646668434143
184.0,standard,mean,dtw,prophet,weighted,0.18363621830940247
72.0,standard,median,euclidean,prophet,ward,0.18648913502693176
307.0,standard,median,dtw,prophet,weighted,0.17076489329338074
208.0,zscore,median,euclidean,prophet,weighted,0.009077642112970352
47.0,standard,median,dtw,prophet,complete,0.19642122089862823
111.0,minmax,linear,dtw,prophet,weighted,0.14496026933193207
182.0,standard,linear,euclidean,prophet,complete,0.12680549919605255
16.0,minmax,median,dtw,prophet,weighted,0.1984565705060959
49.0,standard,linear,dtw,prophet,complete,0.1644923985004425
538.0,standard,prophet,dtw,prophet,ward,0.14669069647789001
4.0,standard,prophet,dtw,prophet,ward,0.15106110274791718
35.0,minmax,median,dtw,prophet,complete,0.18982717394828796
878.0,minmax,median,dtw,prophet,single,0.002301630098372698
69.0,minmax,linear,euclidean,prophet,complete,0.1332405060529709
156.0,standard,median,dtw,prophet,weighted,0.20968657732009888
82.0,standard,prophet,dtw,prophet,ward,0.1423293799161911
245.0,minmax,linear,dtw,dtw,hdbscan,0.02248411625623703
56.0,minmax,median,dtw,prophet,ward,0.15672068297863007
144.0,standard,linear,dtw,prophet,weighted,0.1919918805360794
93.0,standard,median,dtw,prophet,weighted,0.1703670769929886
188.0,standard,linear,dtw,prophet,weighted,0.204119011759758
85.0,standard,linear,dtw,prophet,weighted,0.16177676618099213
59.0,minmax,mean,dtw,prophet,complete,0.15013058483600616
41.0,standard,mean,dtw,prophet,average,0.1464339941740036
11.0,minmax,median,dtw,prophet,complete,0.20606890320777893
18.0,standard,linear,euclidean,prophet,complete,0.22537893056869507
4.0,standard,linear,dtw,prophet,complete,0.1686663031578064
37.0,standard,mean,euclidean,prophet,ward,0.2105931043624878
41.0,minmax,mean,euclidean,prophet,ward,0.1099998727440834
183.0,standard,linear,dtw,prophet,complete,0.1416061520576477
8.0,standard,median,euclidean,prophet,complete,0.21500036120414734
808.0,zscore,median,euclidean,mode,ward,0.0014666166389361024
180.0,minmax,linear,dtw,prophet,weighted,0.17870140075683594
99.0,standard,mean,dtw,prophet,complete,0.14349982142448425
114.0,standard,median,euclidean,prophet,weighted,0.03892127424478531
356.0,standard,median,dtw,prophet,weighted,0.17563866078853607
633.0,minmax,prophet,euclidean,prophet,hdbscan,0.03696854040026665
829.0,zscore,mean,euclidean,prophet,complete,0.004136040341109037
141.0,minmax,linear,dtw,prophet,weighted,0.1707325130701065
42.0,minmax,mean,dtw,prophet,weighted,0.16299690306186676
78.0,minmax,median,dtw,prophet,weighted,0.17143011093139648
143.0,standard,prophet,dtw,prophet,ward,0.12383753061294556
135.0,standard,mean,euclidean,median,single,-0.0009286213899031281
415.0,standard,linear,dtw,prophet,weighted,0.16851580142974854
114.0,standard,linear,dtw,prophet,ward,0.19063840806484222
50.0,standard,median,dtw,prophet,weighted,0.17183665931224823
33.0,standard,prophet,dtw,prophet,weighted,0.1470041275024414
773.0,standard,prophet,euclidean,mode,average,-0.001767855603247881
304.0,standard,linear,dtw,prophet,ward,0.1523612141609192
227.0,minmax,median,dtw,prophet,complete,0.13040176033973694
124.0,standard,median,euclidean,prophet,complete,0.15025196969509125
142.0,minmax,mean,euclidean,prophet,median,0.07434149086475372
138.0,standard,prophet,dtw,prophet,median,0.1669922173023224
303.0,zscore,mean,dtw,mode,single,0.00188228499609977
23.0,standard,linear,euclidean,prophet,weighted,0.16712535917758942
868.0,standard,linear,euclidean,dtw,weighted,0.07153349369764328
226.0,standard,prophet,dtw,prophet,ward,0.15076720714569092
225.0,standard,median,dtw,prophet,weighted,0.21327194571495056
61.0,standard,mean,euclidean,prophet,ward,0.18212172389030457
2.0,standard,mean,dtw,prophet,weighted,0.16139432787895203
265.0,standard,median,dtw,prophet,complete,0.19422006607055664
341.0,minmax,linear,dtw,prophet,weighted,0.17122629284858704
96.0,minmax,median,dtw,prophet,complete,0.13974256813526154
80.0,standard,prophet,dtw,prophet,complete,0.18220177292823792
72.0,minmax,mean,dtw,median,average,0.06499268859624863
64.0,standard,prophet,euclidean,prophet,ward,0.2127077728509903
126.0,standard,prophet,dtw,prophet,weighted,0.14167509973049164
68.0,standard,linear,euclidean,prophet,ward,0.20347072184085846
257.0,standard,median,dtw,prophet,complete,0.13423682749271393
83.0,minmax,median,dtw,prophet,complete,0.17181396484375
9.0,standard,median,euclidean,prophet,weighted,0.15483342111110687
123.0,minmax,median,dtw,prophet,complete,0.16657938063144684
5.0,minmax,linear,dtw,prophet,complete,0.16717545688152313
75.0,standard,linear,dtw,prophet,complete,0.15885692834854126
793.0,standard,prophet,euclidean,prophet,complete,0.14857745170593262
387.0,zscore,mean,euclidean,mode,centroid,0.002781930146738887
21.0,standard,mean,euclidean,prophet,complete,0.15614500641822815
197.0,standard,median,dtw,prophet,complete,0.17663542926311493
165.0,standard,linear,dtw,prophet,ward,0.15164999663829803
373.0,zscore,mean,euclidean,dtw,median,0.0001400332257617265
7.0,minmax,mean,dtw,mode,single,0.002180191921070218
9.0,standard,median,euclidean,prophet,complete,0.21500036120414734
66.0,standard,median,dtw,prophet,weighted,0.17667481303215027
42.0,standard,mean,euclidean,prophet,complete,0.17661400139331818
226.0,minmax,prophet,euclidean,prophet,weighted,0.15885543823242188
207.0,standard,linear,dtw,prophet,weighted,0.16878584027290344
261.0,standard,mean,euclidean,prophet,ward,0.16810669004917145
556.0,zscore,linear,euclidean,median,single,-0.00027247981051914394
61.0,minmax,median,dtw,prophet,complete,0.2614731788635254
23.0,zscore,mean,euclidean,prophet,weighted,0.007113241590559483
654.0,standard,linear,euclidean,median,complete,0.005090654361993074
408.0,zscore,prophet,euclidean,mean,average,0.05014333128929138
79.0,zscore,prophet,euclidean,mean,complete,0.029759107157588005
54.0,standard,median,dtw,prophet,complete,0.19642122089862823
59.0,zscore,median,dtw,prophet,complete,0.04538601636886597
465.0,zscore,median,euclidean,mode,centroid,0.0014491374604403973
867.0,minmax,linear,dtw,prophet,median,0.06640898436307907
133.0,standard,linear,dtw,prophet,ward,0.16801756620407104
36.0,standard,linear,euclidean,prophet,ward,0.18672259151935577
13.0,standard,linear,dtw,prophet,complete,0.1686663031578064
13.0,standard,linear,dtw,prophet,weighted,0.1673026978969574
49.0,standard,mean,dtw,prophet,weighted,0.15629442036151886
81.0,standard,median,euclidean,prophet,weighted,0.12818607687950134
72.0,standard,linear,euclidean,prophet,complete,0.14506001770496368
310.0,zscore,mean,dtw,mean,median,0.05885068327188492
100.0,standard,median,dtw,prophet,complete,0.17076243460178375
212.0,minmax,prophet,euclidean,prophet,median,0.044232890009880066
690.0,zscore,prophet,euclidean,mode,hdbscan,0.031099878251552582
59.0,minmax,median,dtw,prophet,weighted,0.15771813690662384
50.0,minmax,median,dtw,prophet,weighted,0.16663147509098053
21.0,standard,median,dtw,prophet,complete,0.16651929914951324
18.0,standard,median,euclidean,prophet,ward,0.19005131721496582
216.0,standard,mean,dtw,prophet,complete,0.14238333702087402
150.0,standard,median,dtw,prophet,weighted,0.180364191532135
287.0,standard,mean,dtw,prophet,complete,0.11893879622220993
342.0,standard,linear,euclidean,prophet,weighted,0.1785225123167038
3.0,standard,linear,euclidean,prophet,complete,0.16387403011322021
105.0,standard,median,euclidean,prophet,complete,0.1623801440000534
62.0,standard,median,euclidean,prophet,weighted,0.17385582625865936
107.0,minmax,median,dtw,prophet,complete,0.16914117336273193
38.0,standard,mean,dtw,prophet,complete,0.22758588194847107
647.0,zscore,mean,dtw,dtw,average,-0.004984651226550341
51.0,standard,prophet,dtw,mode,median,0.04414452239871025
524.0,standard,linear,dtw,median,single,0.0003279678348917514
296.0,standard,median,dtw,prophet,weighted,0.13076633214950562
267.0,minmax,linear,dtw,prophet,weighted,0.12872372567653656
600.0,standard,linear,euclidean,prophet,weighted,0.18510547280311584
128.0,standard,linear,dtw,prophet,complete,0.16696541011333466
36.0,standard,median,euclidean,prophet,weighted,0.1588020622730255
233.0,standard,median,dtw,prophet,weighted,0.17405495047569275
272.0,standard,median,dtw,prophet,weighted,0.1880064606666565
76.0,standard,median,dtw,prophet,ward,0.16964547336101532
359.0,minmax,prophet,dtw,prophet,complete,0.14556901156902313
34.0,standard,prophet,dtw,prophet,centroid,0.12588001787662506
102.0,standard,linear,euclidean,prophet,weighted,0.17230121791362762
892.0,standard,mean,dtw,mean,average,0.03383365646004677
394.0,zscore,prophet,euclidean,prophet,single,0.0009658117778599262
16.0,minmax,linear,dtw,prophet,complete,0.1789022833108902
41.0,standard,mean,dtw,prophet,complete,0.2223033457994461
282.0,minmax,prophet,euclidean,dtw,weighted,0.045822594314813614
92.0,standard,median,euclidean,prophet,weighted,0.16862273216247559
333.0,standard,median,dtw,prophet,weighted,0.18184398114681244
380.0,minmax,linear,dtw,mode,ward,0.023187333717942238
51.0,standard,median,dtw,prophet,ward,0.14983537793159485
156.0,minmax,linear,dtw,prophet,weighted,0.18833555281162262
67.0,zscore,prophet,dtw,prophet,single,-0.0036731206346303225
780.0,zscore,median,dtw,mode,complete,0.0014666166389361024
7.0,standard,median,dtw,prophet,ward,0.177088662981987
40.0,standard,median,dtw,prophet,ward,0.14983537793159485
140.0,standard,linear,dtw,prophet,average,0.169986754655838
296.0,standard,linear,euclidean,mode,complete,0.00573849119246006
60.0,minmax,median,dtw,prophet,complete,0.2614731788635254
2.0,standard,mean,dtw,prophet,ward,0.17016029357910156
24.0,standard,median,dtw,prophet,average,0.1641060709953308
15.0,standard,linear,euclidean,prophet,complete,0.17278532683849335
284.0,standard,linear,euclidean,prophet,weighted,0.14317519962787628
130.0,standard,median,dtw,prophet,complete,0.14946164190769196
359.0,standard,prophet,euclidean,mean,median,-0.006150741595774889
92.0,minmax,linear,dtw,prophet,weighted,0.14485275745391846
352.0,zscore,median,euclidean,prophet,single,0.001985891256481409
105.0,standard,prophet,dtw,mode,median,0.0655527338385582
275.0,minmax,median,euclidean,mean,hdbscan,0.004895565565675497
138.0,standard,median,dtw,prophet,weighted,0.16216498613357544
612.0,standard,median,euclidean,dtw,complete,0.037138622254133224
81.0,minmax,prophet,dtw,prophet,median,0.10851913690567017
387.0,standard,linear,dtw,prophet,complete,0.15982122719287872
2.0,minmax,linear,dtw,mean,single,0.002058753976598382
66.0,standard,median,dtw,prophet,average,0.16336534917354584
14.0,standard,median,euclidean,prophet,complete,0.1909659504890442
61.0,standard,linear,dtw,prophet,complete,0.1644923985004425
54.0,minmax,median,dtw,prophet,complete,0.24421197175979614
527.0,standard,median,dtw,prophet,weighted,0.1737232655286789
26.0,standard,linear,dtw,prophet,complete,0.1686663031578064
6.0,standard,linear,euclidean,prophet,complete,0.18636567890644073
703.0,standard,mean,euclidean,mode,single,0.00035161926643922925
233.0,standard,linear,euclidean,prophet,weighted,0.18727301061153412
253.0,standard,linear,dtw,prophet,ward,0.1412004977464676
80.0,standard,median,dtw,prophet,weighted,0.17504015564918518
626.0,minmax,prophet,dtw,prophet,weighted,0.15281838178634644
85.0,standard,mean,dtw,prophet,weighted,0.14054915308952332
191.0,standard,prophet,dtw,prophet,complete,0.17325086891651154
40.0,standard,mean,dtw,prophet,complete,0.2296411693096161
347.0,standard,median,dtw,prophet,weighted,0.18980959057807922
39.0,minmax,linear,dtw,prophet,weighted,0.19857729971408844
27.0,minmax,linear,dtw,prophet,complete,0.18500050902366638
191.0,minmax,linear,euclidean,mode,average,0.011135520413517952
500.0,zscore,mean,euclidean,prophet,complete,0.009814591147005558
68.0,zscore,linear,dtw,median,hdbscan,0.014490310102701187
644.0,standard,linear,euclidean,prophet,weighted,0.17792871594429016
493.0,standard,prophet,dtw,prophet,weighted,0.08930779248476028
149.0,zscore,linear,dtw,prophet,hdbscan,0.0010000000474974513
396.0,standard,median,dtw,prophet,weighted,0.16966372728347778
48.0,standard,prophet,euclidean,prophet,complete,0.1656372994184494
605.0,zscore,prophet,dtw,median,single,-0.0010564762633293867
20.0,standard,linear,euclidean,prophet,complete,0.22537893056869507
18.0,standard,median,euclidean,prophet,complete,0.15532399713993073
198.0,standard,median,dtw,prophet,weighted,0.21481893956661224
14.0,standard,mean,dtw,prophet,complete,0.18827447295188904
403.0,standard,median,dtw,prophet,complete,0.15927904844284058
486.0,zscore,median,euclidean,mean,average,0.04992622137069702
218.0,standard,linear,dtw,prophet,weighted,0.20003841817378998
117.0,standard,mean,dtw,prophet,weighted,0.16287818551063538
168.0,minmax,prophet,dtw,prophet,weighted,0.17434972524642944
869.0,standard,prophet,dtw,prophet,weighted,0.11522260308265686
16.0,standard,prophet,dtw,prophet,average,0.15404045581817627
549.0,minmax,mean,dtw,mean,weighted,0.006564049981534481
2.0,standard,median,dtw,prophet,complete,0.18660245835781097
885.0,zscore,linear,euclidean,median,weighted,0.034503400325775146
450.0,zscore,mean,dtw,median,centroid,0.01327868364751339
197.0,standard,mean,dtw,prophet,weighted,0.10322330892086029
128.0,zscore,prophet,dtw,dtw,complete,0.0416192002594471
30.0,zscore,median,euclidean,dtw,median,-0.0036731206346303225
435.0,standard,linear,euclidean,prophet,weighted,0.15219904482364655
219.0,zscore,mean,dtw,prophet,ward,0.08606051653623581
149.0,minmax,prophet,dtw,prophet,weighted,0.19095751643180847
329.0,standard,linear,dtw,prophet,weighted,0.1624244600534439
107.0,minmax,mean,dtw,dtw,centroid,0.03133252635598183
42.0,standard,mean,dtw,prophet,complete,0.2223033457994461
504.0,standard,median,dtw,prophet,weighted,0.17961396276950836
752.0,standard,linear,euclidean,prophet,centroid,0.04191441088914871
317.0,minmax,prophet,euclidean,median,hdbscan,-0.008413952775299549
74.0,standard,mean,dtw,prophet,complete,0.16040979325771332
864.0,zscore,prophet,euclidean,dtw,ward,0.043633416295051575
111.0,standard,median,dtw,prophet,complete,0.1762361377477646
86.0,zscore,prophet,euclidean,mode,hdbscan,-0.0009336247458122671
9.0,minmax,mean,dtw,prophet,complete,0.14111781120300293
70.0,standard,linear,dtw,prophet,average,0.1534409523010254
115.0,minmax,linear,dtw,prophet,complete,0.1386299878358841
131.0,standard,mean,dtw,prophet,complete,0.1259196251630783
4.0,standard,mean,euclidean,prophet,complete,0.14280270040035248
144.0,standard,median,dtw,prophet,complete,0.18647803366184235
66.0,standard,median,dtw,prophet,complete,0.1788240373134613
86.0,standard,prophet,euclidean,prophet,weighted,0.1661272495985031
675.0,minmax,prophet,dtw,prophet,median,0.09799332171678543
8.0,standard,prophet,dtw,median,weighted,0.034184135496616364
443.0,zscore,linear,euclidean,median,median,0.0048275417648255825
843.0,minmax,mean,dtw,mode,centroid,0.003471175441518426
