Comperiod,Scaling,Outliers,Interpolation,Similarity,Unsynced,Linkmeth,ray/tune/_metric
339,standard,SD5,median,dtw,mean,average,0.705745339
340,standard,SD5,median,dtw,mean,average,0.705745339
338,standard,SD5,median,dtw,mean,average,0.705745339
338,standard,SD4,median,dtw,mean,average,0.704471588
339,standard,SD4,median,dtw,mean,average,0.704471588
340,standard,SD4,median,dtw,mean,average,0.704471588
307,standard,SD3,prophet,euclidean,mean,median,0.685770929
287,standard,SD3,prophet,euclidean,mean,median,0.685770929
295,standard,SD3,prophet,euclidean,mean,median,0.685770929
304,standard,SD3,prophet,euclidean,mean,median,0.685770929
309,standard,SD3,prophet,euclidean,mean,median,0.685770929
310,standard,SD3,prophet,euclidean,mean,median,0.685770929
291,standard,SD3,prophet,euclidean,mean,median,0.685770929
308,standard,SD3,prophet,euclidean,mean,median,0.685770929
290,standard,SD3,prophet,euclidean,mean,median,0.685770929
292,standard,SD3,prophet,euclidean,mean,median,0.685770929
306,standard,SD3,prophet,euclidean,mean,median,0.685770929
289,standard,SD3,prophet,euclidean,mean,median,0.685770929
313,standard,SD3,prophet,euclidean,mean,median,0.685770929
312,standard,SD3,prophet,euclidean,mean,median,0.685770929
300,standard,SD3,prophet,euclidean,mean,median,0.685770929
301,standard,SD3,prophet,euclidean,mean,median,0.685770929
297,standard,SD3,prophet,euclidean,mean,median,0.685770929
302,standard,SD3,prophet,euclidean,mean,median,0.685770929
293,standard,SD3,prophet,euclidean,mean,median,0.685770929
303,standard,SD3,prophet,euclidean,mean,median,0.685770929
288,standard,SD3,prophet,euclidean,mean,median,0.685770929
294,standard,SD3,prophet,euclidean,mean,median,0.685770929
311,standard,SD3,prophet,euclidean,mean,median,0.685770929
299,standard,SD3,prophet,euclidean,mean,median,0.685770929
305,standard,SD3,prophet,euclidean,mean,median,0.685770929
296,standard,SD3,prophet,euclidean,mean,median,0.685770929
298,standard,SD3,prophet,euclidean,mean,median,0.685770929
221,minmax,SD3,prophet,euclidean,mean,single,0.6755597
135,minmax,SD3,prophet,euclidean,mean,single,0.6755597
310,minmax,SD3,prophet,euclidean,median,single,0.6755597
264,minmax,SD3,prophet,euclidean,mean,single,0.6755597
230,minmax,SD3,prophet,euclidean,mean,single,0.6755597
197,minmax,SD3,prophet,euclidean,mean,single,0.6755597
317,minmax,SD3,prophet,euclidean,mean,single,0.6755597
156,minmax,SD3,prophet,euclidean,mean,single,0.6755597
269,minmax,SD3,prophet,euclidean,mean,single,0.6755597
207,minmax,SD3,prophet,euclidean,mean,single,0.6755597
183,minmax,SD3,prophet,euclidean,mean,single,0.6755597
152,minmax,SD3,prophet,euclidean,mean,single,0.6755597
252,minmax,SD3,prophet,euclidean,mean,single,0.6755597
142,minmax,SD3,prophet,euclidean,mean,single,0.6755597
153,minmax,SD3,prophet,euclidean,mean,single,0.6755597
231,minmax,SD3,prophet,euclidean,mean,single,0.6755597
209,minmax,SD3,prophet,euclidean,mean,single,0.6755597
211,minmax,SD3,prophet,euclidean,mean,single,0.6755597
162,minmax,SD3,prophet,euclidean,mean,single,0.6755597
186,minmax,SD3,prophet,euclidean,mean,single,0.6755597
223,minmax,SD3,prophet,euclidean,mean,single,0.6755597
320,minmax,SD3,prophet,euclidean,mean,single,0.6755597
302,minmax,SD3,prophet,euclidean,mean,single,0.6755597
177,minmax,SD3,prophet,euclidean,mean,single,0.6755597
265,minmax,SD3,prophet,euclidean,mean,single,0.6755597
213,minmax,SD3,prophet,euclidean,mean,single,0.6755597
233,minmax,SD3,prophet,euclidean,mean,single,0.6755597
133,minmax,SD3,prophet,euclidean,mean,single,0.6755597
255,minmax,SD3,prophet,euclidean,mean,single,0.6755597
290,minmax,SD3,prophet,euclidean,mean,single,0.6755597
120,minmax,SD3,prophet,euclidean,mean,single,0.6755597
140,minmax,SD3,prophet,euclidean,mean,single,0.6755597
302,minmax,SD3,prophet,euclidean,mean,single,0.6755597
165,minmax,SD3,prophet,euclidean,mean,single,0.6755597
206,minmax,SD3,prophet,euclidean,mean,single,0.6755597
231,minmax,SD3,prophet,euclidean,mean,single,0.6755597
278,minmax,SD3,prophet,euclidean,mean,single,0.6755597
220,minmax,SD3,prophet,euclidean,mean,single,0.6755597
146,minmax,SD3,prophet,euclidean,mean,single,0.6755597
183,minmax,SD3,prophet,euclidean,mean,single,0.6755597
153,minmax,SD3,prophet,euclidean,mean,single,0.6755597
203,minmax,SD3,prophet,euclidean,mean,single,0.6755597
246,minmax,SD3,prophet,euclidean,mean,single,0.6755597
165,minmax,SD3,prophet,euclidean,mean,single,0.6755597
258,minmax,SD3,prophet,euclidean,mean,single,0.6755597
170,minmax,SD3,prophet,euclidean,mean,single,0.6755597
226,minmax,SD3,prophet,euclidean,mean,single,0.6755597
243,minmax,SD3,prophet,euclidean,mean,single,0.6755597
299,minmax,SD3,prophet,euclidean,mean,single,0.6755597
163,minmax,SD3,prophet,euclidean,mean,single,0.6755597
307,minmax,SD3,prophet,euclidean,mean,single,0.6755597
239,minmax,SD3,prophet,euclidean,mean,single,0.6755597
196,minmax,SD3,prophet,euclidean,mean,single,0.6755597
162,minmax,SD3,prophet,euclidean,mean,single,0.6755597
175,minmax,SD3,prophet,euclidean,mean,single,0.6755597
163,minmax,SD3,prophet,euclidean,mean,single,0.6755597
243,minmax,SD3,prophet,euclidean,mean,single,0.6755597
184,minmax,SD3,prophet,euclidean,mean,single,0.6755597
323,minmax,SD3,prophet,euclidean,median,single,0.6755597
296,minmax,SD3,prophet,euclidean,mean,single,0.6755597
205,minmax,SD3,prophet,euclidean,mean,single,0.6755597
307,minmax,SD3,prophet,euclidean,mean,single,0.6755597
292,minmax,SD3,prophet,euclidean,mean,single,0.6755597
285,minmax,SD3,prophet,euclidean,mean,single,0.6755597
312,minmax,SD3,prophet,euclidean,mean,single,0.6755597
230,minmax,SD3,prophet,euclidean,mean,single,0.6755597
277,minmax,SD3,prophet,euclidean,mean,single,0.6755597
215,minmax,SD3,prophet,euclidean,mean,single,0.6755597
174,minmax,SD3,prophet,euclidean,mean,single,0.6755597
235,minmax,SD3,prophet,euclidean,mean,single,0.6755597
211,minmax,SD3,prophet,euclidean,mean,single,0.6755597
269,minmax,SD3,prophet,euclidean,mean,single,0.6755597
268,minmax,SD3,prophet,euclidean,mean,single,0.6755597
224,minmax,SD3,prophet,euclidean,mean,single,0.6755597
170,minmax,SD3,prophet,euclidean,mean,single,0.6755597
209,minmax,SD3,prophet,euclidean,mean,single,0.6755597
156,minmax,SD3,prophet,euclidean,mean,single,0.6755597
140,minmax,SD3,prophet,euclidean,mean,single,0.6755597
312,minmax,SD3,prophet,euclidean,mean,single,0.6755597
206,minmax,SD3,prophet,euclidean,mean,single,0.6755597
133,minmax,SD3,prophet,euclidean,mean,single,0.6755597
168,minmax,SD3,prophet,euclidean,mean,single,0.6755597
250,minmax,SD3,prophet,euclidean,mean,single,0.6755597
235,minmax,SD3,prophet,euclidean,mean,single,0.6755597
259,minmax,SD3,prophet,euclidean,mean,single,0.6755597
283,minmax,SD3,prophet,euclidean,mean,single,0.6755597
309,minmax,SD3,prophet,euclidean,mean,single,0.6755597
159,minmax,SD3,prophet,euclidean,mean,single,0.6755597
221,minmax,SD3,prophet,euclidean,mean,single,0.6755597
315,minmax,SD3,prophet,euclidean,mean,single,0.6755597
314,minmax,SD3,prophet,euclidean,median,single,0.6755597
309,minmax,SD3,prophet,euclidean,mean,single,0.6755597
315,minmax,SD3,prophet,euclidean,mean,single,0.6755597
196,minmax,SD3,prophet,euclidean,mean,single,0.6755597
292,minmax,SD3,prophet,euclidean,mean,single,0.6755597
181,minmax,SD3,prophet,euclidean,mean,single,0.6755597
252,minmax,SD3,prophet,euclidean,mean,single,0.6755597
275,minmax,SD3,prophet,euclidean,mean,single,0.6755597
274,minmax,SD3,prophet,euclidean,mean,single,0.6755597
179,minmax,SD3,prophet,euclidean,mean,single,0.6755597
285,minmax,SD3,prophet,euclidean,mean,single,0.6755597
314,minmax,SD3,prophet,euclidean,mean,single,0.6755597
260,minmax,SD3,prophet,euclidean,mean,single,0.6755597
296,minmax,SD3,prophet,euclidean,mean,single,0.6755597
306,minmax,SD3,prophet,euclidean,mean,single,0.6755597
188,minmax,SD3,prophet,euclidean,mean,single,0.6755597
260,minmax,SD3,prophet,euclidean,mean,single,0.6755597
175,minmax,SD3,prophet,euclidean,mean,single,0.6755597
233,minmax,SD3,prophet,euclidean,mean,single,0.6755597
202,minmax,SD3,prophet,euclidean,mean,single,0.6755597
258,minmax,SD3,prophet,euclidean,mean,single,0.6755597
314,minmax,SD3,prophet,euclidean,mean,single,0.6755597
287,minmax,SD3,prophet,euclidean,mean,single,0.6755597
297,minmax,SD3,prophet,euclidean,mean,single,0.6755597
241,minmax,SD3,prophet,euclidean,mean,single,0.6755597
191,minmax,SD3,prophet,euclidean,mean,single,0.6755597
223,minmax,SD3,prophet,euclidean,mean,single,0.6755597
126,minmax,SD3,prophet,euclidean,mean,single,0.6755597
290,minmax,SD3,prophet,euclidean,mean,single,0.6755597
306,minmax,SD3,prophet,euclidean,mean,single,0.6755597
205,minmax,SD3,prophet,euclidean,mean,single,0.6755597
304,minmax,SD3,prophet,euclidean,mean,single,0.6755597
283,minmax,SD3,prophet,euclidean,mean,single,0.6755597
126,minmax,SD3,prophet,euclidean,mean,single,0.6755597
186,minmax,SD3,prophet,euclidean,mean,single,0.6755597
181,minmax,SD3,prophet,euclidean,mean,single,0.6755597
136,minmax,SD3,prophet,euclidean,mean,single,0.6755597
321,minmax,SD3,prophet,euclidean,median,single,0.6755597
136,minmax,SD3,prophet,euclidean,mean,single,0.6755597
275,minmax,SD3,prophet,euclidean,mean,single,0.6755597
191,minmax,SD3,prophet,euclidean,mean,single,0.6755597
142,minmax,SD3,prophet,euclidean,mean,single,0.6755597
219,minmax,SD3,prophet,euclidean,mean,single,0.6755597
129,minmax,SD3,prophet,euclidean,mean,single,0.6755597
120,minmax,SD3,prophet,euclidean,mean,single,0.6755597
239,minmax,SD3,prophet,euclidean,mean,single,0.6755597
203,minmax,SD3,prophet,euclidean,mean,single,0.6755597
246,minmax,SD3,prophet,euclidean,mean,single,0.6755597
274,minmax,SD3,prophet,euclidean,mean,single,0.6755597
320,minmax,SD3,prophet,euclidean,mean,single,0.6755597
317,minmax,SD3,prophet,euclidean,median,single,0.6755597
174,minmax,SD3,prophet,euclidean,mean,single,0.6755597
168,minmax,SD3,prophet,euclidean,mean,single,0.6755597
128,minmax,SD3,prophet,euclidean,mean,single,0.6755597
342,standard,SD5,median,dtw,mean,average,0.670400918
345,standard,SD5,median,dtw,mean,average,0.670400918
339,standard,SD6,median,dtw,mean,average,0.636746287
334,standard,SD5,median,dtw,mean,average,0.6367172
339,standard,SD4,median,euclidean,mean,average,0.636610806
311,standard,SD3,median,euclidean,mean,centroid,0.636610806
314,standard,SD3,median,euclidean,mean,average,0.636610806
320,standard,SD3,median,euclidean,mean,centroid,0.636610806
345,standard,SD4,median,euclidean,mean,average,0.630684435
392,standard,SD3,linear,dtw,mean,weighted,0.630157471
399,standard,SD3,linear,dtw,mean,weighted,0.630157471
396,standard,SD3,linear,dtw,mean,average,0.630157471
387,standard,SD3,linear,dtw,mean,weighted,0.630157471
382,standard,SD3,linear,dtw,mean,weighted,0.630157471
402,standard,SD3,linear,dtw,mean,average,0.630157471
388,standard,SD3,linear,dtw,mean,average,0.630157471
381,standard,SD3,linear,dtw,mean,average,0.630157471
515,standard,SD4,prophet,euclidean,mean,average,0.626382887
309,standard,SD3,prophet,euclidean,mean,average,0.62618804
352,standard,SD4,median,euclidean,mean,average,0.62618804
298,standard,SD3,prophet,euclidean,mean,average,0.62618804
358,standard,SD4,median,euclidean,mean,average,0.62618804
279,minmax,SD3,mean,euclidean,mean,single,0.621817708
313,minmax,SD3,linear,euclidean,prophet,single,0.621817708
252,minmax,SD3,linear,euclidean,mean,single,0.621817708
15,minmax,SD3,linear,euclidean,dtw,single,0.621817708
13,minmax,SD3,prophet,euclidean,dtw,single,0.621817708
24,minmax,SD3,prophet,euclidean,dtw,single,0.621817708
7,minmax,SD3,prophet,euclidean,dtw,single,0.621817708
67,minmax,SD3,prophet,euclidean,mean,single,0.621817708
294,minmax,SD3,prophet,euclidean,prophet,single,0.621817708
3,minmax,SD3,prophet,euclidean,mode,single,0.621817708
11,minmax,SD3,prophet,euclidean,median,single,0.621817708
280,minmax,SD3,linear,euclidean,mean,single,0.621817708
248,minmax,SD3,mean,euclidean,mean,single,0.621817708
301,minmax,SD3,mean,euclidean,mean,single,0.621817708
62,minmax,SD3,prophet,euclidean,mode,single,0.621817708
23,minmax,SD3,linear,euclidean,mode,single,0.621817708
3,minmax,SD3,prophet,euclidean,mode,single,0.621817708
338,minmax,SD3,mean,euclidean,median,single,0.621817708
338,minmax,SD3,prophet,euclidean,prophet,single,0.621817708
350,minmax,SD3,prophet,euclidean,mode,single,0.621817708
251,minmax,SD3,linear,euclidean,median,single,0.621817708
320,minmax,SD3,mean,euclidean,median,single,0.621817708
67,minmax,SD3,prophet,euclidean,mean,single,0.621817708
194,minmax,SD3,linear,euclidean,mean,single,0.621817708
221,minmax,SD3,prophet,euclidean,mode,single,0.621817708
251,minmax,SD3,prophet,euclidean,mode,single,0.621817708
4,minmax,SD3,prophet,euclidean,dtw,single,0.621817708
24,minmax,SD3,prophet,euclidean,dtw,single,0.621817708
328,minmax,SD3,linear,euclidean,prophet,single,0.621817708
161,minmax,SD3,prophet,euclidean,median,single,0.621817708
12,minmax,SD3,linear,euclidean,prophet,single,0.621817708
248,minmax,SD3,mean,euclidean,mean,single,0.621817708
21,minmax,SD3,linear,euclidean,dtw,single,0.621817708
15,minmax,SD3,linear,euclidean,dtw,single,0.621817708
224,minmax,SD3,linear,euclidean,mean,single,0.621817708
251,minmax,SD3,prophet,euclidean,mode,single,0.621817708
92,minmax,SD3,prophet,euclidean,mode,single,0.621817708
303,minmax,SD3,linear,euclidean,median,single,0.621817708
294,minmax,SD3,prophet,euclidean,prophet,single,0.621817708
12,minmax,SD3,linear,euclidean,prophet,single,0.621817708
11,minmax,SD3,prophet,euclidean,median,single,0.621817708
280,minmax,SD3,linear,euclidean,mean,single,0.621817708
5,minmax,SD3,prophet,euclidean,dtw,single,0.621817708
11,minmax,SD3,linear,euclidean,mean,single,0.621817708
49,minmax,SD3,prophet,euclidean,median,single,0.621817708
304,minmax,SD3,mean,euclidean,median,single,0.621817708
6,minmax,SD3,linear,euclidean,dtw,single,0.621817708
13,minmax,SD3,prophet,euclidean,dtw,single,0.621817708
211,minmax,SD3,linear,euclidean,median,single,0.621817708
147,minmax,SD3,linear,euclidean,mean,single,0.621817708
312,minmax,SD3,linear,euclidean,mean,single,0.621817708
6,minmax,SD3,linear,euclidean,dtw,single,0.621817708
7,minmax,SD3,prophet,euclidean,mean,single,0.621817708
4,minmax,SD3,prophet,euclidean,dtw,single,0.621817708
49,minmax,SD3,prophet,euclidean,median,single,0.621817708
161,minmax,SD3,prophet,euclidean,median,single,0.621817708
7,minmax,SD3,prophet,euclidean,dtw,single,0.621817708
11,minmax,SD3,linear,euclidean,mean,single,0.621817708
7,minmax,SD3,prophet,euclidean,mean,single,0.621817708
92,minmax,SD3,prophet,euclidean,mode,single,0.621817708
218,minmax,SD3,mean,euclidean,mean,single,0.621817708
21,minmax,SD3,linear,euclidean,dtw,single,0.621817708
140,minmax,SD3,prophet,euclidean,dtw,single,0.621817708
301,minmax,SD3,mean,euclidean,mean,single,0.621817708
312,minmax,SD3,linear,euclidean,mean,single,0.621817708
295,minmax,SD3,linear,euclidean,mean,single,0.621817708
279,minmax,SD3,mean,euclidean,mean,single,0.621817708
86,minmax,SD3,linear,euclidean,mode,single,0.621817708
86,minmax,SD3,linear,euclidean,mode,single,0.621817708
224,minmax,SD3,linear,euclidean,mean,single,0.621817708
147,minmax,SD3,linear,euclidean,mean,single,0.621817708
275,minmax,SD3,prophet,euclidean,median,single,0.621817708
321,minmax,SD3,prophet,euclidean,mode,single,0.621817708
192,minmax,SD3,mean,euclidean,mean,single,0.621817708
315,minmax,SD3,mean,euclidean,mean,single,0.621817708
34,minmax,SD3,prophet,euclidean,mean,single,0.621817708
34,minmax,SD3,prophet,euclidean,mean,single,0.621817708
23,minmax,SD3,linear,euclidean,mode,single,0.621817708
62,minmax,SD3,prophet,euclidean,mode,single,0.621817708
140,minmax,SD3,prophet,euclidean,dtw,single,0.621817708
5,minmax,SD3,prophet,euclidean,dtw,single,0.621817708
308,minmax,SD3,prophet,euclidean,prophet,single,0.621817708
299,standard,SD3,linear,dtw,mean,ward,0.619284153
302,minmax,SD2,prophet,euclidean,mean,single,0.612822652
374,standard,SD3,linear,dtw,mean,weighted,0.610772491
376,standard,SD3,linear,dtw,mean,average,0.610772491
2,standard,SD4,linear,euclidean,dtw,weighted,0.610180557
10,standard,SD4,linear,euclidean,mean,weighted,0.610180557
2,standard,SD4,linear,euclidean,dtw,weighted,0.610180557
542,standard,SD3,prophet,dtw,mean,weighted,0.606813133
405,standard,SD4,median,dtw,mean,average,0.602663577
364,standard,SD4,linear,dtw,mean,weighted,0.60258013
7,standard,SD5,linear,euclidean,dtw,weighted,0.60238415
7,standard,SD5,linear,euclidean,dtw,weighted,0.60238415
26,standard,SD5,linear,euclidean,dtw,weighted,0.60238415
26,standard,SD5,linear,euclidean,dtw,weighted,0.60238415
366,standard,SD3,linear,dtw,mean,average,0.602289617
367,standard,SD3,linear,dtw,mean,centroid,0.602289617
348,standard,SD5,median,dtw,mean,average,0.600490212
356,standard,SD4,median,dtw,mean,average,0.600490212
372,standard,SD3,median,dtw,mean,weighted,0.598134398
372,standard,SD3,median,dtw,mean,weighted,0.598134398
10,standard,SD2,linear,euclidean,dtw,weighted,0.597162724
21,standard,SD2,linear,euclidean,mean,weighted,0.597162724
201,standard,SD2,linear,euclidean,median,weighted,0.597162724
21,standard,SD2,linear,euclidean,mean,weighted,0.597162724
50,standard,SD2,linear,euclidean,prophet,weighted,0.597162724
10,standard,SD2,linear,euclidean,dtw,weighted,0.597162724
14,standard,SD2,linear,euclidean,mode,weighted,0.597162724
356,standard,SD4,median,euclidean,mean,median,0.596967041
77,standard,SD6,linear,euclidean,dtw,weighted,0.595009685
77,standard,SD6,linear,euclidean,dtw,weighted,0.595009685
40,standard,SD6,linear,euclidean,dtw,weighted,0.595009685
40,standard,SD6,linear,euclidean,dtw,weighted,0.595009685
385,standard,SD3,linear,dtw,mean,centroid,0.594089448
397,standard,SD3,linear,dtw,mean,centroid,0.594089448
406,standard,SD3,linear,dtw,mean,weighted,0.590910614
377,standard,SD4,median,dtw,mean,average,0.59009707
384,standard,SD4,median,dtw,mean,centroid,0.59009707
391,standard,SD4,median,dtw,mean,average,0.59009707
369,standard,SD4,median,dtw,mean,weighted,0.59009707
366,standard,SD4,median,dtw,mean,average,0.59009707
362,standard,SD4,median,dtw,mean,weighted,0.59009707
388,standard,SD4,median,dtw,mean,weighted,0.59009707
546,standard,SD3,prophet,euclidean,mean,weighted,0.589541078
324,standard,SD4,median,dtw,mean,median,0.588553309
345,minmax,SD3,linear,euclidean,median,single,0.588318646
343,standard,SD3,prophet,euclidean,mean,median,0.587408423
352,standard,SD3,linear,dtw,mean,centroid,0.58588922
530,standard,SD3,linear,dtw,mean,weighted,0.584873974
375,standard,SD3,mean,dtw,mean,average,0.582815349
434,standard,SD2,linear,euclidean,dtw,average,0.582333267
438,standard,SD2,mean,euclidean,dtw,average,0.582333267
224,standard,SD3,median,dtw,mean,average,0.582124949
374,standard,SD4,linear,dtw,mean,average,0.582124949
224,standard,SD3,median,dtw,mean,average,0.582124949
327,minmax,SD3,prophet,euclidean,median,single,0.581832528
342,minmax,SD3,prophet,euclidean,mean,single,0.581832528
342,minmax,SD3,prophet,euclidean,mean,single,0.581832528
328,minmax,SD3,prophet,euclidean,mean,single,0.581832528
346,standard,SD3,median,euclidean,mean,median,0.578419805
348,standard,SD3,median,euclidean,mean,centroid,0.578419805
337,standard,SD4,median,dtw,mean,median,0.577808678
330,standard,SD3,median,dtw,mean,median,0.576637387
318,standard,SD3,median,dtw,mean,median,0.576637387
330,standard,SD3,median,dtw,mean,median,0.576637387
506,standard,SD5,linear,dtw,mean,average,0.575228333
507,standard,SD4,linear,dtw,mean,weighted,0.575228333
390,standard,SD3,linear,euclidean,mean,average,0.575090766
366,standard,SD6,linear,dtw,mean,weighted,0.574022472
356,standard,SD4,median,euclidean,mean,centroid,0.57255429
381,standard,SD3,mean,dtw,mean,weighted,0.57141912
363,standard,SD3,linear,euclidean,mean,median,0.570950806
7,standard,SD3,linear,euclidean,dtw,weighted,0.570754707
7,standard,SD3,linear,euclidean,dtw,weighted,0.570754707
384,standard,SD3,median,dtw,mean,average,0.568305254
384,standard,SD3,median,dtw,mean,average,0.568305254
290,standard,SD3,linear,dtw,mean,average,0.565985143
361,standard,SD4,median,euclidean,mean,weighted,0.56557548
303,standard,SD3,median,dtw,mean,weighted,0.564169824
303,standard,SD3,median,dtw,mean,weighted,0.564169824
391,standard,SD2,linear,euclidean,dtw,average,0.563922942
468,standard,SD3,linear,dtw,mean,weighted,0.560728669
289,standard,SD3,mean,euclidean,mean,average,0.559890687
369,standard,SD4,median,euclidean,mean,average,0.559630692
391,standard,SD2,median,dtw,mean,average,0.558917999
403,standard,SD2,median,dtw,mean,average,0.558917999
237,standard,SD3,median,dtw,mean,ward,0.557770848
237,standard,SD3,median,dtw,mean,ward,0.557770848
324,standard,SD4,median,dtw,mean,average,0.557078242
365,standard,SD3,linear,euclidean,mean,average,0.556189001
506,standard,SD2,linear,dtw,mean,average,0.556183577
386,standard,SD4,linear,dtw,mean,weighted,0.555279493
471,standard,SD3,median,dtw,mean,average,0.554348946
471,standard,SD3,median,dtw,mean,average,0.554348946
358,standard,SD3,median,dtw,mean,average,0.551888704
336,standard,SD4,linear,dtw,mean,average,0.550955653
336,standard,SD4,linear,dtw,mean,median,0.550955653
407,standard,SD2,linear,euclidean,mean,average,0.550277412
375,standard,SD3,median,dtw,mean,average,0.550096154
341,standard,SD2,median,euclidean,dtw,average,0.548035264
357,standard,SD5,linear,dtw,mean,average,0.548027813
350,standard,SD4,linear,dtw,mean,weighted,0.548027813
539,standard,SD3,prophet,dtw,mean,average,0.546856463
541,standard,SD3,prophet,euclidean,mean,weighted,0.546856463
456,standard,SD3,linear,dtw,mean,weighted,0.545920491
357,standard,SD4,prophet,dtw,mean,weighted,0.544890881
416,standard,SD3,linear,dtw,mean,average,0.544888139
339,standard,SD4,median,dtw,mean,weighted,0.54488647
341,standard,SD4,median,dtw,mean,centroid,0.54488647
184,standard,SD2,linear,euclidean,dtw,weighted,0.544489563
184,standard,SD2,linear,euclidean,dtw,weighted,0.544489563
337,minmax,SD3,mean,euclidean,mean,single,0.54396379
328,minmax,SD3,linear,euclidean,mean,single,0.54396379
337,minmax,SD3,mean,euclidean,mean,single,0.54396379
363,standard,SD3,median,euclidean,mean,average,0.543903232
368,standard,SD4,median,dtw,mean,median,0.543903232
292,standard,SD3,median,euclidean,mean,average,0.541974425
311,standard,SD4,median,euclidean,mean,average,0.541153371
327,standard,SD3,median,euclidean,mean,average,0.541153371
348,standard,SD4,median,euclidean,mean,median,0.541153371
328,standard,SD4,median,euclidean,mean,average,0.541153371
549,standard,SD3,prophet,dtw,mean,weighted,0.540962696
544,standard,SD3,prophet,dtw,mean,average,0.540962696
14,standard,SD4,prophet,dtw,median,weighted,0.540675461
289,standard,SD5,prophet,dtw,median,weighted,0.540675461
7,standard,SD5,prophet,dtw,median,weighted,0.540675461
14,standard,SD4,prophet,dtw,dtw,weighted,0.540675461
7,standard,SD5,prophet,dtw,median,weighted,0.540675461
72,standard,SD4,prophet,dtw,mode,weighted,0.540675461
179,standard,SD5,prophet,dtw,mode,weighted,0.540675461
37,standard,SD5,prophet,dtw,median,weighted,0.540675461
9,standard,SD4,prophet,dtw,mode,weighted,0.540675461
77,standard,SD4,prophet,dtw,median,weighted,0.540675461
3,standard,SD5,prophet,dtw,mean,weighted,0.540675461
2,standard,SD5,prophet,dtw,median,weighted,0.540675461
2,standard,SD5,prophet,dtw,median,weighted,0.540675461
3,standard,SD5,prophet,dtw,mean,weighted,0.540675461
14,standard,SD4,prophet,dtw,dtw,weighted,0.540675461
225,standard,SD5,prophet,dtw,mode,weighted,0.540675461
77,standard,SD4,prophet,dtw,median,weighted,0.540675461
9,standard,SD4,prophet,dtw,mode,weighted,0.540675461
39,standard,SD5,prophet,dtw,median,weighted,0.540675461
39,standard,SD5,prophet,dtw,median,weighted,0.540675461
179,standard,SD5,prophet,dtw,mode,weighted,0.540675461
289,standard,SD5,prophet,dtw,median,weighted,0.540675461
72,standard,SD4,prophet,dtw,mode,weighted,0.540675461
3,standard,SD4,prophet,dtw,dtw,weighted,0.540675461
3,standard,SD4,prophet,dtw,dtw,weighted,0.540675461
225,standard,SD5,prophet,dtw,mode,weighted,0.540675461
37,standard,SD5,prophet,dtw,median,weighted,0.540675461
14,standard,SD4,prophet,dtw,median,weighted,0.540675461
18,standard,SD2,median,euclidean,mean,weighted,0.540090024
9,standard,SD2,median,euclidean,dtw,weighted,0.540090024
9,standard,SD2,median,euclidean,dtw,weighted,0.540090024
18,standard,SD2,median,euclidean,mean,weighted,0.540090024
1191,standard,SD6,prophet,euclidean,dtw,single,0.538149893
1191,standard,SD6,prophet,euclidean,dtw,single,0.538149893
366,standard,SD3,median,dtw,mean,weighted,0.538034797
58,standard,SD2,linear,euclidean,dtw,ward,0.537007868
58,standard,SD2,linear,euclidean,dtw,ward,0.537007868
377,standard,SD3,linear,dtw,mean,median,0.53697145
352,standard,SD4,median,dtw,mean,weighted,0.536039472
455,standard,SD4,median,dtw,mean,weighted,0.535724521
455,standard,SD4,median,dtw,mean,weighted,0.535724521
442,standard,SD4,median,dtw,mean,centroid,0.535558403
442,standard,SD4,median,dtw,mean,centroid,0.535558403
360,standard,SD4,mean,dtw,mean,average,0.535207331
341,standard,SD3,median,dtw,mean,centroid,0.534026861
341,standard,SD3,median,dtw,mean,centroid,0.534026861
347,standard,SD4,median,euclidean,mean,weighted,0.532999516
388,standard,SD4,median,euclidean,mean,average,0.532697201
394,standard,SD3,prophet,euclidean,mean,median,0.532634795
417,standard,SD4,median,dtw,mean,average,0.532476425
465,standard,SD4,median,dtw,mean,average,0.532476425
377,standard,SD2,linear,euclidean,dtw,hdbscan,0.532102346
377,standard,SD2,linear,euclidean,dtw,hdbscan,0.532102346
324,standard,SD3,median,dtw,mean,weighted,0.531996667
328,standard,SD3,median,dtw,mean,average,0.531996667
545,standard,SD3,linear,dtw,mean,weighted,0.531532824
538,standard,SD3,linear,dtw,mean,weighted,0.531532824
540,standard,SD4,prophet,dtw,mean,weighted,0.531094968
462,standard,SD3,median,dtw,mean,weighted,0.530341864
356,minmax,SD3,linear,euclidean,mean,single,0.530319035
465,minmax,SD3,prophet,euclidean,mean,single,0.530319035
465,minmax,SD3,prophet,euclidean,mean,single,0.530319035
337,standard,SD4,prophet,dtw,mean,weighted,0.530072153
308,standard,SD3,median,euclidean,mean,complete,0.529408514
288,minmax,SD4,prophet,euclidean,mean,single,0.528692305
287,minmax,SD4,mean,euclidean,mean,single,0.528692305
275,minmax,SD4,linear,euclidean,mean,single,0.528692305
325,minmax,SD4,prophet,euclidean,mean,single,0.528692305
247,minmax,SD4,prophet,euclidean,mean,single,0.528692305
254,minmax,SD4,mean,euclidean,mean,single,0.528692305
325,minmax,SD4,prophet,euclidean,mean,single,0.528692305
366,standard,SD3,median,euclidean,mean,median,0.528175712
198,standard,SD4,median,dtw,dtw,ward,0.52755338
18,standard,SD5,median,dtw,median,ward,0.52755338
18,standard,SD5,median,dtw,median,ward,0.52755338
305,standard,SD2,median,euclidean,mean,weighted,0.527062893
530,standard,SD4,linear,dtw,mean,weighted,0.526683033
553,standard,SD3,linear,dtw,mean,average,0.526448131
513,standard,SD4,linear,euclidean,mean,average,0.526323318
377,standard,SD3,linear,euclidean,mean,weighted,0.525798559
401,standard,SD3,linear,euclidean,mean,weighted,0.525798559
381,standard,SD3,linear,euclidean,mean,median,0.525798559
399,standard,SD3,linear,euclidean,mean,median,0.525798559
401,standard,SD4,linear,dtw,mean,average,0.525660157
506,standard,SD4,linear,euclidean,mean,weighted,0.525456309
220,standard,SD4,linear,dtw,mean,weighted,0.525293112
173,standard,SD4,mean,dtw,mean,average,0.525293112
24,standard,SD6,median,dtw,median,ward,0.524351418
26,standard,SD6,median,dtw,median,ward,0.524351418
24,standard,SD6,median,dtw,median,ward,0.524351418
26,standard,SD6,median,dtw,median,ward,0.524351418
400,standard,SD5,median,dtw,mean,weighted,0.524064422
550,standard,SD4,linear,dtw,mean,weighted,0.524064422
317,standard,SD4,linear,dtw,mean,median,0.524064422
244,standard,SD5,prophet,dtw,dtw,weighted,0.523819566
244,standard,SD5,prophet,dtw,dtw,weighted,0.523819566
23,standard,SD3,median,euclidean,dtw,weighted,0.522374988
23,standard,SD3,median,euclidean,dtw,weighted,0.522374988
547,standard,SD4,prophet,dtw,mean,weighted,0.522374988
21,standard,SD3,median,euclidean,mean,weighted,0.522374988
238,standard,SD3,mean,dtw,mean,average,0.521574497
356,standard,SD3,median,euclidean,mean,median,0.521546483
498,standard,SD3,linear,dtw,mean,weighted,0.521152496
382,standard,SD4,mean,dtw,mean,average,0.520287514
401,standard,SD3,median,euclidean,mean,average,0.519880772
376,standard,SD3,median,euclidean,mean,average,0.519880772
421,standard,SD3,linear,euclidean,mean,weighted,0.518971205
51,standard,SD5,linear,euclidean,dtw,centroid,0.518684983
51,standard,SD5,linear,euclidean,dtw,centroid,0.518684983
281,standard,SD3,linear,dtw,mean,ward,0.518380702
6,standard,SD2,prophet,euclidean,dtw,weighted,0.517458677
6,standard,SD2,prophet,euclidean,dtw,weighted,0.517458677
2,standard,SD6,prophet,euclidean,median,centroid,0.517099082
2,standard,SD6,prophet,euclidean,median,centroid,0.517099082
367,standard,SD2,median,dtw,mean,median,0.516765296
207,standard,SD3,median,dtw,median,ward,0.516582906
139,standard,SD3,median,dtw,dtw,ward,0.516582906
203,standard,SD5,prophet,dtw,median,ward,0.516582906
139,standard,SD3,median,dtw,dtw,ward,0.516582906
203,standard,SD5,prophet,dtw,median,ward,0.516582906
19,standard,SD5,prophet,dtw,median,ward,0.516582906
19,standard,SD5,prophet,dtw,median,ward,0.516582906
207,standard,SD3,median,dtw,median,ward,0.516582906
2,standard,SD4,prophet,dtw,mean,ward,0.516582906
2,standard,SD3,median,dtw,mean,ward,0.516582906
217,standard,SD2,mean,euclidean,dtw,weighted,0.516186774
217,standard,SD2,mean,euclidean,dtw,weighted,0.516186774
367,standard,SD3,mean,dtw,mean,weighted,0.513716817
88,standard,SD6,linear,dtw,dtw,weighted,0.513391793
88,standard,SD6,linear,dtw,dtw,weighted,0.513391793
39,standard,SD3,median,dtw,median,average,0.512896478
39,standard,SD3,median,dtw,median,average,0.512896478
31,standard,SD3,mean,dtw,mean,average,0.512896478
31,standard,SD3,mean,dtw,mean,average,0.512896478
364,standard,SD2,linear,dtw,mean,average,0.512773454
357,standard,SD2,median,dtw,mean,weighted,0.511383533
59,standard,SD4,mean,dtw,mean,ward,0.511058211
59,standard,SD4,mean,dtw,mean,ward,0.511058211
387,standard,SD3,prophet,dtw,mean,weighted,0.510501206
504,standard,SD4,median,dtw,mean,weighted,0.510501206
3,standard,SD5,mean,dtw,dtw,weighted,0.509879768
75,standard,SD5,mean,dtw,prophet,weighted,0.509879768
75,standard,SD5,mean,dtw,prophet,weighted,0.509879768
3,standard,SD5,mean,dtw,dtw,weighted,0.509879768
191,standard,SD2,linear,euclidean,mean,weighted,0.509773433
2,standard,SD4,median,euclidean,dtw,weighted,0.509385526
2,standard,SD4,median,euclidean,dtw,weighted,0.509385526
171,standard,SD4,median,euclidean,mean,weighted,0.509385526
205,standard,SD3,linear,dtw,mean,average,0.509092689
392,standard,SD4,median,euclidean,mean,median,0.508956909
6,standard,SD4,mean,euclidean,mean,weighted,0.508316219
286,standard,SD3,linear,euclidean,mean,average,0.508316219
140,standard,SD4,linear,euclidean,median,weighted,0.508316219
140,standard,SD4,linear,euclidean,median,weighted,0.508316219
74,standard,SD5,mean,euclidean,dtw,weighted,0.508316219
74,standard,SD5,mean,euclidean,dtw,weighted,0.508316219
360,standard,SD2,median,euclidean,dtw,hdbscan,0.507900715
22,standard,SD4,linear,dtw,mean,weighted,0.507872701
205,standard,SD4,mean,dtw,dtw,average,0.507872701
205,standard,SD4,mean,dtw,dtw,average,0.507872701
223,standard,SD4,mean,dtw,median,average,0.507872701
23,minmax,SD3,mean,dtw,mean,ward,0.507872701
225,standard,SD4,linear,dtw,dtw,weighted,0.507872701
22,standard,SD4,linear,dtw,mean,weighted,0.507872701
354,standard,SD2,mean,euclidean,dtw,average,0.507838428
518,standard,SD4,median,dtw,mean,average,0.507359862
518,standard,SD4,median,dtw,mean,average,0.507359862
288,standard,SD3,median,dtw,mean,average,0.506876647
288,standard,SD3,median,dtw,mean,average,0.506876647
513,standard,SD3,linear,euclidean,mean,weighted,0.506876647
539,standard,SD4,linear,dtw,mean,average,0.505987048
9,standard,SD4,prophet,euclidean,mean,weighted,0.505454302
8,standard,SD5,prophet,euclidean,dtw,weighted,0.505454302
8,standard,SD5,prophet,euclidean,dtw,weighted,0.505454302
415,standard,SD4,linear,dtw,mean,weighted,0.50467068
264,standard,SD3,mean,euclidean,mean,hdbscan,0.50440526
308,standard,SD3,mean,dtw,mean,ward,0.503921211
309,standard,SD3,linear,dtw,mean,median,0.503857672
60,standard,SD6,linear,euclidean,mean,average,0.501686633
533,standard,SD3,prophet,dtw,mean,weighted,0.501686633
60,standard,SD6,linear,euclidean,mean,average,0.501686633
18,standard,SD5,linear,dtw,median,weighted,0.501642466
18,standard,SD5,linear,dtw,median,weighted,0.501642466
275,standard,SD4,median,euclidean,mean,weighted,0.501596034
47,minmax,SD2,linear,dtw,dtw,weighted,0.501061261
47,minmax,SD2,linear,dtw,dtw,weighted,0.501061261
5,standard,SD3,linear,euclidean,dtw,average,0.500189185
64,standard,SD3,prophet,euclidean,mean,average,0.500189185
64,standard,SD3,prophet,euclidean,mean,average,0.500189185
1016,standard,SD2,prophet,dtw,dtw,single,0.499175876
1016,standard,SD2,prophet,dtw,dtw,single,0.499175876
447,standard,SD3,linear,euclidean,mean,average,0.49877432
431,standard,SD3,linear,euclidean,mean,average,0.49877432
15,standard,SD6,prophet,euclidean,median,weighted,0.498535633
15,standard,SD6,prophet,euclidean,median,weighted,0.498535633
534,standard,SD3,median,dtw,mean,centroid,0.498327971
534,standard,SD3,median,dtw,mean,centroid,0.498327971
259,standard,SD4,linear,dtw,prophet,average,0.49794811
376,standard,SD4,prophet,dtw,mean,weighted,0.497662038
295,standard,SD2,linear,dtw,mean,average,0.496531814
268,standard,SD3,linear,dtw,dtw,average,0.496384531
608,standard,SD3,prophet,dtw,mean,weighted,0.496053904
394,standard,SD3,mean,dtw,mean,weighted,0.495874822
463,standard,SD3,mean,dtw,mean,average,0.495489359
477,standard,SD3,linear,euclidean,mean,weighted,0.495489359
208,standard,SD3,linear,dtw,mean,ward,0.495062649
307,standard,SD3,median,euclidean,mean,average,0.494537592
206,standard,SD4,prophet,dtw,mean,average,0.493649334
345,standard,SD4,prophet,euclidean,mean,weighted,0.493596017
205,standard,SD3,mean,dtw,median,ward,0.491869569
205,standard,SD3,mean,dtw,median,ward,0.491869569
380,standard,SD4,linear,dtw,mean,median,0.491404116
353,standard,SD2,prophet,dtw,mean,average,0.491356879
351,standard,SD2,prophet,euclidean,mean,average,0.491356879
371,standard,SD3,linear,euclidean,mean,ward,0.490820765
386,standard,SD3,mean,euclidean,dtw,hdbscan,0.490133107
361,standard,SD4,linear,euclidean,mean,weighted,0.490107656
396,standard,SD4,linear,euclidean,mean,average,0.490107656
436,standard,SD4,mean,euclidean,dtw,average,0.48975876
25,standard,SD2,mean,euclidean,dtw,average,0.489717215
396,standard,SD3,linear,euclidean,mean,ward,0.489391148
235,standard,SD3,median,euclidean,mean,average,0.48859176
271,standard,SD3,median,euclidean,mean,centroid,0.48859176
8,standard,SD3,linear,euclidean,median,centroid,0.48859176
8,standard,SD3,linear,euclidean,median,centroid,0.48859176
287,standard,SD5,prophet,dtw,mean,hdbscan,0.488515288
287,standard,SD5,prophet,dtw,mean,hdbscan,0.488515288
327,standard,SD2,linear,euclidean,dtw,weighted,0.488496602
327,standard,SD2,linear,euclidean,dtw,weighted,0.488496602
180,standard,SD3,median,dtw,mean,median,0.487031758
180,standard,SD3,median,dtw,mean,median,0.487031758
371,standard,SD4,linear,euclidean,mean,median,0.485612005
17,standard,SD6,prophet,dtw,dtw,ward,0.48534283
17,standard,SD6,prophet,dtw,dtw,ward,0.48534283
9,minmax,SD2,mean,dtw,dtw,ward,0.484806746
9,minmax,SD2,mean,dtw,dtw,ward,0.484806746
460,standard,SD3,linear,euclidean,mean,weighted,0.484547347
331,standard,SD2,linear,dtw,mean,average,0.483759701
256,standard,SD4,median,dtw,mean,median,0.483331144
258,standard,SD3,median,dtw,mean,weighted,0.483331144
369,standard,SD2,median,euclidean,mean,average,0.48308441
384,standard,SD2,linear,dtw,mean,average,0.48308441
348,standard,SD4,median,dtw,mean,ward,0.483032495
380,standard,SD3,prophet,euclidean,mean,average,0.482827932
306,standard,SD3,linear,dtw,mean,weighted,0.482735097
460,standard,SD4,mean,dtw,mean,weighted,0.481068999
460,standard,SD4,mean,dtw,mean,weighted,0.481068999
301,standard,SD4,prophet,euclidean,mean,median,0.481029987
447,standard,SD4,linear,dtw,mean,weighted,0.480488092
89,standard,SD4,prophet,dtw,median,average,0.480446577
89,standard,SD4,prophet,dtw,median,average,0.480446577
272,standard,SD4,prophet,dtw,median,average,0.480446577
127,standard,SD4,mean,dtw,mode,median,0.479870856
72,standard,SD6,median,dtw,mean,median,0.479870856
127,standard,SD4,mean,dtw,mode,median,0.479870856
72,standard,SD6,median,dtw,mean,median,0.479870856
83,standard,SD6,median,dtw,prophet,median,0.479870856
518,standard,SD5,prophet,euclidean,mean,weighted,0.479870856
83,standard,SD6,median,dtw,prophet,median,0.479870856
403,standard,SD2,linear,dtw,mean,weighted,0.479476511
471,standard,SD4,median,euclidean,mean,average,0.478883654
512,standard,SD4,linear,dtw,mean,weighted,0.478708208
392,standard,SD4,prophet,dtw,mean,average,0.478672326
374,standard,SD3,linear,euclidean,mean,complete,0.478593171
255,standard,SD5,linear,dtw,mode,median,0.477574706
255,standard,SD5,linear,dtw,mode,median,0.477574706
472,standard,SD4,linear,dtw,mean,average,0.477503181
359,standard,SD2,mean,euclidean,mean,weighted,0.477317542
359,standard,SD2,mean,euclidean,mean,weighted,0.477317542
255,standard,SD4,mean,dtw,mean,average,0.475678861
256,standard,SD4,prophet,dtw,mean,weighted,0.475678861
398,standard,SD3,linear,euclidean,mean,complete,0.475393474
466,standard,SD3,linear,dtw,dtw,weighted,0.475258201
838,standard,SD4,linear,dtw,dtw,single,0.475147486
838,standard,SD4,linear,dtw,dtw,single,0.475147486
336,standard,SD3,median,euclidean,mean,weighted,0.474868119
411,standard,SD3,linear,euclidean,mean,average,0.474715501
240,standard,SD3,linear,dtw,dtw,ward,0.474195451
253,standard,SD4,linear,dtw,mean,complete,0.4732517
100,standard,SD4,median,dtw,median,weighted,0.472699136
100,standard,SD4,median,dtw,median,weighted,0.472699136
393,standard,SD3,mean,euclidean,dtw,average,0.471060604
393,standard,SD3,mean,euclidean,dtw,average,0.471060604
14,standard,SD6,mean,dtw,prophet,median,0.47084403
14,standard,SD6,mean,dtw,prophet,median,0.47084403
279,standard,SD3,prophet,euclidean,mean,median,0.470563024
364,standard,SD3,prophet,euclidean,mean,median,0.470563024
318,standard,SD3,prophet,euclidean,mean,median,0.470341563
255,standard,SD4,mean,dtw,dtw,centroid,0.470046788
255,standard,SD4,mean,dtw,dtw,centroid,0.470046788
349,standard,SD4,mean,euclidean,mean,average,0.469398558
543,standard,SD3,prophet,dtw,dtw,weighted,0.469034702
532,standard,SD3,linear,dtw,dtw,weighted,0.469034702
413,standard,SD2,median,dtw,mean,average,0.468509674
466,standard,SD3,prophet,dtw,mean,weighted,0.467805922
324,standard,SD2,mean,euclidean,dtw,hdbscan,0.467775017
324,standard,SD2,mean,euclidean,dtw,hdbscan,0.467775017
347,standard,SD4,median,dtw,prophet,median,0.467289716
242,standard,SD4,median,dtw,dtw,weighted,0.467185259
292,standard,SD4,mean,dtw,mean,weighted,0.464329273
292,standard,SD4,mean,dtw,mean,weighted,0.464329273
389,standard,SD2,linear,euclidean,dtw,ward,0.463848799
389,standard,SD2,linear,euclidean,dtw,ward,0.463848799
246,standard,SD4,linear,euclidean,mean,average,0.463841587
32,minmax,SD3,median,dtw,mean,average,0.463814288
350,minmax,SD3,linear,dtw,mean,average,0.463814288
32,minmax,SD3,median,dtw,mean,average,0.463814288
239,standard,SD3,median,euclidean,dtw,weighted,0.463403523
473,standard,SD4,mean,euclidean,dtw,ward,0.462750703
2,minmax,SD2,prophet,dtw,mean,weighted,0.462421358
90,standard,SD2,median,euclidean,mean,hdbscan,0.462243438
90,standard,SD2,median,euclidean,mean,hdbscan,0.462243438
23,standard,SD3,prophet,euclidean,dtw,hdbscan,0.461595058
23,standard,SD3,prophet,euclidean,dtw,hdbscan,0.461595058
22,standard,SD3,linear,euclidean,mean,hdbscan,0.461595058
22,standard,SD3,linear,euclidean,mean,hdbscan,0.461595058
275,minmax,SD2,prophet,euclidean,mean,single,0.4612602
300,standard,SD3,prophet,dtw,mean,ward,0.461117268
304,standard,SD4,prophet,euclidean,mean,weighted,0.459628433
467,standard,SD4,linear,euclidean,mean,average,0.459358394
10,standard,SD3,median,euclidean,dtw,hdbscan,0.459229499
181,standard,SD5,median,euclidean,dtw,hdbscan,0.459229499
181,standard,SD5,median,euclidean,dtw,hdbscan,0.459229499
10,standard,SD3,median,euclidean,dtw,hdbscan,0.459229499
217,standard,SD3,median,euclidean,mean,hdbscan,0.459229499
29,standard,SD5,prophet,dtw,mode,complete,0.459146559
29,standard,SD5,prophet,dtw,mode,complete,0.459146559
352,standard,SD4,prophet,euclidean,mean,median,0.459112316
3,standard,SD2,median,dtw,median,weighted,0.458844125
3,standard,SD2,median,dtw,median,weighted,0.458844125
383,standard,SD3,linear,dtw,median,weighted,0.4586716
238,minmax,SD2,linear,euclidean,mean,average,0.457934976
1192,standard,SD3,prophet,dtw,dtw,single,0.457888871
777,standard,SD3,prophet,dtw,dtw,single,0.457888871
777,standard,SD3,prophet,dtw,dtw,single,0.457888871
1192,standard,SD3,prophet,dtw,dtw,single,0.457888871
9,minmax,SD3,median,dtw,mode,weighted,0.457741886
384,minmax,SD3,median,dtw,mean,weighted,0.457741886
488,minmax,SD3,linear,dtw,mean,weighted,0.457741886
9,minmax,SD3,median,dtw,mode,weighted,0.457741886
407,minmax,SD3,linear,dtw,mean,weighted,0.457741886
374,standard,SD3,linear,dtw,mean,ward,0.456986338
305,standard,SD3,median,dtw,dtw,weighted,0.456395775
305,standard,SD3,median,dtw,dtw,weighted,0.456395775
460,standard,SD4,linear,dtw,mean,average,0.456395775
384,standard,SD2,mean,euclidean,dtw,average,0.456284344
398,standard,SD3,median,dtw,dtw,median,0.455959439
305,standard,SD3,prophet,euclidean,mean,weighted,0.455959439
282,standard,SD3,prophet,euclidean,mean,weighted,0.455959439
421,standard,SD2,linear,dtw,mean,average,0.455134004
498,standard,SD4,linear,dtw,mean,weighted,0.45510456
317,standard,SD3,median,dtw,mean,complete,0.454727173
371,standard,SD3,prophet,dtw,mean,average,0.454294384
263,minmax,SD3,linear,euclidean,mean,average,0.454294384
7,standard,SD3,linear,dtw,dtw,hdbscan,0.454187781
7,standard,SD3,linear,dtw,dtw,hdbscan,0.454187781
511,standard,SD4,median,euclidean,mean,weighted,0.453477383
247,standard,SD4,linear,euclidean,dtw,weighted,0.453031749
247,standard,SD4,linear,euclidean,dtw,weighted,0.453031749
296,standard,SD3,prophet,euclidean,dtw,hdbscan,0.452184975
296,standard,SD3,prophet,euclidean,dtw,hdbscan,0.452184975
309,standard,SD3,median,euclidean,dtw,hdbscan,0.452184975
309,standard,SD3,median,euclidean,dtw,hdbscan,0.452184975
466,standard,SD2,median,dtw,mean,weighted,0.452136546
148,minmax,SD3,prophet,dtw,median,average,0.451905698
148,minmax,SD3,prophet,dtw,median,average,0.451905698
349,standard,SD3,mean,dtw,mean,weighted,0.449345618
2,minmax,SD2,linear,dtw,median,complete,0.448718607
2,minmax,SD2,linear,dtw,median,complete,0.448718607
25,standard,SD2,median,dtw,dtw,ward,0.448155612
238,standard,SD2,prophet,euclidean,mean,weighted,0.447896749
238,standard,SD2,prophet,euclidean,mean,weighted,0.447896749
420,standard,SD2,linear,euclidean,mean,average,0.447896749
273,standard,SD4,linear,dtw,mean,single,0.447347969
322,standard,SD4,mean,dtw,mean,average,0.447216541
325,standard,SD4,prophet,dtw,mean,median,0.446848571
669,standard,SD3,mean,dtw,dtw,single,0.446592897
669,standard,SD3,mean,dtw,dtw,single,0.446592897
249,standard,SD4,median,dtw,mean,hdbscan,0.445794225
22,standard,SD3,prophet,dtw,mean,hdbscan,0.445794225
19,standard,SD4,median,dtw,dtw,hdbscan,0.445794225
249,standard,SD4,median,dtw,mean,hdbscan,0.445794225
19,standard,SD4,median,dtw,dtw,hdbscan,0.445794225
304,standard,SD3,median,euclidean,mean,ward,0.445760638
354,standard,SD2,linear,dtw,median,weighted,0.444813937
354,standard,SD2,linear,dtw,median,weighted,0.444813937
121,standard,SD2,mean,dtw,dtw,weighted,0.444813937
338,minmax,SD2,prophet,euclidean,dtw,weighted,0.444813937
121,standard,SD2,mean,dtw,dtw,weighted,0.444813937
338,minmax,SD2,prophet,euclidean,dtw,weighted,0.444813937
63,minmax,SD2,prophet,euclidean,dtw,weighted,0.444586933
63,minmax,SD2,prophet,euclidean,dtw,weighted,0.444586933
423,standard,SD2,mean,euclidean,dtw,weighted,0.444586933
386,standard,SD3,median,euclidean,mean,weighted,0.44398126
330,standard,SD3,prophet,dtw,mean,average,0.443638414
331,standard,SD4,mean,euclidean,mean,ward,0.443003565
350,standard,SD3,prophet,euclidean,mean,median,0.442966402
10,minmax,SD3,prophet,euclidean,mean,average,0.442809165
309,minmax,SD3,mean,dtw,mean,weighted,0.44191134
4,minmax,SD3,mean,dtw,mode,weighted,0.44191134
4,minmax,SD3,mean,dtw,mode,weighted,0.44191134
309,minmax,SD3,mean,dtw,mean,weighted,0.44191134
400,standard,SD4,median,dtw,mean,ward,0.44191134
399,standard,SD3,linear,dtw,mean,ward,0.441557825
163,standard,SD2,median,dtw,mean,ward,0.441287577
163,standard,SD2,median,dtw,mean,ward,0.441287577
480,standard,SD2,linear,euclidean,dtw,average,0.441188574
380,standard,SD3,median,dtw,dtw,average,0.440865934
356,standard,SD3,linear,dtw,dtw,average,0.440865934
256,standard,SD3,mean,dtw,mean,hdbscan,0.44061482
256,standard,SD3,mean,dtw,mean,hdbscan,0.44061482
277,standard,SD3,linear,euclidean,mean,ward,0.439868331
206,standard,SD6,mean,euclidean,median,weighted,0.439864397
206,standard,SD6,mean,euclidean,median,weighted,0.439864397
42,standard,SD5,prophet,dtw,dtw,hdbscan,0.439332336
42,standard,SD5,prophet,dtw,dtw,hdbscan,0.439332336
343,standard,SD3,median,dtw,dtw,hdbscan,0.438823611
343,standard,SD3,median,dtw,dtw,hdbscan,0.438823611
132,standard,SD3,median,dtw,mode,hdbscan,0.438823611
132,standard,SD3,median,dtw,mode,hdbscan,0.438823611
214,standard,SD3,median,dtw,dtw,hdbscan,0.438823611
341,standard,SD4,median,euclidean,prophet,average,0.437982291
5,standard,SD6,median,dtw,dtw,weighted,0.437982291
5,standard,SD6,median,dtw,dtw,weighted,0.437982291
356,standard,SD2,median,dtw,dtw,average,0.437828362
351,standard,SD3,median,euclidean,dtw,average,0.436629802
253,standard,SD3,mean,euclidean,dtw,average,0.435969442
332,standard,SD4,median,euclidean,dtw,weighted,0.435797989
295,standard,SD4,linear,dtw,mean,ward,0.435490251
292,standard,SD2,prophet,dtw,dtw,hdbscan,0.435318798
292,standard,SD2,prophet,dtw,dtw,hdbscan,0.435318798
351,standard,SD4,median,dtw,mean,complete,0.43401581
279,standard,SD4,mean,dtw,dtw,hdbscan,0.432577312
279,standard,SD4,mean,dtw,dtw,hdbscan,0.432577312
470,standard,SD3,median,euclidean,mean,average,0.432211101
129,standard,SD2,prophet,euclidean,median,weighted,0.431077868
435,standard,SD2,linear,euclidean,mode,weighted,0.431010067
435,standard,SD2,linear,euclidean,mode,weighted,0.431010067
338,standard,SD2,linear,dtw,dtw,weighted,0.430941045
338,standard,SD2,linear,dtw,dtw,weighted,0.430941045
3,minmax,SD2,prophet,euclidean,mean,ward,0.430339336
22,standard,SD2,prophet,euclidean,dtw,hdbscan,0.429897189
22,standard,SD2,prophet,euclidean,dtw,hdbscan,0.429897189
410,standard,SD4,median,euclidean,mean,weighted,0.429743558
445,standard,SD3,median,dtw,dtw,weighted,0.429480731
445,standard,SD3,median,dtw,dtw,weighted,0.429480731
556,standard,SD4,prophet,dtw,mean,weighted,0.429350823
312,minmax,SD3,linear,euclidean,dtw,average,0.428966254
2,standard,SD4,linear,dtw,mean,complete,0.428714454
384,standard,SD2,linear,euclidean,mean,weighted,0.427914917
499,standard,SD3,median,dtw,mean,average,0.427741587
17,minmax,SD2,mean,euclidean,mean,weighted,0.427525908
17,minmax,SD2,mean,euclidean,mean,weighted,0.427525908
5,standard,SD3,median,dtw,mean,weighted,0.426982343
5,standard,SD3,median,dtw,mean,weighted,0.426982343
465,minmax,SD3,prophet,dtw,mean,average,0.426738173
522,standard,SD4,linear,euclidean,mean,weighted,0.42616123
403,standard,SD4,prophet,euclidean,mean,median,0.42594716
361,minmax,SD3,prophet,dtw,dtw,weighted,0.425568312
361,minmax,SD3,prophet,dtw,dtw,weighted,0.425568312
388,standard,SD5,mean,euclidean,dtw,median,0.425122827
388,standard,SD5,mean,euclidean,dtw,median,0.425122827
278,standard,SD3,prophet,dtw,mean,weighted,0.424904674
4,standard,SD5,linear,dtw,median,ward,0.424889833
4,standard,SD5,linear,dtw,median,ward,0.424889833
2,minmax,SD3,prophet,euclidean,mean,median,0.424689442
192,standard,SD6,linear,dtw,prophet,ward,0.424654543
192,standard,SD6,linear,dtw,prophet,ward,0.424654543
291,standard,SD2,median,dtw,mean,weighted,0.424515873
253,minmax,SD4,prophet,euclidean,mean,weighted,0.424422711
320,minmax,SD2,median,euclidean,dtw,average,0.424390078
507,standard,SD2,median,dtw,mean,average,0.424262017
11,standard,SD6,linear,euclidean,dtw,ward,0.424194247
11,standard,SD6,linear,euclidean,dtw,ward,0.424194247
1163,minmax,SD3,prophet,dtw,dtw,single,0.424138516
1163,minmax,SD3,prophet,dtw,dtw,single,0.424138516
469,standard,SD4,linear,euclidean,dtw,weighted,0.424060911
469,standard,SD4,linear,euclidean,dtw,weighted,0.424060911
401,standard,SD2,median,euclidean,mean,average,0.423998803
376,standard,SD2,median,dtw,mean,weighted,0.42386353
448,standard,SD2,mean,dtw,dtw,hdbscan,0.422047615
448,standard,SD2,mean,dtw,dtw,hdbscan,0.422047615
366,standard,SD4,linear,dtw,dtw,median,0.421884954
157,standard,SD2,linear,euclidean,median,average,0.421679497
43,standard,SD4,linear,euclidean,mean,ward,0.421378881
457,standard,SD3,median,euclidean,mean,median,0.421313524
349,minmax,SD3,linear,euclidean,dtw,single,0.420751363
382,standard,SD3,median,dtw,mean,weighted,0.420187801
402,standard,SD3,median,dtw,mean,weighted,0.420187801
80,standard,SD6,median,dtw,median,centroid,0.419727802
80,standard,SD6,median,dtw,median,centroid,0.419727802
297,standard,SD3,median,euclidean,dtw,average,0.419269323
297,standard,SD3,median,euclidean,dtw,average,0.419269323
20,standard,SD2,prophet,euclidean,mean,ward,0.419169545
343,standard,SD4,linear,euclidean,mean,complete,0.417288989
282,standard,SD2,median,euclidean,mean,average,0.417211056
291,minmax,SD3,prophet,euclidean,dtw,single,0.416824549
291,minmax,SD3,prophet,euclidean,dtw,single,0.416824549
324,minmax,SD3,prophet,euclidean,dtw,single,0.416824549
388,standard,SD3,prophet,euclidean,dtw,single,0.416824549
388,standard,SD3,prophet,euclidean,dtw,single,0.416824549
406,standard,SD3,mean,dtw,mean,average,0.41679129
1053,standard,SD2,linear,euclidean,dtw,single,0.416470975
1053,standard,SD2,linear,euclidean,dtw,single,0.416470975
361,standard,SD4,linear,dtw,mean,ward,0.415499032
354,standard,SD3,mean,euclidean,mean,median,0.414110154
425,standard,SD2,median,dtw,dtw,weighted,0.414071977
425,standard,SD2,median,dtw,dtw,weighted,0.414071977
401,standard,SD2,prophet,euclidean,dtw,weighted,0.413848251
401,standard,SD2,prophet,euclidean,dtw,weighted,0.413848251
300,standard,SD3,prophet,euclidean,dtw,median,0.413824618
319,standard,SD3,linear,euclidean,dtw,weighted,0.413824618
319,standard,SD3,linear,euclidean,dtw,weighted,0.413824618
285,standard,SD4,prophet,dtw,dtw,weighted,0.413684726
209,standard,SD2,mean,euclidean,mean,hdbscan,0.413544327
246,standard,SD2,linear,euclidean,dtw,hdbscan,0.413544327
370,standard,SD2,median,euclidean,dtw,weighted,0.413388312
370,standard,SD2,median,euclidean,dtw,weighted,0.413388312
71,standard,SD3,prophet,euclidean,dtw,single,0.413048178
71,standard,SD3,prophet,euclidean,dtw,single,0.413048178
348,standard,SD3,median,euclidean,mean,ward,0.412912488
453,standard,SD4,mean,dtw,dtw,average,0.411278456
383,standard,SD4,prophet,euclidean,mean,weighted,0.411278456
453,standard,SD4,mean,dtw,dtw,average,0.411278456
226,standard,SD4,prophet,euclidean,mean,complete,0.411154389
514,standard,SD2,linear,euclidean,mean,average,0.410759211
367,standard,SD5,linear,dtw,mean,centroid,0.410558611
480,standard,SD4,median,dtw,dtw,average,0.409118623
300,standard,SD4,prophet,dtw,mean,centroid,0.408459723
300,standard,SD4,prophet,dtw,mean,centroid,0.408459723
272,standard,SD4,prophet,dtw,mean,median,0.408355147
351,standard,SD2,median,euclidean,mean,average,0.408300132
484,standard,SD2,linear,dtw,dtw,weighted,0.407743782
484,standard,SD2,linear,dtw,dtw,weighted,0.407743782
8,standard,SD3,median,euclidean,median,ward,0.406190962
8,standard,SD3,median,euclidean,median,ward,0.406190962
328,minmax,SD3,prophet,euclidean,mean,average,0.40582794
326,standard,SD4,prophet,euclidean,dtw,average,0.40582794
328,minmax,SD3,prophet,euclidean,mean,average,0.40582794
28,standard,SD5,mean,euclidean,dtw,hdbscan,0.405557185
43,standard,SD5,linear,euclidean,prophet,hdbscan,0.405557185
43,standard,SD5,linear,euclidean,prophet,hdbscan,0.405557185
28,standard,SD5,mean,euclidean,dtw,hdbscan,0.405557185
464,standard,SD3,linear,euclidean,dtw,median,0.404775828
298,standard,SD2,linear,euclidean,dtw,average,0.404193252
306,standard,SD2,prophet,euclidean,mean,average,0.4035649
279,minmax,SD3,mean,euclidean,prophet,single,0.403119981
19,minmax,SD3,mean,euclidean,dtw,single,0.403119981
18,minmax,SD3,mean,euclidean,mode,single,0.403119981
279,minmax,SD3,mean,euclidean,prophet,single,0.403119981
235,minmax,SD3,mean,euclidean,median,single,0.403119981
19,minmax,SD3,mean,euclidean,dtw,single,0.403119981
351,minmax,SD3,mean,euclidean,prophet,single,0.403119981
18,minmax,SD3,mean,euclidean,mode,single,0.403119981
11,minmax,SD2,median,euclidean,dtw,weighted,0.401601374
11,minmax,SD2,median,euclidean,dtw,weighted,0.401601374
393,standard,SD6,prophet,dtw,dtw,ward,0.40048191
393,standard,SD6,prophet,dtw,dtw,ward,0.40048191
437,standard,SD4,median,euclidean,mean,average,0.400033265
357,standard,SD3,prophet,dtw,mean,median,0.400033265
437,standard,SD4,median,euclidean,mean,average,0.400033265
258,standard,SD2,linear,euclidean,dtw,centroid,0.397705555
258,standard,SD2,linear,euclidean,dtw,centroid,0.397705555
460,standard,SD3,linear,dtw,mean,ward,0.397651672
284,standard,SD3,linear,euclidean,mean,complete,0.397618592
302,standard,SD4,linear,dtw,mean,complete,0.397585988
236,standard,SD2,median,euclidean,mean,weighted,0.396192729
13,minmax,SD4,median,euclidean,mean,average,0.394639879
381,standard,SD3,linear,dtw,mean,complete,0.394607842
285,standard,SD4,mean,euclidean,mean,weighted,0.394597471
442,standard,SD3,linear,euclidean,dtw,weighted,0.394587249
391,minmax,SD3,prophet,dtw,median,centroid,0.394557357
391,minmax,SD3,prophet,dtw,median,centroid,0.394557357
433,standard,SD4,prophet,euclidean,dtw,hdbscan,0.394187897
433,standard,SD4,prophet,euclidean,dtw,hdbscan,0.394187897
552,standard,SD3,prophet,euclidean,mean,weighted,0.391857326
161,standard,SD4,median,dtw,mean,ward,0.391699046
306,standard,SD3,prophet,euclidean,mean,ward,0.391677797
201,standard,SD3,linear,euclidean,mean,weighted,0.389028788
201,standard,SD3,linear,euclidean,mean,weighted,0.389028788
407,standard,SD3,prophet,dtw,mean,weighted,0.388822764
278,minmax,SD3,linear,dtw,mean,ward,0.388791621
278,minmax,SD3,linear,dtw,mean,ward,0.388791621
394,standard,SD4,linear,euclidean,dtw,average,0.386130303
372,standard,SD4,linear,euclidean,dtw,average,0.386130303
14,standard,SD3,prophet,dtw,dtw,complete,0.385824949
386,standard,SD3,median,dtw,mean,ward,0.385824949
386,standard,SD3,median,dtw,mean,ward,0.385824949
36,standard,SD2,median,euclidean,dtw,centroid,0.385214984
36,standard,SD2,median,euclidean,dtw,centroid,0.385214984
196,minmax,SD3,prophet,dtw,mean,weighted,0.383262068
283,standard,SD3,prophet,euclidean,mean,single,0.382115692
283,standard,SD3,prophet,euclidean,mean,single,0.382115692
8,minmax,SD2,median,dtw,dtw,weighted,0.381819606
8,minmax,SD2,median,dtw,dtw,weighted,0.381819606
467,standard,SD2,mean,euclidean,mean,average,0.380727708
541,standard,SD3,median,dtw,mean,weighted,0.380716264
6,standard,SD4,median,euclidean,mean,complete,0.380544007
505,standard,SD4,linear,dtw,dtw,average,0.38045606
56,standard,SD2,mean,dtw,mean,hdbscan,0.379251152
56,standard,SD2,mean,dtw,mean,hdbscan,0.379251152
261,minmax,SD3,median,euclidean,mean,weighted,0.377444416
261,minmax,SD3,median,euclidean,mean,weighted,0.377444416
402,standard,SD4,median,dtw,dtw,average,0.377444416
353,standard,SD2,median,euclidean,mean,ward,0.376781076
69,standard,SD3,mean,euclidean,dtw,complete,0.374883145
69,standard,SD3,mean,euclidean,dtw,complete,0.374883145
526,standard,SD4,median,dtw,mean,weighted,0.374755323
302,standard,SD6,linear,euclidean,mode,hdbscan,0.374415398
302,standard,SD6,linear,euclidean,mode,hdbscan,0.374415398
259,minmax,SD2,mean,dtw,dtw,average,0.373898
64,standard,SD3,mean,dtw,dtw,median,0.373731583
301,standard,SD3,mean,dtw,mode,median,0.373731583
64,standard,SD3,mean,dtw,dtw,median,0.373731583
301,standard,SD3,mean,dtw,mode,median,0.373731583
226,standard,SD3,median,dtw,mean,complete,0.372116029
366,standard,SD3,prophet,euclidean,dtw,average,0.371820241
331,standard,SD4,median,dtw,dtw,average,0.371669173
552,minmax,SD3,linear,dtw,mean,average,0.371515989
468,standard,SD3,median,euclidean,dtw,weighted,0.370900989
468,standard,SD3,median,euclidean,dtw,weighted,0.370900989
394,standard,SD2,linear,dtw,dtw,average,0.37073499
312,standard,SD3,median,dtw,mean,ward,0.369525164
420,minmax,SD3,linear,euclidean,mean,average,0.369027883
560,standard,SD3,median,dtw,dtw,average,0.36868456
560,standard,SD3,median,dtw,dtw,average,0.36868456
361,minmax,SD3,mean,euclidean,dtw,weighted,0.368509203
413,standard,SD3,linear,euclidean,dtw,average,0.364091188
248,standard,SD2,linear,dtw,mean,weighted,0.362955034
452,standard,SD3,median,dtw,mean,weighted,0.361956954
439,standard,SD3,median,dtw,mean,weighted,0.361956954
439,standard,SD3,median,dtw,mean,weighted,0.361956954
309,minmax,SD4,linear,euclidean,mean,weighted,0.361726135
355,minmax,SD2,mean,euclidean,mean,weighted,0.36101228
363,standard,SD2,linear,euclidean,median,average,0.36028263
505,standard,SD3,prophet,dtw,mean,weighted,0.360036403
249,standard,SD2,prophet,dtw,dtw,ward,0.359539151
375,minmax,SD3,linear,euclidean,mean,average,0.357988089
388,standard,SD3,mean,euclidean,mean,weighted,0.357492179
166,standard,SD5,prophet,euclidean,dtw,single,0.356550127
166,standard,SD5,prophet,euclidean,dtw,single,0.356550127
395,standard,SD3,median,dtw,mean,median,0.355521172
157,minmax,SD5,linear,dtw,median,weighted,0.354454637
157,minmax,SD5,linear,dtw,median,weighted,0.354454637
400,standard,SD3,linear,dtw,dtw,weighted,0.353903115
36,minmax,SD3,prophet,dtw,dtw,complete,0.353033274
36,minmax,SD3,prophet,dtw,dtw,complete,0.353033274
569,standard,SD2,linear,euclidean,dtw,weighted,0.352148086
569,standard,SD2,linear,euclidean,dtw,weighted,0.352148086
5,standard,SD2,mean,euclidean,mean,centroid,0.351023793
5,standard,SD2,mean,euclidean,mean,centroid,0.351023793
406,standard,SD4,linear,dtw,mean,complete,0.350163996
534,standard,SD3,prophet,euclidean,mean,weighted,0.350138873
507,minmax,SD3,mean,dtw,dtw,ward,0.349197567
507,minmax,SD3,mean,dtw,dtw,ward,0.349197567
402,minmax,SD3,linear,euclidean,mean,weighted,0.348611236
326,standard,SD3,linear,dtw,dtw,weighted,0.348385245
326,standard,SD3,linear,dtw,dtw,weighted,0.348385245
447,standard,SD2,median,euclidean,dtw,median,0.348132014
144,minmax,SD2,prophet,dtw,median,ward,0.347631395
144,minmax,SD2,prophet,dtw,median,ward,0.347631395
464,standard,SD3,linear,dtw,mean,complete,0.345167249
633,standard,SD3,prophet,dtw,mean,weighted,0.343565553
436,standard,SD4,linear,dtw,dtw,weighted,0.343510002
618,standard,SD3,prophet,dtw,mean,weighted,0.340675622
370,standard,SD4,linear,dtw,dtw,weighted,0.340592563
508,standard,SD4,prophet,euclidean,mean,average,0.33801803
16,minmax,SD6,linear,dtw,dtw,weighted,0.3372401
16,minmax,SD6,linear,dtw,dtw,weighted,0.3372401
8,minmax,SD4,linear,dtw,mode,average,0.336896181
8,minmax,SD4,linear,dtw,mode,average,0.336896181
286,minmax,SD4,linear,dtw,mean,average,0.336896181
355,standard,SD4,median,dtw,median,average,0.336025447
419,standard,SD4,prophet,euclidean,mean,weighted,0.335835069
308,standard,SD4,median,dtw,median,average,0.331264704
308,standard,SD4,median,dtw,median,average,0.331264704
446,standard,SD2,prophet,dtw,mean,average,0.330881447
446,standard,SD2,prophet,dtw,mean,average,0.330881447
479,standard,SD3,prophet,dtw,mean,weighted,0.330411613
1179,standard,SD3,linear,euclidean,dtw,median,0.328632832
1179,standard,SD3,linear,euclidean,dtw,median,0.328632832
2,minmax,SD2,mean,dtw,median,centroid,0.324531019
2,minmax,SD2,mean,dtw,median,centroid,0.324531019
255,minmax,SD4,mean,euclidean,dtw,ward,0.324236453
255,minmax,SD4,mean,euclidean,dtw,ward,0.324236453
87,standard,SD4,prophet,euclidean,dtw,median,0.324112743
87,standard,SD4,prophet,euclidean,dtw,median,0.324112743
324,minmax,SD3,prophet,dtw,mean,median,0.323949695
85,minmax,SD3,linear,dtw,dtw,median,0.323949695
85,minmax,SD3,linear,dtw,dtw,median,0.323949695
7,minmax,SD3,linear,euclidean,mean,complete,0.320668221
434,standard,SD3,prophet,dtw,mode,weighted,0.319273472
434,standard,SD3,prophet,dtw,mode,weighted,0.319273472
532,standard,SD3,linear,dtw,mean,ward,0.316777259
537,standard,SD2,linear,dtw,mean,weighted,0.311267972
266,minmax,SD3,median,dtw,dtw,centroid,0.308300674
266,minmax,SD3,median,dtw,dtw,centroid,0.308300674
421,standard,SD4,mean,dtw,mean,median,0.30814746
526,standard,SD3,prophet,dtw,mean,weighted,0.30572623
307,zscore,SD3,median,euclidean,mean,weighted,0.302605361
232,minmax,SD3,linear,euclidean,dtw,single,0.300548673
232,minmax,SD3,linear,euclidean,dtw,single,0.300548673
1110,standard,SD6,median,euclidean,dtw,single,0.290263414
1110,standard,SD6,median,euclidean,dtw,single,0.290263414
340,minmax,SD2,linear,dtw,median,weighted,0.289253652
340,minmax,SD2,linear,dtw,median,weighted,0.289253652
900,minmax,SD5,prophet,euclidean,prophet,complete,0.284351826
900,minmax,SD5,prophet,euclidean,prophet,complete,0.284351826
517,standard,SD3,prophet,euclidean,mean,weighted,0.282519788
392,minmax,SD4,linear,dtw,mean,weighted,0.282203019
981,minmax,SD5,prophet,dtw,prophet,ward,0.276267469
981,minmax,SD5,prophet,dtw,prophet,ward,0.276267469
344,minmax,SD5,linear,euclidean,mean,average,0.273472756
433,minmax,SD4,median,dtw,dtw,average,0.273472756
433,minmax,SD4,median,dtw,dtw,average,0.273472756
583,standard,SD4,prophet,euclidean,mean,weighted,0.273103088
601,standard,SD3,prophet,dtw,mean,weighted,0.268533707
1199,standard,SD6,linear,euclidean,dtw,centroid,0.266708106
1199,standard,SD6,linear,euclidean,dtw,centroid,0.266708106
399,standard,SD3,prophet,euclidean,median,centroid,0.26563251
399,standard,SD3,prophet,euclidean,median,centroid,0.26563251
1072,standard,SD4,prophet,dtw,mean,single,0.262945712
25,minmax,SD6,prophet,euclidean,mean,single,0.262545347
25,minmax,SD6,prophet,euclidean,mean,single,0.262545347
954,standard,SD3,linear,euclidean,dtw,ward,0.260170281
954,standard,SD3,linear,euclidean,dtw,ward,0.260170281
549,standard,SD3,median,dtw,mean,weighted,0.256379038
865,standard,SD4,linear,euclidean,prophet,hdbscan,0.254809946
865,standard,SD4,linear,euclidean,prophet,hdbscan,0.254809946
750,minmax,SD2,mean,euclidean,dtw,average,0.253344148
750,minmax,SD2,mean,euclidean,dtw,average,0.253344148
860,standard,SD6,prophet,euclidean,dtw,weighted,0.248569429
860,standard,SD6,prophet,euclidean,dtw,weighted,0.248569429
517,standard,SD3,mean,dtw,mean,ward,0.248492897
517,standard,SD3,mean,dtw,mean,ward,0.248492897
2,minmax,SD3,linear,euclidean,dtw,weighted,0.243877545
2,minmax,SD3,linear,euclidean,dtw,weighted,0.243877545
857,standard,SD5,prophet,dtw,dtw,ward,0.23962383
857,standard,SD5,prophet,dtw,dtw,ward,0.23962383
610,standard,SD3,linear,dtw,mean,average,0.225659087
647,standard,SD4,linear,dtw,mean,weighted,0.21930185
595,standard,SD3,linear,euclidean,mean,weighted,0.215680808
634,standard,SD3,linear,euclidean,mean,weighted,0.212872863
273,standard,SD3,median,dtw,dtw,median,0.211871386
613,standard,SD3,linear,euclidean,mean,average,0.210137144
318,minmax,SD3,median,euclidean,mean,single,0.209702358
269,minmax,SD3,median,euclidean,mean,single,0.209702358
318,minmax,SD3,median,euclidean,mean,single,0.209702358
58,minmax,SD3,median,euclidean,dtw,single,0.209702358
58,minmax,SD3,median,euclidean,dtw,single,0.209702358
323,standard,SD3,prophet,euclidean,prophet,median,0.208878323
133,standard,SD3,prophet,dtw,dtw,weighted,0.20114851
104,standard,SD3,prophet,dtw,median,weighted,0.20114851
133,standard,SD3,prophet,dtw,dtw,weighted,0.20114851
104,standard,SD3,prophet,dtw,median,weighted,0.20114851
544,standard,SD3,mean,euclidean,mean,weighted,0.194304854
15,minmax,SD3,linear,euclidean,dtw,hdbscan,0.190559268
15,minmax,SD3,linear,euclidean,dtw,hdbscan,0.190559268
533,minmax,SD3,linear,euclidean,dtw,weighted,0.189968243
533,minmax,SD3,linear,euclidean,dtw,weighted,0.189968243
335,standard,SD3,linear,euclidean,mean,single,0.18756257
24,minmax,SD2,mean,euclidean,dtw,single,0.18598026
24,minmax,SD2,mean,euclidean,dtw,single,0.18598026
1190,standard,SD3,linear,euclidean,mean,single,0.184308678
14,standard,SD2,linear,dtw,dtw,median,0.182812542
2,standard,SD2,prophet,dtw,mode,median,0.182812542
14,standard,SD2,linear,dtw,dtw,median,0.182812542
2,standard,SD2,prophet,dtw,mode,median,0.182812542
385,minmax,SD2,prophet,euclidean,mean,single,0.177885428
385,minmax,SD2,prophet,euclidean,mean,single,0.177885428
329,standard,SD2,median,dtw,mean,median,0.174296826
347,standard,SD3,median,dtw,mean,median,0.172781721
1168,minmax,SD3,median,dtw,dtw,weighted,0.170493945
1168,minmax,SD3,median,dtw,dtw,weighted,0.170493945
307,minmax,SD4,prophet,euclidean,mode,single,0.168167844
347,minmax,SD4,prophet,euclidean,median,single,0.168167844
23,zscore,SD3,prophet,euclidean,dtw,complete,0.161020845
23,zscore,SD3,prophet,euclidean,dtw,complete,0.161020845
316,minmax,SD2,linear,euclidean,mean,single,0.152959272
600,zscore,SD4,mean,dtw,median,centroid,0.151713833
600,zscore,SD4,mean,dtw,median,centroid,0.151713833
585,standard,SD4,linear,dtw,mean,weighted,0.15074043
532,zscore,SD3,linear,euclidean,dtw,weighted,0.15025048
419,zscore,SD6,linear,dtw,dtw,centroid,0.15025048
152,zscore,SD4,linear,dtw,median,centroid,0.15025048
419,zscore,SD6,linear,dtw,dtw,centroid,0.15025048
152,zscore,SD4,linear,dtw,median,centroid,0.15025048
532,zscore,SD3,linear,euclidean,dtw,weighted,0.15025048
335,standard,SD3,linear,euclidean,mean,hdbscan,0.149415314
1196,standard,SD6,prophet,dtw,prophet,median,0.143304676
1196,standard,SD6,prophet,dtw,prophet,median,0.143304676
11,minmax,SD4,median,dtw,mean,median,0.143097743
75,minmax,SD5,prophet,euclidean,mode,hdbscan,0.134467125
75,minmax,SD5,prophet,euclidean,mode,hdbscan,0.134467125
491,standard,SD3,prophet,euclidean,mean,average,0.130182311
656,minmax,SD2,linear,dtw,mean,weighted,0.128750503
656,minmax,SD2,linear,dtw,mean,weighted,0.128750503
532,minmax,SD3,prophet,euclidean,dtw,single,0.120400205
532,minmax,SD3,prophet,euclidean,dtw,single,0.120400205
194,standard,SD5,median,euclidean,mode,median,0.118199542
194,standard,SD5,median,euclidean,mode,median,0.118199542
328,standard,SD2,prophet,dtw,dtw,single,0.116584368
328,standard,SD2,prophet,dtw,dtw,single,0.116584368
739,standard,SD3,linear,dtw,mean,weighted,0.113965899
446,minmax,SD6,linear,euclidean,prophet,median,0.11212974
446,minmax,SD6,linear,euclidean,prophet,median,0.11212974
574,standard,SD3,mean,dtw,median,hdbscan,0.110849522
574,standard,SD3,mean,dtw,median,hdbscan,0.110849522
36,zscore,SD5,median,euclidean,median,ward,0.10624747
36,zscore,SD5,median,euclidean,median,ward,0.10624747
545,standard,SD2,prophet,euclidean,mean,weighted,0.098670848
22,zscore,SD3,prophet,euclidean,prophet,single,0.092009373
22,zscore,SD3,prophet,euclidean,prophet,single,0.092009373
338,zscore,SD4,prophet,euclidean,dtw,average,0.092009373
1197,zscore,SD3,prophet,dtw,dtw,weighted,0.092009373
688,standard,SD3,linear,euclidean,mean,weighted,0.091582239
688,standard,SD3,linear,euclidean,mean,weighted,0.091582239
968,zscore,SD3,median,euclidean,prophet,ward,0.091415994
968,zscore,SD3,median,euclidean,prophet,ward,0.091415994
16,minmax,SD2,prophet,euclidean,dtw,median,0.091225959
942,standard,SD6,median,dtw,median,weighted,0.081233673
942,standard,SD6,median,dtw,median,weighted,0.081233673
451,zscore,SD4,median,dtw,mean,weighted,0.079806522
451,zscore,SD4,median,dtw,mean,weighted,0.079806522
36,zscore,SD6,median,dtw,dtw,single,0.073804051
36,zscore,SD6,median,dtw,dtw,single,0.073804051
67,standard,SD2,linear,euclidean,mean,single,0.073226541
67,standard,SD2,linear,euclidean,mean,single,0.073226541
1196,minmax,SD4,linear,euclidean,dtw,single,0.069252715
1196,minmax,SD4,linear,euclidean,dtw,single,0.069252715
530,standard,SD3,prophet,dtw,dtw,single,0.069252715
530,standard,SD3,prophet,dtw,dtw,single,0.069252715
299,standard,SD3,prophet,euclidean,median,median,0.068370223
537,standard,SD4,median,dtw,mode,single,0.061363906
10,standard,SD3,median,dtw,prophet,single,0.061363906
537,standard,SD4,median,dtw,mode,single,0.061363906
10,standard,SD3,median,dtw,prophet,single,0.061363906
1049,standard,SD6,prophet,euclidean,median,ward,0.060131025
1049,standard,SD6,prophet,euclidean,median,ward,0.060131025
373,minmax,SD3,linear,dtw,dtw,hdbscan,0.055817917
1148,minmax,SD2,median,dtw,mean,single,0.05175354
1148,minmax,SD2,median,dtw,mean,single,0.05175354
318,standard,SD2,median,euclidean,mean,median,0.050662942
2,minmax,SD6,linear,dtw,mean,single,0.04649606
342,minmax,SD3,prophet,dtw,mean,single,0.04649606
282,minmax,SD3,prophet,dtw,mean,single,0.04649606
2,minmax,SD6,linear,dtw,mean,single,0.04649606
1172,zscore,SD6,mean,dtw,prophet,single,0.028290732
1172,zscore,SD6,mean,dtw,prophet,single,0.028290732
1155,standard,SD4,prophet,euclidean,mode,single,0.027961889
1155,standard,SD4,prophet,euclidean,mode,single,0.027961889
802,standard,SD4,prophet,euclidean,median,median,0.022962485
802,standard,SD4,prophet,euclidean,median,median,0.022962485
318,standard,SD3,linear,euclidean,mean,median,0.018253466
7,standard,SD3,linear,euclidean,mean,median,0.015656689
702,standard,SD5,mean,euclidean,median,complete,0.012418699
702,standard,SD5,mean,euclidean,median,complete,0.012418699
869,standard,SD2,median,dtw,median,centroid,0.011697303
869,standard,SD2,median,dtw,median,centroid,0.011697303
666,standard,SD3,prophet,dtw,mean,weighted,0.011640596
451,standard,SD3,mean,euclidean,mean,single,0.010085407
832,standard,SD5,mean,dtw,median,average,0.004171557
832,standard,SD5,mean,dtw,median,average,0.004171557
4,minmax,SD6,mean,dtw,median,hdbscan,0.001
1194,minmax,SD4,prophet,euclidean,prophet,hdbscan,0.001
9,zscore,SD3,prophet,dtw,dtw,hdbscan,0.001
833,zscore,SD5,prophet,dtw,prophet,hdbscan,0.001
1194,minmax,SD4,prophet,euclidean,prophet,hdbscan,0.001
9,zscore,SD3,prophet,dtw,dtw,hdbscan,0.001
448,standard,SD2,prophet,euclidean,mean,hdbscan,0.001
833,zscore,SD5,prophet,dtw,prophet,hdbscan,0.001
435,standard,SD3,median,dtw,mean,hdbscan,0.001
448,standard,SD2,prophet,euclidean,mean,hdbscan,0.001
435,standard,SD3,median,dtw,mean,hdbscan,0.001
4,minmax,SD6,mean,dtw,median,hdbscan,0.001
22,minmax,SD3,prophet,dtw,dtw,single,0.000982744
22,minmax,SD3,prophet,dtw,dtw,single,0.000982744
324,zscore,SD2,prophet,dtw,mode,median,-0.010194581
324,zscore,SD2,prophet,dtw,mode,median,-0.010194581
1106,standard,SD3,mean,euclidean,mode,single,-0.017349295
1106,standard,SD3,mean,euclidean,mode,single,-0.017349295
365,standard,SD4,median,euclidean,dtw,median,-0.031927526
1169,standard,SD4,median,dtw,median,ward,-0.038353518
1169,standard,SD4,median,dtw,median,ward,-0.038353518
1199,standard,SD4,median,euclidean,median,single,-0.039162729
1199,standard,SD4,median,euclidean,median,single,-0.039162729
1104,standard,SD2,mean,dtw,median,ward,-0.039756473
1104,standard,SD2,mean,dtw,median,ward,-0.039756473
1051,zscore,SD4,median,euclidean,median,single,-0.042666294
1051,zscore,SD4,median,euclidean,median,single,-0.042666294
745,standard,SD5,prophet,euclidean,mode,single,-0.053633235
745,standard,SD5,prophet,euclidean,mode,single,-0.053633235
