Comperiod,Scaling,Outliers,Interpolation,Similarity,Unsynced,Linkmeth,ray/tune/_metric
36.0,standard,SD4,mean,dtw,prophet,median,0.09354835003614426
267.0,standard,SD4,linear,dtw,prophet,median,0.13004569709300995
1007.0,zscore,SD3,median,euclidean,mode,hdbscan,-0.0006599324406124651
55.0,standard,SD4,median,dtw,prophet,median,0.13899113237857819
104.0,standard,SD4,mean,dtw,prophet,median,0.10825406759977341
110.0,standard,SD4,median,dtw,prophet,median,0.15458330512046814
312.0,standard,SD4,median,dtw,prophet,median,0.14509952068328857
690.0,standard,SD3,linear,dtw,prophet,median,0.12518256902694702
11.0,standard,SD4,median,dtw,prophet,weighted,0.15670180320739746
265.0,standard,SD4,median,dtw,prophet,median,0.13813254237174988
100.0,minmax,SD2,median,dtw,prophet,weighted,0.11135803908109665
18.0,standard,SD4,linear,dtw,prophet,ward,0.1028357446193695
75.0,minmax,SD4,prophet,dtw,prophet,weighted,0.11280950158834457
348.0,minmax,SD3,prophet,dtw,prophet,median,0.06688971817493439
92.0,standard,SD4,median,dtw,prophet,median,0.15843436121940613
42.0,standard,SD4,linear,dtw,prophet,median,0.10338442772626877
219.0,standard,SD4,mean,dtw,prophet,median,0.12990474700927734
39.0,minmax,SD3,median,dtw,prophet,weighted,0.10447867959737778
36.0,standard,SD4,median,dtw,prophet,median,0.12425023317337036
21.0,standard,SD6,mean,dtw,prophet,weighted,0.1036766767501831
968.0,standard,SD4,median,euclidean,prophet,median,0.07387170940637589
179.0,standard,SD4,median,dtw,prophet,median,0.16376470029354095
1054.0,standard,SD3,median,euclidean,mean,single,0.0070022959262132645
66.0,standard,SD4,median,dtw,prophet,median,0.16251783072948456
80.0,standard,SD4,mean,dtw,prophet,median,0.17045630514621735
11.0,standard,SD2,median,dtw,prophet,median,0.13482919335365295
85.0,standard,SD2,median,dtw,prophet,median,0.13283735513687134
30.0,standard,SD4,linear,dtw,prophet,median,0.14540134370326996
48.0,standard,SD2,median,dtw,prophet,median,0.14819076657295227
79.0,standard,SD4,median,dtw,prophet,median,0.15599782764911652
324.0,standard,SD4,median,dtw,prophet,median,0.1513570100069046
24.0,standard,SD4,mean,dtw,prophet,median,0.07905730605125427
154.0,standard,SD4,median,dtw,prophet,median,0.12514576315879822
21.0,standard,SD2,median,dtw,prophet,median,0.15148547291755676
18.0,minmax,SD2,mean,dtw,prophet,weighted,0.14454717934131622
47.0,standard,SD4,median,dtw,prophet,median,0.14102427661418915
1195.0,standard,SD4,prophet,euclidean,prophet,hdbscan,0.012811679393053055
592.0,minmax,SD6,prophet,euclidean,prophet,centroid,0.0545036643743515
29.0,standard,SD4,median,dtw,prophet,median,0.15005968511104584
91.0,standard,SD4,mean,dtw,prophet,median,0.1421964168548584
400.0,minmax,SD4,median,dtw,prophet,weighted,0.05595787987112999
7.0,minmax,SD2,median,dtw,prophet,single,0.0022315543610602617
95.0,standard,SD4,median,dtw,prophet,median,0.1361863613128662
76.0,standard,SD4,median,dtw,prophet,median,0.12808549404144287
30.0,standard,SD4,median,dtw,prophet,median,0.15003237128257751
989.0,zscore,SD5,mean,euclidean,prophet,complete,0.04217793792486191
16.0,standard,SD4,linear,dtw,prophet,median,0.15213774144649506
5.0,standard,SD4,mean,dtw,prophet,median,0.1522485315799713
13.0,standard,SD4,median,dtw,prophet,median,0.15322613716125488
6.0,standard,SD5,median,dtw,prophet,median,0.12264993041753769
661.0,standard,SD5,mean,dtw,prophet,weighted,0.10621186345815659
28.0,standard,SD4,mean,dtw,prophet,median,0.11493264138698578
1034.0,standard,SD2,median,dtw,prophet,median,0.10803769528865814
39.0,minmax,SD2,median,dtw,prophet,weighted,0.13250069320201874
221.0,standard,SD3,median,dtw,prophet,weighted,0.10638446360826492
158.0,standard,SD4,median,dtw,prophet,median,0.13006427884101868
169.0,standard,SD4,median,dtw,prophet,median,0.16182199120521545
24.0,standard,SD4,linear,dtw,prophet,median,0.14835254848003387
75.0,standard,SD3,median,dtw,prophet,centroid,0.07793574035167694
3.0,standard,SD4,mean,dtw,prophet,median,0.10761774331331253
2.0,standard,SD2,mean,dtw,prophet,weighted,0.1334540843963623
44.0,standard,SD4,median,dtw,prophet,median,0.14773529767990112
56.0,standard,SD3,median,dtw,prophet,median,0.13254545629024506
208.0,standard,SD4,median,dtw,prophet,median,0.13759833574295044
83.0,minmax,SD2,median,dtw,prophet,weighted,0.15654142200946808
28.0,standard,SD4,median,dtw,prophet,median,0.1467796117067337
117.0,standard,SD3,prophet,euclidean,prophet,complete,0.1010221615433693
75.0,standard,SD4,median,dtw,prophet,median,0.11849908530712128
24.0,standard,SD2,mean,dtw,prophet,median,0.14785368740558624
900.0,minmax,SD5,prophet,euclidean,prophet,complete,0.08846347033977509
47.0,standard,SD4,mean,dtw,prophet,median,0.13260650634765625
311.0,standard,SD4,median,dtw,prophet,median,0.12918229401111603
82.0,standard,SD4,mean,dtw,prophet,median,0.12470980733633041
248.0,standard,SD4,median,dtw,prophet,median,0.1556645780801773
225.0,standard,SD4,median,dtw,prophet,median,0.1371667981147766
410.0,standard,SD5,median,dtw,prophet,median,0.05022813379764557
489.0,minmax,SD4,mean,dtw,prophet,ward,0.10630427300930023
43.0,standard,SD4,median,dtw,prophet,median,0.14983834326267242
302.0,standard,SD4,median,dtw,prophet,median,0.15642471611499786
94.0,standard,SD4,median,dtw,prophet,median,0.12159894406795502
590.0,minmax,SD2,median,dtw,prophet,weighted,0.11508411914110184
33.0,standard,SD4,median,dtw,prophet,median,0.1518748253583908
22.0,minmax,SD2,median,dtw,prophet,weighted,0.10825205594301224
5.0,standard,SD4,median,dtw,prophet,median,0.1512429118156433
52.0,standard,SD4,median,dtw,prophet,median,0.13663852214813232
10.0,standard,SD4,median,dtw,prophet,median,0.15181376039981842
138.0,standard,SD4,median,dtw,prophet,median,0.16046786308288574
221.0,standard,SD4,mean,dtw,prophet,median,0.16265034675598145
1130.0,minmax,SD5,median,dtw,prophet,complete,0.09438583999872208
191.0,standard,SD4,mean,dtw,prophet,median,0.09154408425092697
152.0,standard,SD4,median,dtw,prophet,weighted,0.12714768946170807
78.0,minmax,SD4,median,dtw,prophet,median,0.1471499651670456
55.0,minmax,SD4,median,dtw,prophet,median,0.14025065302848816
29.0,standard,SD3,median,dtw,prophet,weighted,0.15624047815799713
75.0,standard,SD4,linear,dtw,prophet,median,0.10184375941753387
160.0,standard,SD4,median,dtw,prophet,median,0.1459496170282364
145.0,standard,SD4,median,dtw,prophet,median,0.12602074444293976
437.0,standard,SD3,median,dtw,prophet,median,0.11182636767625809
64.0,standard,SD4,median,dtw,prophet,median,0.1552944779396057
105.0,standard,SD4,median,dtw,prophet,weighted,0.1168777123093605
173.0,standard,SD4,median,dtw,prophet,median,0.146723210811615
18.0,standard,SD4,median,dtw,prophet,median,0.1217484325170517
90.0,standard,SD4,median,dtw,prophet,median,0.12962403893470764
98.0,standard,SD4,median,dtw,prophet,median,0.1193254142999649
32.0,standard,SD4,median,dtw,prophet,median,0.14995837211608887
23.0,standard,SD4,linear,dtw,prophet,median,0.1267070174217224
13.0,standard,SD4,median,dtw,prophet,complete,0.1135011613368988
34.0,standard,SD4,median,dtw,prophet,weighted,0.1539566069841385
41.0,zscore,SD2,median,dtw,dtw,ward,0.027181386947631836
550.0,standard,SD4,median,dtw,prophet,median,0.1211390271782875
67.0,standard,SD4,median,dtw,prophet,median,0.15273520350456238
58.0,minmax,SD4,prophet,dtw,prophet,weighted,0.12613439559936523
259.0,standard,SD4,median,dtw,prophet,median,0.1386503428220749
6.0,standard,SD3,median,dtw,prophet,median,0.11877591907978058
301.0,standard,SD3,mean,dtw,mode,median,-0.0008784313686192036
37.0,standard,SD4,median,dtw,prophet,median,0.15563949942588806
35.0,standard,SD4,median,dtw,prophet,median,0.1508820503950119
722.0,standard,SD3,median,euclidean,median,complete,0.002378026954829693
55.0,zscore,SD3,median,euclidean,prophet,centroid,0.028620252385735512
45.0,standard,SD4,median,dtw,prophet,median,0.158482164144516
40.0,standard,SD4,prophet,dtw,prophet,median,0.12283160537481308
42.0,standard,SD4,median,dtw,prophet,median,0.12019425630569458
28.0,standard,SD5,median,dtw,prophet,median,0.14365516602993011
192.0,standard,SD4,median,dtw,prophet,median,0.16018319129943848
25.0,standard,SD4,median,dtw,prophet,median,0.1511232703924179
57.0,standard,SD4,median,dtw,prophet,median,0.13988661766052246
157.0,standard,SD4,median,dtw,prophet,median,0.13178037106990814
419.0,standard,SD4,median,dtw,prophet,median,0.11229437589645386
112.0,standard,SD4,prophet,dtw,prophet,complete,0.12801814079284668
141.0,standard,SD4,median,dtw,prophet,median,0.12714198231697083
271.0,standard,SD4,median,dtw,prophet,median,0.13055576384067535
121.0,standard,SD4,median,dtw,prophet,median,0.12683458626270294
145.0,standard,SD4,median,dtw,prophet,weighted,0.12700344622135162
116.0,standard,SD4,median,dtw,prophet,median,0.15895654261112213
72.0,standard,SD2,mean,dtw,prophet,median,0.10750806331634521
34.0,standard,SD2,median,dtw,prophet,median,0.10595499724149704
318.0,minmax,SD6,linear,euclidean,prophet,ward,0.09276367723941803
32.0,minmax,SD2,mean,dtw,prophet,weighted,0.14321847259998322
161.0,standard,SD4,median,dtw,prophet,median,0.11681759357452393
75.0,standard,SD2,median,dtw,prophet,ward,0.08819995075464249
207.0,standard,SD4,median,dtw,prophet,median,0.1354375034570694
88.0,standard,SD4,median,dtw,prophet,median,0.14806461334228516
3.0,minmax,SD2,prophet,dtw,prophet,weighted,0.13080790638923645
347.0,minmax,SD3,linear,dtw,prophet,average,0.04370018467307091
13.0,minmax,SD4,median,dtw,prophet,weighted,0.1288936585187912
194.0,minmax,SD3,median,dtw,prophet,weighted,0.1101309135556221
80.0,minmax,SD2,median,dtw,prophet,weighted,0.11201130598783493
14.0,standard,SD4,mean,dtw,prophet,median,0.07532760500907898
1120.0,standard,SD3,prophet,euclidean,prophet,ward,0.10019243508577347
300.0,standard,SD4,mean,dtw,prophet,median,0.11701738834381104
15.0,standard,SD5,median,dtw,prophet,median,0.11894494295120239
125.0,minmax,SD4,median,dtw,prophet,weighted,0.11771627515554428
27.0,standard,SD4,prophet,dtw,prophet,median,0.09037744998931885
2.0,standard,SD3,median,dtw,prophet,median,0.15456219017505646
54.0,standard,SD4,median,dtw,prophet,median,0.14107933640480042
117.0,standard,SD4,median,dtw,prophet,median,0.14845047891139984
80.0,standard,SD6,prophet,dtw,prophet,hdbscan,0.024126337841153145
15.0,standard,SD4,linear,dtw,prophet,weighted,0.10164359211921692
38.0,standard,SD5,mean,dtw,prophet,centroid,0.07942245155572891
12.0,standard,SD4,median,dtw,prophet,median,0.1505279392004013
4.0,standard,SD3,mean,euclidean,prophet,median,0.05687001347541809
220.0,standard,SD4,mean,dtw,prophet,median,0.1572832465171814
1127.0,standard,SD3,linear,euclidean,prophet,complete,0.13903222978115082
137.0,standard,SD4,prophet,dtw,prophet,median,0.10967985540628433
163.0,zscore,SD4,median,dtw,dtw,median,0.0006837804103270173
30.0,minmax,SD2,median,dtw,prophet,complete,0.08491525053977966
76.0,minmax,SD5,median,dtw,prophet,weighted,0.07068111002445221
23.0,standard,SD4,mean,dtw,prophet,weighted,0.12174325436353683
100.0,standard,SD4,mean,dtw,prophet,median,0.11554177105426788
74.0,minmax,SD2,median,dtw,prophet,weighted,0.14774015545845032
576.0,standard,SD4,median,dtw,prophet,median,0.11927121877670288
85.0,standard,SD4,median,dtw,prophet,median,0.12679120898246765
195.0,standard,SD4,median,dtw,prophet,median,0.12917402386665344
132.0,standard,SD4,median,dtw,prophet,median,0.12872807681560516
600.0,standard,SD4,median,dtw,prophet,median,0.11444513499736786
264.0,standard,SD4,linear,dtw,prophet,median,0.11544325202703476
80.0,minmax,SD4,median,dtw,prophet,weighted,0.11196442693471909
698.0,zscore,SD4,median,dtw,prophet,complete,0.03207053616642952
51.0,standard,SD4,mean,dtw,prophet,median,0.15337508916854858
40.0,standard,SD4,linear,dtw,prophet,ward,0.11934462934732437
165.0,standard,SD4,median,dtw,prophet,median,0.13449306786060333
4.0,standard,SD4,mean,dtw,prophet,median,0.1521150916814804
2.0,standard,SD4,mean,euclidean,prophet,median,0.12084895372390747
11.0,minmax,SD4,linear,euclidean,prophet,complete,0.10681899636983871
45.0,standard,SD4,mean,dtw,prophet,median,0.11722619086503983
84.0,standard,SD4,median,dtw,prophet,median,0.12680239975452423
153.0,standard,SD4,median,dtw,prophet,median,0.15169206261634827
20.0,standard,SD4,median,dtw,prophet,median,0.12425778061151505
830.0,standard,SD3,prophet,euclidean,dtw,centroid,-0.0012792326742783189
10.0,standard,SD4,mean,dtw,prophet,weighted,0.10272396355867386
125.0,standard,SD4,median,dtw,prophet,median,0.1543547511100769
40.0,minmax,SD5,median,dtw,prophet,weighted,0.1279739886522293
52.0,minmax,SD2,median,dtw,prophet,weighted,0.12033602595329285
116.0,standard,SD4,prophet,dtw,prophet,median,0.1233498752117157
140.0,standard,SD4,median,dtw,prophet,median,0.1444101780653
46.0,standard,SD4,median,dtw,prophet,median,0.15150900185108185
290.0,standard,SD3,linear,euclidean,prophet,complete,0.1423441767692566
4.0,minmax,SD2,prophet,dtw,prophet,weighted,0.11732525378465652
14.0,standard,SD4,median,dtw,prophet,median,0.12424058467149734
108.0,standard,SD4,mean,dtw,prophet,median,0.11222921311855316
22.0,standard,SD4,median,dtw,prophet,median,0.11745814979076385
46.0,standard,SD3,median,dtw,prophet,median,0.1404227763414383
13.0,standard,SD4,median,euclidean,prophet,median,0.08989851921796799
2.0,minmax,SD4,mean,dtw,prophet,weighted,0.1236095204949379
392.0,zscore,SD5,mean,euclidean,median,single,-0.0014450489543378353
801.0,standard,SD5,linear,euclidean,prophet,complete,0.05277892202138901
90.0,zscore,SD4,median,dtw,prophet,median,0.031247379258275032
24.0,standard,SD4,median,dtw,prophet,median,0.12201099842786789
215.0,standard,SD4,median,dtw,prophet,median,0.16007190942764282
124.0,minmax,SD2,linear,dtw,prophet,weighted,0.1202828660607338
76.0,standard,SD2,median,dtw,prophet,weighted,0.11147923767566681
73.0,standard,SD4,median,dtw,prophet,median,0.12312117964029312
212.0,standard,SD4,median,dtw,prophet,median,0.1632341742515564
10.0,standard,SD3,median,dtw,prophet,median,0.06295941025018692
26.0,standard,SD4,median,dtw,prophet,median,0.12347550690174103
1080.0,standard,SD3,linear,dtw,prophet,hdbscan,0.01287596020847559
310.0,standard,SD4,median,dtw,prophet,median,0.15002481639385223
152.0,standard,SD4,median,dtw,prophet,median,0.15169206261634827
120.0,standard,SD4,median,dtw,prophet,median,0.15497422218322754
111.0,standard,SD4,median,dtw,prophet,median,0.12901341915130615
93.0,standard,SD4,median,dtw,prophet,median,0.15168581902980804
230.0,standard,SD4,median,dtw,prophet,median,0.16115756332874298
51.0,standard,SD4,median,dtw,prophet,median,0.15141251683235168
49.0,standard,SD4,mean,dtw,prophet,median,0.12219555675983429
393.0,zscore,SD4,mean,euclidean,mode,single,0.0022011420223861933
126.0,standard,SD4,median,dtw,prophet,median,0.12106402218341827
507.0,standard,SD3,mean,euclidean,prophet,complete,0.11739685386419296
104.0,standard,SD4,median,dtw,prophet,median,0.14692556858062744
117.0,minmax,SD4,median,dtw,prophet,median,0.12210364639759064
220.0,standard,SD4,median,dtw,prophet,median,0.16362406313419342
237.0,standard,SD4,median,dtw,prophet,median,0.1556880921125412
96.0,standard,SD4,median,dtw,prophet,median,0.12338605523109436
9.0,standard,SD4,median,dtw,prophet,median,0.1573292464017868
48.0,standard,SD4,median,dtw,prophet,median,0.151418536901474
23.0,standard,SD4,median,dtw,prophet,median,0.11975860595703125
16.0,zscore,SD3,linear,dtw,prophet,ward,0.06525607407093048
152.0,standard,SD2,median,dtw,prophet,median,0.13104043900966644
134.0,standard,SD4,median,dtw,prophet,weighted,0.13237854838371277
129.0,minmax,SD2,median,dtw,prophet,weighted,0.11728212982416153
76.0,standard,SD3,median,euclidean,prophet,complete,0.10938635468482971
112.0,standard,SD4,median,dtw,prophet,median,0.15056255459785461
451.0,zscore,SD4,median,dtw,mean,weighted,0.016483135521411896
136.0,standard,SD4,median,dtw,prophet,median,0.16204404830932617
336.0,standard,SD4,median,dtw,prophet,median,0.1476743072271347
10.0,standard,SD4,mean,dtw,prophet,median,0.15137839317321777
177.0,minmax,SD4,median,dtw,prophet,weighted,0.12811313569545746
170.0,standard,SD4,median,dtw,prophet,median,0.15993079543113708
291.0,standard,SD4,mean,dtw,prophet,median,0.06911017000675201
392.0,standard,SD4,linear,dtw,prophet,median,0.11124730855226517
507.0,minmax,SD4,prophet,dtw,prophet,weighted,0.12213988602161407
129.0,standard,SD4,median,dtw,prophet,median,0.15065784752368927
7.0,standard,SD4,mean,dtw,prophet,median,0.15151046216487885
59.0,standard,SD4,median,dtw,prophet,median,0.14216673374176025
171.0,standard,SD4,median,dtw,prophet,complete,0.08324400335550308
300.0,standard,SD3,linear,euclidean,prophet,single,0.0017249929951503873
86.0,standard,SD2,prophet,dtw,prophet,median,0.11590873450040817
8.0,standard,SD2,median,dtw,prophet,weighted,0.10138964653015137
21.0,standard,SD5,mean,dtw,prophet,median,0.12561801075935364
57.0,standard,SD4,prophet,dtw,prophet,median,0.09980671107769012
26.0,standard,SD2,linear,dtw,prophet,ward,0.1036263108253479
440.0,standard,SD5,median,euclidean,prophet,complete,0.1095890924334526
223.0,standard,SD5,median,euclidean,prophet,single,0.0008044965215958655
89.0,standard,SD4,median,dtw,prophet,median,0.15463986992835999
100.0,standard,SD4,median,dtw,prophet,median,0.15747447311878204
12.0,standard,SD4,mean,dtw,prophet,median,0.08290202915668488
60.0,standard,SD4,prophet,dtw,prophet,median,0.143145352602005
980.0,standard,SD3,prophet,dtw,prophet,complete,0.09803085029125214
73.0,standard,SD4,mean,dtw,prophet,median,0.15285220742225647
97.0,standard,SD4,median,dtw,prophet,median,0.1363416612148285
137.0,standard,SD4,median,dtw,prophet,median,0.1556946039199829
219.0,standard,SD5,prophet,dtw,prophet,median,0.147151380777359
146.0,standard,SD4,median,dtw,prophet,median,0.1514173001050949
249.0,minmax,SD2,median,dtw,prophet,complete,0.12336139380931854
898.0,standard,SD3,mean,dtw,prophet,complete,0.08721970021724701
58.0,standard,SD4,median,dtw,prophet,median,0.16288939118385315
4.0,standard,SD4,median,dtw,prophet,median,0.14939622581005096
21.0,standard,SD4,median,dtw,prophet,median,0.12204808741807938
31.0,standard,SD4,median,dtw,prophet,median,0.1516721397638321
217.0,standard,SD4,median,dtw,prophet,median,0.15841765701770782
848.0,standard,SD3,median,dtw,prophet,complete,0.12297447770833969
77.0,standard,SD4,prophet,dtw,prophet,median,0.1215549036860466
1193.0,standard,SD5,median,dtw,prophet,median,0.12138720601797104
115.0,standard,SD4,median,dtw,prophet,median,0.11772774159908295
928.0,standard,SD3,mean,dtw,median,hdbscan,-0.0011798469349741936
45.0,standard,SD4,linear,dtw,prophet,median,0.12085460871458054
3.0,standard,SD5,median,dtw,prophet,weighted,0.10875975340604782
123.0,standard,SD3,median,dtw,prophet,median,0.1358375996351242
7.0,standard,SD4,median,dtw,prophet,median,0.11905404180288315
63.0,standard,SD4,median,dtw,prophet,median,0.1536654829978943
30.0,minmax,SD2,median,dtw,prophet,weighted,0.16639970242977142
56.0,standard,SD4,linear,dtw,prophet,median,0.11070472002029419
84.0,standard,SD4,median,dtw,prophet,complete,0.1122068390250206
16.0,minmax,SD3,mean,dtw,prophet,weighted,0.10140983760356903
142.0,minmax,SD2,prophet,dtw,prophet,weighted,0.12932386994361877
189.0,standard,SD4,median,dtw,prophet,median,0.12564045190811157
6.0,minmax,SD2,mean,dtw,prophet,weighted,0.13264405727386475
174.0,standard,SD4,median,dtw,prophet,median,0.14556866884231567
114.0,standard,SD4,median,dtw,prophet,median,0.15517467260360718
311.0,standard,SD3,median,dtw,prophet,complete,0.12179913371801376
1031.0,standard,SD5,mean,euclidean,prophet,average,0.04237329959869385
25.0,standard,SD4,linear,dtw,prophet,median,0.10630205273628235
28.0,standard,SD6,mean,dtw,prophet,median,0.14124345779418945
80.0,standard,SD4,median,dtw,prophet,median,0.155539408326149
28.0,standard,SD4,linear,dtw,prophet,median,0.14744406938552856
184.0,standard,SD4,median,dtw,prophet,median,0.11476480960845947
164.0,minmax,SD2,median,dtw,prophet,weighted,0.12154550850391388
226.0,zscore,SD2,prophet,euclidean,mode,weighted,0.008902675472199917
1090.0,zscore,SD6,median,euclidean,prophet,weighted,0.045387595891952515
156.0,standard,SD4,median,dtw,prophet,median,0.14719527959823608
363.0,standard,SD4,median,dtw,prophet,median,0.1335320919752121
157.0,standard,SD4,mean,dtw,prophet,median,0.130234956741333
214.0,standard,SD4,median,dtw,prophet,median,0.16142025589942932
163.0,standard,SD4,linear,dtw,prophet,median,0.15567336976528168
96.0,standard,SD4,prophet,dtw,prophet,median,0.130815327167511
1119.0,minmax,SD5,prophet,dtw,prophet,ward,0.10321532189846039
10.0,minmax,SD2,mean,dtw,prophet,complete,0.0994439348578453
97.0,minmax,SD4,linear,dtw,median,weighted,0.00871632993221283
8.0,standard,SD4,linear,dtw,prophet,median,0.14076603949069977
193.0,standard,SD4,median,dtw,prophet,median,0.11274135112762451
6.0,minmax,SD4,median,euclidean,prophet,weighted,0.12248054891824722
750.0,minmax,SD2,mean,euclidean,dtw,average,0.0018418943509459496
658.0,standard,SD6,linear,euclidean,prophet,centroid,0.07011891901493073
1049.0,standard,SD6,prophet,euclidean,median,ward,0.0016097653424367309
2.0,standard,SD4,linear,dtw,prophet,median,0.1475198119878769
130.0,zscore,SD4,prophet,dtw,prophet,single,0.0008822579402476549
825.0,standard,SD4,median,dtw,prophet,hdbscan,0.022476602345705032
134.0,standard,SD4,median,dtw,prophet,median,0.1318213939666748
10.0,standard,SD2,mean,dtw,prophet,median,0.10858398675918579
279.0,standard,SD3,linear,euclidean,prophet,complete,0.08907952904701233
414.0,standard,SD4,median,dtw,prophet,median,0.141651451587677
224.0,standard,SD4,median,dtw,prophet,median,0.1371667981147766
250.0,standard,SD4,median,dtw,prophet,median,0.13269875943660736
268.0,standard,SD4,median,dtw,prophet,median,0.1272915005683899
49.0,standard,SD4,median,dtw,prophet,median,0.15356172621250153
483.0,minmax,SD5,median,dtw,prophet,ward,0.09398418664932251
99.0,minmax,SD2,median,dtw,prophet,weighted,0.10719026625156403
318.0,standard,SD4,median,dtw,prophet,median,0.12673445045948029
544.0,standard,SD4,median,dtw,prophet,median,0.11310829222202301
330.0,minmax,SD5,median,euclidean,prophet,ward,0.10133077949285507
57.0,standard,SD5,mean,dtw,prophet,median,0.11919727921485901
65.0,standard,SD4,median,dtw,prophet,median,0.15490618348121643
338.0,standard,SD3,mean,dtw,prophet,weighted,0.10616157948970795
168.0,standard,SD4,median,dtw,prophet,median,0.16589313745498657
175.0,standard,SD4,median,dtw,prophet,median,0.15891675651073456
12.0,standard,SD4,linear,dtw,prophet,median,0.150911346077919
101.0,minmax,SD4,median,dtw,prophet,median,0.14608170092105865
991.0,standard,SD3,mean,dtw,prophet,weighted,0.10285835713148117
47.0,standard,SD5,linear,dtw,mode,weighted,0.005603074096143246
244.0,standard,SD4,median,dtw,prophet,median,0.1409902423620224
74.0,standard,SD4,median,dtw,prophet,median,0.12161654978990555
130.0,standard,SD4,mean,dtw,prophet,median,0.14334061741828918
1065.0,zscore,SD5,linear,dtw,dtw,hdbscan,0.0010000000474974513
9.0,standard,SD4,mean,dtw,prophet,median,0.15137839317321777
211.0,standard,SD4,mean,dtw,prophet,median,0.12693321704864502
42.0,minmax,SD2,mean,dtw,prophet,weighted,0.11041011661291122
38.0,standard,SD4,median,dtw,prophet,median,0.12610939145088196
151.0,standard,SD4,median,dtw,prophet,median,0.155563086271286
601.0,minmax,SD5,median,euclidean,prophet,weighted,0.07096744328737259
11.0,standard,SD4,mean,dtw,prophet,complete,0.13255999982357025
781.0,standard,SD5,prophet,euclidean,prophet,weighted,0.10220491886138916
141.0,minmax,SD2,median,dtw,prophet,weighted,0.11931661516427994
59.0,minmax,SD4,median,dtw,prophet,median,0.1453598290681839
28.0,standard,SD4,median,dtw,prophet,weighted,0.11287745088338852
206.0,standard,SD4,median,dtw,prophet,median,0.16955964267253876
243.0,standard,SD4,median,dtw,prophet,median,0.13140276074409485
63.0,standard,SD3,median,dtw,prophet,median,0.15497653186321259
2.0,standard,SD4,median,dtw,prophet,median,0.1473643183708191
69.0,standard,SD4,median,dtw,prophet,median,0.1311865895986557
325.0,standard,SD4,median,dtw,prophet,median,0.1513570100069046
46.0,standard,SD5,median,dtw,prophet,median,0.1461920589208603
77.0,standard,SD4,median,dtw,prophet,weighted,0.15064111351966858
41.0,standard,SD4,median,dtw,prophet,median,0.14956460893154144
1196.0,zscore,SD2,linear,euclidean,median,average,0.01074280496686697
167.0,standard,SD4,median,dtw,prophet,median,0.16162702441215515
68.0,standard,SD6,median,dtw,prophet,median,0.1138879731297493
40.0,standard,SD4,median,dtw,prophet,median,0.15326187014579773
124.0,standard,SD4,median,dtw,prophet,median,0.14285320043563843
86.0,standard,SD4,median,dtw,prophet,median,0.15304580330848694
523.0,zscore,SD5,linear,euclidean,prophet,single,0.0008044965215958655
3.0,minmax,SD2,median,euclidean,prophet,weighted,0.12025199830532074
106.0,standard,SD4,median,dtw,prophet,median,0.15372031927108765
11.0,standard,SD5,median,dtw,prophet,weighted,0.14143036305904388
183.0,standard,SD4,median,dtw,prophet,median,0.1239718496799469
128.0,standard,SD4,median,dtw,prophet,median,0.152619406580925
176.0,zscore,SD5,median,euclidean,prophet,hdbscan,0.0010000000474974513
44.0,standard,SD3,median,dtw,mean,median,0.033231619745492935
155.0,standard,SD3,linear,euclidean,prophet,weighted,0.061083562672138214
64.0,minmax,SD3,median,dtw,dtw,median,0.023701215162873268
13.0,standard,SD4,linear,euclidean,prophet,median,0.132886603474617
4.0,standard,SD2,median,dtw,mode,average,0.005179075989872217
8.0,standard,SD4,median,dtw,prophet,median,0.15690457820892334
19.0,standard,SD2,median,dtw,prophet,median,0.1075911745429039
99.0,standard,SD4,median,dtw,prophet,median,0.13698509335517883
32.0,minmax,SD4,median,euclidean,dtw,hdbscan,0.012204893864691257
1004.0,zscore,SD6,prophet,dtw,prophet,median,0.03609631955623627
16.0,standard,SD4,median,dtw,prophet,median,0.12140949815511703
70.0,standard,SD3,median,euclidean,prophet,median,0.12068743258714676
55.0,standard,SD5,median,dtw,prophet,median,0.11366697400808334
1003.0,standard,SD3,median,dtw,prophet,ward,0.10284867882728577
180.0,standard,SD4,median,dtw,prophet,median,0.1508316993713379
916.0,standard,SD5,median,euclidean,prophet,complete,0.08452107012271881
131.0,standard,SD4,median,dtw,prophet,median,0.1640446037054062
86.0,standard,SD4,median,dtw,prophet,average,0.06921554356813431
17.0,minmax,SD2,median,dtw,prophet,median,0.06960604339838028
2.0,minmax,SD6,linear,dtw,mean,single,-0.0005070664919912815
91.0,minmax,SD4,median,dtw,prophet,median,0.1469576358795166
486.0,standard,SD4,mean,dtw,prophet,median,0.12177509069442749
231.0,standard,SD4,median,dtw,prophet,median,0.16211599111557007
235.0,standard,SD4,median,dtw,prophet,median,0.14329639077186584
3.0,standard,SD4,median,euclidean,prophet,median,0.11090683192014694
3.0,standard,SD4,median,dtw,prophet,median,0.14690449833869934
72.0,standard,SD4,median,dtw,prophet,median,0.15639634430408478
332.0,standard,SD4,median,dtw,prophet,median,0.14522525668144226
144.0,standard,SD4,median,dtw,prophet,median,0.1374502331018448
721.0,standard,SD5,mean,euclidean,prophet,ward,0.11940869688987732
152.0,zscore,SD4,linear,dtw,median,centroid,0.007722114212810993
41.0,minmax,SD4,median,dtw,prophet,weighted,0.154992014169693
30.0,standard,SD3,linear,euclidean,prophet,ward,0.10096196830272675
338.0,zscore,SD3,linear,euclidean,prophet,average,0.027698587626218796
130.0,standard,SD4,median,dtw,prophet,median,0.13678868114948273
388.0,standard,SD4,median,dtw,prophet,median,0.05694753676652908
333.0,standard,SD4,median,dtw,prophet,median,0.1476743072271347
567.0,standard,SD3,linear,euclidean,prophet,centroid,0.07546412199735641
163.0,standard,SD4,linear,euclidean,prophet,complete,0.13103371858596802
196.0,standard,SD4,median,dtw,prophet,median,0.12160928547382355
161.0,standard,SD4,mean,dtw,prophet,median,0.0745406299829483
75.0,minmax,SD4,median,dtw,prophet,median,0.11380612850189209
293.0,minmax,SD4,mean,dtw,mean,complete,0.005108897108584642
19.0,standard,SD4,median,dtw,prophet,median,0.11719934642314911
412.0,minmax,SD4,mean,euclidean,mean,ward,0.00590185122564435
320.0,standard,SD4,median,dtw,prophet,median,0.1513570100069046
355.0,standard,SD4,median,dtw,prophet,ward,0.10910729318857193
548.0,standard,SD3,linear,dtw,prophet,complete,0.10960656404495239
282.0,standard,SD5,mean,dtw,prophet,ward,0.09918161481618881
293.0,standard,SD5,median,euclidean,prophet,complete,0.12537145614624023
216.0,standard,SD4,median,dtw,prophet,median,0.16007190942764282
19.0,standard,SD4,linear,dtw,prophet,median,0.11301683634519577
204.0,standard,SD4,median,dtw,prophet,median,0.13489146530628204
54.0,standard,SD4,mean,dtw,prophet,median,0.1591472327709198
187.0,standard,SD4,median,dtw,prophet,median,0.1602645367383957
16.0,standard,SD4,mean,dtw,prophet,weighted,0.10265058279037476
77.0,standard,SD4,median,dtw,prophet,median,0.12808549404144287
34.0,standard,SD4,median,dtw,prophet,median,0.15211240947246552
15.0,standard,SD4,mean,dtw,prophet,median,0.11026233434677124
126.0,standard,SD4,mean,dtw,prophet,median,0.11973019689321518
153.0,standard,SD2,prophet,dtw,prophet,median,0.09664659202098846
159.0,standard,SD4,median,dtw,prophet,median,0.14852525293827057
72.0,standard,SD4,mean,dtw,prophet,median,0.11784526705741882
178.0,standard,SD4,median,dtw,prophet,median,0.1208248883485794
210.0,standard,SD4,median,dtw,prophet,median,0.1607266217470169
68.0,standard,SD4,median,dtw,prophet,median,0.16417324542999268
349.0,standard,SD4,median,dtw,prophet,median,0.11322212964296341
67.0,minmax,SD2,median,dtw,prophet,weighted,0.1083974838256836
9.0,standard,SD6,median,dtw,prophet,weighted,0.11222511529922485
277.0,standard,SD4,mean,dtw,prophet,median,0.11429857462644577
1182.0,minmax,SD5,mean,euclidean,mean,average,0.0032332243863493204
16.0,standard,SD5,prophet,dtw,prophet,weighted,0.09852787852287292
70.0,standard,SD4,median,dtw,prophet,median,0.15619970858097076
15.0,standard,SD4,median,dtw,prophet,median,0.12445473670959473
1111.0,standard,SD4,median,dtw,prophet,median,0.11784585565328598
85.0,standard,SD5,mean,dtw,prophet,median,0.12423688173294067
61.0,standard,SD4,mean,dtw,prophet,median,0.15590128302574158
53.0,standard,SD4,median,dtw,prophet,median,0.1412663757801056
60.0,standard,SD4,median,dtw,prophet,median,0.1410001516342163
1124.0,minmax,SD3,prophet,dtw,median,average,0.00494000967592001
108.0,standard,SD4,median,dtw,prophet,median,0.15158605575561523
172.0,standard,SD4,median,dtw,prophet,median,0.146723210811615
600.0,zscore,SD4,mean,dtw,median,centroid,0.009247515350580215
188.0,standard,SD4,median,dtw,prophet,median,0.12564045190811157
1003.0,minmax,SD4,prophet,dtw,prophet,weighted,0.1101377084851265
12.0,standard,SD2,median,dtw,prophet,median,0.14223551750183105
22.0,standard,SD6,median,dtw,prophet,median,0.12294993549585342
298.0,standard,SD2,median,dtw,prophet,median,0.11058362573385239
63.0,standard,SD5,linear,dtw,prophet,median,0.1120712086558342
57.0,standard,SD3,median,dtw,prophet,median,0.11717934161424637
202.0,standard,SD4,median,dtw,prophet,median,0.16003525257110596
143.0,standard,SD4,median,dtw,prophet,median,0.13281893730163574
747.0,standard,SD4,median,dtw,prophet,median,0.11710162460803986
33.0,standard,SD4,median,dtw,prophet,weighted,0.11520171910524368
29.0,standard,SD6,median,dtw,prophet,median,0.12109649926424026
240.0,standard,SD4,median,dtw,prophet,median,0.1583016812801361
155.0,standard,SD4,median,dtw,prophet,median,0.13288067281246185
9.0,standard,SD5,median,dtw,prophet,median,0.12184444814920425
10.0,minmax,SD2,median,dtw,prophet,weighted,0.11430485546588898
17.0,minmax,SD2,mean,dtw,prophet,weighted,0.11461768299341202
110.0,minmax,SD4,mean,dtw,prophet,weighted,0.1332797110080719
2.0,standard,SD4,mean,dtw,prophet,median,0.15040583908557892
902.0,standard,SD5,mean,euclidean,prophet,ward,0.11793603003025055
140.0,standard,SD2,median,dtw,prophet,median,0.12825907766819
82.0,standard,SD4,median,dtw,prophet,median,0.14362308382987976
37.0,standard,SD4,median,dtw,prophet,ward,0.11267846077680588
342.0,minmax,SD6,mean,euclidean,mean,average,0.0040025305934250355
19.0,minmax,SD4,median,dtw,prophet,median,0.15803572535514832
264.0,minmax,SD2,median,dtw,prophet,weighted,0.13796129822731018
73.0,minmax,SD4,median,dtw,prophet,median,0.11224643886089325
18.0,standard,SD2,mean,dtw,prophet,weighted,0.09936917573213577
526.0,standard,SD5,median,euclidean,prophet,weighted,0.07618667185306549
102.0,standard,SD4,median,dtw,prophet,median,0.123377226293087
6.0,standard,SD4,median,dtw,prophet,median,0.152561217546463
107.0,standard,SD4,median,dtw,prophet,median,0.15969446301460266
