Comperiod,Scaling,Interpolation,Similarity,Unsynced,Linkmeth,ray/tune/_metric
165.0,standard,mean,euclidean,prophet,hdbscan,0.9049179553985596
20.0,standard,mean,euclidean,prophet,hdbscan,0.9043170809745789
173.0,standard,linear,euclidean,prophet,hdbscan,0.9049667119979858
385.0,standard,linear,euclidean,prophet,hdbscan,0.8780767321586609
596.0,standard,prophet,dtw,dtw,hdbscan,0.22226546704769135
547.0,minmax,linear,dtw,prophet,ward,0.18729661405086517
85.0,standard,median,euclidean,prophet,hdbscan,0.9048935770988464
81.0,standard,linear,euclidean,prophet,hdbscan,0.9043170809745789
840.0,standard,median,euclidean,dtw,ward,0.3366706371307373
685.0,minmax,linear,euclidean,dtw,ward,0.40825220942497253
24.0,standard,prophet,euclidean,prophet,hdbscan,0.9034204483032227
948.0,zscore,median,dtw,dtw,centroid,6.445414328482002e-05
636.0,minmax,linear,euclidean,dtw,ward,0.4201420545578003
800.0,minmax,linear,euclidean,dtw,ward,0.3391071856021881
670.0,standard,linear,euclidean,prophet,ward,0.23745635151863098
609.0,standard,linear,euclidean,dtw,hdbscan,0.17760244011878967
6.0,zscore,prophet,euclidean,prophet,ward,0.20486700534820557
212.0,standard,median,euclidean,prophet,hdbscan,0.9006083607673645
454.0,standard,linear,euclidean,dtw,ward,0.4386197328567505
31.0,standard,median,euclidean,prophet,hdbscan,0.9048935770988464
147.0,standard,median,euclidean,prophet,complete,0.1758323460817337
132.0,standard,linear,euclidean,prophet,hdbscan,0.9049450159072876
166.0,standard,linear,euclidean,prophet,hdbscan,0.9049179553985596
9.0,standard,mean,euclidean,dtw,average,0.2719520330429077
316.0,standard,linear,euclidean,prophet,hdbscan,0.8896296620368958
277.0,standard,median,euclidean,prophet,hdbscan,0.8901892900466919
119.0,standard,median,euclidean,prophet,hdbscan,0.9051044583320618
387.0,minmax,linear,euclidean,prophet,ward,0.2704443633556366
1002.0,standard,mean,dtw,dtw,ward,0.32589560747146606
398.0,standard,linear,euclidean,prophet,ward,0.44293197989463806
133.0,standard,mean,euclidean,prophet,hdbscan,0.9049450159072876
506.0,standard,median,dtw,prophet,ward,0.1915862262248993
64.0,standard,linear,dtw,prophet,average,0.2897258698940277
565.0,zscore,median,euclidean,prophet,hdbscan,0.0010000000474974513
522.0,minmax,linear,euclidean,dtw,ward,0.4704733192920685
476.0,standard,linear,euclidean,prophet,weighted,0.1955808699131012
121.0,standard,linear,euclidean,prophet,hdbscan,0.9049450159072876
555.0,minmax,linear,euclidean,prophet,hdbscan,0.26691168546676636
530.0,standard,linear,dtw,dtw,ward,0.3390190899372101
451.0,zscore,mean,euclidean,median,average,0.003782743588089943
154.0,zscore,median,euclidean,dtw,complete,0.022262491285800934
767.0,standard,median,euclidean,dtw,centroid,0.18657968938350677
688.0,standard,median,euclidean,dtw,ward,0.43280643224716187
425.0,standard,linear,euclidean,prophet,hdbscan,0.7998916506767273
642.0,standard,linear,euclidean,dtw,weighted,0.2824183404445648
406.0,standard,median,euclidean,prophet,hdbscan,0.8525356650352478
166.0,standard,mean,euclidean,prophet,hdbscan,0.9049179553985596
123.0,standard,median,euclidean,prophet,hdbscan,0.9051044583320618
410.0,zscore,linear,euclidean,dtw,ward,0.1409393697977066
260.0,standard,median,euclidean,prophet,hdbscan,0.8926858305931091
544.0,minmax,linear,euclidean,median,ward,0.033169861882925034
378.0,standard,prophet,euclidean,prophet,hdbscan,0.8466249704360962
529.0,standard,median,euclidean,dtw,ward,0.4177767336368561
119.0,minmax,linear,euclidean,prophet,hdbscan,0.6587419509887695
181.0,standard,linear,euclidean,prophet,centroid,0.16177213191986084
435.0,standard,linear,euclidean,prophet,hdbscan,0.7631553411483765
529.0,zscore,mean,euclidean,dtw,hdbscan,0.0010000000474974513
701.0,minmax,linear,dtw,dtw,ward,0.32169467210769653
22.0,standard,mean,euclidean,prophet,hdbscan,0.9043170809745789
177.0,standard,linear,euclidean,prophet,hdbscan,0.9049667119979858
565.0,minmax,linear,euclidean,dtw,weighted,0.2800973057746887
15.0,standard,median,euclidean,prophet,hdbscan,0.9048935770988464
717.0,standard,linear,euclidean,prophet,ward,0.20867036283016205
193.0,standard,prophet,euclidean,prophet,hdbscan,0.9026235342025757
402.0,minmax,linear,euclidean,dtw,ward,0.4168691337108612
71.0,minmax,prophet,euclidean,prophet,ward,0.3931671380996704
591.0,standard,linear,euclidean,dtw,weighted,0.23062871396541595
3.0,standard,median,euclidean,prophet,hdbscan,0.9048935770988464
109.0,standard,mean,euclidean,dtw,hdbscan,0.13166001439094543
900.0,minmax,prophet,dtw,prophet,median,0.004133918322622776
223.0,standard,linear,euclidean,prophet,hdbscan,0.9000586271286011
214.0,standard,linear,euclidean,prophet,hdbscan,0.9006083607673645
578.0,standard,mean,euclidean,prophet,hdbscan,0.2970084249973297
21.0,standard,linear,dtw,prophet,ward,0.3746628165245056
615.0,zscore,median,euclidean,dtw,ward,0.1651924103498459
129.0,standard,median,euclidean,prophet,hdbscan,0.9051044583320618
996.0,zscore,median,dtw,dtw,ward,0.18345816433429718
809.0,standard,mean,dtw,prophet,weighted,0.027526985853910446
40.0,standard,median,euclidean,prophet,hdbscan,0.9048935770988464
328.0,standard,median,euclidean,prophet,hdbscan,0.8525274395942688
163.0,standard,median,euclidean,prophet,hdbscan,0.9046114683151245
567.0,standard,linear,euclidean,dtw,ward,0.412594735622406
78.0,minmax,linear,dtw,mode,hdbscan,0.0087036257609725
58.0,minmax,median,dtw,dtw,hdbscan,0.1660715490579605
116.0,standard,median,euclidean,prophet,hdbscan,0.9051044583320618
139.0,standard,median,euclidean,prophet,hdbscan,0.9051044583320618
24.0,standard,mean,euclidean,prophet,hdbscan,0.9043170809745789
149.0,standard,median,euclidean,prophet,hdbscan,0.9046114683151245
541.0,zscore,median,euclidean,prophet,ward,0.0498507060110569
132.0,standard,median,euclidean,prophet,hdbscan,0.9051044583320618
351.0,standard,mean,euclidean,prophet,hdbscan,0.8476524949073792
283.0,standard,prophet,euclidean,prophet,hdbscan,0.8894835114479065
415.0,standard,linear,euclidean,prophet,hdbscan,0.7916752099990845
115.0,standard,median,euclidean,prophet,hdbscan,0.9051044583320618
395.0,standard,linear,euclidean,median,ward,0.11874009668827057
18.0,standard,mean,euclidean,prophet,hdbscan,0.9043170809745789
163.0,standard,linear,euclidean,prophet,hdbscan,0.9049179553985596
346.0,standard,linear,euclidean,prophet,hdbscan,0.8853030800819397
15.0,standard,linear,euclidean,prophet,weighted,0.3378906548023224
610.0,standard,prophet,euclidean,prophet,ward,0.27197426557540894
1147.0,zscore,mean,euclidean,median,complete,0.021596359089016914
141.0,standard,mean,euclidean,prophet,hdbscan,0.9049450159072876
121.0,standard,median,euclidean,prophet,hdbscan,0.9051044583320618
262.0,standard,prophet,euclidean,prophet,hdbscan,0.89231276512146
148.0,standard,linear,euclidean,prophet,hdbscan,0.9049179553985596
183.0,standard,mean,euclidean,prophet,hdbscan,0.9049667119979858
51.0,standard,mean,euclidean,prophet,hdbscan,0.9043170809745789
765.0,standard,linear,dtw,dtw,ward,0.29781168699264526
142.0,standard,mean,euclidean,prophet,hdbscan,0.9049450159072876
8.0,standard,median,euclidean,dtw,single,6.979847967159003e-05
239.0,standard,median,euclidean,prophet,hdbscan,0.8998813629150391
480.0,standard,linear,euclidean,dtw,ward,0.46284472942352295
344.0,minmax,prophet,euclidean,prophet,hdbscan,0.4358538091182709
486.0,standard,linear,dtw,dtw,ward,0.3402860760688782
39.0,standard,mean,dtw,dtw,hdbscan,0.36071085929870605
146.0,standard,mean,euclidean,prophet,hdbscan,0.9049450159072876
152.0,standard,mean,euclidean,prophet,hdbscan,0.9049179553985596
752.0,standard,linear,euclidean,dtw,hdbscan,0.14469751715660095
1022.0,standard,prophet,euclidean,dtw,median,0.2079891413450241
129.0,standard,mean,euclidean,prophet,hdbscan,0.9049450159072876
269.0,standard,mean,euclidean,prophet,hdbscan,0.8915501236915588
438.0,standard,linear,euclidean,mode,ward,0.03995445370674133
3.0,standard,mean,euclidean,prophet,hdbscan,0.9043170809745789
594.0,standard,linear,euclidean,dtw,ward,0.40817371010780334
519.0,standard,mean,euclidean,prophet,single,2.8112655854783952e-05
784.0,minmax,linear,euclidean,prophet,ward,0.2137705534696579
183.0,standard,linear,euclidean,prophet,hdbscan,0.9049667119979858
59.0,standard,prophet,euclidean,prophet,hdbscan,0.9034204483032227
1112.0,standard,mean,dtw,median,hdbscan,0.006157733500003815
1072.0,standard,linear,euclidean,dtw,complete,0.27487751841545105
681.0,standard,linear,dtw,dtw,ward,0.296729177236557
1135.0,standard,mean,euclidean,dtw,ward,0.3265259563922882
138.0,standard,median,euclidean,prophet,hdbscan,0.9051044583320618
1198.0,minmax,mean,euclidean,dtw,ward,0.322843462228775
596.0,minmax,median,euclidean,dtw,ward,0.44068172574043274
283.0,standard,mean,euclidean,prophet,hdbscan,0.8905569911003113
1132.0,zscore,linear,dtw,median,hdbscan,0.004138284362852573
147.0,minmax,mean,dtw,dtw,centroid,0.08512555807828903
129.0,standard,linear,euclidean,prophet,hdbscan,0.9049450159072876
316.0,standard,median,euclidean,prophet,hdbscan,0.8893099427223206
176.0,standard,prophet,euclidean,prophet,hdbscan,0.9026235342025757
1076.0,standard,median,euclidean,dtw,ward,0.3263918459415436
551.0,minmax,linear,euclidean,prophet,ward,0.3119618594646454
155.0,standard,linear,euclidean,prophet,hdbscan,0.9049179553985596
88.0,standard,mean,euclidean,prophet,hdbscan,0.9043170809745789
176.0,standard,mean,euclidean,prophet,hdbscan,0.9049667119979858
84.0,standard,linear,euclidean,prophet,hdbscan,0.9043170809745789
124.0,standard,linear,euclidean,prophet,hdbscan,0.9049450159072876
70.0,standard,prophet,euclidean,prophet,hdbscan,0.9034204483032227
136.0,standard,median,euclidean,prophet,hdbscan,0.9051044583320618
665.0,standard,linear,euclidean,dtw,ward,0.43514275550842285
191.0,standard,linear,euclidean,prophet,hdbscan,0.9049667119979858
226.0,standard,prophet,euclidean,prophet,hdbscan,0.8988847732543945
411.0,standard,prophet,euclidean,mean,ward,0.11220762878656387
132.0,standard,mean,euclidean,prophet,hdbscan,0.9049450159072876
141.0,standard,linear,euclidean,prophet,hdbscan,0.9049450159072876
160.0,standard,mean,euclidean,prophet,hdbscan,0.9049179553985596
1118.0,minmax,mean,dtw,dtw,ward,0.3226054906845093
122.0,standard,median,euclidean,prophet,hdbscan,0.9051044583320618
980.0,standard,mean,euclidean,dtw,ward,0.3245411813259125
1161.0,zscore,linear,euclidean,dtw,ward,0.18448778986930847
130.0,standard,median,euclidean,prophet,hdbscan,0.9051044583320618
1048.0,standard,linear,euclidean,prophet,complete,0.09166174381971359
461.0,standard,linear,euclidean,median,ward,0.09067344665527344
90.0,standard,prophet,euclidean,median,weighted,0.24607256054878235
237.0,standard,linear,euclidean,prophet,hdbscan,0.9000586271286011
82.0,standard,median,euclidean,prophet,hdbscan,0.9048935770988464
174.0,standard,mean,euclidean,prophet,hdbscan,0.9049667119979858
58.0,standard,linear,euclidean,dtw,weighted,0.2554442584514618
189.0,standard,median,euclidean,prophet,hdbscan,0.9048935770988464
332.0,standard,mean,euclidean,prophet,hdbscan,0.8522721529006958
50.0,minmax,linear,euclidean,dtw,hdbscan,0.1947198361158371
128.0,standard,median,euclidean,prophet,hdbscan,0.9051044583320618
508.0,standard,mean,euclidean,mean,ward,0.06983360648155212
425.0,minmax,median,euclidean,prophet,hdbscan,0.5461316108703613
429.0,minmax,linear,euclidean,dtw,weighted,0.3822750151157379
109.0,standard,median,euclidean,prophet,hdbscan,0.9051044583320618
84.0,standard,median,euclidean,prophet,hdbscan,0.9048935770988464
298.0,standard,prophet,euclidean,prophet,hdbscan,0.888809859752655
172.0,standard,linear,euclidean,prophet,hdbscan,0.9049667119979858
111.0,standard,median,euclidean,prophet,hdbscan,0.9051044583320618
1160.0,standard,linear,dtw,mode,ward,0.07804610580205917
24.0,standard,median,euclidean,prophet,hdbscan,0.9048935770988464
2.0,standard,median,euclidean,prophet,hdbscan,0.9048935770988464
112.0,standard,median,euclidean,prophet,hdbscan,0.9051044583320618
344.0,standard,median,euclidean,prophet,hdbscan,0.8515490293502808
11.0,standard,mean,euclidean,prophet,hdbscan,0.9043170809745789
343.0,minmax,linear,euclidean,dtw,ward,0.42292383313179016
614.0,standard,linear,dtw,dtw,ward,0.31251975893974304
248.0,standard,linear,euclidean,prophet,hdbscan,0.8988906145095825
196.0,standard,mean,euclidean,prophet,hdbscan,0.9049667119979858
154.0,standard,mean,euclidean,prophet,hdbscan,0.9049179553985596
70.0,standard,mean,euclidean,prophet,hdbscan,0.9043170809745789
723.0,standard,linear,dtw,dtw,ward,0.3024485409259796
785.0,zscore,linear,dtw,mean,ward,0.11354641616344452
153.0,standard,linear,euclidean,prophet,hdbscan,0.9049179553985596
249.0,standard,median,euclidean,prophet,hdbscan,0.8988388776779175
573.0,standard,median,dtw,prophet,ward,0.180927574634552
435.0,standard,linear,euclidean,prophet,average,0.1977268010377884
174.0,standard,linear,euclidean,prophet,hdbscan,0.9049667119979858
632.0,standard,linear,euclidean,dtw,ward,0.4123159646987915
101.0,standard,linear,euclidean,prophet,median,0.21153046190738678
678.0,standard,linear,euclidean,dtw,ward,0.426766574382782
117.0,standard,prophet,euclidean,prophet,ward,0.42985180020332336
143.0,standard,median,euclidean,prophet,hdbscan,0.9051044583320618
1135.0,standard,linear,euclidean,prophet,hdbscan,0.006711137946695089
467.0,standard,linear,dtw,prophet,ward,0.22551819682121277
700.0,zscore,linear,dtw,prophet,ward,0.008227418176829815
403.0,standard,linear,dtw,median,ward,0.08657153695821762
750.0,minmax,median,euclidean,median,ward,0.037498559802770615
194.0,standard,mean,euclidean,median,hdbscan,0.00778917083516717
127.0,standard,linear,euclidean,prophet,hdbscan,0.9049450159072876
67.0,zscore,mean,euclidean,prophet,hdbscan,0.0010000000474974513
127.0,standard,median,euclidean,prophet,hdbscan,0.9051044583320618
21.0,standard,median,euclidean,prophet,hdbscan,0.9048935770988464
188.0,standard,linear,euclidean,prophet,hdbscan,0.9049667119979858
301.0,standard,mean,euclidean,mode,complete,0.05881590023636818
661.0,standard,linear,euclidean,median,ward,0.06024736166000366
466.0,minmax,median,euclidean,prophet,hdbscan,0.45247000455856323
102.0,standard,median,euclidean,prophet,hdbscan,0.9048935770988464
6.0,standard,median,euclidean,prophet,single,0.2803412079811096
411.0,standard,mean,euclidean,prophet,hdbscan,0.8020771145820618
253.0,standard,mean,euclidean,prophet,hdbscan,0.8988906145095825
107.0,standard,median,euclidean,prophet,hdbscan,0.9051044583320618
353.0,standard,linear,euclidean,prophet,hdbscan,0.8481245040893555
94.0,standard,linear,euclidean,prophet,hdbscan,0.9043170809745789
140.0,standard,mean,euclidean,prophet,hdbscan,0.9049450159072876
1157.0,standard,median,dtw,dtw,hdbscan,0.19686955213546753
260.0,standard,linear,euclidean,prophet,hdbscan,0.8924016356468201
321.0,standard,mean,euclidean,prophet,hdbscan,0.8871873021125793
253.0,standard,prophet,euclidean,prophet,hdbscan,0.8985080718994141
489.0,minmax,mean,euclidean,dtw,ward,0.43571993708610535
546.0,standard,linear,euclidean,dtw,weighted,0.31034716963768005
362.0,standard,linear,dtw,dtw,hdbscan,0.30543410778045654
190.0,standard,mean,euclidean,prophet,hdbscan,0.9049667119979858
636.0,minmax,mean,euclidean,dtw,hdbscan,0.19179649651050568
774.0,zscore,prophet,euclidean,dtw,hdbscan,-0.00011639272997854277
2.0,standard,mean,euclidean,mode,hdbscan,0.11865000426769257
432.0,minmax,median,euclidean,dtw,ward,0.5250981450080872
98.0,standard,mean,euclidean,prophet,hdbscan,0.9043170809745789
120.0,standard,median,euclidean,prophet,hdbscan,0.9051044583320618
449.0,standard,linear,euclidean,prophet,hdbscan,0.7142852544784546
186.0,standard,median,euclidean,prophet,hdbscan,0.9048935770988464
27.0,standard,median,euclidean,prophet,hdbscan,0.9048935770988464
6.0,standard,linear,euclidean,mean,ward,0.3183728754520416
506.0,standard,linear,euclidean,dtw,ward,0.45300403237342834
600.0,zscore,mean,dtw,median,centroid,0.005899413023144007
650.0,standard,median,euclidean,dtw,single,7.098472269717604e-05
426.0,standard,linear,euclidean,dtw,ward,0.38132089376449585
15.0,minmax,mean,dtw,prophet,ward,0.28450968861579895
148.0,minmax,prophet,euclidean,mode,ward,0.27939555048942566
241.0,standard,mean,euclidean,prophet,hdbscan,0.9000586271286011
162.0,standard,mean,euclidean,prophet,hdbscan,0.9049179553985596
133.0,standard,linear,euclidean,prophet,hdbscan,0.9049450159072876
367.0,standard,linear,euclidean,prophet,hdbscan,0.8473819494247437
130.0,standard,mean,euclidean,prophet,hdbscan,0.9049450159072876
89.0,standard,median,euclidean,prophet,hdbscan,0.9048935770988464
170.0,standard,median,euclidean,prophet,hdbscan,0.9048935770988464
992.0,standard,mean,euclidean,dtw,hdbscan,0.20073634386062622
49.0,standard,median,dtw,mean,average,0.09529923647642136
69.0,minmax,mean,euclidean,prophet,hdbscan,0.7441664338111877
704.0,standard,mean,euclidean,dtw,ward,0.38197779655456543
399.0,standard,median,euclidean,prophet,hdbscan,0.8530468940734863
238.0,standard,prophet,euclidean,prophet,hdbscan,0.8984162211418152
544.0,minmax,linear,dtw,dtw,ward,0.36197909712791443
42.0,standard,median,euclidean,prophet,hdbscan,0.9048935770988464
142.0,standard,median,euclidean,prophet,hdbscan,0.9051044583320618
381.0,standard,linear,euclidean,prophet,hdbscan,0.8809650540351868
20.0,standard,linear,dtw,prophet,hdbscan,0.3666377365589142
177.0,standard,mean,euclidean,prophet,hdbscan,0.9049667119979858
404.0,minmax,linear,dtw,dtw,ward,0.4481953978538513
308.0,standard,median,euclidean,prophet,hdbscan,0.890129566192627
375.0,standard,mean,euclidean,prophet,weighted,0.2390017807483673
113.0,standard,median,euclidean,prophet,hdbscan,0.9051044583320618
175.0,standard,linear,euclidean,prophet,hdbscan,0.9049667119979858
124.0,standard,mean,euclidean,prophet,hdbscan,0.9049450159072876
1191.0,zscore,median,dtw,prophet,hdbscan,0.0010000000474974513
69.0,standard,linear,euclidean,mean,hdbscan,0.02528608776628971
186.0,standard,linear,euclidean,prophet,hdbscan,0.9049667119979858
462.0,minmax,linear,dtw,dtw,ward,0.422706663608551
439.0,standard,median,dtw,dtw,ward,0.2853247821331024
438.0,standard,linear,euclidean,dtw,centroid,0.4042613208293915
171.0,standard,mean,euclidean,prophet,hdbscan,0.9049667119979858
46.0,minmax,median,euclidean,median,ward,0.2300424575805664
609.0,standard,linear,euclidean,mode,ward,0.05529211089015007
738.0,standard,linear,euclidean,prophet,ward,0.2074894905090332
108.0,standard,linear,euclidean,prophet,hdbscan,0.9049450159072876
37.0,standard,linear,euclidean,mean,centroid,0.0009449674398638308
663.0,minmax,prophet,dtw,dtw,ward,0.31539908051490784
542.0,standard,linear,euclidean,dtw,hdbscan,0.1863277107477188
295.0,standard,median,euclidean,prophet,hdbscan,0.8908079862594604
124.0,standard,median,euclidean,prophet,hdbscan,0.9051044583320618
225.0,standard,median,euclidean,prophet,hdbscan,0.8998813629150391
193.0,standard,linear,euclidean,prophet,hdbscan,0.9049667119979858
103.0,minmax,prophet,euclidean,dtw,ward,0.3033875524997711
180.0,standard,mean,euclidean,prophet,hdbscan,0.9049667119979858
34.0,standard,mean,euclidean,prophet,hdbscan,0.9043170809745789
472.0,standard,median,euclidean,dtw,weighted,0.27776119112968445
411.0,standard,linear,dtw,prophet,ward,0.20123110711574554
127.0,standard,mean,euclidean,prophet,hdbscan,0.9049450159072876
556.0,standard,mean,dtw,dtw,ward,0.38983333110809326
14.0,standard,mean,euclidean,prophet,hdbscan,0.9043170809745789
445.0,minmax,linear,euclidean,prophet,hdbscan,0.4143661558628082
392.0,standard,linear,euclidean,dtw,weighted,0.3907443881034851
520.0,standard,median,dtw,prophet,hdbscan,0.2306690216064453
8.0,zscore,median,dtw,prophet,ward,0.13486963510513306
133.0,standard,median,euclidean,prophet,hdbscan,0.9051044583320618
179.0,standard,linear,euclidean,prophet,hdbscan,0.9049667119979858
466.0,zscore,median,dtw,dtw,ward,0.1241764947772026
162.0,standard,linear,euclidean,prophet,hdbscan,0.9049179553985596
52.0,standard,mean,euclidean,prophet,hdbscan,0.9043170809745789
932.0,standard,prophet,euclidean,dtw,ward,0.32539448142051697
568.0,standard,median,euclidean,dtw,hdbscan,0.1638781726360321
70.0,standard,linear,euclidean,prophet,hdbscan,0.9043170809745789
686.0,standard,linear,euclidean,prophet,ward,0.24297432601451874
604.0,standard,linear,euclidean,dtw,ward,0.4269084632396698
287.0,standard,median,euclidean,prophet,hdbscan,0.8901892900466919
615.0,standard,mean,euclidean,prophet,hdbscan,0.22428777813911438
487.0,standard,linear,euclidean,prophet,hdbscan,0.5841535925865173
187.0,standard,linear,euclidean,prophet,hdbscan,0.9049667119979858
76.0,standard,median,euclidean,prophet,hdbscan,0.9048935770988464
372.0,standard,median,dtw,dtw,ward,0.4006180167198181
24.0,standard,mean,euclidean,dtw,median,0.2254205197095871
371.0,standard,mean,euclidean,prophet,hdbscan,0.8473819494247437
658.0,standard,linear,euclidean,prophet,hdbscan,0.12626349925994873
25.0,standard,median,euclidean,prophet,hdbscan,0.9048935770988464
137.0,standard,median,euclidean,prophet,hdbscan,0.9051044583320618
1188.0,standard,linear,euclidean,prophet,ward,0.16769999265670776
99.0,standard,median,euclidean,prophet,hdbscan,0.9048935770988464
12.0,standard,mean,euclidean,prophet,hdbscan,0.9043170809745789
184.0,standard,linear,euclidean,prophet,hdbscan,0.9049667119979858
6.0,zscore,linear,euclidean,prophet,complete,0.001702497131191194
332.0,standard,prophet,euclidean,prophet,hdbscan,0.8520199656486511
327.0,minmax,linear,dtw,dtw,ward,0.4098030626773834
135.0,standard,median,euclidean,prophet,hdbscan,0.9051044583320618
461.0,standard,mean,euclidean,prophet,hdbscan,0.6693001389503479
3.0,standard,prophet,euclidean,prophet,hdbscan,0.9034204483032227
199.0,standard,median,euclidean,prophet,hdbscan,0.9028431177139282
74.0,standard,median,dtw,dtw,complete,0.1773504763841629
507.0,minmax,mean,euclidean,prophet,ward,0.3105330765247345
151.0,standard,median,euclidean,prophet,hdbscan,0.9046114683151245
555.0,minmax,median,dtw,dtw,hdbscan,0.2429289072751999
308.0,standard,mean,euclidean,prophet,hdbscan,0.8897601962089539
173.0,standard,median,euclidean,prophet,hdbscan,0.9048935770988464
185.0,standard,mean,euclidean,prophet,hdbscan,0.9049667119979858
75.0,standard,median,euclidean,prophet,hdbscan,0.9048935770988464
647.0,standard,linear,dtw,dtw,ward,0.3119751513004303
170.0,standard,mean,euclidean,prophet,hdbscan,0.9049667119979858
541.0,minmax,linear,euclidean,dtw,ward,0.5259855389595032
202.0,standard,linear,euclidean,prophet,hdbscan,0.9028675556182861
569.0,standard,median,euclidean,prophet,ward,0.27608993649482727
391.0,standard,linear,euclidean,prophet,hdbscan,0.8422473669052124
134.0,standard,median,euclidean,prophet,hdbscan,0.9051044583320618
733.0,standard,linear,euclidean,dtw,ward,0.3812814950942993
402.0,standard,linear,euclidean,dtw,median,0.21483273804187775
183.0,standard,median,euclidean,prophet,hdbscan,0.9048935770988464
716.0,minmax,linear,euclidean,dtw,ward,0.4300059378147125
395.0,minmax,median,euclidean,prophet,hdbscan,0.42417222261428833
534.0,standard,linear,euclidean,prophet,hdbscan,0.3792567551136017
395.0,minmax,linear,euclidean,dtw,centroid,0.3480170667171478
103.0,standard,median,euclidean,prophet,hdbscan,0.9048935770988464
102.0,standard,linear,dtw,dtw,weighted,0.26349785923957825
529.0,standard,linear,euclidean,prophet,ward,0.3053396940231323
181.0,standard,median,euclidean,prophet,hdbscan,0.9048935770988464
62.0,standard,median,euclidean,prophet,hdbscan,0.9048935770988464
91.0,standard,median,euclidean,prophet,hdbscan,0.9048935770988464
1049.0,standard,linear,dtw,dtw,centroid,0.18231366574764252
234.0,standard,median,dtw,median,median,0.17298419773578644
421.0,standard,median,euclidean,prophet,hdbscan,0.8082618713378906
279.0,minmax,mean,euclidean,prophet,hdbscan,0.43771445751190186
169.0,standard,linear,euclidean,prophet,hdbscan,0.9049667119979858
462.0,minmax,median,euclidean,prophet,ward,0.31694483757019043
509.0,minmax,median,dtw,dtw,ward,0.3421739637851715
152.0,standard,prophet,euclidean,prophet,hdbscan,0.9029266238212585
38.0,zscore,mean,dtw,mean,weighted,0.04344916343688965
372.0,standard,median,euclidean,prophet,hdbscan,0.8814674019813538
179.0,standard,median,euclidean,prophet,hdbscan,0.9048935770988464
622.0,minmax,linear,dtw,dtw,ward,0.34890973567962646
84.0,zscore,median,dtw,dtw,ward,0.13976161181926727
193.0,standard,mean,euclidean,prophet,hdbscan,0.9049667119979858
315.0,standard,prophet,euclidean,prophet,hdbscan,0.8894835114479065
145.0,standard,mean,euclidean,prophet,hdbscan,0.9049450159072876
1188.0,zscore,linear,euclidean,mean,ward,0.11977967619895935
114.0,standard,median,euclidean,prophet,hdbscan,0.9051044583320618
378.0,standard,linear,euclidean,dtw,ward,0.33827000856399536
460.0,standard,median,dtw,prophet,hdbscan,0.2662268877029419
128.0,standard,linear,euclidean,prophet,hdbscan,0.9049450159072876
402.0,standard,linear,euclidean,prophet,hdbscan,0.8331850171089172
463.0,minmax,linear,euclidean,dtw,hdbscan,0.17726965248584747
23.0,standard,linear,dtw,mode,ward,0.17541633546352386
294.0,standard,linear,euclidean,prophet,hdbscan,0.8906391859054565
100.0,standard,mean,dtw,prophet,centroid,0.11060074716806412
54.0,standard,prophet,euclidean,prophet,hdbscan,0.9034204483032227
401.0,standard,prophet,euclidean,prophet,hdbscan,0.8338649272918701
505.0,standard,linear,euclidean,prophet,hdbscan,0.46048542857170105
141.0,standard,median,euclidean,prophet,hdbscan,0.9051044583320618
77.0,standard,mean,euclidean,prophet,hdbscan,0.9043170809745789
2.0,standard,prophet,euclidean,prophet,hdbscan,0.9034204483032227
157.0,standard,linear,euclidean,prophet,hdbscan,0.9049179553985596
126.0,standard,median,euclidean,prophet,hdbscan,0.9051044583320618
176.0,standard,median,euclidean,prophet,hdbscan,0.9048935770988464
376.0,standard,linear,euclidean,prophet,hdbscan,0.8463269472122192
175.0,standard,mean,euclidean,prophet,hdbscan,0.9049667119979858
1199.0,zscore,linear,euclidean,prophet,ward,0.023783355951309204
62.0,zscore,linear,euclidean,dtw,centroid,6.979847967159003e-05
64.0,minmax,prophet,dtw,prophet,hdbscan,0.16776202619075775
192.0,standard,mean,euclidean,prophet,hdbscan,0.9049667119979858
495.0,standard,linear,euclidean,dtw,median,0.2664809823036194
107.0,standard,mean,euclidean,prophet,hdbscan,0.9049450159072876
6.0,standard,linear,euclidean,prophet,hdbscan,0.9043170809745789
391.0,standard,mean,euclidean,prophet,hdbscan,0.8422473669052124
2.0,minmax,linear,dtw,mean,single,5.6972072343342006e-05
694.0,standard,linear,euclidean,dtw,ward,0.41394007205963135
139.0,standard,linear,euclidean,dtw,ward,0.4785338342189789
395.0,standard,mean,dtw,prophet,hdbscan,0.344806969165802
640.0,standard,median,euclidean,prophet,ward,0.25839534401893616
283.0,standard,linear,euclidean,prophet,hdbscan,0.8905569911003113
125.0,standard,median,euclidean,prophet,hdbscan,0.9051044583320618
101.0,standard,median,euclidean,prophet,hdbscan,0.9048935770988464
504.0,minmax,mean,euclidean,prophet,hdbscan,0.34988170862197876
186.0,standard,mean,euclidean,prophet,hdbscan,0.9049667119979858
205.0,standard,mean,euclidean,prophet,hdbscan,0.9011030197143555
761.0,standard,mean,euclidean,median,ward,0.05890794098377228
271.0,standard,linear,euclidean,prophet,hdbscan,0.8915501236915588
189.0,standard,linear,euclidean,prophet,hdbscan,0.9049667119979858
293.0,standard,mean,euclidean,prophet,hdbscan,0.8908326625823975
592.0,standard,median,dtw,dtw,ward,0.3253520429134369
192.0,standard,linear,euclidean,prophet,hdbscan,0.9049667119979858
495.0,standard,linear,euclidean,prophet,ward,0.34375038743019104
224.0,zscore,mean,euclidean,median,single,5.2696603233926e-05
44.0,standard,mean,euclidean,prophet,hdbscan,0.9043170809745789
352.0,standard,median,euclidean,prophet,hdbscan,0.882110595703125
211.0,standard,prophet,euclidean,prophet,hdbscan,0.8998114466667175
23.0,standard,linear,euclidean,prophet,hdbscan,0.9043170809745789
430.0,standard,median,dtw,dtw,hdbscan,0.29045218229293823
381.0,standard,median,euclidean,prophet,hdbscan,0.8465070724487305
240.0,standard,median,euclidean,dtw,centroid,0.27926161885261536
137.0,standard,mean,euclidean,prophet,hdbscan,0.9049450159072876
150.0,standard,linear,euclidean,prophet,hdbscan,0.9049179553985596
59.0,zscore,linear,dtw,mode,ward,0.04031820967793465
571.0,minmax,linear,dtw,dtw,ward,0.336463987827301
174.0,standard,median,euclidean,prophet,hdbscan,0.9048935770988464
489.0,standard,linear,dtw,dtw,hdbscan,0.26980921626091003
165.0,standard,mean,euclidean,prophet,average,0.2350580245256424
178.0,standard,median,euclidean,prophet,hdbscan,0.9048935770988464
648.0,standard,linear,euclidean,dtw,ward,0.4129619002342224
620.0,standard,linear,dtw,prophet,ward,0.14386260509490967
387.0,standard,median,euclidean,prophet,hdbscan,0.8434118628501892
46.0,standard,linear,dtw,dtw,ward,0.4030408561229706
88.0,standard,linear,euclidean,prophet,hdbscan,0.9043170809745789
364.0,standard,median,euclidean,prophet,hdbscan,0.8469154238700867
307.0,standard,linear,euclidean,prophet,hdbscan,0.8895054459571838
46.0,standard,median,euclidean,prophet,hdbscan,0.9048935770988464
483.0,standard,linear,euclidean,dtw,centroid,0.34988465905189514
42.0,standard,mean,euclidean,prophet,hdbscan,0.9043170809745789
172.0,standard,mean,euclidean,prophet,hdbscan,0.9049667119979858
473.0,standard,linear,euclidean,prophet,hdbscan,0.6157017946243286
2.0,standard,mean,euclidean,prophet,hdbscan,0.9043170809745789
699.0,standard,linear,dtw,prophet,ward,0.1521596610546112
657.0,minmax,median,euclidean,dtw,ward,0.37373578548431396
347.0,standard,linear,dtw,prophet,hdbscan,0.34868231415748596
617.0,minmax,linear,euclidean,dtw,ward,0.43986356258392334
110.0,standard,median,euclidean,prophet,hdbscan,0.9051044583320618
907.0,standard,median,euclidean,dtw,average,0.1963144689798355
429.0,standard,mean,euclidean,prophet,hdbscan,0.7855848670005798
96.0,standard,linear,euclidean,prophet,complete,0.13545790314674377
44.0,standard,median,euclidean,prophet,hdbscan,0.9048935770988464
39.0,standard,median,euclidean,prophet,hdbscan,0.9048935770988464
36.0,standard,mean,euclidean,prophet,hdbscan,0.9043170809745789
1083.0,zscore,prophet,euclidean,mode,ward,0.11104103177785873
39.0,zscore,linear,euclidean,median,hdbscan,0.001782685867510736
87.0,standard,median,euclidean,prophet,hdbscan,0.9048935770988464
117.0,standard,median,euclidean,prophet,hdbscan,0.9051044583320618
590.0,minmax,linear,euclidean,prophet,ward,0.25104373693466187
140.0,standard,median,euclidean,prophet,hdbscan,0.9051044583320618
54.0,zscore,prophet,dtw,dtw,hdbscan,0.0010000000474974513
748.0,minmax,linear,euclidean,dtw,ward,0.3750794529914856
879.0,standard,mean,dtw,dtw,ward,0.29500657320022583
68.0,standard,median,euclidean,prophet,hdbscan,0.9048935770988464
1183.0,minmax,linear,euclidean,dtw,hdbscan,0.19476933777332306
95.0,standard,linear,euclidean,median,ward,0.3836672306060791
19.0,zscore,prophet,euclidean,dtw,ward,0.16195707023143768
438.0,standard,median,euclidean,prophet,hdbscan,0.7467042207717896
694.0,standard,linear,euclidean,dtw,hdbscan,0.19089621305465698
4.0,standard,median,euclidean,prophet,hdbscan,0.9048935770988464
376.0,standard,median,euclidean,prophet,hdbscan,0.8805112838745117
187.0,standard,median,euclidean,prophet,hdbscan,0.9048935770988464
131.0,standard,median,euclidean,prophet,hdbscan,0.9051044583320618
154.0,standard,median,euclidean,prophet,hdbscan,0.9046114683151245
146.0,standard,linear,euclidean,prophet,hdbscan,0.9049450159072876
458.0,minmax,linear,euclidean,dtw,ward,0.5239980220794678
460.0,standard,mean,euclidean,prophet,ward,0.3236568868160248
419.0,standard,median,euclidean,dtw,hdbscan,0.1478217989206314
187.0,standard,mean,euclidean,prophet,hdbscan,0.9049667119979858
333.0,standard,linear,euclidean,prophet,hdbscan,0.8522721529006958
229.0,standard,mean,euclidean,prophet,hdbscan,0.9000586271286011
22.0,minmax,median,euclidean,prophet,hdbscan,0.6667976975440979
103.0,minmax,linear,euclidean,prophet,weighted,0.2654585838317871
504.0,standard,median,euclidean,dtw,hdbscan,0.002963453996926546
1192.0,standard,prophet,euclidean,mean,ward,5.346183752408251e-05
