Comperiod,Scaling,Interpolation,Similarity,Unsynced,Linkmeth,ray/tune/_metric
1194.0,standard,linear,euclidean,mode,ward,0.023319458588957787
25.0,standard,mean,euclidean,prophet,hdbscan,0.2984601855278015
19.0,standard,linear,euclidean,prophet,hdbscan,0.30222606658935547
451.0,zscore,mean,euclidean,median,average,0.000752718944568187
229.0,minmax,median,euclidean,dtw,weighted,0.1377277970314026
9.0,standard,prophet,euclidean,prophet,hdbscan,0.3013913035392761
733.0,minmax,median,euclidean,dtw,complete,0.1349790096282959
1188.0,zscore,linear,dtw,median,single,-1.5819865438970737e-05
1111.0,standard,linear,euclidean,prophet,centroid,0.006979959085583687
12.0,standard,linear,euclidean,prophet,hdbscan,0.3023790419101715
367.0,minmax,median,euclidean,prophet,ward,0.12514035403728485
984.0,standard,prophet,dtw,median,single,5.3814437706023455e-05
14.0,standard,linear,euclidean,prophet,hdbscan,0.3023790419101715
9.0,standard,linear,euclidean,prophet,hdbscan,0.3023790419101715
900.0,minmax,prophet,dtw,prophet,median,0.003672973020002246
6.0,zscore,linear,euclidean,mean,ward,0.007235471624881029
237.0,minmax,linear,dtw,prophet,weighted,0.05158492550253868
15.0,standard,mean,euclidean,prophet,hdbscan,0.30222606658935547
343.0,minmax,prophet,dtw,prophet,single,5.036896709498251e-06
6.0,minmax,linear,euclidean,mode,median,0.014662409201264381
45.0,standard,mean,euclidean,mode,single,1.806719410524238e-05
10.0,zscore,prophet,euclidean,median,hdbscan,0.0003059807640966028
1190.0,zscore,mean,dtw,mean,hdbscan,0.0036404216662049294
2.0,standard,mean,dtw,prophet,weighted,0.05605608597397804
2.0,standard,median,euclidean,prophet,median,0.09790267050266266
10.0,standard,prophet,euclidean,prophet,hdbscan,0.3013913035392761
13.0,standard,linear,euclidean,prophet,hdbscan,0.3023790419101715
20.0,standard,mean,euclidean,prophet,hdbscan,0.30222606658935547
324.0,standard,median,dtw,mode,average,0.017442433163523674
1114.0,zscore,linear,dtw,prophet,median,-4.332969183451496e-05
497.0,standard,linear,euclidean,dtw,complete,0.14548714458942413
200.0,standard,median,euclidean,mean,ward,0.055655401200056076
11.0,standard,mean,euclidean,prophet,hdbscan,0.3023011386394501
18.0,standard,linear,dtw,dtw,average,0.015067064203321934
669.0,standard,median,euclidean,prophet,ward,0.08757148683071136
488.0,standard,prophet,dtw,median,ward,0.02640356495976448
5.0,zscore,median,dtw,dtw,weighted,0.006674124393612146
14.0,standard,median,euclidean,prophet,hdbscan,0.3021623492240906
1076.0,standard,linear,euclidean,prophet,ward,0.10262564569711685
437.0,minmax,linear,euclidean,dtw,average,0.1388622224330902
7.0,standard,prophet,euclidean,prophet,hdbscan,0.3013913035392761
352.0,minmax,linear,dtw,mode,ward,0.02697693556547165
9.0,standard,linear,euclidean,prophet,ward,0.09712018817663193
105.0,standard,linear,euclidean,prophet,hdbscan,0.294520765542984
921.0,zscore,linear,dtw,prophet,single,1.2634221775442711e-06
2.0,standard,linear,euclidean,prophet,hdbscan,0.3023790419101715
90.0,standard,median,euclidean,prophet,hdbscan,0.2967848479747772
8.0,standard,mean,euclidean,prophet,hdbscan,0.3023011386394501
264.0,minmax,median,euclidean,dtw,ward,0.2101631611585617
21.0,zscore,linear,euclidean,dtw,median,5.258685996523127e-05
1150.0,zscore,linear,euclidean,dtw,ward,0.06868767738342285
22.0,standard,prophet,euclidean,prophet,hdbscan,0.3011569082736969
24.0,standard,linear,euclidean,prophet,hdbscan,0.2983821630477905
18.0,standard,linear,euclidean,prophet,hdbscan,0.30222606658935547
920.0,minmax,linear,dtw,dtw,complete,0.14792101085186005
292.0,minmax,linear,euclidean,dtw,average,0.21189439296722412
243.0,minmax,linear,euclidean,prophet,ward,0.12282208353281021
10.0,standard,linear,euclidean,prophet,hdbscan,0.3023790419101715
1160.0,zscore,linear,euclidean,dtw,single,-7.226895377243636e-06
13.0,standard,mean,euclidean,prophet,single,8.898503438103944e-06
422.0,zscore,linear,euclidean,mode,hdbscan,0.002891987096518278
945.0,minmax,linear,euclidean,dtw,hdbscan,0.05474765971302986
112.0,standard,median,euclidean,prophet,hdbscan,0.2871468961238861
20.0,standard,linear,dtw,prophet,median,0.050892800092697144
1182.0,zscore,prophet,dtw,dtw,average,-2.5100523544097086e-06
486.0,standard,median,euclidean,dtw,centroid,0.08866839855909348
31.0,standard,median,euclidean,prophet,hdbscan,0.29900380969047546
1124.0,zscore,linear,dtw,mode,ward,0.054121918976306915
605.0,minmax,mean,euclidean,dtw,ward,0.18297511339187622
1005.0,minmax,median,euclidean,dtw,ward,0.15142574906349182
4.0,minmax,median,euclidean,mode,average,0.013432180508971214
975.0,zscore,mean,dtw,median,hdbscan,0.0008296082960441709
152.0,zscore,prophet,dtw,mean,weighted,0.039459723979234695
1152.0,zscore,linear,euclidean,median,ward,0.025061240419745445
1105.0,minmax,linear,euclidean,dtw,centroid,0.09070590138435364
34.0,minmax,mean,euclidean,mode,ward,0.07148413360118866
703.0,minmax,mean,dtw,dtw,weighted,0.12433425337076187
1194.0,standard,mean,dtw,median,ward,0.025105604901909828
32.0,standard,mean,euclidean,prophet,hdbscan,0.2990354299545288
24.0,standard,prophet,euclidean,prophet,hdbscan,0.2972985506057739
713.0,standard,median,dtw,prophet,weighted,0.03139093518257141
1118.0,minmax,mean,dtw,mode,weighted,0.002297839615494013
4.0,minmax,linear,dtw,dtw,ward,0.11124569922685623
1050.0,minmax,mean,euclidean,mean,hdbscan,0.0009100031456910074
15.0,minmax,linear,dtw,mean,ward,0.022044749930500984
1057.0,standard,linear,euclidean,dtw,average,0.08725841343402863
501.0,minmax,mean,dtw,dtw,complete,0.13205823302268982
20.0,standard,prophet,euclidean,prophet,hdbscan,0.30146461725234985
345.0,zscore,mean,dtw,dtw,complete,0.042836084961891174
100.0,minmax,mean,dtw,dtw,weighted,0.07960643619298935
364.0,minmax,linear,euclidean,dtw,centroid,0.1449933499097824
345.0,standard,mean,euclidean,prophet,hdbscan,0.17677640914916992
12.0,standard,mean,euclidean,prophet,hdbscan,0.3023011386394501
4.0,standard,linear,euclidean,median,hdbscan,0.0013937164330855012
64.0,standard,linear,dtw,dtw,complete,0.07150222361087799
10.0,standard,median,euclidean,prophet,hdbscan,0.3021623492240906
40.0,standard,median,euclidean,prophet,hdbscan,0.29900380969047546
11.0,standard,prophet,euclidean,prophet,hdbscan,0.3013913035392761
206.0,minmax,linear,euclidean,dtw,average,0.21444936096668243
31.0,zscore,linear,dtw,median,median,2.238202614535112e-05
219.0,standard,linear,euclidean,prophet,hdbscan,0.24135547876358032
18.0,standard,mean,euclidean,prophet,hdbscan,0.30222606658935547
3.0,standard,prophet,euclidean,prophet,hdbscan,0.3013913035392761
1125.0,zscore,linear,dtw,dtw,ward,0.06922085583209991
1087.0,zscore,mean,euclidean,mean,weighted,0.05459399148821831
425.0,minmax,median,dtw,mode,median,0.004895948804914951
1124.0,minmax,mean,dtw,mode,centroid,0.002066808519884944
14.0,zscore,linear,euclidean,prophet,hdbscan,0.0010000000474974513
462.0,standard,mean,euclidean,dtw,hdbscan,0.006198616232722998
1192.0,standard,linear,euclidean,prophet,single,-6.283527000050526e-06
272.0,minmax,linear,euclidean,prophet,hdbscan,0.09092007577419281
7.0,standard,mean,euclidean,prophet,hdbscan,0.3023011386394501
125.0,standard,linear,dtw,dtw,ward,0.2070075124502182
72.0,standard,median,euclidean,prophet,hdbscan,0.29744893312454224
343.0,standard,linear,dtw,dtw,centroid,0.09379708766937256
8.0,zscore,linear,dtw,median,weighted,0.000696706585586071
29.0,zscore,median,dtw,dtw,average,-2.7417602268542396e-06
44.0,standard,linear,dtw,median,complete,0.020561199635267258
640.0,minmax,prophet,dtw,dtw,centroid,0.09092508256435394
284.0,minmax,linear,euclidean,median,average,0.015528803691267967
387.0,zscore,median,euclidean,dtw,ward,0.07267346233129501
508.0,minmax,mean,dtw,dtw,ward,0.16451410949230194
750.0,minmax,median,euclidean,median,ward,0.02020723558962345
207.0,standard,linear,euclidean,dtw,weighted,0.10706610977649689
59.0,standard,median,dtw,dtw,ward,0.16195204854011536
332.0,standard,mean,euclidean,dtw,average,0.1944204717874527
1135.0,zscore,linear,euclidean,dtw,hdbscan,0.0010000000474974513
242.0,zscore,median,euclidean,prophet,ward,0.013217546977102757
322.0,zscore,median,euclidean,mode,median,0.04671557620167732
341.0,zscore,median,euclidean,dtw,hdbscan,0.0003533159615471959
5.0,standard,linear,euclidean,prophet,hdbscan,0.3023790419101715
18.0,standard,prophet,euclidean,prophet,hdbscan,0.30146461725234985
30.0,zscore,linear,euclidean,dtw,ward,0.00480169290676713
19.0,standard,median,euclidean,prophet,hdbscan,0.3019125461578369
44.0,standard,linear,euclidean,prophet,hdbscan,0.2988855242729187
153.0,standard,linear,euclidean,prophet,hdbscan,0.25885459780693054
5.0,zscore,linear,dtw,prophet,ward,0.005243007093667984
36.0,standard,mean,euclidean,prophet,hdbscan,0.2988855242729187
22.0,standard,mean,euclidean,prophet,hdbscan,0.30191782116889954
17.0,standard,median,euclidean,prophet,hdbscan,0.3019125461578369
216.0,minmax,linear,euclidean,dtw,ward,0.14139799773693085
76.0,standard,linear,euclidean,prophet,hdbscan,0.29740506410598755
563.0,minmax,median,dtw,mode,ward,0.005475569516420364
226.0,zscore,median,dtw,median,complete,0.0015680320793762803
256.0,minmax,median,euclidean,prophet,weighted,0.04261095076799393
499.0,standard,median,euclidean,dtw,average,0.11451411992311478
1012.0,minmax,prophet,euclidean,median,complete,0.019307948648929596
1156.0,zscore,linear,euclidean,prophet,hdbscan,0.0010000000474974513
16.0,standard,prophet,euclidean,prophet,hdbscan,0.30146461725234985
4.0,standard,linear,euclidean,prophet,hdbscan,0.3023790419101715
317.0,standard,linear,euclidean,prophet,hdbscan,0.17938309907913208
9.0,standard,median,dtw,dtw,median,0.018212344497442245
1182.0,standard,median,dtw,dtw,average,0.08542569726705551
428.0,minmax,linear,dtw,mean,ward,0.015966076403856277
6.0,zscore,median,dtw,mode,average,0.008112584240734577
50.0,standard,linear,euclidean,prophet,hdbscan,0.2988855242729187
17.0,standard,mean,euclidean,prophet,hdbscan,0.30222606658935547
5.0,standard,median,euclidean,prophet,hdbscan,0.3021623492240906
135.0,standard,mean,euclidean,prophet,hdbscan,0.26837846636772156
1127.0,zscore,linear,dtw,mode,single,3.250162990298122e-05
252.0,minmax,mean,euclidean,dtw,average,0.2421567440032959
71.0,minmax,median,euclidean,dtw,weighted,0.10063010454177856
2.0,zscore,linear,euclidean,mode,single,6.575051429535961e-06
1049.0,standard,linear,dtw,dtw,centroid,0.0882328674197197
25.0,minmax,linear,dtw,dtw,hdbscan,0.027998274192214012
1128.0,standard,linear,euclidean,dtw,weighted,0.1082117035984993
743.0,zscore,linear,dtw,mean,ward,0.07667405158281326
58.0,standard,linear,dtw,median,ward,0.023572638630867004
78.0,standard,mean,euclidean,mean,hdbscan,6.042919630999677e-05
56.0,standard,linear,euclidean,dtw,average,0.09642349928617477
6.0,standard,linear,euclidean,prophet,hdbscan,0.3023790419101715
350.0,standard,mean,dtw,dtw,ward,0.17735768854618073
1040.0,minmax,median,euclidean,mode,single,-4.977869139111135e-06
524.0,minmax,linear,euclidean,dtw,ward,0.19931606948375702
1124.0,zscore,median,euclidean,mode,ward,0.061051204800605774
64.0,standard,median,euclidean,prophet,hdbscan,0.29836881160736084
4.0,minmax,prophet,euclidean,dtw,ward,0.08157742768526077
16.0,standard,mean,euclidean,prophet,hdbscan,0.30222606658935547
13.0,standard,median,euclidean,prophet,hdbscan,0.3021623492240906
1189.0,minmax,linear,euclidean,dtw,single,-5.340158168110065e-06
352.0,minmax,mean,euclidean,dtw,average,0.179258793592453
8.0,standard,linear,euclidean,prophet,centroid,0.010144398547708988
438.0,zscore,median,euclidean,dtw,median,-9.377712899549806e-07
300.0,minmax,median,dtw,dtw,weighted,0.13802537322044373
72.0,standard,mean,euclidean,prophet,hdbscan,0.29740506410598755
264.0,standard,linear,euclidean,median,centroid,0.03145256265997887
542.0,minmax,median,dtw,dtw,average,0.0915863886475563
4.0,standard,mean,euclidean,prophet,hdbscan,0.3023011386394501
1100.0,zscore,median,dtw,prophet,centroid,-5.817045348521788e-06
15.0,standard,median,euclidean,prophet,hdbscan,0.3019125461578369
208.0,minmax,median,euclidean,dtw,complete,0.11006852239370346
377.0,zscore,prophet,dtw,dtw,ward,0.07359285652637482
168.0,standard,mean,dtw,dtw,ward,0.1860046237707138
68.0,standard,prophet,dtw,dtw,complete,0.05587778612971306
641.0,standard,linear,dtw,dtw,hdbscan,0.05597042292356491
10.0,standard,mean,euclidean,prophet,hdbscan,0.3023011386394501
189.0,minmax,mean,euclidean,prophet,median,0.05578082427382469
15.0,standard,linear,euclidean,prophet,hdbscan,0.30222606658935547
19.0,minmax,mean,dtw,dtw,ward,0.17767493426799774
475.0,zscore,linear,dtw,prophet,single,1.2634221775442711e-06
189.0,standard,prophet,euclidean,dtw,average,0.20778605341911316
1178.0,minmax,median,euclidean,prophet,ward,0.10099752992391586
9.0,standard,median,euclidean,prophet,hdbscan,0.3021623492240906
382.0,standard,linear,euclidean,prophet,average,0.0026150818448513746
328.0,minmax,median,dtw,dtw,centroid,0.08391037583351135
401.0,minmax,linear,euclidean,dtw,ward,0.20995770394802094
15.0,minmax,mean,euclidean,prophet,ward,0.14117899537086487
5.0,standard,prophet,euclidean,prophet,hdbscan,0.3013913035392761
8.0,minmax,median,dtw,prophet,average,0.0018490365473553538
301.0,standard,mean,euclidean,mode,complete,0.028162654489278793
93.0,standard,linear,euclidean,prophet,hdbscan,0.2969628870487213
566.0,standard,median,dtw,dtw,ward,0.14282113313674927
951.0,standard,linear,euclidean,dtw,complete,0.14568215608596802
403.0,minmax,linear,dtw,dtw,ward,0.18155674636363983
23.0,standard,median,euclidean,prophet,hdbscan,0.2980847656726837
498.0,zscore,median,dtw,mean,median,0.0029816359747201204
40.0,standard,mean,euclidean,dtw,ward,0.08673950284719467
971.0,zscore,mean,dtw,mode,median,0.05293295159935951
350.0,minmax,prophet,euclidean,dtw,weighted,0.14051666855812073
1157.0,standard,linear,euclidean,mean,median,0.000743518874514848
430.0,standard,linear,dtw,dtw,ward,0.17523257434368134
11.0,standard,median,euclidean,prophet,hdbscan,0.3021623492240906
1103.0,zscore,linear,dtw,prophet,average,-1.8355029851591098e-06
172.0,standard,prophet,euclidean,prophet,hdbscan,0.24187952280044556
2.0,standard,median,euclidean,prophet,hdbscan,0.3021623492240906
1007.0,minmax,median,dtw,dtw,hdbscan,0.054180894047021866
10.0,minmax,mean,dtw,prophet,hdbscan,0.030600883066654205
162.0,standard,median,euclidean,prophet,hdbscan,0.2581115961074829
1103.0,standard,mean,euclidean,prophet,complete,0.03501061350107193
13.0,minmax,median,euclidean,prophet,hdbscan,0.1513064056634903
315.0,minmax,mean,dtw,prophet,ward,0.1011904776096344
66.0,standard,linear,euclidean,prophet,hdbscan,0.29822617769241333
6.0,standard,mean,dtw,prophet,hdbscan,0.06960299611091614
258.0,standard,mean,euclidean,dtw,complete,0.0984267145395279
227.0,standard,linear,euclidean,dtw,average,0.21861690282821655
14.0,standard,mean,euclidean,prophet,hdbscan,0.3023011386394501
18.0,standard,linear,euclidean,prophet,weighted,0.07036232948303223
3.0,standard,linear,euclidean,prophet,hdbscan,0.3023790419101715
435.0,standard,mean,euclidean,prophet,ward,0.12943637371063232
342.0,zscore,median,dtw,prophet,hdbscan,0.0010000000474974513
87.0,standard,mean,euclidean,prophet,hdbscan,0.2971130311489105
49.0,standard,linear,euclidean,mode,weighted,0.03216732665896416
1142.0,zscore,prophet,dtw,mean,complete,0.05011821538209915
5.0,standard,mean,dtw,mode,median,0.016911057755351067
272.0,standard,prophet,dtw,dtw,ward,0.18242257833480835
11.0,zscore,mean,euclidean,mode,single,6.575051429535961e-06
269.0,standard,prophet,euclidean,prophet,hdbscan,0.22146520018577576
247.0,minmax,mean,dtw,dtw,ward,0.19065426290035248
1196.0,zscore,prophet,euclidean,mean,ward,0.07518783956766129
1174.0,standard,prophet,euclidean,dtw,complete,0.10952053964138031
675.0,zscore,linear,euclidean,mode,median,0.05288458243012428
1152.0,minmax,mean,dtw,median,hdbscan,0.0013277690159156919
132.0,minmax,mean,euclidean,dtw,average,0.16491974890232086
26.0,standard,median,euclidean,prophet,hdbscan,0.2980847656726837
316.0,standard,linear,euclidean,dtw,average,0.19456669688224792
53.0,standard,median,euclidean,prophet,hdbscan,0.2994895279407501
233.0,minmax,linear,dtw,dtw,ward,0.17543625831604004
29.0,zscore,prophet,euclidean,prophet,single,-5.969070571154589e-06
208.0,standard,linear,euclidean,dtw,ward,0.1829075962305069
11.0,zscore,median,euclidean,prophet,median,-2.688681888685096e-05
9.0,standard,mean,euclidean,prophet,hdbscan,0.3023011386394501
7.0,standard,linear,euclidean,prophet,hdbscan,0.3023790419101715
1180.0,standard,median,dtw,dtw,ward,0.13441313803195953
1114.0,minmax,mean,dtw,dtw,ward,0.12960894405841827
6.0,standard,mean,euclidean,prophet,hdbscan,0.3023011386394501
12.0,standard,prophet,euclidean,prophet,hdbscan,0.3013913035392761
1134.0,standard,linear,dtw,prophet,ward,0.08371233940124512
1183.0,standard,median,dtw,prophet,weighted,0.0025908213574439287
352.0,minmax,median,dtw,dtw,ward,0.1770159900188446
1101.0,standard,linear,dtw,dtw,complete,0.14156557619571686
661.0,minmax,linear,euclidean,prophet,ward,0.06480105221271515
818.0,zscore,linear,euclidean,dtw,weighted,3.195757381035946e-05
53.0,standard,linear,euclidean,prophet,hdbscan,0.2988855242729187
57.0,standard,mean,euclidean,prophet,hdbscan,0.2985924780368805
382.0,minmax,mean,euclidean,dtw,complete,0.1411566287279129
669.0,standard,linear,euclidean,dtw,ward,0.16589629650115967
1166.0,zscore,linear,euclidean,mode,median,0.0452326200902462
10.0,minmax,linear,euclidean,prophet,hdbscan,0.19311510026454926
77.0,standard,mean,dtw,prophet,average,0.004034664947539568
32.0,standard,linear,euclidean,mean,centroid,0.00016528826381545514
252.0,standard,median,dtw,prophet,hdbscan,0.0677068904042244
1045.0,standard,mean,dtw,dtw,single,5.980265541438712e-06
20.0,standard,linear,euclidean,prophet,hdbscan,0.30222606658935547
691.0,minmax,prophet,euclidean,dtw,average,0.0896969586610794
472.0,standard,mean,dtw,prophet,ward,0.0885278657078743
1057.0,minmax,linear,dtw,dtw,average,0.117672398686409
1188.0,standard,linear,euclidean,prophet,median,0.022164255380630493
543.0,standard,linear,dtw,dtw,average,0.08786367624998093
317.0,minmax,median,dtw,dtw,hdbscan,0.02618860825896263
4.0,zscore,linear,dtw,mode,hdbscan,0.05106296390295029
361.0,minmax,linear,dtw,dtw,complete,0.10370926558971405
862.0,zscore,mean,dtw,dtw,average,-2.5100523544097086e-06
524.0,minmax,linear,euclidean,dtw,complete,0.12097491323947906
1049.0,standard,median,dtw,mode,hdbscan,0.0021298383362591267
7.0,standard,median,euclidean,prophet,hdbscan,0.3021623492240906
1188.0,zscore,linear,euclidean,mode,weighted,0.0452326200902462
23.0,standard,prophet,euclidean,prophet,hdbscan,0.2972985506057739
21.0,standard,linear,euclidean,prophet,hdbscan,0.30191782116889954
1178.0,zscore,linear,dtw,dtw,median,-9.377712899549806e-07
378.0,zscore,median,euclidean,mean,ward,0.08808781951665878
276.0,standard,median,euclidean,dtw,average,0.18882717192173004
408.0,standard,median,dtw,dtw,complete,0.11997019499540329
268.0,standard,linear,euclidean,prophet,median,0.01958269625902176
16.0,standard,median,euclidean,prophet,hdbscan,0.3019125461578369
267.0,standard,mean,dtw,dtw,average,0.13332076370716095
114.0,zscore,prophet,euclidean,mode,hdbscan,0.005805335473269224
13.0,standard,mean,euclidean,prophet,hdbscan,0.3023011386394501
4.0,standard,prophet,euclidean,prophet,hdbscan,0.3013913035392761
506.0,standard,median,euclidean,dtw,ward,0.15650032460689545
3.0,standard,median,dtw,dtw,single,2.3904269255581312e-05
1191.0,minmax,linear,dtw,dtw,weighted,0.1311938613653183
825.0,standard,prophet,euclidean,mean,ward,0.0017769512487575412
185.0,minmax,mean,euclidean,dtw,ward,0.19134075939655304
578.0,zscore,mean,euclidean,mode,ward,0.06822195649147034
12.0,standard,median,euclidean,prophet,hdbscan,0.3021623492240906
1179.0,standard,linear,dtw,dtw,complete,0.1389033943414688
1152.0,minmax,median,euclidean,dtw,weighted,0.14995604753494263
653.0,standard,linear,dtw,dtw,ward,0.15878449380397797
1162.0,zscore,prophet,euclidean,prophet,complete,0.0002493016072548926
254.0,standard,median,euclidean,prophet,hdbscan,0.21645109355449677
1157.0,zscore,mean,dtw,dtw,centroid,-1.2522275483206613e-06
470.0,standard,mean,euclidean,dtw,median,0.004323435015976429
3.0,standard,mean,euclidean,prophet,hdbscan,0.3023011386394501
402.0,standard,median,euclidean,dtw,weighted,0.12313110381364822
594.0,minmax,linear,euclidean,dtw,weighted,0.1251436024904251
285.0,standard,linear,dtw,prophet,ward,0.10271262377500534
312.0,minmax,median,dtw,dtw,average,0.1321079581975937
23.0,standard,linear,euclidean,prophet,hdbscan,0.2983821630477905
1057.0,minmax,linear,dtw,dtw,median,-1.5888235793681815e-05
27.0,standard,mean,euclidean,prophet,hdbscan,0.2984601855278015
246.0,standard,linear,dtw,dtw,ward,0.2146470993757248
56.0,standard,prophet,euclidean,prophet,hdbscan,0.29729557037353516
386.0,standard,linear,euclidean,dtw,ward,0.16039910912513733
413.0,zscore,mean,dtw,mean,median,0.002181578893214464
16.0,standard,linear,euclidean,prophet,hdbscan,0.30222606658935547
788.0,zscore,linear,dtw,mode,average,0.04438645392656326
6.0,standard,median,euclidean,prophet,hdbscan,0.3021623492240906
423.0,zscore,median,dtw,mean,ward,0.09565502405166626
717.0,minmax,linear,dtw,dtw,ward,0.14518801867961884
55.0,minmax,prophet,dtw,mode,ward,0.07330089062452316
430.0,minmax,linear,dtw,dtw,weighted,0.14749155938625336
21.0,standard,median,euclidean,prophet,hdbscan,0.301842600107193
6.0,standard,prophet,euclidean,prophet,hdbscan,0.3013913035392761
8.0,standard,linear,euclidean,prophet,hdbscan,0.3023790419101715
376.0,minmax,prophet,euclidean,dtw,weighted,0.1163792535662651
310.0,standard,linear,dtw,dtw,weighted,0.12455669790506363
4.0,standard,median,euclidean,prophet,hdbscan,0.3021623492240906
2.0,standard,mean,euclidean,prophet,hdbscan,0.3023011386394501
18.0,standard,median,euclidean,prophet,complete,0.03844841569662094
278.0,minmax,median,dtw,mode,hdbscan,0.003971664700657129
3.0,standard,median,euclidean,prophet,hdbscan,0.3021623492240906
2.0,zscore,linear,euclidean,mode,ward,0.010527479462325573
20.0,standard,linear,dtw,prophet,ward,0.11630170047283173
204.0,minmax,median,euclidean,dtw,average,0.2210644781589508
341.0,minmax,prophet,euclidean,dtw,ward,0.19691461324691772
25.0,zscore,linear,dtw,prophet,weighted,0.0013966202968731523
1184.0,standard,mean,dtw,median,average,0.026527104899287224
6.0,standard,prophet,euclidean,mode,hdbscan,0.0010030802804976702
1050.0,minmax,linear,euclidean,dtw,complete,0.14795011281967163
25.0,minmax,mean,euclidean,prophet,median,0.06467288732528687
276.0,minmax,linear,dtw,dtw,average,0.12059160321950912
20.0,minmax,median,dtw,prophet,ward,0.10858709365129471
226.0,standard,mean,euclidean,prophet,hdbscan,0.2369697391986847
99.0,standard,prophet,euclidean,prophet,hdbscan,0.2934753894805908
55.0,zscore,linear,dtw,dtw,hdbscan,0.0010000000474974513
43.0,standard,median,euclidean,prophet,hdbscan,0.29900380969047546
1060.0,zscore,mean,dtw,prophet,single,1.2634221775442711e-06
5.0,standard,mean,euclidean,prophet,hdbscan,0.3023011386394501
1088.0,standard,mean,euclidean,dtw,ward,0.13034263253211975
384.0,minmax,mean,euclidean,dtw,ward,0.18232576549053192
13.0,zscore,mean,euclidean,prophet,average,-1.056252858688822e-05
221.0,standard,median,euclidean,prophet,ward,0.116969533264637
74.0,standard,prophet,euclidean,prophet,hdbscan,0.2973546087741852
7.0,minmax,linear,euclidean,dtw,median,0.0037561648059636354
32.0,standard,linear,euclidean,prophet,hdbscan,0.2990354299545288
2.0,minmax,linear,dtw,mean,single,1.101156431104755e-05
600.0,zscore,mean,dtw,median,centroid,0.0026564982254058123
17.0,standard,linear,euclidean,prophet,hdbscan,0.30222606658935547
321.0,minmax,linear,dtw,dtw,median,0.09290135651826859
47.0,minmax,mean,euclidean,dtw,centroid,0.0009156333399005234
526.0,zscore,prophet,euclidean,prophet,single,4.09352787755779e-06
5.0,standard,mean,euclidean,dtw,hdbscan,0.0259089395403862
2.0,standard,prophet,euclidean,prophet,hdbscan,0.3013913035392761
420.0,zscore,median,euclidean,mean,weighted,0.0539725124835968
100.0,minmax,mean,dtw,dtw,ward,0.1707695722579956
421.0,minmax,linear,euclidean,dtw,single,-5.340158168110065e-06
18.0,standard,median,euclidean,prophet,hdbscan,0.3019125461578369
1064.0,minmax,linear,euclidean,dtw,ward,0.1394791603088379
263.0,minmax,median,euclidean,dtw,average,0.2263808399438858
1170.0,zscore,mean,dtw,prophet,ward,0.0009868755005300045
1181.0,standard,prophet,euclidean,mode,average,0.022187629714608192
563.0,zscore,linear,euclidean,prophet,ward,0.013645156286656857
8.0,standard,median,euclidean,prophet,hdbscan,0.3021623492240906
1169.0,standard,linear,dtw,mode,centroid,0.025965256616473198
330.0,zscore,mean,dtw,mode,ward,0.05134333670139313
131.0,minmax,median,euclidean,dtw,average,0.1923467069864273
98.0,minmax,mean,euclidean,prophet,hdbscan,0.12634405493736267
1166.0,minmax,prophet,euclidean,mean,ward,0.01741422899067402
13.0,standard,prophet,euclidean,prophet,hdbscan,0.3013913035392761
779.0,standard,linear,dtw,dtw,complete,0.14591433107852936
11.0,standard,linear,euclidean,prophet,hdbscan,0.3023790419101715
100.0,zscore,median,dtw,dtw,single,3.5539149394026026e-05
1105.0,standard,median,dtw,dtw,weighted,0.09599113464355469
928.0,standard,mean,euclidean,prophet,hdbscan,0.004448712803423405
533.0,standard,median,dtw,dtw,weighted,0.11605346947908401
285.0,standard,median,euclidean,dtw,ward,0.17865462601184845
