Comperiod,Scaling,Interpolation,Similarity,Unsynced,Linkmeth,ray/tune/_metric
321.0,minmax,prophet,dtw,prophet,weighted,0.5429913997650146
273.0,standard,linear,euclidean,prophet,weighted,0.45500192046165466
135.0,minmax,mean,dtw,prophet,weighted,0.5371729135513306
21.0,standard,linear,euclidean,prophet,complete,0.4690256416797638
42.0,standard,prophet,dtw,prophet,ward,0.22210779786109924
175.0,standard,mean,euclidean,median,weighted,0.302718847990036
468.0,standard,prophet,dtw,prophet,weighted,0.3945261240005493
211.0,standard,linear,dtw,mode,weighted,0.6159656643867493
222.0,standard,median,dtw,mode,complete,0.43282008171081543
593.0,standard,median,dtw,prophet,average,0.42759811878204346
377.0,standard,prophet,euclidean,prophet,ward,0.5581441521644592
122.0,standard,median,dtw,mode,weighted,0.4492979049682617
341.0,standard,mean,euclidean,median,complete,0.177747443318367
462.0,standard,median,dtw,prophet,average,0.4376927316188812
192.0,standard,linear,dtw,mode,weighted,0.6151292324066162
334.0,standard,median,euclidean,prophet,weighted,0.3753337860107422
186.0,standard,linear,dtw,mean,weighted,0.46294093132019043
137.0,standard,linear,euclidean,prophet,average,0.551453709602356
854.0,standard,median,euclidean,prophet,weighted,0.44067174196243286
271.0,standard,linear,dtw,prophet,average,0.5170134902000427
220.0,standard,linear,euclidean,prophet,weighted,0.4852621555328369
311.0,minmax,median,dtw,prophet,weighted,0.5748999714851379
213.0,standard,linear,dtw,mode,weighted,0.6159656643867493
463.0,minmax,prophet,euclidean,dtw,weighted,0.23176510632038116
208.0,standard,median,euclidean,mean,weighted,0.4817555248737335
128.0,minmax,mean,euclidean,prophet,complete,0.2961193025112152
480.0,standard,linear,dtw,prophet,weighted,0.502605676651001
333.0,standard,prophet,dtw,prophet,ward,0.4725826680660248
203.0,standard,linear,dtw,mode,weighted,0.6151292324066162
531.0,standard,median,euclidean,prophet,average,0.5245810747146606
221.0,standard,prophet,euclidean,prophet,average,0.48989003896713257
152.0,standard,median,euclidean,prophet,average,0.587436318397522
200.0,standard,linear,dtw,mode,weighted,0.6151292324066162
386.0,standard,median,dtw,prophet,complete,0.36661404371261597
268.0,standard,linear,dtw,mean,weighted,0.4929061233997345
571.0,standard,linear,dtw,prophet,average,0.519771933555603
247.0,standard,median,euclidean,dtw,weighted,0.3290654718875885
37.0,minmax,median,dtw,dtw,weighted,0.5575013160705566
234.0,minmax,median,dtw,prophet,average,0.5332062244415283
209.0,standard,median,dtw,mode,centroid,0.4405735731124878
19.0,standard,linear,euclidean,prophet,centroid,0.5368734002113342
145.0,standard,median,euclidean,median,ward,0.3982171416282654
161.0,standard,mean,euclidean,mean,weighted,0.39493465423583984
56.0,standard,prophet,euclidean,prophet,hdbscan,0.38219329714775085
360.0,minmax,linear,dtw,prophet,average,0.3640924096107483
225.0,standard,mean,dtw,mode,ward,0.44222182035446167
325.0,standard,linear,dtw,prophet,ward,0.42529961466789246
219.0,standard,median,dtw,prophet,weighted,0.45639756321907043
212.0,standard,linear,dtw,mode,weighted,0.6159656643867493
257.0,standard,median,euclidean,prophet,complete,0.4997755289077759
197.0,standard,median,euclidean,prophet,weighted,0.5631046891212463
43.0,standard,median,dtw,prophet,ward,0.5044485330581665
356.0,standard,prophet,dtw,prophet,average,0.514633059501648
482.0,standard,mean,dtw,prophet,weighted,0.530849814414978
87.0,standard,median,euclidean,prophet,average,0.587436318397522
442.0,standard,median,dtw,mode,average,0.22989296913146973
300.0,standard,linear,euclidean,prophet,complete,0.45352014899253845
216.0,standard,linear,dtw,mode,weighted,0.6159656643867493
175.0,standard,linear,dtw,mode,weighted,0.6143307685852051
167.0,standard,linear,dtw,mean,ward,0.3789609372615814
234.0,minmax,median,euclidean,prophet,average,0.44335418939590454
799.0,standard,median,dtw,prophet,ward,0.4899117350578308
206.0,standard,prophet,euclidean,median,average,0.3059265911579132
11.0,standard,linear,dtw,mean,average,0.41726383566856384
296.0,standard,linear,euclidean,mean,average,0.4602513015270233
304.0,standard,median,dtw,dtw,average,0.45633652806282043
33.0,standard,mean,dtw,prophet,weighted,0.5287899971008301
174.0,standard,prophet,euclidean,prophet,average,0.5459008812904358
24.0,minmax,median,dtw,prophet,average,0.5445884466171265
6.0,minmax,median,dtw,prophet,weighted,0.58943110704422
117.0,standard,prophet,euclidean,mode,average,0.46852412819862366
243.0,standard,linear,dtw,mean,ward,0.5096890330314636
30.0,standard,mean,euclidean,mean,weighted,0.527050793170929
665.0,standard,median,dtw,prophet,weighted,0.5042955279350281
66.0,zscore,median,dtw,prophet,weighted,0.15685194730758667
312.0,minmax,median,dtw,dtw,weighted,0.564342737197876
506.0,standard,prophet,euclidean,prophet,weighted,0.33069878816604614
381.0,standard,linear,dtw,prophet,average,0.4649541974067688
457.0,standard,mean,dtw,prophet,weighted,0.5621834993362427
334.0,standard,linear,euclidean,prophet,ward,0.4784296751022339
189.0,standard,median,dtw,mean,weighted,0.47392505407333374
3.0,standard,median,dtw,prophet,average,0.4692254662513733
26.0,standard,linear,euclidean,mean,weighted,0.4642229676246643
279.0,minmax,median,dtw,prophet,weighted,0.5878190398216248
406.0,standard,median,euclidean,prophet,average,0.4150201678276062
527.0,standard,linear,dtw,prophet,weighted,0.4603112041950226
6.0,standard,linear,dtw,prophet,complete,0.45519015192985535
443.0,standard,linear,dtw,prophet,weighted,0.4924754798412323
179.0,minmax,mean,dtw,prophet,weighted,0.5371729135513306
253.0,minmax,median,dtw,prophet,weighted,0.5878190398216248
10.0,minmax,median,dtw,prophet,complete,0.24670661985874176
263.0,minmax,median,dtw,prophet,weighted,0.5878190398216248
23.0,standard,median,dtw,dtw,weighted,0.4725705087184906
262.0,standard,mean,dtw,mean,weighted,0.5058650970458984
329.0,standard,median,euclidean,prophet,ward,0.5161059498786926
337.0,standard,median,dtw,mean,average,0.46909117698669434
135.0,standard,linear,dtw,prophet,weighted,0.5213217735290527
120.0,standard,linear,euclidean,prophet,centroid,0.4855843782424927
483.0,standard,median,dtw,prophet,weighted,0.555516242980957
188.0,standard,linear,dtw,mode,weighted,0.6143307685852051
125.0,minmax,median,dtw,dtw,average,0.5063350796699524
305.0,standard,median,dtw,mean,weighted,0.48827874660491943
750.0,standard,median,euclidean,prophet,ward,0.23582272231578827
227.0,standard,mean,euclidean,prophet,average,0.43930965662002563
445.0,standard,prophet,dtw,dtw,weighted,0.28258153796195984
23.0,standard,prophet,dtw,prophet,complete,0.4605248272418976
183.0,standard,linear,euclidean,prophet,average,0.4855102598667145
250.0,standard,median,euclidean,prophet,average,0.569828987121582
285.0,standard,linear,dtw,mean,ward,0.5116021633148193
42.0,minmax,linear,dtw,prophet,average,0.4884931147098541
259.0,standard,median,euclidean,mean,average,0.48302027583122253
32.0,zscore,median,dtw,prophet,ward,0.2838142514228821
361.0,standard,mean,dtw,prophet,weighted,0.4976820647716522
251.0,standard,median,dtw,prophet,ward,0.46064478158950806
557.0,standard,median,dtw,prophet,average,0.46321791410446167
135.0,minmax,median,dtw,dtw,weighted,0.5715184807777405
550.0,standard,mean,dtw,prophet,weighted,0.5245241522789001
625.0,standard,mean,dtw,prophet,ward,0.48239004611968994
312.0,standard,median,dtw,prophet,ward,0.49511969089508057
81.0,zscore,mean,euclidean,mode,complete,0.06051136553287506
241.0,standard,linear,dtw,prophet,weighted,0.5041462779045105
213.0,minmax,linear,dtw,prophet,weighted,0.535557746887207
323.0,minmax,median,euclidean,median,weighted,0.1378181278705597
195.0,standard,median,euclidean,dtw,average,0.43823468685150146
893.0,standard,linear,dtw,prophet,ward,0.4774557650089264
127.0,standard,median,dtw,prophet,weighted,0.5277858972549438
159.0,standard,median,euclidean,prophet,weighted,0.5631046891212463
202.0,standard,linear,dtw,mode,weighted,0.6151292324066162
709.0,standard,linear,dtw,prophet,average,0.5019278526306152
343.0,standard,mean,euclidean,prophet,ward,0.4551645517349243
695.0,standard,mean,dtw,prophet,average,0.5068245530128479
112.0,standard,linear,dtw,mode,weighted,0.41059383749961853
218.0,standard,linear,dtw,mode,weighted,0.6159656643867493
313.0,standard,prophet,euclidean,prophet,average,0.47495779395103455
207.0,standard,median,euclidean,prophet,average,0.5762718915939331
116.0,minmax,median,dtw,prophet,weighted,0.58943110704422
230.0,standard,median,dtw,dtw,weighted,0.48979756236076355
643.0,standard,mean,dtw,prophet,weighted,0.5007891654968262
357.0,minmax,median,dtw,prophet,weighted,0.538888692855835
117.0,standard,linear,dtw,prophet,weighted,0.5213217735290527
9.0,standard,median,dtw,prophet,median,0.16623817384243011
229.0,standard,linear,dtw,dtw,weighted,0.5132325887680054
590.0,standard,median,dtw,prophet,weighted,0.4923785328865051
194.0,minmax,linear,dtw,mode,weighted,0.43333956599235535
22.0,minmax,mean,dtw,mode,average,0.43214887380599976
175.0,minmax,median,dtw,dtw,weighted,0.5711917281150818
588.0,standard,prophet,dtw,prophet,ward,0.5138276815414429
497.0,standard,mean,euclidean,prophet,average,0.42422640323638916
326.0,standard,linear,dtw,prophet,average,0.5209490060806274
226.0,standard,median,dtw,prophet,average,0.4692254662513733
286.0,standard,linear,euclidean,prophet,ward,0.4792686998844147
304.0,standard,mean,dtw,prophet,ward,0.48360541462898254
706.0,standard,median,dtw,prophet,weighted,0.5312414169311523
245.0,standard,mean,dtw,mean,complete,0.38451460003852844
195.0,standard,mean,euclidean,mode,complete,0.25102680921554565
297.0,standard,prophet,euclidean,prophet,ward,0.5194674730300903
268.0,standard,mean,dtw,mean,ward,0.27403977513313293
7.0,standard,linear,euclidean,dtw,centroid,0.3958818018436432
593.0,standard,linear,dtw,prophet,weighted,0.48396944999694824
221.0,standard,prophet,dtw,mean,ward,0.2819075882434845
561.0,standard,median,dtw,prophet,ward,0.4643504023551941
155.0,standard,linear,dtw,mode,weighted,0.6143307685852051
436.0,standard,median,dtw,prophet,weighted,0.5473573207855225
421.0,standard,prophet,dtw,prophet,average,0.4647718369960785
437.0,minmax,median,dtw,prophet,weighted,0.49561092257499695
228.0,standard,linear,dtw,mode,weighted,0.6159656643867493
176.0,minmax,median,dtw,prophet,weighted,0.5470801591873169
495.0,standard,prophet,dtw,prophet,average,0.40237414836883545
345.0,standard,median,dtw,mode,weighted,0.4485022723674774
30.0,standard,median,euclidean,prophet,ward,0.3119622468948364
503.0,minmax,mean,euclidean,median,weighted,0.03915630280971527
570.0,standard,linear,euclidean,median,weighted,-0.020594660192728043
300.0,standard,mean,dtw,prophet,weighted,0.42620784044265747
22.0,standard,median,euclidean,prophet,weighted,0.5783472061157227
196.0,standard,linear,dtw,prophet,ward,0.3930145800113678
282.0,minmax,median,dtw,dtw,weighted,0.414355605840683
181.0,standard,median,dtw,dtw,weighted,0.5767568349838257
224.0,standard,linear,euclidean,prophet,complete,0.4690256416797638
70.0,standard,prophet,euclidean,prophet,ward,0.3892049789428711
493.0,standard,linear,euclidean,prophet,average,0.505605161190033
136.0,standard,prophet,dtw,prophet,average,0.4000881016254425
104.0,standard,linear,dtw,median,weighted,0.11270536482334137
178.0,standard,linear,dtw,mode,weighted,0.6143307685852051
255.0,minmax,linear,euclidean,median,single,0.05937947705388069
224.0,standard,prophet,euclidean,prophet,weighted,0.4094896614551544
125.0,standard,linear,dtw,dtw,weighted,0.4255983829498291
184.0,standard,linear,dtw,mode,weighted,0.6143307685852051
394.0,standard,median,dtw,prophet,centroid,0.254730761051178
23.0,standard,linear,dtw,prophet,hdbscan,0.31392523646354675
231.0,standard,mean,euclidean,prophet,complete,0.44550269842147827
263.0,standard,median,dtw,mean,average,0.4943307936191559
488.0,standard,linear,dtw,prophet,ward,0.4200930595397949
221.0,standard,median,dtw,prophet,complete,0.5085892081260681
190.0,standard,linear,dtw,mode,weighted,0.6143307685852051
157.0,standard,median,dtw,prophet,average,0.4692254662513733
126.0,minmax,median,dtw,prophet,average,0.5445884466171265
386.0,standard,prophet,dtw,prophet,weighted,0.43124935030937195
172.0,standard,linear,dtw,mode,weighted,0.6143307685852051
281.0,standard,median,dtw,prophet,weighted,0.5021641850471497
107.0,standard,median,euclidean,prophet,centroid,0.28352227807044983
224.0,standard,median,euclidean,mode,centroid,0.03722698986530304
219.0,standard,linear,dtw,mode,weighted,0.6159656643867493
9.0,minmax,median,dtw,mode,weighted,0.5318114161491394
174.0,standard,median,dtw,prophet,weighted,0.5277858972549438
135.0,standard,median,euclidean,prophet,weighted,0.5631046891212463
141.0,standard,linear,dtw,prophet,complete,0.45519015192985535
217.0,standard,linear,dtw,mode,weighted,0.6159656643867493
292.0,standard,median,euclidean,prophet,average,0.42305073142051697
44.0,standard,median,dtw,mode,average,0.4692254662513733
313.0,standard,median,dtw,dtw,weighted,0.4888887405395508
471.0,standard,linear,dtw,prophet,average,0.44000035524368286
91.0,minmax,linear,euclidean,prophet,average,0.4598108232021332
293.0,minmax,median,dtw,prophet,weighted,0.5878190398216248
171.0,standard,median,dtw,mean,average,0.430908739566803
237.0,standard,mean,euclidean,median,weighted,0.3477227985858917
124.0,standard,mean,euclidean,prophet,average,0.48892855644226074
175.0,standard,median,euclidean,mean,average,0.543565034866333
628.0,standard,median,dtw,prophet,weighted,0.5242255926132202
281.0,standard,prophet,dtw,prophet,ward,0.5049589276313782
27.0,standard,prophet,dtw,mean,average,0.38282814621925354
522.0,standard,linear,dtw,prophet,average,0.42300111055374146
29.0,minmax,prophet,dtw,prophet,weighted,0.47343122959136963
327.0,standard,prophet,dtw,prophet,average,0.5065677762031555
222.0,standard,linear,dtw,mode,weighted,0.6159656643867493
237.0,standard,prophet,dtw,prophet,average,0.4398269057273865
2.0,minmax,linear,dtw,prophet,weighted,0.5171982645988464
499.0,standard,median,dtw,prophet,complete,0.41498202085494995
17.0,standard,linear,euclidean,prophet,average,0.5526791214942932
59.0,standard,median,dtw,prophet,weighted,0.5487044453620911
180.0,minmax,mean,dtw,prophet,average,0.3614599406719208
164.0,standard,median,euclidean,mean,weighted,0.509504497051239
473.0,standard,median,dtw,prophet,weighted,0.5483274459838867
397.0,standard,prophet,euclidean,prophet,ward,0.5066851377487183
224.0,standard,median,euclidean,prophet,median,0.10380895435810089
510.0,standard,median,euclidean,prophet,ward,0.2842877209186554
349.0,standard,median,dtw,mean,weighted,0.43609338998794556
2.0,minmax,linear,dtw,mean,single,0.0770086944103241
235.0,minmax,median,dtw,prophet,weighted,0.5878190398216248
105.0,standard,prophet,euclidean,prophet,average,0.48907673358917236
14.0,standard,median,dtw,mode,hdbscan,0.11547289788722992
223.0,zscore,mean,dtw,mean,ward,0.2797441780567169
168.0,standard,linear,dtw,mode,weighted,0.6143307685852051
193.0,standard,linear,dtw,mode,weighted,0.6151292324066162
195.0,standard,linear,dtw,mode,weighted,0.6151292324066162
224.0,standard,mean,euclidean,mode,complete,0.5324220657348633
71.0,standard,linear,euclidean,dtw,average,0.48569485545158386
100.0,standard,linear,dtw,prophet,weighted,0.5213217735290527
278.0,standard,median,dtw,prophet,single,0.11740634590387344
199.0,standard,linear,dtw,mode,weighted,0.6151292324066162
215.0,standard,prophet,dtw,mode,weighted,0.2977822422981262
210.0,standard,linear,dtw,mode,weighted,0.6159656643867493
157.0,minmax,linear,dtw,prophet,weighted,0.5171982645988464
94.0,standard,linear,euclidean,prophet,weighted,0.4852621555328369
176.0,standard,linear,dtw,mode,weighted,0.6143307685852051
169.0,standard,linear,dtw,mode,weighted,0.6143307685852051
639.0,standard,median,dtw,prophet,ward,0.5093972086906433
238.0,standard,median,dtw,mean,weighted,0.554736316204071
450.0,zscore,mean,dtw,median,centroid,0.0856529250741005
239.0,standard,linear,euclidean,mean,weighted,0.5275490283966064
341.0,minmax,median,dtw,dtw,weighted,0.4826572835445404
142.0,standard,median,dtw,prophet,complete,0.4527493715286255
460.0,standard,median,dtw,prophet,weighted,0.5712296962738037
206.0,standard,median,dtw,mode,weighted,0.3306542634963989
125.0,standard,median,euclidean,prophet,average,0.587436318397522
227.0,zscore,median,euclidean,prophet,complete,0.15540817379951477
149.0,standard,linear,dtw,mode,weighted,0.6143307685852051
310.0,standard,linear,dtw,mean,average,0.4125169813632965
349.0,standard,median,dtw,mean,ward,0.3311861753463745
308.0,minmax,median,dtw,prophet,average,0.40880095958709717
171.0,standard,linear,dtw,mode,weighted,0.6143307685852051
417.0,standard,median,euclidean,prophet,ward,0.4652787148952484
131.0,standard,mean,euclidean,dtw,weighted,0.47038301825523376
225.0,standard,linear,dtw,mode,weighted,0.6159656643867493
223.0,standard,linear,dtw,mode,weighted,0.6159656643867493
7.0,minmax,median,dtw,dtw,average,0.5505449771881104
631.0,standard,median,dtw,prophet,average,0.45555567741394043
245.0,standard,median,euclidean,mean,hdbscan,0.0010000000474974513
69.0,minmax,median,dtw,prophet,weighted,0.58943110704422
417.0,standard,median,dtw,dtw,weighted,0.44373294711112976
396.0,standard,mean,dtw,prophet,average,0.3989716172218323
675.0,minmax,prophet,dtw,prophet,median,0.1501104235649109
215.0,minmax,median,dtw,dtw,weighted,0.5541403889656067
349.0,standard,median,dtw,prophet,weighted,0.5729323625564575
115.0,standard,prophet,dtw,dtw,weighted,0.410835862159729
354.0,standard,mean,dtw,prophet,ward,0.4742632508277893
227.0,standard,linear,dtw,mode,weighted,0.6159656643867493
5.0,minmax,mean,dtw,dtw,weighted,0.4506419897079468
385.0,standard,median,dtw,dtw,average,0.43993571400642395
82.0,standard,median,euclidean,prophet,weighted,0.5631046891212463
221.0,standard,linear,dtw,mode,weighted,0.6159656643867493
197.0,standard,linear,dtw,mode,weighted,0.6151292324066162
340.0,minmax,median,dtw,prophet,weighted,0.5214011669158936
298.0,minmax,prophet,dtw,prophet,weighted,0.5429913997650146
288.0,standard,prophet,dtw,prophet,average,0.5068702697753906
281.0,standard,median,dtw,mean,weighted,0.548466682434082
14.0,minmax,prophet,dtw,prophet,average,0.4933776557445526
894.0,standard,linear,dtw,prophet,weighted,0.5398017764091492
186.0,standard,prophet,dtw,prophet,complete,0.46481645107269287
174.0,minmax,median,dtw,prophet,average,0.5445884466171265
462.0,minmax,median,dtw,prophet,weighted,0.502297043800354
735.0,standard,prophet,dtw,prophet,weighted,0.44285163283348083
184.0,standard,linear,dtw,mode,centroid,0.4416561424732208
383.0,standard,linear,dtw,prophet,weighted,0.36639246344566345
134.0,standard,mean,dtw,prophet,average,0.4019012451171875
514.0,standard,median,dtw,prophet,weighted,0.472012996673584
425.0,standard,median,euclidean,prophet,weighted,0.2526225745677948
237.0,minmax,median,dtw,mean,weighted,0.11555693298578262
44.0,minmax,median,euclidean,prophet,average,0.458662211894989
757.0,standard,median,dtw,prophet,average,0.49388736486434937
100.0,standard,linear,dtw,prophet,average,0.5064731240272522
186.0,minmax,prophet,dtw,prophet,weighted,0.48161008954048157
226.0,standard,linear,dtw,mode,weighted,0.6159656643867493
160.0,standard,prophet,dtw,prophet,weighted,0.39489006996154785
3.0,standard,median,dtw,mean,ward,0.4246707856655121
576.0,standard,linear,dtw,prophet,ward,0.4743102490901947
480.0,standard,median,dtw,prophet,ward,0.469063937664032
424.0,standard,median,dtw,mean,average,0.2722947597503662
708.0,standard,linear,dtw,prophet,weighted,0.5235632061958313
264.0,minmax,linear,dtw,prophet,weighted,0.4407196640968323
577.0,standard,prophet,dtw,prophet,weighted,0.49108922481536865
165.0,standard,linear,dtw,dtw,average,0.44300806522369385
188.0,standard,linear,dtw,dtw,weighted,0.546831488609314
298.0,standard,median,dtw,prophet,weighted,0.5798057317733765
194.0,standard,prophet,euclidean,mean,average,0.4584842622280121
205.0,standard,prophet,euclidean,prophet,average,0.48989003896713257
112.0,standard,median,euclidean,mean,weighted,0.546935498714447
265.0,standard,median,euclidean,prophet,weighted,0.545534074306488
54.0,standard,median,euclidean,dtw,weighted,0.3749043345451355
280.0,minmax,prophet,dtw,prophet,average,0.48206356167793274
201.0,standard,linear,dtw,mode,weighted,0.6151292324066162
228.0,standard,mean,euclidean,dtw,complete,0.42051076889038086
515.0,standard,median,dtw,prophet,average,0.4391811490058899
232.0,standard,median,dtw,mean,weighted,0.5679477453231812
15.0,minmax,linear,euclidean,prophet,weighted,0.19099363684654236
271.0,standard,prophet,dtw,mean,weighted,0.49309343099594116
161.0,standard,linear,dtw,mode,weighted,0.6143307685852051
157.0,standard,linear,dtw,mode,weighted,0.6143307685852051
165.0,standard,linear,dtw,mode,weighted,0.6143307685852051
222.0,standard,mean,euclidean,prophet,weighted,0.4637593924999237
310.0,standard,linear,dtw,prophet,complete,0.3480209708213806
298.0,standard,median,euclidean,prophet,complete,0.5043424367904663
544.0,standard,linear,dtw,prophet,average,0.5331022143363953
416.0,standard,median,dtw,prophet,ward,0.4139866232872009
208.0,standard,linear,dtw,mode,weighted,0.6159656643867493
246.0,standard,linear,euclidean,mean,average,0.5247661471366882
562.0,standard,median,dtw,prophet,weighted,0.5230548977851868
143.0,minmax,median,dtw,prophet,ward,0.18135353922843933
97.0,standard,median,dtw,dtw,complete,0.44362759590148926
292.0,standard,median,euclidean,prophet,ward,0.510706901550293
563.0,standard,mean,dtw,prophet,average,0.46780502796173096
633.0,minmax,median,dtw,dtw,centroid,0.3098512291908264
515.0,standard,median,euclidean,prophet,average,0.47509217262268066
392.0,minmax,median,dtw,prophet,weighted,0.4010041058063507
366.0,standard,median,dtw,prophet,average,0.4112149178981781
77.0,zscore,median,euclidean,prophet,median,0.11210442334413528
252.0,standard,linear,euclidean,prophet,average,0.43616414070129395
6.0,standard,median,euclidean,prophet,complete,0.4907051622867584
559.0,standard,median,euclidean,prophet,average,0.34389084577560425
205.0,standard,linear,dtw,mode,weighted,0.6151292324066162
334.0,standard,median,dtw,prophet,weighted,0.5729323625564575
234.0,standard,linear,dtw,mode,weighted,0.5940819382667542
327.0,minmax,median,dtw,prophet,weighted,0.5748999714851379
224.0,standard,linear,dtw,mode,weighted,0.6159656643867493
220.0,standard,linear,dtw,mode,weighted,0.6159656643867493
410.0,standard,median,dtw,prophet,weighted,0.5385201573371887
236.0,standard,linear,dtw,prophet,complete,0.44401514530181885
38.0,minmax,median,dtw,mode,average,0.5469392538070679
121.0,standard,prophet,euclidean,prophet,weighted,0.4505247473716736
837.0,standard,median,dtw,mean,weighted,0.04435555264353752
115.0,standard,linear,euclidean,mean,weighted,0.48470720648765564
383.0,standard,linear,dtw,prophet,ward,0.3950966000556946
333.0,minmax,linear,dtw,prophet,weighted,0.39267078042030334
75.0,minmax,linear,dtw,dtw,weighted,0.3640628457069397
226.0,standard,mean,euclidean,mode,complete,0.5324220657348633
159.0,standard,linear,dtw,mode,weighted,0.6143307685852051
211.0,minmax,linear,dtw,dtw,weighted,0.3852919638156891
207.0,standard,linear,dtw,mode,weighted,0.6151292324066162
305.0,standard,linear,dtw,prophet,weighted,0.46760421991348267
178.0,standard,linear,euclidean,mean,average,0.4658081531524658
233.0,standard,median,euclidean,prophet,weighted,0.571319580078125
272.0,minmax,median,dtw,mode,weighted,0.35036736726760864
257.0,standard,linear,dtw,mode,weighted,0.41625797748565674
227.0,standard,median,euclidean,prophet,average,0.5762718915939331
243.0,minmax,median,dtw,dtw,weighted,0.5450354218482971
223.0,standard,prophet,euclidean,median,complete,0.17635010182857513
213.0,standard,mean,dtw,mean,weighted,0.459632933139801
15.0,standard,median,dtw,dtw,single,0.11740634590387344
370.0,standard,median,dtw,prophet,weighted,0.5777307152748108
261.0,minmax,mean,dtw,prophet,weighted,0.44270801544189453
220.0,standard,prophet,dtw,mean,weighted,0.5093989968299866
286.0,standard,linear,euclidean,mean,weighted,0.532400906085968
168.0,standard,median,euclidean,prophet,complete,0.4907051622867584
214.0,minmax,linear,dtw,prophet,average,0.4884931147098541
271.0,minmax,median,dtw,prophet,average,0.5508648753166199
5.0,standard,median,dtw,mean,weighted,0.4528622031211853
837.0,standard,prophet,dtw,prophet,ward,0.4922013580799103
359.0,standard,linear,euclidean,prophet,average,0.41446417570114136
338.0,zscore,mean,euclidean,median,average,0.12107225507497787
265.0,standard,prophet,dtw,mean,ward,0.5354993939399719
102.0,standard,linear,dtw,prophet,centroid,0.46001219749450684
231.0,standard,median,euclidean,mode,complete,0.27739137411117554
261.0,standard,median,dtw,prophet,weighted,0.5296995043754578
182.0,standard,median,euclidean,prophet,average,0.5762718915939331
496.0,standard,median,euclidean,prophet,average,0.5172781348228455
253.0,minmax,prophet,dtw,prophet,weighted,0.4757635295391083
83.0,standard,median,euclidean,dtw,average,0.5333239436149597
243.0,standard,prophet,euclidean,prophet,complete,0.48466259241104126
12.0,standard,median,dtw,prophet,centroid,0.4692351520061493
182.0,standard,linear,dtw,mode,weighted,0.6143307685852051
163.0,standard,linear,dtw,mode,weighted,0.6143307685852051
287.0,standard,mean,dtw,prophet,average,0.4211407005786896
390.0,standard,median,dtw,prophet,weighted,0.5544639825820923
787.0,standard,linear,dtw,dtw,centroid,0.21562622487545013
127.0,standard,prophet,euclidean,mode,ward,0.4712023138999939
185.0,standard,linear,dtw,mode,weighted,0.6143307685852051
243.0,standard,median,dtw,mean,ward,0.5079203248023987
307.0,standard,prophet,dtw,prophet,centroid,0.28683793544769287
366.0,standard,median,euclidean,prophet,ward,0.5229262709617615
215.0,standard,linear,dtw,mode,weighted,0.6159656643867493
206.0,standard,linear,dtw,mode,weighted,0.6151292324066162
204.0,standard,linear,dtw,mode,weighted,0.6151292324066162
199.0,standard,linear,dtw,prophet,weighted,0.5041462779045105
642.0,standard,prophet,dtw,prophet,ward,0.5315959453582764
193.0,standard,median,dtw,dtw,weighted,0.5807791352272034
303.0,standard,prophet,dtw,prophet,weighted,0.5319692492485046
343.0,standard,prophet,euclidean,prophet,ward,0.5251479744911194
679.0,standard,median,dtw,prophet,average,0.5051702260971069
626.0,standard,linear,dtw,prophet,weighted,0.48396944999694824
563.0,minmax,median,euclidean,median,ward,0.00995302852243185
426.0,standard,mean,dtw,prophet,weighted,0.426450252532959
154.0,standard,linear,dtw,mode,weighted,0.6143307685852051
220.0,minmax,median,dtw,prophet,weighted,0.5878190398216248
23.0,minmax,median,euclidean,prophet,weighted,0.23649218678474426
651.0,standard,linear,dtw,prophet,ward,0.5360139012336731
14.0,standard,median,euclidean,mean,ward,0.26255419850349426
214.0,standard,linear,dtw,mode,weighted,0.6159656643867493
339.0,minmax,prophet,euclidean,median,centroid,0.29915013909339905
198.0,standard,linear,dtw,mode,weighted,0.6151292324066162
382.0,standard,linear,euclidean,prophet,ward,0.4533664882183075
150.0,minmax,median,dtw,mode,average,0.3772459328174591
368.0,standard,linear,euclidean,prophet,weighted,0.41769683361053467
314.0,standard,median,dtw,prophet,weighted,0.5807765126228333
288.0,standard,median,dtw,mean,ward,0.49851542711257935
288.0,minmax,linear,dtw,prophet,average,0.49509337544441223
197.0,standard,mean,dtw,prophet,centroid,0.33295902609825134
217.0,standard,linear,dtw,prophet,average,0.5157076716423035
240.0,minmax,median,euclidean,median,centroid,0.30460092425346375
215.0,standard,linear,dtw,mode,average,0.4461157023906708
156.0,standard,linear,dtw,mode,weighted,0.6143307685852051
180.0,standard,linear,dtw,mode,weighted,0.6143307685852051
96.0,minmax,prophet,euclidean,median,centroid,0.29023200273513794
194.0,standard,linear,dtw,mode,weighted,0.6151292324066162
55.0,standard,mean,dtw,prophet,ward,0.4916883707046509
520.0,standard,linear,euclidean,prophet,weighted,0.4436267912387848
852.0,minmax,linear,dtw,prophet,weighted,0.38156402111053467
324.0,minmax,mean,dtw,prophet,weighted,0.5098311901092529
347.0,standard,median,euclidean,prophet,complete,0.47436919808387756
343.0,standard,median,dtw,prophet,ward,0.5108813643455505
161.0,minmax,median,dtw,mode,weighted,0.3795105516910553
206.0,standard,median,dtw,dtw,weighted,0.5976815819740295
208.0,minmax,median,dtw,prophet,weighted,0.5878190398216248
587.0,standard,mean,dtw,prophet,weighted,0.5248699188232422
300.0,standard,median,euclidean,mean,weighted,0.4589235484600067
8.0,standard,median,dtw,mode,ward,0.5044485330581665
194.0,minmax,median,dtw,dtw,weighted,0.5886635780334473
6.0,standard,median,euclidean,mean,weighted,0.5514867305755615
149.0,standard,median,dtw,dtw,weighted,0.4862854480743408
271.0,standard,median,dtw,prophet,average,0.4692254662513733
751.0,standard,mean,dtw,prophet,weighted,0.5041703581809998
468.0,standard,median,euclidean,prophet,average,0.4815114438533783
196.0,standard,linear,dtw,mode,weighted,0.6151292324066162
157.0,standard,mean,dtw,prophet,weighted,0.5216004848480225
11.0,standard,median,euclidean,prophet,average,0.587436318397522
401.0,minmax,median,dtw,prophet,average,0.42398276925086975
85.0,minmax,median,dtw,mean,weighted,0.3874534070491791
843.0,standard,median,dtw,prophet,weighted,0.5246031284332275
121.0,standard,prophet,euclidean,mean,weighted,0.48375678062438965
115.0,standard,mean,euclidean,mean,average,0.47180935740470886
209.0,standard,linear,dtw,mode,weighted,0.6159656643867493
99.0,minmax,median,dtw,dtw,weighted,0.5880612730979919
224.0,standard,median,euclidean,prophet,ward,0.303588330745697
265.0,standard,linear,dtw,mean,average,0.4850817322731018
189.0,standard,mean,dtw,prophet,complete,0.48210352659225464
126.0,standard,median,euclidean,mode,average,0.4484422504901886
30.0,standard,median,euclidean,mean,average,0.4824225604534149
617.0,zscore,mean,euclidean,mode,complete,-0.007888532243669033
265.0,standard,prophet,dtw,prophet,weighted,0.43832331895828247
151.0,standard,linear,dtw,mode,weighted,0.6143307685852051
17.0,standard,linear,dtw,dtw,ward,0.43242958188056946
345.0,standard,prophet,dtw,prophet,weighted,0.4562605619430542
166.0,standard,linear,dtw,mode,weighted,0.6143307685852051
206.0,minmax,median,dtw,dtw,average,0.5096991658210754
238.0,standard,mean,euclidean,mode,complete,0.5324220657348633
568.0,standard,linear,dtw,prophet,weighted,0.5203977823257446
142.0,minmax,median,dtw,prophet,weighted,0.58943110704422
70.0,minmax,mean,dtw,prophet,weighted,0.5371729135513306
207.0,standard,mean,dtw,mode,weighted,0.26470962166786194
303.0,standard,linear,dtw,dtw,average,0.4776032865047455
319.0,standard,median,dtw,prophet,average,0.4634476900100708
86.0,standard,mean,euclidean,prophet,weighted,0.4852621555328369
