Comperiod,Scaling,Interpolation,Similarity,Unsynced,Linkmeth,ray/tune/_metric
451.0,zscore,mean,euclidean,median,average,0.003782743588089943
46.0,minmax,median,euclidean,median,ward,0.2300424575805664
205.0,standard,mean,euclidean,prophet,hdbscan,0.9011030197143555
467.0,standard,linear,dtw,prophet,ward,0.22551819682121277
64.0,standard,linear,dtw,prophet,average,0.2897258698940277
519.0,standard,mean,euclidean,prophet,single,2.8112655854783952e-05
657.0,minmax,median,euclidean,dtw,ward,0.37373578548431396
1198.0,minmax,mean,euclidean,dtw,ward,0.322843462228775
117.0,standard,prophet,euclidean,prophet,ward,0.42985180020332336
165.0,standard,mean,euclidean,prophet,average,0.2350580245256424
24.0,standard,median,euclidean,prophet,hdbscan,0.9048935770988464
604.0,standard,linear,euclidean,dtw,ward,0.4269084632396698
190.0,standard,mean,euclidean,prophet,hdbscan,0.9049667119979858
169.0,standard,linear,euclidean,prophet,hdbscan,0.9049667119979858
140.0,standard,median,euclidean,prophet,hdbscan,0.9051044583320618
1112.0,standard,mean,dtw,median,hdbscan,0.006157733500003815
96.0,standard,median,euclidean,prophet,ward,0.42985180020332336
172.0,standard,linear,euclidean,prophet,hdbscan,0.9049667119979858
137.0,standard,mean,euclidean,prophet,hdbscan,0.9049450159072876
661.0,standard,linear,euclidean,median,ward,0.06024736166000366
109.0,standard,median,euclidean,prophet,hdbscan,0.9051044583320618
1118.0,minmax,mean,dtw,dtw,ward,0.3226054906845093
121.0,standard,median,euclidean,prophet,hdbscan,0.9051044583320618
2.0,standard,mean,euclidean,mode,hdbscan,0.11865000426769257
194.0,standard,mean,euclidean,median,hdbscan,0.00778917083516717
1199.0,zscore,linear,euclidean,prophet,ward,0.023783355951309204
186.0,standard,mean,euclidean,prophet,hdbscan,0.9049667119979858
34.0,standard,prophet,dtw,dtw,hdbscan,0.3604211211204529
848.0,zscore,linear,euclidean,median,complete,0.016710294410586357
164.0,standard,median,euclidean,prophet,hdbscan,0.9046114683151245
372.0,standard,median,dtw,dtw,ward,0.4006180167198181
2.0,standard,mean,euclidean,prophet,hdbscan,0.9043170809745789
446.0,standard,prophet,euclidean,median,single,5.6972072343342006e-05
107.0,standard,mean,euclidean,prophet,hdbscan,0.9049450159072876
907.0,standard,median,euclidean,dtw,average,0.1963144689798355
78.0,minmax,linear,dtw,mode,hdbscan,0.0087036257609725
438.0,standard,linear,euclidean,dtw,centroid,0.4042613208293915
46.0,standard,linear,dtw,dtw,ward,0.4030408561229706
13.0,standard,median,euclidean,prophet,hdbscan,0.9048935770988464
189.0,standard,linear,euclidean,prophet,hdbscan,0.9049667119979858
372.0,standard,median,dtw,dtw,ward,0.4006180167198181
594.0,standard,linear,euclidean,dtw,ward,0.40817371010780334
578.0,standard,mean,euclidean,prophet,hdbscan,0.2970084249973297
166.0,standard,linear,euclidean,prophet,hdbscan,0.9049179553985596
50.0,minmax,linear,euclidean,dtw,hdbscan,0.1947198361158371
454.0,standard,linear,euclidean,dtw,ward,0.4386197328567505
23.0,standard,linear,dtw,mode,ward,0.17541633546352386
54.0,standard,prophet,euclidean,prophet,hdbscan,0.9034204483032227
271.0,standard,linear,euclidean,prophet,hdbscan,0.8915501236915588
127.0,standard,linear,euclidean,prophet,hdbscan,0.9049450159072876
135.0,standard,median,euclidean,prophet,hdbscan,0.9051044583320618
18.0,standard,mean,euclidean,prophet,hdbscan,0.9043170809745789
658.0,standard,linear,euclidean,prophet,hdbscan,0.12626349925994873
15.0,standard,median,euclidean,prophet,hdbscan,0.9048935770988464
344.0,minmax,prophet,euclidean,prophet,hdbscan,0.4358538091182709
767.0,standard,median,euclidean,dtw,centroid,0.18657968938350677
663.0,minmax,prophet,dtw,dtw,ward,0.31539908051490784
62.0,standard,median,euclidean,prophet,hdbscan,0.9048935770988464
1160.0,standard,linear,dtw,mode,ward,0.07804610580205917
241.0,standard,mean,euclidean,prophet,hdbscan,0.9000586271286011
146.0,standard,mean,euclidean,prophet,hdbscan,0.9049450159072876
148.0,standard,linear,euclidean,prophet,hdbscan,0.9049179553985596
907.0,standard,median,euclidean,dtw,average,0.1963144689798355
387.0,minmax,linear,euclidean,prophet,ward,0.2704443633556366
138.0,standard,median,euclidean,prophet,hdbscan,0.9051044583320618
14.0,standard,mean,euclidean,prophet,hdbscan,0.9043170809745789
330.0,standard,mean,euclidean,prophet,hdbscan,0.8525586128234863
483.0,standard,linear,euclidean,dtw,centroid,0.34988465905189514
133.0,standard,linear,euclidean,prophet,hdbscan,0.9049450159072876
187.0,standard,mean,euclidean,prophet,hdbscan,0.9049667119979858
404.0,minmax,linear,dtw,dtw,ward,0.4481953978538513
98.0,standard,mean,euclidean,prophet,hdbscan,0.9043170809745789
119.0,minmax,linear,euclidean,prophet,hdbscan,0.6587419509887695
24.0,standard,median,euclidean,prophet,hdbscan,0.9048935770988464
91.0,standard,median,euclidean,prophet,hdbscan,0.9048935770988464
196.0,standard,mean,euclidean,prophet,hdbscan,0.9049667119979858
742.0,standard,median,euclidean,prophet,weighted,0.12849007546901703
738.0,standard,linear,euclidean,prophet,ward,0.2074894905090332
277.0,standard,median,euclidean,prophet,hdbscan,0.8901892900466919
294.0,standard,linear,euclidean,prophet,hdbscan,0.8906391859054565
51.0,standard,mean,euclidean,prophet,hdbscan,0.9043170809745789
176.0,standard,median,euclidean,prophet,hdbscan,0.9048935770988464
173.0,standard,linear,euclidean,prophet,hdbscan,0.9049667119979858
489.0,minmax,mean,euclidean,dtw,ward,0.43571993708610535
544.0,minmax,linear,dtw,dtw,ward,0.36197909712791443
733.0,standard,linear,euclidean,dtw,ward,0.3812814950942993
640.0,standard,median,euclidean,prophet,ward,0.25839534401893616
62.0,zscore,linear,euclidean,dtw,centroid,6.979847967159003e-05
72.0,standard,median,euclidean,prophet,hdbscan,0.9048935770988464
648.0,standard,linear,euclidean,dtw,ward,0.4129619002342224
53.0,standard,median,euclidean,prophet,median,0.2596317529678345
663.0,minmax,prophet,dtw,dtw,ward,0.31539908051490784
889.0,minmax,prophet,euclidean,dtw,complete,0.23921731114387512
438.0,standard,median,euclidean,prophet,hdbscan,0.7467042207717896
165.0,standard,mean,euclidean,prophet,hdbscan,0.9049179553985596
622.0,minmax,linear,dtw,dtw,ward,0.34890973567962646
147.0,standard,median,euclidean,prophet,complete,0.1758323460817337
153.0,standard,linear,euclidean,prophet,hdbscan,0.9049179553985596
507.0,minmax,mean,euclidean,prophet,ward,0.3105330765247345
117.0,standard,prophet,euclidean,prophet,ward,0.42985180020332336
411.0,standard,prophet,euclidean,mean,ward,0.11220762878656387
733.0,standard,linear,euclidean,dtw,ward,0.3812814950942993
638.0,standard,median,dtw,dtw,ward,0.34857892990112305
136.0,standard,median,euclidean,prophet,hdbscan,0.9051044583320618
371.0,standard,mean,euclidean,prophet,hdbscan,0.8473819494247437
750.0,minmax,median,euclidean,median,ward,0.037498559802770615
544.0,minmax,linear,euclidean,median,ward,0.033169861882925034
71.0,minmax,prophet,euclidean,prophet,ward,0.3931671380996704
187.0,standard,median,euclidean,prophet,hdbscan,0.9048935770988464
103.0,minmax,prophet,euclidean,dtw,ward,0.3033875524997711
74.0,minmax,prophet,dtw,prophet,hdbscan,0.16776202619075775
632.0,standard,linear,euclidean,dtw,ward,0.4123159646987915
85.0,minmax,prophet,euclidean,prophet,hdbscan,0.743066668510437
127.0,standard,median,euclidean,prophet,hdbscan,0.9051044583320618
175.0,standard,linear,euclidean,prophet,hdbscan,0.9049667119979858
401.0,standard,prophet,euclidean,prophet,hdbscan,0.8338649272918701
346.0,standard,linear,euclidean,prophet,hdbscan,0.8853030800819397
183.0,standard,median,euclidean,prophet,hdbscan,0.9048935770988464
471.0,minmax,linear,euclidean,prophet,average,0.16362857818603516
139.0,standard,linear,euclidean,dtw,ward,0.4785338342189789
54.0,zscore,prophet,dtw,dtw,hdbscan,0.0010000000474974513
1194.0,standard,linear,euclidean,prophet,hdbscan,0.1539245843887329
283.0,standard,prophet,euclidean,prophet,hdbscan,0.8894835114479065
542.0,standard,linear,euclidean,dtw,hdbscan,0.1863277107477188
791.0,standard,median,euclidean,dtw,ward,0.3183388411998749
1130.0,standard,prophet,euclidean,prophet,single,2.2768319468013942e-05
162.0,standard,linear,euclidean,prophet,hdbscan,0.9049179553985596
218.0,standard,median,euclidean,prophet,hdbscan,0.9006083607673645
565.0,zscore,median,euclidean,prophet,hdbscan,0.0010000000474974513
188.0,standard,linear,euclidean,prophet,hdbscan,0.9049667119979858
565.0,zscore,median,euclidean,prophet,hdbscan,0.0010000000474974513
193.0,standard,prophet,euclidean,prophet,hdbscan,0.9026235342025757
138.0,standard,median,euclidean,prophet,hdbscan,0.9051044583320618
527.0,standard,mean,dtw,prophet,ward,0.2119174301624298
129.0,standard,linear,euclidean,prophet,hdbscan,0.9049450159072876
591.0,standard,linear,euclidean,dtw,weighted,0.23062871396541595
573.0,standard,median,euclidean,prophet,ward,0.3079744577407837
600.0,zscore,mean,dtw,median,centroid,0.005899413023144007
520.0,standard,median,dtw,prophet,hdbscan,0.2306690216064453
74.0,minmax,linear,euclidean,dtw,hdbscan,0.19143901765346527
212.0,standard,median,euclidean,prophet,hdbscan,0.9006083607673645
541.0,minmax,linear,euclidean,dtw,ward,0.5259855389595032
571.0,minmax,linear,dtw,dtw,ward,0.336463987827301
112.0,standard,median,euclidean,prophet,hdbscan,0.9051044583320618
186.0,standard,linear,euclidean,prophet,hdbscan,0.9049667119979858
398.0,standard,linear,euclidean,prophet,ward,0.44293197989463806
37.0,zscore,prophet,euclidean,dtw,complete,0.009102997370064259
165.0,standard,mean,euclidean,prophet,average,0.2350580245256424
439.0,standard,median,dtw,dtw,ward,0.2853247821331024
279.0,minmax,mean,euclidean,prophet,hdbscan,0.43771445751190186
597.0,standard,prophet,dtw,dtw,complete,0.28254568576812744
1199.0,standard,prophet,dtw,mean,hdbscan,-0.0006462566670961678
592.0,standard,median,dtw,dtw,ward,0.3253520429134369
298.0,standard,prophet,euclidean,prophet,hdbscan,0.888809859752655
565.0,minmax,linear,euclidean,dtw,weighted,0.2800973057746887
385.0,standard,linear,euclidean,prophet,hdbscan,0.8780767321586609
395.0,minmax,linear,euclidean,dtw,centroid,0.3480170667171478
615.0,standard,mean,euclidean,prophet,hdbscan,0.22428777813911438
14.0,standard,linear,dtw,median,hdbscan,0.07668165117502213
364.0,standard,median,euclidean,prophet,hdbscan,0.8469154238700867
135.0,standard,median,euclidean,prophet,hdbscan,0.9051044583320618
948.0,zscore,median,dtw,dtw,centroid,6.445414328482002e-05
79.0,standard,prophet,euclidean,dtw,complete,0.07680397480726242
59.0,zscore,linear,dtw,mode,ward,0.04031820967793465
1192.0,standard,prophet,euclidean,mean,ward,5.346183752408251e-05
315.0,standard,prophet,euclidean,prophet,hdbscan,0.8894835114479065
24.0,standard,prophet,euclidean,prophet,hdbscan,0.9034204483032227
316.0,standard,median,euclidean,prophet,hdbscan,0.8893099427223206
332.0,standard,prophet,euclidean,prophet,hdbscan,0.8520199656486511
1132.0,zscore,linear,dtw,median,hdbscan,0.004138284362852573
176.0,standard,mean,euclidean,prophet,hdbscan,0.9049667119979858
194.0,standard,mean,euclidean,median,hdbscan,0.00778917083516717
103.0,minmax,prophet,euclidean,dtw,ward,0.3033875524997711
163.0,standard,median,euclidean,prophet,hdbscan,0.9046114683151245
6.0,zscore,prophet,euclidean,prophet,ward,0.20486700534820557
438.0,standard,linear,euclidean,dtw,centroid,0.4042613208293915
62.0,standard,median,euclidean,prophet,hdbscan,0.9048935770988464
223.0,standard,linear,euclidean,prophet,hdbscan,0.9000586271286011
124.0,standard,linear,euclidean,prophet,hdbscan,0.9049450159072876
121.0,standard,linear,euclidean,prophet,hdbscan,0.9049450159072876
527.0,standard,linear,dtw,dtw,hdbscan,0.2417193502187729
681.0,standard,linear,dtw,dtw,ward,0.296729177236557
14.0,standard,prophet,euclidean,median,ward,0.27602580189704895
689.0,zscore,prophet,dtw,dtw,ward,0.17345507442951202
44.0,standard,mean,euclidean,prophet,hdbscan,0.9043170809745789
262.0,standard,prophet,euclidean,prophet,hdbscan,0.89231276512146
137.0,standard,mean,euclidean,prophet,hdbscan,0.9049450159072876
1191.0,zscore,median,dtw,prophet,hdbscan,0.0010000000474974513
486.0,standard,linear,dtw,dtw,ward,0.3402860760688782
1112.0,standard,mean,dtw,median,hdbscan,0.006157733500003815
72.0,standard,prophet,dtw,mode,single,6.979847967159003e-05
462.0,minmax,median,euclidean,prophet,ward,0.31694483757019043
546.0,standard,linear,euclidean,dtw,weighted,0.31034716963768005
122.0,standard,median,euclidean,prophet,hdbscan,0.9051044583320618
615.0,standard,mean,euclidean,prophet,hdbscan,0.22428777813911438
46.0,standard,median,euclidean,prophet,hdbscan,0.9048935770988464
177.0,standard,linear,euclidean,prophet,hdbscan,0.9049667119979858
573.0,standard,median,dtw,prophet,ward,0.180927574634552
301.0,standard,mean,euclidean,mode,complete,0.05881590023636818
462.0,minmax,linear,dtw,dtw,ward,0.422706663608551
685.0,minmax,linear,euclidean,dtw,ward,0.40825220942497253
179.0,standard,median,euclidean,prophet,hdbscan,0.9048935770988464
347.0,standard,linear,dtw,prophet,hdbscan,0.34868231415748596
40.0,standard,median,euclidean,prophet,hdbscan,0.9048935770988464
24.0,standard,mean,euclidean,prophet,hdbscan,0.9043170809745789
115.0,standard,prophet,euclidean,prophet,hdbscan,0.9027628302574158
430.0,standard,median,dtw,dtw,hdbscan,0.29045218229293823
59.0,zscore,linear,dtw,mode,ward,0.04031820967793465
596.0,standard,prophet,dtw,dtw,hdbscan,0.22226546704769135
176.0,standard,mean,euclidean,prophet,hdbscan,0.9049667119979858
205.0,standard,mean,euclidean,prophet,hdbscan,0.9011030197143555
84.0,zscore,median,dtw,dtw,ward,0.13976161181926727
116.0,zscore,prophet,dtw,dtw,ward,0.13380219042301178
229.0,standard,mean,euclidean,prophet,hdbscan,0.9000586271286011
111.0,standard,median,euclidean,prophet,hdbscan,0.9051044583320618
46.0,minmax,median,euclidean,median,ward,0.2300424575805664
146.0,standard,linear,euclidean,prophet,hdbscan,0.9049450159072876
226.0,standard,prophet,euclidean,prophet,hdbscan,0.8988847732543945
458.0,minmax,linear,euclidean,dtw,ward,0.5239980220794678
160.0,standard,mean,euclidean,prophet,hdbscan,0.9049179553985596
392.0,standard,linear,euclidean,dtw,weighted,0.3907443881034851
376.0,standard,median,euclidean,prophet,hdbscan,0.8805112838745117
541.0,minmax,linear,euclidean,dtw,ward,0.5259855389595032
68.0,standard,median,euclidean,prophet,hdbscan,0.9048935770988464
534.0,standard,linear,euclidean,prophet,hdbscan,0.3792567551136017
74.0,standard,median,dtw,dtw,complete,0.1773504763841629
140.0,standard,mean,euclidean,prophet,hdbscan,0.9049450159072876
188.0,standard,linear,euclidean,prophet,hdbscan,0.9049667119979858
486.0,standard,linear,dtw,dtw,ward,0.3402860760688782
429.0,standard,mean,euclidean,prophet,hdbscan,0.7855848670005798
42.0,standard,median,euclidean,prophet,hdbscan,0.9048935770988464
600.0,zscore,mean,dtw,median,centroid,0.005899413023144007
1118.0,minmax,mean,dtw,dtw,ward,0.3226054906845093
101.0,standard,linear,euclidean,prophet,median,0.21153046190738678
165.0,standard,linear,euclidean,prophet,hdbscan,0.9049179553985596
223.0,standard,linear,euclidean,prophet,hdbscan,0.9000586271286011
67.0,zscore,mean,euclidean,prophet,hdbscan,0.0010000000474974513
435.0,standard,linear,euclidean,prophet,average,0.1977268010377884
391.0,standard,mean,euclidean,prophet,hdbscan,0.8422473669052124
573.0,standard,median,dtw,prophet,ward,0.180927574634552
402.0,standard,linear,euclidean,dtw,median,0.21483273804187775
1197.0,zscore,mean,euclidean,prophet,hdbscan,0.0010000000474974513
37.0,standard,linear,euclidean,mean,centroid,0.0009449674398638308
240.0,standard,median,euclidean,dtw,centroid,0.27926161885261536
686.0,standard,linear,euclidean,prophet,ward,0.24297432601451874
234.0,standard,median,dtw,median,median,0.17298419773578644
77.0,standard,mean,euclidean,prophet,hdbscan,0.9043170809745789
769.0,standard,mean,dtw,dtw,complete,0.26656097173690796
147.0,standard,median,euclidean,prophet,complete,0.1758323460817337
9.0,standard,mean,euclidean,dtw,average,0.2719520330429077
996.0,zscore,median,dtw,dtw,ward,0.18345816433429718
395.0,minmax,linear,euclidean,dtw,centroid,0.3480170667171478
163.0,standard,linear,euclidean,prophet,hdbscan,0.9049179553985596
128.0,standard,linear,euclidean,prophet,hdbscan,0.9049450159072876
466.0,minmax,median,euclidean,prophet,hdbscan,0.45247000455856323
495.0,standard,linear,euclidean,dtw,median,0.2664809823036194
103.0,standard,median,euclidean,prophet,hdbscan,0.9048935770988464
402.0,standard,linear,euclidean,prophet,hdbscan,0.8331850171089172
132.0,standard,mean,euclidean,prophet,hdbscan,0.9049450159072876
40.0,standard,median,euclidean,prophet,hdbscan,0.9048935770988464
40.0,standard,median,euclidean,prophet,hdbscan,0.9048935770988464
295.0,standard,median,euclidean,prophet,hdbscan,0.8908079862594604
403.0,standard,linear,dtw,median,ward,0.08657153695821762
507.0,minmax,mean,euclidean,prophet,ward,0.3105330765247345
1147.0,zscore,mean,euclidean,median,complete,0.021596359089016914
113.0,standard,median,euclidean,prophet,hdbscan,0.9051044583320618
12.0,standard,linear,euclidean,mode,centroid,1.5400089978356846e-05
551.0,minmax,linear,euclidean,prophet,ward,0.3119618594646454
44.0,standard,mean,euclidean,prophet,hdbscan,0.9043170809745789
1157.0,standard,linear,dtw,dtw,median,0.21500751376152039
359.0,minmax,median,euclidean,prophet,hdbscan,0.43421852588653564
2.0,standard,median,euclidean,prophet,hdbscan,0.9048935770988464
7.0,standard,median,euclidean,prophet,hdbscan,0.9048935770988464
617.0,minmax,linear,euclidean,dtw,ward,0.43986356258392334
46.0,standard,linear,dtw,dtw,ward,0.4030408561229706
64.0,minmax,prophet,dtw,prophet,hdbscan,0.16776202619075775
657.0,minmax,median,euclidean,dtw,ward,0.37373578548431396
596.0,standard,prophet,dtw,dtw,hdbscan,0.22226546704769135
647.0,standard,linear,dtw,dtw,ward,0.3119751513004303
113.0,standard,median,euclidean,prophet,hdbscan,0.9051044583320618
84.0,zscore,median,dtw,dtw,ward,0.13976161181926727
402.0,minmax,linear,euclidean,dtw,ward,0.4168691337108612
508.0,standard,mean,euclidean,mean,ward,0.06983360648155212
569.0,standard,median,euclidean,prophet,ward,0.27608993649482727
179.0,standard,median,euclidean,prophet,hdbscan,0.9048935770988464
774.0,zscore,prophet,euclidean,dtw,hdbscan,-0.00011639272997854277
154.0,standard,prophet,euclidean,prophet,hdbscan,0.9029266238212585
94.0,standard,linear,euclidean,prophet,hdbscan,0.9043170809745789
82.0,standard,median,euclidean,prophet,hdbscan,0.9048935770988464
800.0,minmax,linear,euclidean,dtw,ward,0.3391071856021881
307.0,standard,linear,euclidean,prophet,hdbscan,0.8895054459571838
131.0,standard,median,euclidean,prophet,hdbscan,0.9051044583320618
615.0,zscore,median,euclidean,dtw,ward,0.1651924103498459
14.0,standard,mean,euclidean,prophet,hdbscan,0.9043170809745789
81.0,standard,linear,euclidean,prophet,hdbscan,0.9043170809745789
1188.0,standard,linear,euclidean,prophet,ward,0.16769999265670776
95.0,standard,linear,euclidean,median,ward,0.3836672306060791
316.0,standard,linear,euclidean,prophet,hdbscan,0.8896296620368958
82.0,standard,median,euclidean,prophet,hdbscan,0.9048935770988464
99.0,standard,median,euclidean,prophet,hdbscan,0.9048935770988464
64.0,standard,linear,dtw,prophet,average,0.2897258698940277
102.0,standard,linear,dtw,dtw,weighted,0.26349785923957825
224.0,zscore,mean,euclidean,median,single,5.2696603233926e-05
83.0,standard,median,euclidean,prophet,hdbscan,0.9048935770988464
530.0,standard,linear,dtw,dtw,ward,0.3390190899372101
248.0,standard,linear,euclidean,prophet,hdbscan,0.8988906145095825
636.0,minmax,mean,euclidean,dtw,hdbscan,0.19179649651050568
466.0,zscore,median,dtw,dtw,ward,0.1241764947772026
166.0,standard,linear,euclidean,prophet,hdbscan,0.9049179553985596
59.0,standard,linear,euclidean,prophet,hdbscan,0.9043170809745789
879.0,standard,mean,dtw,dtw,ward,0.29500657320022583
141.0,standard,linear,euclidean,prophet,hdbscan,0.9049450159072876
419.0,standard,linear,euclidean,dtw,ward,0.45185643434524536
327.0,minmax,linear,dtw,dtw,ward,0.4098030626773834
142.0,standard,mean,euclidean,prophet,hdbscan,0.9049450159072876
260.0,standard,median,euclidean,prophet,hdbscan,0.8926858305931091
145.0,standard,mean,euclidean,prophet,hdbscan,0.9049450159072876
373.0,standard,linear,euclidean,prophet,hdbscan,0.8471602201461792
117.0,standard,prophet,euclidean,prophet,weighted,0.29431667923927307
658.0,minmax,prophet,dtw,dtw,ward,0.35924986004829407
84.0,standard,linear,euclidean,prophet,hdbscan,0.9043170809745789
301.0,standard,mean,euclidean,mode,complete,0.05881590023636818
508.0,standard,mean,euclidean,mean,ward,0.06983360648155212
44.0,standard,median,euclidean,prophet,hdbscan,0.9048935770988464
148.0,standard,linear,euclidean,prophet,hdbscan,0.9049179553985596
665.0,standard,median,euclidean,dtw,ward,0.43514275550842285
2.0,standard,mean,euclidean,prophet,hdbscan,0.9043170809745789
184.0,standard,prophet,euclidean,prophet,hdbscan,0.902784526348114
738.0,standard,linear,euclidean,prophet,ward,0.2074894905090332
269.0,standard,linear,euclidean,mode,ward,0.08858978748321533
461.0,standard,linear,euclidean,median,ward,0.09067344665527344
174.0,standard,median,euclidean,prophet,hdbscan,0.9048935770988464
24.0,standard,median,euclidean,prophet,hdbscan,0.9048935770988464
124.0,standard,linear,euclidean,prophet,hdbscan,0.9049450159072876
154.0,standard,median,euclidean,prophet,hdbscan,0.9046114683151245
34.0,standard,mean,euclidean,prophet,hdbscan,0.9043170809745789
472.0,standard,median,euclidean,dtw,weighted,0.27776119112968445
301.0,standard,mean,euclidean,mode,complete,0.05881590023636818
234.0,standard,median,dtw,median,median,0.17298419773578644
151.0,standard,median,euclidean,prophet,hdbscan,0.9046114683151245
155.0,standard,mean,euclidean,prophet,hdbscan,0.9049179553985596
15.0,standard,median,euclidean,prophet,hdbscan,0.9048935770988464
6.0,standard,linear,euclidean,prophet,hdbscan,0.9043170809745789
9.0,standard,median,euclidean,prophet,hdbscan,0.9048935770988464
421.0,standard,median,euclidean,prophet,hdbscan,0.8082618713378906
1183.0,minmax,linear,euclidean,dtw,hdbscan,0.19476933777332306
666.0,minmax,prophet,euclidean,dtw,ward,0.41198286414146423
998.0,minmax,median,euclidean,dtw,centroid,0.19354301691055298
185.0,standard,prophet,dtw,dtw,ward,0.3977184295654297
146.0,standard,median,euclidean,prophet,hdbscan,0.9051044583320618
264.0,standard,linear,euclidean,dtw,ward,0.48592299222946167
694.0,standard,linear,euclidean,dtw,hdbscan,0.19089621305465698
198.0,standard,linear,dtw,prophet,ward,0.2638400197029114
90.0,standard,prophet,euclidean,median,weighted,0.24607256054878235
1191.0,zscore,median,dtw,prophet,hdbscan,0.0010000000474974513
20.0,standard,linear,euclidean,dtw,average,0.21408763527870178
650.0,standard,median,euclidean,dtw,single,7.098472269717604e-05
654.0,standard,prophet,euclidean,dtw,weighted,0.22877076268196106
1083.0,zscore,prophet,euclidean,mode,ward,0.11104103177785873
239.0,standard,median,euclidean,prophet,hdbscan,0.8998813629150391
3.0,standard,median,euclidean,prophet,hdbscan,0.9048935770988464
694.0,standard,linear,euclidean,dtw,ward,0.41394007205963135
121.0,standard,median,euclidean,prophet,hdbscan,0.9051044583320618
139.0,standard,linear,euclidean,dtw,ward,0.4785338342189789
462.0,minmax,linear,dtw,dtw,ward,0.422706663608551
75.0,standard,median,euclidean,prophet,hdbscan,0.9048935770988464
429.0,standard,mean,euclidean,prophet,hdbscan,0.7855848670005798
11.0,standard,mean,euclidean,prophet,hdbscan,0.9043170809745789
127.0,standard,linear,euclidean,prophet,hdbscan,0.9049450159072876
3.0,standard,mean,euclidean,prophet,hdbscan,0.9043170809745789
178.0,standard,median,euclidean,prophet,hdbscan,0.9048935770988464
24.0,standard,median,dtw,mean,weighted,0.2360478788614273
716.0,minmax,linear,euclidean,dtw,ward,0.4300059378147125
187.0,standard,mean,euclidean,prophet,hdbscan,0.9049667119979858
172.0,standard,linear,euclidean,prophet,hdbscan,0.9049667119979858
760.0,standard,median,dtw,dtw,ward,0.3095373511314392
381.0,standard,linear,euclidean,prophet,hdbscan,0.8809650540351868
567.0,standard,linear,euclidean,dtw,ward,0.412594735622406
555.0,minmax,median,dtw,dtw,hdbscan,0.2429289072751999
8.0,standard,linear,euclidean,prophet,hdbscan,0.9043170809745789
765.0,standard,linear,dtw,dtw,ward,0.29781168699264526
21.0,standard,mean,euclidean,prophet,hdbscan,0.9043170809745789
139.0,standard,median,euclidean,prophet,hdbscan,0.9051044583320618
31.0,standard,median,euclidean,prophet,hdbscan,0.9048935770988464
70.0,zscore,prophet,euclidean,prophet,hdbscan,0.0010000000474974513
307.0,standard,linear,euclidean,prophet,hdbscan,0.8895054459571838
774.0,zscore,prophet,euclidean,dtw,hdbscan,-0.00011639272997854277
170.0,standard,mean,euclidean,prophet,hdbscan,0.9049667119979858
477.0,standard,linear,euclidean,dtw,median,0.2390933334827423
186.0,standard,median,euclidean,prophet,hdbscan,0.9048935770988464
343.0,minmax,linear,euclidean,dtw,ward,0.42292383313179016
175.0,standard,linear,euclidean,prophet,hdbscan,0.9049667119979858
6.0,zscore,linear,euclidean,prophet,complete,0.001702497131191194
600.0,zscore,mean,dtw,median,centroid,0.005899413023144007
750.0,minmax,median,euclidean,median,ward,0.037498559802770615
24.0,standard,mean,euclidean,prophet,hdbscan,0.9043170809745789
190.0,standard,mean,euclidean,prophet,hdbscan,0.9049667119979858
1115.0,standard,median,dtw,dtw,weighted,0.22505566477775574
522.0,minmax,linear,euclidean,dtw,ward,0.4704733192920685
376.0,standard,linear,euclidean,prophet,hdbscan,0.8463269472122192
88.0,standard,mean,euclidean,prophet,hdbscan,0.9043170809745789
183.0,standard,linear,euclidean,prophet,hdbscan,0.9049667119979858
367.0,standard,linear,euclidean,prophet,hdbscan,0.8473819494247437
78.0,standard,linear,euclidean,prophet,hdbscan,0.9043170809745789
678.0,standard,linear,euclidean,dtw,ward,0.426766574382782
180.0,standard,mean,euclidean,prophet,hdbscan,0.9049667119979858
1188.0,minmax,prophet,euclidean,prophet,complete,0.04288637265563011
308.0,standard,median,euclidean,prophet,hdbscan,0.890129566192627
134.0,standard,median,euclidean,prophet,hdbscan,0.9051044583320618
94.0,standard,linear,euclidean,prophet,hdbscan,0.9043170809745789
395.0,minmax,median,euclidean,prophet,hdbscan,0.42417222261428833
761.0,standard,mean,euclidean,median,ward,0.05890794098377228
24.0,standard,prophet,euclidean,prophet,hdbscan,0.9034204483032227
355.0,standard,prophet,euclidean,prophet,hdbscan,0.8821090459823608
182.0,standard,median,euclidean,prophet,hdbscan,0.9048935770988464
381.0,standard,median,euclidean,prophet,hdbscan,0.8465070724487305
536.0,minmax,prophet,euclidean,dtw,centroid,0.40634194016456604
141.0,standard,mean,euclidean,prophet,hdbscan,0.9049450159072876
130.0,standard,mean,euclidean,prophet,hdbscan,0.9049450159072876
237.0,standard,prophet,euclidean,prophet,hdbscan,0.8975673913955688
1199.0,zscore,linear,euclidean,prophet,ward,0.023783355951309204
102.0,standard,linear,dtw,dtw,weighted,0.26349785923957825
117.0,standard,median,euclidean,prophet,hdbscan,0.9051044583320618
39.0,standard,median,euclidean,prophet,hdbscan,0.9048935770988464
504.0,standard,median,euclidean,dtw,hdbscan,0.002963453996926546
125.0,standard,median,euclidean,prophet,hdbscan,0.9051044583320618
381.0,standard,linear,euclidean,prophet,hdbscan,0.8809650540351868
191.0,standard,linear,euclidean,prophet,hdbscan,0.9049667119979858
495.0,standard,linear,euclidean,dtw,median,0.2664809823036194
529.0,zscore,mean,euclidean,dtw,hdbscan,0.0010000000474974513
38.0,zscore,mean,dtw,mean,weighted,0.04344916343688965
86.0,standard,mean,dtw,dtw,average,0.2911485433578491
172.0,standard,mean,euclidean,prophet,hdbscan,0.9049667119979858
214.0,standard,linear,euclidean,prophet,hdbscan,0.9006083607673645
24.0,standard,mean,euclidean,dtw,median,0.2254205197095871
160.0,standard,mean,euclidean,prophet,hdbscan,0.9049179553985596
332.0,standard,prophet,euclidean,prophet,hdbscan,0.8520199656486511
293.0,standard,mean,euclidean,prophet,hdbscan,0.8908326625823975
506.0,standard,linear,euclidean,dtw,ward,0.45300403237342834
176.0,standard,median,euclidean,prophet,hdbscan,0.9048935770988464
82.0,standard,mean,euclidean,dtw,single,6.979847967159003e-05
174.0,standard,linear,euclidean,prophet,hdbscan,0.9049667119979858
132.0,standard,linear,euclidean,prophet,hdbscan,0.9049450159072876
487.0,standard,linear,euclidean,prophet,hdbscan,0.5841535925865173
15.0,standard,linear,euclidean,prophet,weighted,0.3378906548023224
445.0,minmax,linear,euclidean,prophet,hdbscan,0.4143661558628082
462.0,minmax,median,euclidean,prophet,ward,0.31694483757019043
248.0,standard,linear,euclidean,mean,ward,0.20627228915691376
461.0,standard,mean,euclidean,prophet,hdbscan,0.6693001389503479
466.0,minmax,median,euclidean,prophet,hdbscan,0.45247000455856323
2.0,minmax,linear,dtw,mean,single,5.6972072343342006e-05
260.0,standard,median,euclidean,prophet,hdbscan,0.8926858305931091
7.0,standard,mean,euclidean,prophet,hdbscan,0.9043170809745789
395.0,standard,mean,dtw,prophet,hdbscan,0.344806969165802
504.0,standard,median,euclidean,dtw,hdbscan,0.002963453996926546
212.0,standard,prophet,euclidean,prophet,hdbscan,0.8998114466667175
44.0,minmax,mean,dtw,prophet,weighted,0.14890451729297638
575.0,standard,prophet,dtw,median,ward,0.06374738365411758
27.0,standard,median,euclidean,prophet,hdbscan,0.9048935770988464
315.0,standard,prophet,euclidean,prophet,hdbscan,0.8894835114479065
594.0,standard,linear,euclidean,dtw,ward,0.40817371010780334
124.0,standard,median,euclidean,prophet,hdbscan,0.9051044583320618
142.0,standard,mean,euclidean,prophet,hdbscan,0.9049450159072876
177.0,standard,mean,euclidean,prophet,hdbscan,0.9049667119979858
199.0,standard,median,euclidean,prophet,hdbscan,0.9028431177139282
111.0,standard,median,euclidean,prophet,hdbscan,0.9051044583320618
54.0,standard,prophet,euclidean,prophet,hdbscan,0.9034204483032227
130.0,standard,mean,euclidean,prophet,hdbscan,0.9049450159072876
352.0,standard,median,euclidean,prophet,hdbscan,0.882110595703125
980.0,standard,mean,euclidean,dtw,ward,0.3245411813259125
932.0,standard,prophet,euclidean,dtw,ward,0.32539448142051697
3.0,standard,prophet,euclidean,prophet,hdbscan,0.9034204483032227
49.0,standard,median,dtw,mean,average,0.09529923647642136
132.0,standard,median,euclidean,prophet,hdbscan,0.9051044583320618
316.0,standard,median,euclidean,prophet,hdbscan,0.8893099427223206
172.0,standard,mean,euclidean,prophet,hdbscan,0.9049667119979858
419.0,standard,median,euclidean,dtw,hdbscan,0.1478217989206314
132.0,standard,linear,euclidean,prophet,hdbscan,0.9049450159072876
154.0,standard,mean,euclidean,prophet,hdbscan,0.9049179553985596
432.0,minmax,median,euclidean,dtw,ward,0.5250981450080872
147.0,minmax,mean,dtw,dtw,centroid,0.08512555807828903
21.0,standard,linear,dtw,prophet,ward,0.3746628165245056
89.0,standard,median,euclidean,prophet,hdbscan,0.9048935770988464
620.0,standard,linear,dtw,prophet,ward,0.14386260509490967
508.0,standard,prophet,euclidean,prophet,hdbscan,0.45366424322128296
125.0,standard,median,euclidean,prophet,hdbscan,0.9051044583320618
152.0,standard,linear,euclidean,prophet,hdbscan,0.9049179553985596
688.0,standard,median,euclidean,dtw,ward,0.43280643224716187
8.0,standard,median,euclidean,dtw,single,6.979847967159003e-05
59.0,standard,prophet,euclidean,prophet,hdbscan,0.9034204483032227
544.0,minmax,linear,dtw,dtw,ward,0.36197909712791443
346.0,standard,linear,euclidean,prophet,hdbscan,0.8853030800819397
193.0,standard,mean,euclidean,prophet,hdbscan,0.9049667119979858
932.0,standard,prophet,euclidean,dtw,ward,0.32539448142051697
187.0,standard,median,euclidean,prophet,hdbscan,0.9048935770988464
283.0,standard,mean,euclidean,prophet,hdbscan,0.8905569911003113
809.0,standard,mean,dtw,prophet,weighted,0.027526985853910446
76.0,standard,median,euclidean,prophet,hdbscan,0.9048935770988464
193.0,standard,mean,euclidean,prophet,hdbscan,0.9049667119979858
678.0,standard,linear,euclidean,dtw,ward,0.426766574382782
3.0,standard,median,euclidean,prophet,hdbscan,0.9048935770988464
173.0,standard,median,euclidean,prophet,hdbscan,0.9048935770988464
123.0,standard,median,euclidean,prophet,hdbscan,0.9051044583320618
367.0,standard,linear,euclidean,prophet,hdbscan,0.8473819494247437
112.0,standard,median,euclidean,prophet,hdbscan,0.9051044583320618
191.0,standard,linear,euclidean,prophet,hdbscan,0.9049667119979858
647.0,standard,linear,dtw,dtw,ward,0.3119751513004303
134.0,standard,median,euclidean,prophet,hdbscan,0.9051044583320618
900.0,minmax,prophet,dtw,prophet,median,0.1374632865190506
478.0,standard,prophet,dtw,prophet,hdbscan,0.25940603017807007
84.0,standard,linear,euclidean,prophet,hdbscan,0.9043170809745789
39.0,zscore,linear,euclidean,median,hdbscan,0.001782685867510736
699.0,standard,linear,dtw,prophet,ward,0.1521596610546112
211.0,standard,prophet,euclidean,prophet,hdbscan,0.8998114466667175
85.0,standard,median,euclidean,prophet,hdbscan,0.9048935770988464
174.0,standard,mean,euclidean,prophet,hdbscan,0.9049667119979858
371.0,standard,mean,euclidean,prophet,hdbscan,0.8473819494247437
483.0,standard,linear,euclidean,dtw,centroid,0.34988465905189514
571.0,minmax,linear,dtw,dtw,ward,0.336463987827301
181.0,standard,linear,euclidean,prophet,centroid,0.16177213191986084
347.0,standard,linear,dtw,prophet,hdbscan,0.34868231415748596
87.0,standard,median,euclidean,prophet,hdbscan,0.9048935770988464
50.0,minmax,linear,euclidean,dtw,hdbscan,0.1947198361158371
283.0,standard,linear,euclidean,prophet,hdbscan,0.8905569911003113
444.0,standard,median,euclidean,prophet,ward,0.4443065822124481
595.0,standard,linear,dtw,mean,ward,0.03449318930506706
130.0,standard,median,euclidean,prophet,hdbscan,0.9051044583320618
785.0,zscore,linear,dtw,mean,ward,0.11354641616344452
148.0,minmax,prophet,euclidean,mode,ward,0.27939555048942566
489.0,standard,linear,dtw,dtw,hdbscan,0.26980921626091003
175.0,standard,linear,euclidean,prophet,hdbscan,0.9049667119979858
504.0,minmax,mean,euclidean,prophet,hdbscan,0.34988170862197876
617.0,minmax,linear,euclidean,dtw,ward,0.43986356258392334
116.0,standard,median,euclidean,prophet,hdbscan,0.9051044583320618
410.0,zscore,linear,euclidean,dtw,ward,0.1409393697977066
1151.0,minmax,mean,dtw,mode,ward,0.006091992370784283
1123.0,minmax,prophet,dtw,dtw,hdbscan,0.19477923214435577
345.0,standard,mean,dtw,dtw,weighted,0.20297250151634216
170.0,standard,median,euclidean,prophet,hdbscan,0.9048935770988464
107.0,standard,median,euclidean,prophet,hdbscan,0.9051044583320618
600.0,zscore,mean,dtw,median,centroid,0.005899413023144007
449.0,standard,linear,euclidean,prophet,hdbscan,0.7142852544784546
64.0,minmax,prophet,dtw,prophet,hdbscan,0.16776202619075775
840.0,standard,median,euclidean,dtw,ward,0.3366706371307373
520.0,standard,median,dtw,prophet,hdbscan,0.2306690216064453
77.0,standard,mean,euclidean,prophet,hdbscan,0.9043170809745789
452.0,standard,linear,euclidean,prophet,hdbscan,0.7025064826011658
70.0,standard,prophet,euclidean,prophet,hdbscan,0.9034204483032227
44.0,standard,median,euclidean,prophet,hdbscan,0.9048935770988464
590.0,minmax,linear,euclidean,prophet,ward,0.25104373693466187
189.0,standard,linear,euclidean,prophet,hdbscan,0.9049667119979858
406.0,standard,median,euclidean,prophet,hdbscan,0.8525356650352478
569.0,standard,median,euclidean,prophet,ward,0.27608993649482727
141.0,standard,median,euclidean,prophet,hdbscan,0.9051044583320618
333.0,standard,linear,euclidean,prophet,hdbscan,0.8522721529006958
636.0,minmax,linear,euclidean,dtw,ward,0.4201420545578003
648.0,standard,linear,euclidean,dtw,ward,0.4129619002342224
129.0,standard,mean,euclidean,mean,hdbscan,0.004024829249829054
70.0,standard,median,euclidean,prophet,hdbscan,0.9048935770988464
150.0,standard,linear,euclidean,prophet,hdbscan,0.9049179553985596
48.0,zscore,prophet,euclidean,mean,ward,0.04683741182088852
113.0,standard,median,euclidean,prophet,hdbscan,0.9051044583320618
214.0,standard,linear,euclidean,prophet,hdbscan,0.9006083607673645
22.0,standard,mean,euclidean,prophet,hdbscan,0.9043170809745789
225.0,standard,median,euclidean,prophet,hdbscan,0.8998813629150391
283.0,standard,mean,euclidean,prophet,hdbscan,0.8905569911003113
29.0,standard,prophet,euclidean,prophet,hdbscan,0.9034204483032227
163.0,standard,linear,euclidean,prophet,hdbscan,0.9049179553985596
992.0,standard,mean,euclidean,dtw,hdbscan,0.20073634386062622
351.0,standard,mean,euclidean,prophet,hdbscan,0.8476524949073792
39.0,standard,linear,dtw,prophet,hdbscan,0.3666377365589142
2.0,minmax,linear,dtw,mean,single,5.6972072343342006e-05
269.0,standard,mean,euclidean,prophet,hdbscan,0.8915501236915588
152.0,standard,median,euclidean,prophet,hdbscan,0.9046114683151245
145.0,standard,mean,euclidean,prophet,hdbscan,0.9049450159072876
406.0,standard,median,euclidean,prophet,hdbscan,0.8525356650352478
1048.0,standard,linear,euclidean,prophet,complete,0.09166174381971359
183.0,standard,mean,euclidean,prophet,hdbscan,0.9049667119979858
179.0,standard,linear,euclidean,prophet,hdbscan,0.9049667119979858
327.0,minmax,linear,dtw,dtw,ward,0.4098030626773834
152.0,standard,mean,euclidean,prophet,hdbscan,0.9049179553985596
565.0,minmax,linear,euclidean,dtw,weighted,0.2800973057746887
25.0,standard,median,euclidean,prophet,hdbscan,0.9048935770988464
6.0,zscore,prophet,euclidean,prophet,ward,0.20486700534820557
91.0,standard,median,euclidean,prophet,hdbscan,0.9048935770988464
103.0,minmax,linear,euclidean,prophet,weighted,0.2654585838317871
378.0,standard,linear,euclidean,dtw,ward,0.33827000856399536
121.0,standard,median,euclidean,prophet,hdbscan,0.9051044583320618
686.0,standard,linear,euclidean,prophet,ward,0.24297432601451874
476.0,standard,linear,euclidean,prophet,weighted,0.1955808699131012
556.0,standard,mean,dtw,dtw,ward,0.38983333110809326
701.0,minmax,linear,dtw,dtw,ward,0.32169467210769653
460.0,standard,mean,euclidean,prophet,ward,0.3236568868160248
39.0,standard,mean,dtw,dtw,hdbscan,0.36071085929870605
996.0,zscore,median,dtw,dtw,ward,0.18345816433429718
4.0,minmax,prophet,dtw,dtw,ward,0.3392024338245392
689.0,standard,linear,dtw,prophet,ward,0.159488707780838
170.0,standard,median,euclidean,prophet,hdbscan,0.9048935770988464
332.0,standard,mean,euclidean,prophet,hdbscan,0.8522721529006958
362.0,standard,linear,dtw,dtw,hdbscan,0.30543410778045654
143.0,standard,median,euclidean,prophet,hdbscan,0.9051044583320618
1111.0,minmax,prophet,euclidean,dtw,median,0.16739431023597717
670.0,standard,linear,euclidean,prophet,ward,0.23745635151863098
426.0,standard,linear,euclidean,dtw,ward,0.38132089376449585
429.0,minmax,linear,euclidean,dtw,weighted,0.3822750151157379
636.0,minmax,linear,euclidean,dtw,ward,0.4201420545578003
39.0,zscore,linear,euclidean,median,hdbscan,0.001782685867510736
541.0,zscore,median,euclidean,prophet,ward,0.0498507060110569
344.0,standard,median,euclidean,prophet,hdbscan,0.8515490293502808
529.0,standard,median,euclidean,dtw,ward,0.4177767336368561
199.0,standard,median,euclidean,prophet,hdbscan,0.9028431177139282
39.0,standard,median,euclidean,prophet,hdbscan,0.9048935770988464
399.0,standard,median,euclidean,prophet,hdbscan,0.8530468940734863
2.0,standard,median,euclidean,prophet,hdbscan,0.9048935770988464
109.0,standard,mean,euclidean,dtw,hdbscan,0.13166001439094543
387.0,standard,median,euclidean,prophet,hdbscan,0.8434118628501892
287.0,standard,median,euclidean,prophet,hdbscan,0.8901892900466919
717.0,standard,linear,euclidean,prophet,ward,0.20867036283016205
133.0,standard,linear,euclidean,prophet,hdbscan,0.9049450159072876
249.0,standard,median,euclidean,prophet,hdbscan,0.8988388776779175
665.0,standard,linear,euclidean,dtw,ward,0.43514275550842285
596.0,minmax,median,euclidean,dtw,ward,0.44068172574043274
1049.0,standard,linear,dtw,dtw,centroid,0.18231366574764252
1160.0,standard,linear,dtw,mode,ward,0.07804610580205917
752.0,standard,linear,euclidean,dtw,hdbscan,0.14469751715660095
61.0,standard,mean,euclidean,prophet,hdbscan,0.9043170809745789
407.0,standard,prophet,euclidean,prophet,hdbscan,0.8146095275878906
439.0,standard,median,dtw,dtw,ward,0.2853247821331024
454.0,standard,linear,euclidean,dtw,ward,0.4386197328567505
1157.0,standard,median,dtw,dtw,hdbscan,0.19686955213546753
15.0,standard,linear,euclidean,prophet,weighted,0.3378906548023224
615.0,zscore,median,euclidean,dtw,ward,0.1651924103498459
24.0,standard,mean,euclidean,dtw,median,0.2254205197095871
101.0,standard,linear,euclidean,prophet,median,0.21153046190738678
186.0,standard,mean,euclidean,prophet,hdbscan,0.9049667119979858
229.0,standard,mean,euclidean,prophet,hdbscan,0.9000586271286011
115.0,standard,median,euclidean,prophet,hdbscan,0.9051044583320618
376.0,standard,linear,euclidean,prophet,hdbscan,0.8463269472122192
98.0,standard,mean,euclidean,prophet,hdbscan,0.9043170809745789
29.0,zscore,linear,euclidean,dtw,average,0.00011765802628360689
1135.0,standard,linear,euclidean,prophet,hdbscan,0.006711137946695089
1188.0,zscore,linear,euclidean,mean,ward,0.11977967619895935
133.0,standard,mean,euclidean,prophet,hdbscan,0.9049450159072876
84.0,standard,median,euclidean,prophet,hdbscan,0.9048935770988464
316.0,standard,linear,euclidean,prophet,hdbscan,0.8896296620368958
100.0,standard,mean,dtw,prophet,centroid,0.11060074716806412
68.0,standard,median,euclidean,prophet,hdbscan,0.9048935770988464
809.0,standard,mean,dtw,prophet,weighted,0.027526985853910446
495.0,standard,linear,euclidean,prophet,ward,0.34375038743019104
1147.0,zscore,mean,euclidean,median,complete,0.021596359089016914
489.0,standard,linear,dtw,dtw,hdbscan,0.26980921626091003
140.0,standard,median,euclidean,prophet,hdbscan,0.9051044583320618
202.0,standard,linear,euclidean,prophet,hdbscan,0.9028675556182861
1072.0,standard,linear,euclidean,dtw,complete,0.27487751841545105
750.0,minmax,median,euclidean,median,ward,0.037498559802770615
900.0,minmax,prophet,dtw,prophet,median,0.004133918322622776
1198.0,minmax,mean,euclidean,dtw,ward,0.322843462228775
556.0,standard,mean,dtw,dtw,ward,0.38983333110809326
76.0,standard,linear,dtw,prophet,average,0.25988131761550903
372.0,standard,median,euclidean,prophet,hdbscan,0.8814674019813538
69.0,standard,linear,euclidean,mean,hdbscan,0.02528608776628971
271.0,standard,linear,euclidean,prophet,hdbscan,0.8915501236915588
694.0,standard,linear,euclidean,dtw,hdbscan,0.19089621305465698
112.0,standard,median,euclidean,prophet,hdbscan,0.9051044583320618
260.0,standard,linear,euclidean,prophet,hdbscan,0.8924016356468201
6.0,standard,median,euclidean,prophet,single,0.2803412079811096
529.0,standard,linear,euclidean,prophet,ward,0.3053396940231323
49.0,standard,median,dtw,mean,average,0.09529923647642136
800.0,minmax,linear,euclidean,dtw,ward,0.3391071856021881
58.0,minmax,median,dtw,dtw,hdbscan,0.1660715490579605
700.0,zscore,linear,dtw,prophet,ward,0.008227418176829815
451.0,zscore,mean,euclidean,median,average,0.003782743588089943
948.0,zscore,median,dtw,dtw,centroid,6.445414328482002e-05
25.0,zscore,prophet,euclidean,mode,ward,0.12287801504135132
123.0,standard,median,euclidean,prophet,hdbscan,0.9051044583320618
76.0,standard,median,euclidean,prophet,hdbscan,0.9048935770988464
609.0,standard,linear,euclidean,mode,ward,0.05529211089015007
395.0,standard,mean,dtw,prophet,hdbscan,0.344806969165802
88.0,standard,linear,euclidean,prophet,hdbscan,0.9043170809745789
555.0,minmax,median,dtw,dtw,hdbscan,0.2429289072751999
700.0,zscore,linear,dtw,prophet,ward,0.008227418176829815
614.0,standard,linear,dtw,dtw,ward,0.31251975893974304
181.0,standard,linear,euclidean,prophet,centroid,0.16177213191986084
184.0,standard,linear,euclidean,prophet,hdbscan,0.9049667119979858
180.0,standard,mean,euclidean,prophet,hdbscan,0.9049667119979858
198.0,standard,median,euclidean,prophet,hdbscan,0.9028431177139282
701.0,minmax,linear,dtw,dtw,ward,0.32169467210769653
644.0,standard,mean,euclidean,dtw,hdbscan,0.14516647160053253
1076.0,standard,median,euclidean,dtw,ward,0.3263918459415436
746.0,standard,median,dtw,dtw,centroid,0.15365268290042877
130.0,standard,median,euclidean,prophet,hdbscan,0.9051044583320618
176.0,standard,prophet,euclidean,prophet,hdbscan,0.9026235342025757
101.0,standard,median,euclidean,prophet,hdbscan,0.9048935770988464
547.0,minmax,linear,dtw,prophet,ward,0.18729661405086517
116.0,standard,median,euclidean,prophet,hdbscan,0.9051044583320618
411.0,standard,mean,euclidean,prophet,hdbscan,0.8020771145820618
182.0,standard,mean,euclidean,prophet,hdbscan,0.9049667119979858
495.0,standard,linear,euclidean,prophet,ward,0.34375038743019104
176.0,standard,prophet,euclidean,prophet,hdbscan,0.9026235342025757
211.0,standard,prophet,euclidean,prophet,hdbscan,0.8998114466667175
636.0,minmax,mean,euclidean,dtw,hdbscan,0.19179649651050568
109.0,standard,mean,euclidean,dtw,hdbscan,0.13166001439094543
1132.0,zscore,linear,dtw,median,hdbscan,0.004138284362852573
153.0,standard,linear,euclidean,prophet,hdbscan,0.9049179553985596
111.0,standard,median,euclidean,prophet,hdbscan,0.9051044583320618
36.0,standard,mean,euclidean,prophet,hdbscan,0.9043170809745789
141.0,standard,median,euclidean,prophet,hdbscan,0.9051044583320618
135.0,standard,prophet,euclidean,prophet,hdbscan,0.9027628302574158
1048.0,standard,linear,euclidean,prophet,complete,0.09166174381971359
1083.0,zscore,prophet,euclidean,mode,ward,0.11104103177785873
980.0,standard,mean,euclidean,dtw,ward,0.3245411813259125
146.0,standard,mean,euclidean,prophet,hdbscan,0.9049450159072876
183.0,standard,mean,euclidean,prophet,hdbscan,0.9049667119979858
948.0,zscore,median,dtw,dtw,centroid,6.445414328482002e-05
2.0,standard,prophet,euclidean,prophet,hdbscan,0.9034204483032227
185.0,standard,mean,euclidean,prophet,hdbscan,0.9049667119979858
202.0,standard,linear,euclidean,prophet,hdbscan,0.9028675556182861
104.0,standard,mean,euclidean,prophet,hdbscan,0.9043170809745789
8.0,standard,mean,euclidean,mode,hdbscan,0.11322388797998428
110.0,standard,median,euclidean,prophet,hdbscan,0.9051044583320618
142.0,standard,median,euclidean,prophet,hdbscan,0.9051044583320618
234.0,standard,mean,euclidean,prophet,hdbscan,0.8992109894752502
378.0,standard,linear,euclidean,dtw,ward,0.33827000856399536
163.0,standard,median,euclidean,prophet,hdbscan,0.9046114683151245
6.0,standard,linear,euclidean,mean,ward,0.3183728754520416
308.0,standard,mean,euclidean,prophet,hdbscan,0.8897601962089539
685.0,minmax,linear,euclidean,dtw,ward,0.40825220942497253
670.0,standard,linear,euclidean,prophet,ward,0.23745635151863098
9.0,standard,mean,euclidean,dtw,average,0.2719520330429077
137.0,standard,median,euclidean,prophet,hdbscan,0.9051044583320618
461.0,standard,linear,euclidean,prophet,single,3.0250390409491956e-05
458.0,minmax,linear,euclidean,dtw,ward,0.5239980220794678
238.0,standard,prophet,euclidean,prophet,hdbscan,0.8984162211418152
784.0,minmax,linear,euclidean,prophet,ward,0.2137705534696579
187.0,standard,linear,euclidean,prophet,hdbscan,0.9049667119979858
139.0,standard,median,euclidean,prophet,hdbscan,0.9051044583320618
194.0,standard,mean,euclidean,prophet,hdbscan,0.9049667119979858
391.0,standard,mean,euclidean,prophet,hdbscan,0.8422473669052124
39.0,standard,median,euclidean,prophet,hdbscan,0.9048935770988464
54.0,zscore,prophet,dtw,dtw,hdbscan,0.0010000000474974513
840.0,standard,median,euclidean,dtw,ward,0.3366706371307373
62.0,zscore,linear,euclidean,dtw,centroid,6.979847967159003e-05
435.0,standard,linear,euclidean,prophet,hdbscan,0.7631553411483765
115.0,standard,median,euclidean,prophet,hdbscan,0.9051044583320618
546.0,standard,linear,euclidean,dtw,weighted,0.31034716963768005
15.0,zscore,prophet,euclidean,dtw,weighted,0.07059446722269058
685.0,standard,prophet,euclidean,dtw,complete,0.303378701210022
411.0,standard,prophet,euclidean,mean,ward,0.11220762878656387
430.0,standard,median,dtw,dtw,hdbscan,0.29045218229293823
522.0,minmax,linear,euclidean,dtw,ward,0.4704733192920685
265.0,standard,mean,euclidean,prophet,hdbscan,0.8917420506477356
297.0,standard,prophet,euclidean,prophet,hdbscan,0.888809859752655
93.0,standard,mean,euclidean,prophet,hdbscan,0.9043170809745789
192.0,standard,linear,euclidean,prophet,hdbscan,0.9049667119979858
748.0,minmax,linear,euclidean,dtw,ward,0.3750794529914856
99.0,standard,median,euclidean,prophet,hdbscan,0.9048935770988464
152.0,standard,prophet,euclidean,prophet,hdbscan,0.9029266238212585
332.0,standard,median,euclidean,prophet,hdbscan,0.8518384099006653
70.0,standard,mean,euclidean,prophet,hdbscan,0.9043170809745789
105.0,standard,linear,euclidean,prophet,hdbscan,0.9043170809745789
609.0,standard,linear,euclidean,dtw,hdbscan,0.17760244011878967
253.0,standard,prophet,euclidean,prophet,hdbscan,0.8985080718994141
509.0,minmax,median,dtw,dtw,ward,0.3421739637851715
1158.0,standard,mean,euclidean,dtw,ward,0.3265259563922882
328.0,standard,median,euclidean,prophet,hdbscan,0.8525274395942688
174.0,standard,linear,euclidean,prophet,hdbscan,0.9049667119979858
287.0,standard,median,euclidean,prophet,hdbscan,0.8901892900466919
391.0,standard,linear,euclidean,prophet,hdbscan,0.8422473669052124
609.0,standard,linear,euclidean,dtw,hdbscan,0.17760244011878967
445.0,minmax,linear,euclidean,prophet,hdbscan,0.4143661558628082
10.0,zscore,median,dtw,prophet,ward,0.13739478588104248
21.0,standard,median,euclidean,prophet,hdbscan,0.9048935770988464
534.0,standard,linear,euclidean,prophet,hdbscan,0.3792567551136017
425.0,standard,linear,euclidean,prophet,hdbscan,0.7998916506767273
411.0,standard,linear,dtw,prophet,ward,0.20123110711574554
238.0,standard,prophet,euclidean,prophet,hdbscan,0.8984162211418152
1174.0,minmax,prophet,euclidean,mean,ward,0.03509107232093811
46.0,standard,median,euclidean,prophet,hdbscan,0.9048935770988464
85.0,standard,median,euclidean,prophet,hdbscan,0.9048935770988464
691.0,standard,mean,dtw,dtw,ward,0.2987308204174042
114.0,standard,median,euclidean,prophet,hdbscan,0.9051044583320618
460.0,standard,median,dtw,prophet,hdbscan,0.2662268877029419
642.0,standard,linear,euclidean,dtw,weighted,0.2824183404445648
225.0,standard,median,euclidean,prophet,hdbscan,0.8998813629150391
122.0,standard,median,euclidean,prophet,hdbscan,0.9051044583320618
72.0,standard,prophet,euclidean,prophet,hdbscan,0.9034204483032227
761.0,standard,mean,euclidean,median,ward,0.05890794098377228
277.0,standard,median,euclidean,prophet,hdbscan,0.8901892900466919
822.0,standard,median,dtw,dtw,ward,0.30021190643310547
476.0,standard,linear,euclidean,prophet,weighted,0.1955808699131012
234.0,standard,median,dtw,median,median,0.17298419773578644
937.0,standard,median,euclidean,prophet,hdbscan,0.016235660761594772
402.0,minmax,linear,euclidean,dtw,ward,0.4168691337108612
568.0,standard,median,euclidean,dtw,hdbscan,0.1638781726360321
1192.0,standard,prophet,euclidean,mean,ward,5.346183752408251e-05
426.0,standard,linear,euclidean,dtw,ward,0.38132089376449585
12.0,standard,mean,euclidean,prophet,hdbscan,0.9043170809745789
376.0,standard,median,euclidean,prophet,hdbscan,0.8805112838745117
879.0,standard,mean,dtw,dtw,ward,0.29500657320022583
1196.0,standard,prophet,dtw,dtw,complete,0.24726253747940063
1002.0,standard,mean,dtw,dtw,ward,0.32589560747146606
140.0,standard,median,euclidean,prophet,hdbscan,0.9051044583320618
411.0,standard,linear,dtw,prophet,ward,0.20123110711574554
1022.0,standard,prophet,euclidean,dtw,median,0.2079891413450241
29.0,standard,linear,dtw,dtw,ward,0.3893934488296509
544.0,minmax,linear,euclidean,median,ward,0.033169861882925034
604.0,standard,linear,euclidean,dtw,ward,0.4269084632396698
96.0,standard,linear,euclidean,prophet,complete,0.13545790314674377
344.0,standard,median,euclidean,prophet,hdbscan,0.8515490293502808
179.0,standard,median,euclidean,prophet,hdbscan,0.9048935770988464
129.0,standard,mean,euclidean,prophet,hdbscan,0.9049450159072876
55.0,minmax,prophet,euclidean,prophet,ward,0.35855767130851746
173.0,standard,linear,euclidean,prophet,hdbscan,0.9049667119979858
28.0,standard,median,euclidean,prophet,hdbscan,0.9048935770988464
551.0,minmax,linear,euclidean,prophet,ward,0.3119618594646454
20.0,standard,mean,euclidean,prophet,hdbscan,0.9043170809745789
221.0,standard,linear,euclidean,dtw,ward,0.4938945770263672
192.0,standard,mean,euclidean,prophet,hdbscan,0.9049667119979858
110.0,standard,median,euclidean,prophet,hdbscan,0.9051044583320618
186.0,standard,median,euclidean,prophet,hdbscan,0.9048935770988464
392.0,standard,linear,euclidean,dtw,weighted,0.3907443881034851
1199.0,standard,mean,euclidean,median,hdbscan,0.006102456245571375
142.0,standard,median,euclidean,prophet,hdbscan,0.9051044583320618
253.0,standard,mean,euclidean,prophet,hdbscan,0.8988906145095825
1161.0,zscore,linear,euclidean,dtw,ward,0.18448778986930847
752.0,standard,linear,euclidean,dtw,hdbscan,0.14469751715660095
81.0,standard,linear,euclidean,prophet,hdbscan,0.9043170809745789
173.0,standard,median,euclidean,prophet,hdbscan,0.9048935770988464
387.0,minmax,linear,euclidean,prophet,ward,0.2704443633556366
260.0,standard,linear,euclidean,prophet,hdbscan,0.8924016356468201
128.0,standard,median,euclidean,prophet,hdbscan,0.9051044583320618
1135.0,standard,mean,euclidean,dtw,ward,0.3265259563922882
411.0,standard,mean,euclidean,prophet,hdbscan,0.8020771145820618
183.0,standard,median,euclidean,prophet,hdbscan,0.9048935770988464
94.0,standard,linear,euclidean,prophet,hdbscan,0.9043170809745789
126.0,standard,median,euclidean,prophet,hdbscan,0.9051044583320618
2.0,minmax,linear,dtw,mean,single,5.6972072343342006e-05
333.0,standard,linear,euclidean,prophet,hdbscan,0.8522721529006958
785.0,zscore,linear,dtw,mean,ward,0.11354641616344452
6.0,standard,linear,euclidean,prophet,hdbscan,0.9043170809745789
620.0,standard,linear,dtw,prophet,ward,0.14386260509490967
56.0,standard,linear,euclidean,prophet,hdbscan,0.9043170809745789
6.0,standard,linear,euclidean,mean,ward,0.3183728754520416
547.0,minmax,linear,dtw,prophet,ward,0.18729661405086517
128.0,standard,linear,euclidean,prophet,hdbscan,0.9049450159072876
226.0,standard,prophet,euclidean,prophet,hdbscan,0.8988847732543945
37.0,standard,linear,euclidean,mean,centroid,0.0009449674398638308
34.0,standard,mean,euclidean,prophet,hdbscan,0.9043170809745789
69.0,minmax,mean,euclidean,prophet,hdbscan,0.7441664338111877
193.0,standard,prophet,euclidean,prophet,hdbscan,0.9026235342025757
67.0,zscore,mean,euclidean,prophet,hdbscan,0.0010000000474974513
157.0,standard,linear,euclidean,prophet,hdbscan,0.9049179553985596
132.0,standard,mean,euclidean,prophet,hdbscan,0.9049450159072876
52.0,standard,mean,euclidean,prophet,hdbscan,0.9043170809745789
438.0,standard,median,euclidean,prophet,hdbscan,0.7467042207717896
262.0,standard,prophet,euclidean,prophet,hdbscan,0.89231276512146
70.0,standard,linear,euclidean,prophet,hdbscan,0.9043170809745789
761.0,standard,mean,euclidean,median,ward,0.05890794098377228
846.0,standard,linear,euclidean,dtw,hdbscan,0.19574496150016785
100.0,standard,mean,euclidean,prophet,hdbscan,0.9043170809745789
67.0,standard,prophet,dtw,prophet,complete,0.1702285259962082
529.0,standard,linear,euclidean,prophet,ward,0.3053396940231323
88.0,standard,linear,euclidean,prophet,hdbscan,0.9043170809745789
344.0,minmax,prophet,euclidean,prophet,hdbscan,0.4358538091182709
151.0,standard,median,euclidean,prophet,hdbscan,0.9046114683151245
19.0,zscore,prophet,euclidean,dtw,ward,0.16195707023143768
415.0,standard,linear,euclidean,prophet,hdbscan,0.7916752099990845
128.0,standard,mean,euclidean,prophet,hdbscan,0.9049450159072876
166.0,standard,mean,euclidean,prophet,hdbscan,0.9049179553985596
89.0,standard,median,euclidean,prophet,hdbscan,0.9048935770988464
429.0,minmax,linear,euclidean,dtw,weighted,0.3822750151157379
473.0,standard,linear,euclidean,prophet,hdbscan,0.6157017946243286
69.0,minmax,mean,euclidean,prophet,hdbscan,0.7441664338111877
140.0,standard,mean,euclidean,prophet,hdbscan,0.9049450159072876
622.0,minmax,linear,dtw,dtw,ward,0.34890973567962646
480.0,standard,linear,euclidean,dtw,ward,0.46284472942352295
2.0,standard,prophet,euclidean,prophet,complete,0.13509364426136017
263.0,standard,linear,euclidean,dtw,ward,0.486823171377182
395.0,standard,linear,euclidean,median,ward,0.11874009668827057
16.0,standard,median,euclidean,prophet,hdbscan,0.9048935770988464
187.0,standard,linear,euclidean,prophet,hdbscan,0.9049667119979858
8.0,zscore,median,dtw,prophet,ward,0.13486963510513306
399.0,standard,median,euclidean,prophet,hdbscan,0.8530468940734863
272.0,standard,prophet,euclidean,prophet,hdbscan,0.8914572596549988
253.0,standard,mean,euclidean,prophet,hdbscan,0.8988906145095825
9.0,standard,mean,euclidean,dtw,average,0.2719520330429077
67.0,standard,linear,euclidean,dtw,weighted,0.2997366786003113
237.0,standard,linear,euclidean,prophet,hdbscan,0.9000586271286011
102.0,standard,median,euclidean,prophet,hdbscan,0.9048935770988464
36.0,standard,mean,euclidean,prophet,hdbscan,0.9043170809745789
58.0,standard,linear,euclidean,dtw,weighted,0.2554442584514618
100.0,standard,mean,dtw,prophet,centroid,0.11060074716806412
81.0,standard,prophet,dtw,dtw,centroid,0.1667790561914444
23.0,standard,linear,euclidean,prophet,hdbscan,0.9043170809745789
378.0,standard,prophet,euclidean,prophet,hdbscan,0.8466249704360962
640.0,standard,median,euclidean,prophet,ward,0.25839534401893616
596.0,minmax,median,euclidean,dtw,ward,0.44068172574043274
509.0,minmax,median,dtw,dtw,ward,0.3421739637851715
3.0,standard,mean,euclidean,prophet,hdbscan,0.9043170809745789
42.0,standard,median,euclidean,prophet,hdbscan,0.9048935770988464
192.0,standard,linear,euclidean,prophet,hdbscan,0.9049667119979858
765.0,standard,linear,dtw,dtw,ward,0.29781168699264526
185.0,standard,mean,euclidean,prophet,hdbscan,0.9049667119979858
141.0,standard,mean,euclidean,prophet,hdbscan,0.9049450159072876
8.0,minmax,prophet,dtw,mean,ward,0.3329925835132599
189.0,standard,median,euclidean,prophet,hdbscan,0.9048935770988464
127.0,standard,mean,euclidean,prophet,hdbscan,0.9049450159072876
269.0,standard,mean,euclidean,prophet,hdbscan,0.8915501236915588
241.0,standard,mean,euclidean,prophet,hdbscan,0.9000586271286011
419.0,standard,median,euclidean,dtw,hdbscan,0.1478217989206314
119.0,minmax,linear,euclidean,prophet,hdbscan,0.6587419509887695
124.0,standard,mean,euclidean,prophet,hdbscan,0.9049450159072876
298.0,standard,prophet,euclidean,prophet,hdbscan,0.888809859752655
22.0,standard,mean,euclidean,prophet,hdbscan,0.9043170809745789
567.0,standard,linear,euclidean,dtw,ward,0.412594735622406
141.0,standard,linear,euclidean,prophet,hdbscan,0.9049450159072876
155.0,standard,linear,euclidean,prophet,hdbscan,0.9049179553985596
165.0,standard,mean,euclidean,prophet,hdbscan,0.9049179553985596
102.0,standard,median,euclidean,prophet,hdbscan,0.9048935770988464
107.0,standard,median,euclidean,prophet,hdbscan,0.9051044583320618
31.0,standard,linear,euclidean,dtw,ward,0.44691312313079834
2.0,standard,mean,euclidean,mode,hdbscan,0.11865000426769257
148.0,minmax,prophet,euclidean,mode,ward,0.27939555048942566
109.0,standard,median,euclidean,prophet,hdbscan,0.9051044583320618
519.0,standard,mean,euclidean,prophet,single,2.8112655854783952e-05
154.0,standard,median,euclidean,prophet,hdbscan,0.9046114683151245
1076.0,standard,median,euclidean,dtw,ward,0.3263918459415436
467.0,standard,linear,dtw,prophet,ward,0.22551819682121277
103.0,standard,median,euclidean,prophet,hdbscan,0.9048935770988464
398.0,standard,linear,euclidean,prophet,ward,0.44293197989463806
352.0,standard,median,euclidean,prophet,hdbscan,0.882110595703125
175.0,standard,mean,euclidean,prophet,hdbscan,0.9049667119979858
1183.0,minmax,linear,euclidean,dtw,hdbscan,0.19476933777332306
432.0,minmax,median,euclidean,dtw,ward,0.5250981450080872
530.0,standard,linear,dtw,dtw,ward,0.3390190899372101
293.0,standard,mean,euclidean,prophet,hdbscan,0.8908326625823975
141.0,standard,mean,euclidean,prophet,hdbscan,0.9049450159072876
735.0,zscore,linear,dtw,prophet,complete,0.0017548048635944724
2.0,minmax,linear,dtw,mean,single,5.6972072343342006e-05
847.0,standard,prophet,euclidean,prophet,ward,0.17081765830516815
78.0,minmax,linear,dtw,mode,hdbscan,0.0087036257609725
1135.0,standard,linear,euclidean,prophet,hdbscan,0.006711137946695089
328.0,standard,median,euclidean,prophet,hdbscan,0.8525274395942688
69.0,standard,linear,euclidean,mean,hdbscan,0.02528608776628971
699.0,standard,linear,dtw,prophet,ward,0.1521596610546112
189.0,standard,median,euclidean,prophet,hdbscan,0.9048935770988464
1157.0,standard,median,dtw,dtw,hdbscan,0.19686955213546753
472.0,standard,median,euclidean,dtw,weighted,0.27776119112968445
461.0,standard,linear,euclidean,median,ward,0.09067344665527344
529.0,standard,median,euclidean,dtw,ward,0.4177767336368561
162.0,standard,linear,euclidean,prophet,hdbscan,0.9049179553985596
460.0,standard,median,dtw,prophet,hdbscan,0.2662268877029419
1022.0,standard,prophet,euclidean,dtw,median,0.2079891413450241
461.0,standard,mean,euclidean,prophet,hdbscan,0.6693001389503479
193.0,standard,linear,euclidean,prophet,hdbscan,0.9049667119979858
192.0,standard,mean,euclidean,prophet,hdbscan,0.9049667119979858
555.0,minmax,linear,euclidean,prophet,hdbscan,0.26691168546676636
1157.0,standard,median,dtw,dtw,hdbscan,0.19686955213546753
126.0,standard,median,euclidean,prophet,hdbscan,0.9051044583320618
21.0,standard,linear,dtw,prophet,ward,0.3746628165245056
20.0,standard,linear,dtw,prophet,hdbscan,0.3666377365589142
1049.0,standard,linear,dtw,dtw,centroid,0.18231366574764252
154.0,zscore,median,euclidean,dtw,complete,0.022262491285800934
157.0,standard,linear,euclidean,prophet,hdbscan,0.9049179553985596
56.0,standard,mean,euclidean,prophet,hdbscan,0.9043170809745789
133.0,standard,median,euclidean,prophet,hdbscan,0.9051044583320618
425.0,minmax,median,euclidean,prophet,hdbscan,0.5461316108703613
487.0,standard,linear,euclidean,prophet,hdbscan,0.5841535925865173
108.0,standard,linear,euclidean,prophet,hdbscan,0.9049450159072876
117.0,standard,median,euclidean,prophet,hdbscan,0.9051044583320618
661.0,standard,linear,euclidean,median,ward,0.06024736166000366
193.0,standard,linear,euclidean,prophet,hdbscan,0.9049667119979858
90.0,standard,prophet,euclidean,median,weighted,0.24607256054878235
2.0,standard,prophet,euclidean,prophet,hdbscan,0.9034204483032227
98.0,standard,mean,euclidean,prophet,hdbscan,0.9043170809745789
273.0,standard,linear,euclidean,dtw,ward,0.4739568829536438
180.0,standard,mean,euclidean,prophet,hdbscan,0.9049667119979858
154.0,zscore,median,euclidean,dtw,complete,0.022262491285800934
71.0,minmax,prophet,euclidean,prophet,ward,0.3931671380996704
1199.0,zscore,median,dtw,dtw,single,6.445414328482002e-05
136.0,standard,prophet,euclidean,prophet,hdbscan,0.9027628302574158
1002.0,standard,mean,dtw,dtw,ward,0.32589560747146606
592.0,standard,median,dtw,dtw,ward,0.3253520429134369
1147.0,zscore,mean,euclidean,median,complete,0.021596359089016914
609.0,standard,linear,euclidean,mode,ward,0.05529211089015007
610.0,standard,prophet,euclidean,prophet,ward,0.27197426557540894
129.0,standard,median,euclidean,prophet,hdbscan,0.9051044583320618
42.0,standard,linear,euclidean,prophet,hdbscan,0.9043170809745789
149.0,standard,median,euclidean,prophet,hdbscan,0.9046114683151245
4.0,standard,mean,euclidean,prophet,hdbscan,0.9043170809745789
224.0,zscore,mean,euclidean,median,single,5.2696603233926e-05
125.0,standard,median,euclidean,prophet,hdbscan,0.9051044583320618
169.0,standard,linear,euclidean,prophet,hdbscan,0.9049667119979858
504.0,minmax,mean,euclidean,prophet,hdbscan,0.34988170862197876
614.0,standard,linear,dtw,dtw,ward,0.31251975893974304
1135.0,standard,mean,euclidean,dtw,ward,0.3265259563922882
353.0,standard,linear,euclidean,prophet,hdbscan,0.8481245040893555
283.0,standard,prophet,euclidean,prophet,hdbscan,0.8894835114479065
42.0,standard,median,euclidean,prophet,hdbscan,0.9048935770988464
253.0,standard,prophet,euclidean,prophet,hdbscan,0.8985080718994141
152.0,standard,prophet,euclidean,prophet,hdbscan,0.9029266238212585
283.0,standard,linear,euclidean,prophet,hdbscan,0.8905569911003113
438.0,standard,linear,euclidean,mode,ward,0.03995445370674133
21.0,standard,median,euclidean,prophet,hdbscan,0.9048935770988464
240.0,standard,median,euclidean,dtw,centroid,0.27926161885261536
425.0,standard,linear,euclidean,prophet,hdbscan,0.7998916506767273
183.0,standard,linear,euclidean,prophet,hdbscan,0.9049667119979858
101.0,standard,median,euclidean,prophet,hdbscan,0.9048935770988464
489.0,minmax,mean,euclidean,dtw,ward,0.43571993708610535
59.0,standard,prophet,euclidean,prophet,hdbscan,0.9034204483032227
717.0,standard,linear,euclidean,prophet,ward,0.20867036283016205
375.0,standard,mean,euclidean,prophet,weighted,0.2390017807483673
154.0,standard,mean,euclidean,prophet,hdbscan,0.9049179553985596
155.0,standard,linear,euclidean,prophet,hdbscan,0.9049179553985596
107.0,standard,mean,euclidean,prophet,hdbscan,0.9049450159072876
415.0,standard,linear,euclidean,prophet,hdbscan,0.7916752099990845
75.0,standard,median,euclidean,prophet,hdbscan,0.9048935770988464
326.0,standard,prophet,euclidean,dtw,centroid,0.4611022472381592
163.0,standard,linear,euclidean,prophet,hdbscan,0.9049179553985596
8.0,zscore,median,dtw,prophet,ward,0.13486963510513306
117.0,standard,prophet,euclidean,prophet,ward,0.42985180020332336
70.0,standard,linear,euclidean,prophet,hdbscan,0.9043170809745789
58.0,minmax,median,dtw,dtw,hdbscan,0.1660715490579605
166.0,standard,mean,euclidean,prophet,hdbscan,0.9049179553985596
64.0,minmax,linear,dtw,mode,single,2.2768319468013942e-05
149.0,standard,median,euclidean,prophet,hdbscan,0.9046114683151245
4.0,standard,median,euclidean,prophet,hdbscan,0.9048935770988464
136.0,standard,median,euclidean,prophet,hdbscan,0.9051044583320618
124.0,standard,median,euclidean,prophet,hdbscan,0.9051044583320618
372.0,standard,median,euclidean,prophet,hdbscan,0.8814674019813538
23.0,standard,linear,euclidean,prophet,hdbscan,0.9043170809745789
129.0,standard,median,euclidean,prophet,hdbscan,0.9051044583320618
1150.0,zscore,linear,euclidean,dtw,ward,0.18383735418319702
480.0,standard,linear,euclidean,dtw,ward,0.46284472942352295
184.0,standard,linear,euclidean,prophet,hdbscan,0.9049667119979858
642.0,standard,linear,euclidean,dtw,weighted,0.2824183404445648
391.0,standard,linear,euclidean,prophet,hdbscan,0.8422473669052124
117.0,standard,median,euclidean,prophet,hdbscan,0.9051044583320618
1100.0,standard,linear,euclidean,prophet,centroid,0.16202454268932343
466.0,zscore,median,dtw,dtw,ward,0.1241764947772026
178.0,standard,median,euclidean,prophet,hdbscan,0.9048935770988464
632.0,standard,linear,euclidean,dtw,ward,0.4123159646987915
74.0,standard,median,dtw,dtw,complete,0.1773504763841629
127.0,standard,median,euclidean,prophet,hdbscan,0.9051044583320618
25.0,standard,median,euclidean,prophet,hdbscan,0.9048935770988464
665.0,standard,linear,euclidean,dtw,ward,0.43514275550842285
162.0,standard,mean,euclidean,prophet,hdbscan,0.9049179553985596
681.0,standard,linear,dtw,dtw,ward,0.296729177236557
4.0,standard,median,euclidean,prophet,hdbscan,0.9048935770988464
177.0,standard,mean,euclidean,prophet,hdbscan,0.9049667119979858
332.0,standard,mean,euclidean,prophet,hdbscan,0.8522721529006958
402.0,standard,linear,euclidean,prophet,hdbscan,0.8331850171089172
42.0,standard,mean,euclidean,prophet,hdbscan,0.9043170809745789
65.0,standard,median,euclidean,prophet,hdbscan,0.9048935770988464
27.0,standard,median,euclidean,prophet,hdbscan,0.9048935770988464
4.0,standard,mean,dtw,dtw,complete,0.15542565286159515
174.0,standard,median,euclidean,prophet,hdbscan,0.9048935770988464
505.0,standard,linear,euclidean,prophet,hdbscan,0.46048542857170105
119.0,standard,median,euclidean,prophet,hdbscan,0.9051044583320618
129.0,standard,linear,euclidean,prophet,hdbscan,0.9049450159072876
254.0,standard,median,euclidean,prophet,hdbscan,0.8976433277130127
321.0,standard,mean,euclidean,prophet,hdbscan,0.8871873021125793
395.0,minmax,median,euclidean,prophet,hdbscan,0.42417222261428833
362.0,standard,linear,dtw,dtw,hdbscan,0.30543410778045654
615.0,standard,mean,euclidean,dtw,ward,0.4446027874946594
610.0,standard,prophet,euclidean,prophet,ward,0.27197426557540894
133.0,standard,median,euclidean,prophet,hdbscan,0.9051044583320618
124.0,standard,mean,euclidean,prophet,hdbscan,0.9049450159072876
568.0,standard,median,euclidean,dtw,hdbscan,0.1638781726360321
1188.0,zscore,linear,euclidean,mean,ward,0.11977967619895935
121.0,standard,linear,euclidean,prophet,hdbscan,0.9049450159072876
14.0,standard,prophet,dtw,median,ward,0.24199479818344116
704.0,standard,mean,euclidean,dtw,ward,0.38197779655456543
6.0,standard,median,euclidean,prophet,single,0.2803412079811096
381.0,standard,median,euclidean,prophet,hdbscan,0.8465070724487305
87.0,standard,median,euclidean,prophet,hdbscan,0.9048935770988464
560.0,minmax,prophet,euclidean,dtw,ward,0.5006980895996094
99.0,standard,prophet,euclidean,prophet,hdbscan,0.9034204483032227
108.0,standard,linear,euclidean,prophet,hdbscan,0.9049450159072876
435.0,standard,linear,euclidean,prophet,average,0.1977268010377884
311.0,minmax,median,euclidean,dtw,ward,0.3846692442893982
378.0,standard,prophet,euclidean,prophet,hdbscan,0.8466249704360962
133.0,standard,mean,euclidean,prophet,hdbscan,0.9049450159072876
694.0,standard,linear,euclidean,dtw,ward,0.41394007205963135
900.0,minmax,prophet,dtw,prophet,median,0.004133918322622776
132.0,standard,median,euclidean,prophet,hdbscan,0.9051044583320618
451.0,zscore,mean,euclidean,median,average,0.003782743588089943
196.0,standard,mean,euclidean,prophet,hdbscan,0.9049667119979858
202.0,standard,linear,euclidean,prophet,hdbscan,0.9028675556182861
119.0,standard,median,euclidean,prophet,hdbscan,0.9051044583320618
921.0,minmax,prophet,dtw,dtw,ward,0.3315741717815399
658.0,standard,linear,euclidean,prophet,hdbscan,0.12626349925994873
49.0,standard,median,dtw,mean,average,0.09529923647642136
177.0,standard,prophet,euclidean,prophet,hdbscan,0.902784526348114
1072.0,standard,linear,euclidean,dtw,complete,0.27487751841545105
170.0,standard,mean,euclidean,prophet,hdbscan,0.9049667119979858
722.0,standard,linear,euclidean,dtw,ward,0.36186763644218445
100.0,standard,prophet,euclidean,prophet,hdbscan,0.9034204483032227
171.0,standard,mean,euclidean,prophet,hdbscan,0.9049667119979858
177.0,standard,linear,euclidean,prophet,hdbscan,0.9049667119979858
47.0,standard,median,euclidean,prophet,hdbscan,0.9048935770988464
463.0,minmax,linear,euclidean,dtw,hdbscan,0.17726965248584747
435.0,standard,linear,euclidean,prophet,hdbscan,0.7631553411483765
439.0,standard,median,dtw,dtw,ward,0.2853247821331024
279.0,minmax,mean,euclidean,prophet,hdbscan,0.43771445751190186
186.0,standard,linear,euclidean,prophet,hdbscan,0.9049667119979858
364.0,standard,median,euclidean,prophet,hdbscan,0.8469154238700867
114.0,standard,median,euclidean,prophet,hdbscan,0.9051044583320618
52.0,standard,mean,euclidean,prophet,hdbscan,0.9043170809745789
15.0,minmax,mean,dtw,prophet,ward,0.28450968861579895
353.0,standard,linear,euclidean,prophet,hdbscan,0.8481245040893555
561.0,standard,median,dtw,dtw,ward,0.33440467715263367
421.0,standard,median,euclidean,prophet,hdbscan,0.8082618713378906
3.0,standard,prophet,euclidean,prophet,hdbscan,0.9034204483032227
343.0,minmax,linear,euclidean,dtw,ward,0.42292383313179016
143.0,standard,median,euclidean,prophet,hdbscan,0.9051044583320618
15.0,standard,linear,euclidean,prophet,weighted,0.3378906548023224
541.0,zscore,median,euclidean,prophet,ward,0.0498507060110569
126.0,standard,mean,euclidean,prophet,hdbscan,0.9049450159072876
460.0,standard,mean,euclidean,prophet,ward,0.3236568868160248
385.0,standard,linear,euclidean,prophet,hdbscan,0.8780767321586609
181.0,standard,median,euclidean,prophet,hdbscan,0.9048935770988464
20.0,standard,linear,dtw,prophet,hdbscan,0.3666377365589142
505.0,minmax,linear,dtw,dtw,ward,0.3883141279220581
174.0,standard,mean,euclidean,prophet,hdbscan,0.9049667119979858
321.0,standard,mean,euclidean,prophet,hdbscan,0.8871873021125793
1186.0,standard,mean,dtw,prophet,ward,0.15698422491550446
239.0,standard,median,euclidean,prophet,hdbscan,0.8998813629150391
96.0,standard,linear,euclidean,prophet,complete,0.13545790314674377
131.0,standard,median,euclidean,prophet,hdbscan,0.9051044583320618
103.0,minmax,linear,euclidean,prophet,weighted,0.2654585838317871
178.0,standard,median,euclidean,prophet,hdbscan,0.9048935770988464
438.0,standard,linear,euclidean,mode,ward,0.03995445370674133
169.0,standard,mean,euclidean,prophet,hdbscan,0.9049667119979858
294.0,standard,linear,euclidean,prophet,hdbscan,0.8906391859054565
316.0,standard,prophet,euclidean,prophet,hdbscan,0.8894835114479065
555.0,minmax,linear,euclidean,prophet,hdbscan,0.26691168546676636
42.0,standard,mean,euclidean,prophet,hdbscan,0.9043170809745789
119.0,standard,median,euclidean,prophet,hdbscan,0.9051044583320618
190.0,standard,mean,euclidean,prophet,hdbscan,0.9049667119979858
179.0,standard,linear,euclidean,prophet,hdbscan,0.9049667119979858
11.0,standard,mean,euclidean,prophet,hdbscan,0.9043170809745789
165.0,standard,mean,euclidean,prophet,average,0.2350580245256424
60.0,standard,linear,euclidean,prophet,centroid,0.2360856831073761
506.0,standard,median,dtw,prophet,ward,0.1915862262248993
31.0,standard,median,euclidean,prophet,hdbscan,0.9048935770988464
127.0,standard,mean,euclidean,prophet,hdbscan,0.9049450159072876
8.0,standard,median,euclidean,dtw,single,6.979847967159003e-05
506.0,standard,median,dtw,prophet,ward,0.1915862262248993
900.0,minmax,prophet,dtw,prophet,median,0.004133918322622776
179.0,standard,mean,euclidean,prophet,hdbscan,0.9049667119979858
91.0,standard,prophet,euclidean,prophet,hdbscan,0.9034204483032227
38.0,zscore,mean,dtw,mean,weighted,0.04344916343688965
120.0,standard,median,euclidean,prophet,hdbscan,0.9051044583320618
1161.0,zscore,linear,euclidean,dtw,ward,0.18448778986930847
1049.0,standard,linear,dtw,dtw,centroid,0.18231366574764252
1022.0,standard,prophet,euclidean,dtw,median,0.2079891413450241
58.0,standard,linear,euclidean,dtw,weighted,0.2554442584514618
116.0,standard,prophet,euclidean,dtw,hdbscan,0.22536665201187134
174.0,standard,median,euclidean,prophet,hdbscan,0.9048935770988464
578.0,standard,mean,euclidean,prophet,hdbscan,0.2970084249973297
129.0,standard,median,euclidean,prophet,hdbscan,0.9051044583320618
650.0,standard,median,euclidean,dtw,single,7.098472269717604e-05
301.0,standard,mean,euclidean,mode,complete,0.05881590023636818
864.0,minmax,prophet,dtw,prophet,average,0.12173999845981598
917.0,standard,prophet,euclidean,dtw,median,0.14251455664634705
170.0,standard,median,euclidean,prophet,hdbscan,0.9048935770988464
23.0,standard,linear,dtw,mode,ward,0.17541633546352386
688.0,standard,median,euclidean,dtw,ward,0.43280643224716187
88.0,standard,mean,euclidean,prophet,hdbscan,0.9043170809745789
39.0,standard,mean,dtw,dtw,hdbscan,0.36071085929870605
992.0,standard,mean,euclidean,dtw,hdbscan,0.20073634386062622
150.0,standard,linear,euclidean,prophet,hdbscan,0.9049179553985596
748.0,minmax,linear,euclidean,dtw,ward,0.3750794529914856
295.0,standard,median,euclidean,prophet,hdbscan,0.8908079862594604
577.0,standard,median,euclidean,dtw,ward,0.4361865520477295
181.0,standard,median,euclidean,prophet,hdbscan,0.9048935770988464
716.0,minmax,linear,euclidean,dtw,ward,0.4300059378147125
591.0,standard,linear,euclidean,dtw,weighted,0.23062871396541595
473.0,standard,linear,euclidean,prophet,hdbscan,0.6157017946243286
137.0,standard,median,euclidean,prophet,hdbscan,0.9051044583320618
767.0,standard,median,euclidean,dtw,centroid,0.18657968938350677
542.0,standard,linear,euclidean,dtw,hdbscan,0.1863277107477188
212.0,standard,median,euclidean,prophet,hdbscan,0.9006083607673645
131.0,standard,median,euclidean,prophet,hdbscan,0.9051044583320618
6.0,zscore,linear,euclidean,prophet,complete,0.001702497131191194
33.0,standard,linear,euclidean,prophet,hdbscan,0.9043170809745789
750.0,minmax,median,euclidean,median,ward,0.037498559802770615
276.0,standard,mean,euclidean,prophet,hdbscan,0.8903607130050659
402.0,standard,linear,euclidean,dtw,median,0.21483273804187775
20.0,standard,mean,euclidean,prophet,hdbscan,0.9043170809745789
505.0,standard,linear,euclidean,prophet,hdbscan,0.46048542857170105
451.0,zscore,mean,euclidean,median,average,0.003782743588089943
146.0,standard,linear,euclidean,prophet,hdbscan,0.9049450159072876
1049.0,standard,linear,dtw,dtw,centroid,0.18231366574764252
704.0,standard,mean,euclidean,dtw,ward,0.38197779655456543
84.0,standard,median,euclidean,prophet,hdbscan,0.9048935770988464
723.0,standard,linear,dtw,dtw,ward,0.3024485409259796
404.0,minmax,linear,dtw,dtw,ward,0.4481953978538513
24.0,standard,prophet,euclidean,prophet,hdbscan,0.9034204483032227
784.0,minmax,linear,euclidean,prophet,ward,0.2137705534696579
38.0,zscore,mean,dtw,mean,weighted,0.04344916343688965
15.0,minmax,mean,dtw,prophet,ward,0.28450968861579895
723.0,standard,linear,dtw,dtw,ward,0.3024485409259796
95.0,standard,linear,euclidean,median,ward,0.3836672306060791
128.0,standard,median,euclidean,prophet,hdbscan,0.9051044583320618
18.0,standard,mean,euclidean,prophet,hdbscan,0.9043170809745789
248.0,standard,linear,euclidean,prophet,hdbscan,0.8988906145095825
727.0,standard,linear,dtw,dtw,weighted,0.2704305350780487
129.0,standard,mean,euclidean,prophet,hdbscan,0.9049450159072876
12.0,standard,mean,euclidean,prophet,hdbscan,0.9043170809745789
529.0,zscore,mean,euclidean,dtw,hdbscan,0.0010000000474974513
463.0,minmax,linear,euclidean,dtw,hdbscan,0.17726965248584747
22.0,minmax,median,euclidean,prophet,hdbscan,0.6667976975440979
70.0,standard,prophet,euclidean,prophet,hdbscan,0.9034204483032227
147.0,minmax,mean,dtw,dtw,centroid,0.08512555807828903
89.0,standard,mean,euclidean,prophet,hdbscan,0.9043170809745789
116.0,standard,median,euclidean,prophet,hdbscan,0.9051044583320618
659.0,standard,prophet,dtw,mode,ward,0.04918315261602402
139.0,standard,median,euclidean,prophet,hdbscan,0.9051044583320618
163.0,zscore,prophet,euclidean,dtw,ward,0.006625044159591198
277.0,standard,median,euclidean,prophet,hdbscan,0.8901892900466919
308.0,standard,mean,euclidean,prophet,hdbscan,0.8897601962089539
425.0,minmax,median,euclidean,prophet,hdbscan,0.5461316108703613
449.0,standard,linear,euclidean,prophet,hdbscan,0.7142852544784546
750.0,standard,linear,euclidean,dtw,average,0.23971349000930786
82.0,standard,median,euclidean,prophet,hdbscan,0.9048935770988464
590.0,minmax,linear,euclidean,prophet,ward,0.25104373693466187
785.0,zscore,linear,dtw,mean,ward,0.11354641616344452
387.0,standard,median,euclidean,prophet,hdbscan,0.8434118628501892
1188.0,standard,linear,euclidean,prophet,ward,0.16769999265670776
308.0,standard,median,euclidean,prophet,hdbscan,0.890129566192627
410.0,zscore,linear,euclidean,dtw,ward,0.1409393697977066
162.0,standard,mean,euclidean,prophet,hdbscan,0.9049179553985596
120.0,standard,median,euclidean,prophet,hdbscan,0.9051044583320618
401.0,standard,prophet,euclidean,prophet,hdbscan,0.8338649272918701
237.0,standard,linear,euclidean,prophet,hdbscan,0.9000586271286011
152.0,standard,mean,euclidean,prophet,hdbscan,0.9049179553985596
171.0,standard,mean,euclidean,prophet,hdbscan,0.9049667119979858
403.0,standard,linear,dtw,median,ward,0.08657153695821762
126.0,standard,median,euclidean,prophet,hdbscan,0.9051044583320618
375.0,standard,mean,euclidean,prophet,weighted,0.2390017807483673
19.0,zscore,prophet,euclidean,dtw,ward,0.16195707023143768
22.0,minmax,median,euclidean,prophet,hdbscan,0.6667976975440979
249.0,standard,median,euclidean,prophet,hdbscan,0.8988388776779175
166.0,standard,mean,euclidean,prophet,hdbscan,0.9049179553985596
138.0,standard,median,euclidean,prophet,hdbscan,0.9051044583320618
260.0,standard,linear,euclidean,prophet,hdbscan,0.8924016356468201
395.0,standard,linear,euclidean,median,ward,0.11874009668827057
224.0,zscore,mean,euclidean,median,single,5.2696603233926e-05
175.0,standard,mean,euclidean,prophet,hdbscan,0.9049667119979858
351.0,standard,mean,euclidean,prophet,hdbscan,0.8476524949073792
51.0,standard,mean,euclidean,prophet,hdbscan,0.9043170809745789
70.0,standard,mean,euclidean,prophet,hdbscan,0.9043170809745789
506.0,standard,linear,euclidean,dtw,ward,0.45300403237342834
88.0,standard,linear,euclidean,prophet,hdbscan,0.9043170809745789
