Comperiod,Scaling,Interpolation,Similarity,Unsynced,Linkmeth,ray/tune/_metric
136.0,standard,linear,dtw,prophet,ward,0.2311054915189743
12.0,standard,mean,euclidean,prophet,ward,0.29440537095069885
133.0,standard,median,euclidean,prophet,average,0.35112956166267395
169.0,standard,median,dtw,prophet,ward,0.29424425959587097
4.0,minmax,linear,dtw,prophet,median,0.2297559529542923
284.0,standard,mean,euclidean,prophet,ward,0.23422041535377502
141.0,standard,prophet,euclidean,prophet,median,0.02465730905532837
98.0,standard,mean,dtw,prophet,complete,0.28360825777053833
879.0,minmax,linear,dtw,dtw,complete,0.10312510281801224
19.0,standard,median,dtw,prophet,complete,0.2670542299747467
44.0,standard,mean,dtw,dtw,ward,0.24553602933883667
114.0,standard,median,dtw,prophet,ward,0.32174673676490784
122.0,standard,median,dtw,prophet,ward,0.32174673676490784
62.0,standard,linear,euclidean,prophet,average,0.3473340570926666
615.0,standard,linear,dtw,prophet,ward,0.25993311405181885
57.0,standard,median,dtw,prophet,complete,0.2670542299747467
321.0,standard,median,dtw,prophet,ward,0.24673831462860107
130.0,standard,median,euclidean,prophet,average,0.35112956166267395
138.0,standard,prophet,euclidean,prophet,average,0.3204752504825592
249.0,standard,median,euclidean,prophet,ward,0.27029910683631897
126.0,standard,mean,dtw,prophet,complete,0.27778005599975586
118.0,standard,median,euclidean,prophet,average,0.3721373379230499
438.0,standard,median,dtw,prophet,ward,0.2400665134191513
150.0,standard,median,euclidean,prophet,ward,0.2585951089859009
420.0,standard,mean,euclidean,mode,complete,0.09246798604726791
5.0,standard,mean,dtw,prophet,ward,0.28402477502822876
115.0,standard,linear,euclidean,prophet,average,0.3441829979419708
628.0,minmax,mean,dtw,prophet,complete,0.18351536989212036
256.0,standard,linear,dtw,prophet,ward,0.2419748455286026
247.0,standard,median,dtw,prophet,ward,0.23722043633460999
4.0,minmax,mean,dtw,prophet,centroid,0.20598867535591125
142.0,standard,median,euclidean,prophet,complete,0.3311315178871155
131.0,standard,prophet,euclidean,prophet,complete,0.2512710988521576
185.0,standard,median,euclidean,prophet,average,0.3591766357421875
141.0,minmax,mean,dtw,prophet,median,0.33122557401657104
172.0,standard,median,euclidean,prophet,average,0.3406222462654114
152.0,standard,median,dtw,prophet,ward,0.3177857995033264
342.0,standard,linear,dtw,prophet,ward,0.22143791615962982
472.0,standard,linear,dtw,prophet,ward,0.24103349447250366
316.0,standard,median,dtw,prophet,complete,0.26343920826911926
863.0,standard,mean,dtw,prophet,complete,0.2060588002204895
113.0,standard,median,euclidean,prophet,average,0.3721373379230499
95.0,minmax,mean,dtw,prophet,median,0.3313693702220917
209.0,standard,median,dtw,prophet,ward,0.3010807931423187
216.0,standard,median,dtw,prophet,ward,0.32562389969825745
464.0,standard,linear,dtw,prophet,ward,0.25116899609565735
113.0,standard,mean,dtw,prophet,ward,0.2818640172481537
543.0,zscore,median,euclidean,median,median,0.0001504421525169164
168.0,standard,prophet,euclidean,prophet,average,0.2969314157962799
52.0,standard,mean,dtw,prophet,complete,0.2829882800579071
91.0,standard,mean,dtw,prophet,ward,0.2818640172481537
55.0,standard,median,euclidean,prophet,average,0.2288813591003418
475.0,standard,median,euclidean,prophet,ward,0.2630055248737335
489.0,minmax,mean,dtw,dtw,average,0.15333609282970428
501.0,minmax,prophet,dtw,mode,median,0.03351929411292076
139.0,standard,median,euclidean,prophet,average,0.35112956166267395
55.0,standard,mean,dtw,prophet,median,0.22326348721981049
50.0,standard,median,dtw,prophet,single,-0.0024313987232744694
180.0,standard,median,euclidean,prophet,ward,0.22772833704948425
195.0,standard,median,euclidean,prophet,average,0.3768908977508545
380.0,standard,median,dtw,prophet,complete,0.24600550532341003
192.0,standard,median,euclidean,prophet,average,0.3768908977508545
93.0,standard,median,euclidean,prophet,ward,0.3457218408584595
895.0,standard,median,dtw,mode,hdbscan,0.052181851118803024
28.0,minmax,median,dtw,prophet,ward,0.25009793043136597
16.0,standard,median,euclidean,prophet,ward,0.25400036573410034
165.0,standard,median,dtw,prophet,average,0.22239820659160614
29.0,standard,median,dtw,dtw,ward,0.23525241017341614
133.0,minmax,mean,dtw,prophet,median,0.33122557401657104
269.0,standard,median,euclidean,prophet,ward,0.2804207503795624
289.0,standard,linear,dtw,prophet,ward,0.23024864494800568
94.0,standard,median,euclidean,prophet,ward,0.3457218408584595
194.0,standard,median,euclidean,prophet,average,0.3768908977508545
142.0,standard,median,euclidean,prophet,average,0.3519291877746582
131.0,standard,median,dtw,prophet,ward,0.32174673676490784
317.0,minmax,median,dtw,mean,average,0.08056685328483582
103.0,minmax,mean,dtw,prophet,median,0.3313693702220917
94.0,standard,median,euclidean,prophet,average,0.36589840054512024
523.0,zscore,mean,euclidean,mode,single,0.0060311839915812016
52.0,standard,linear,euclidean,prophet,average,0.3473340570926666
100.0,standard,median,euclidean,prophet,ward,0.2720993459224701
136.0,standard,median,euclidean,prophet,hdbscan,0.12887148559093475
195.0,minmax,mean,dtw,prophet,median,0.17389947175979614
147.0,minmax,mean,dtw,prophet,median,0.33122557401657104
95.0,standard,mean,euclidean,dtw,complete,0.21115930378437042
860.0,minmax,prophet,euclidean,prophet,median,0.06257516890764236
168.0,standard,median,dtw,prophet,complete,0.2287956029176712
395.0,standard,median,euclidean,prophet,ward,0.2650695741176605
14.0,standard,prophet,euclidean,prophet,average,0.36075741052627563
127.0,standard,linear,euclidean,prophet,average,0.34098970890045166
149.0,minmax,mean,dtw,prophet,median,0.33122557401657104
156.0,minmax,mean,dtw,prophet,ward,0.18456795811653137
244.0,standard,linear,dtw,prophet,ward,0.2420157790184021
79.0,standard,mean,dtw,prophet,complete,0.28360825777053833
145.0,standard,mean,dtw,prophet,complete,0.27778005599975586
215.0,minmax,linear,euclidean,prophet,complete,0.2008243054151535
810.0,standard,mean,dtw,mean,complete,0.037666212767362595
179.0,standard,median,euclidean,prophet,average,0.3591766357421875
156.0,minmax,median,dtw,prophet,median,0.31366413831710815
109.0,standard,mean,euclidean,prophet,complete,0.29469919204711914
295.0,standard,median,euclidean,prophet,ward,0.2601270079612732
581.0,standard,mean,dtw,prophet,ward,0.2715355157852173
133.0,standard,mean,dtw,prophet,ward,0.2818640172481537
147.0,standard,median,euclidean,prophet,complete,0.3311315178871155
111.0,standard,mean,dtw,dtw,ward,0.23844106495380402
201.0,standard,median,dtw,prophet,ward,0.30144596099853516
114.0,standard,median,euclidean,prophet,average,0.3721373379230499
84.0,standard,median,dtw,prophet,complete,0.27522483468055725
93.0,minmax,prophet,euclidean,prophet,ward,0.19419565796852112
178.0,standard,mean,dtw,prophet,ward,0.2659302353858948
137.0,standard,median,euclidean,prophet,ward,0.2876097857952118
99.0,standard,median,euclidean,prophet,average,0.3721373379230499
217.0,minmax,mean,dtw,dtw,median,0.17374339699745178
723.0,minmax,prophet,euclidean,prophet,ward,0.20293709635734558
89.0,standard,linear,dtw,prophet,average,0.24488069117069244
273.0,standard,median,dtw,prophet,ward,0.252755731344223
299.0,standard,mean,dtw,prophet,complete,0.242361918091774
202.0,standard,prophet,euclidean,prophet,average,0.22156374156475067
232.0,standard,mean,dtw,prophet,ward,0.27389249205589294
363.0,standard,median,euclidean,prophet,complete,0.24847601354122162
49.0,minmax,mean,euclidean,prophet,median,0.024384133517742157
247.0,standard,median,dtw,prophet,complete,0.24213245511054993
242.0,standard,median,dtw,prophet,average,0.23099051415920258
876.0,zscore,median,dtw,mode,ward,8.064459689194337e-05
356.0,minmax,linear,dtw,prophet,ward,0.26600390672683716
143.0,standard,median,dtw,prophet,complete,0.255216509103775
143.0,minmax,mean,dtw,prophet,median,0.33122557401657104
382.0,standard,median,euclidean,prophet,ward,0.27001139521598816
108.0,standard,median,euclidean,prophet,average,0.3721373379230499
62.0,minmax,mean,dtw,prophet,median,0.31993696093559265
103.0,standard,prophet,euclidean,prophet,average,0.32087165117263794
11.0,standard,mean,euclidean,prophet,median,0.06380532681941986
154.0,minmax,linear,dtw,prophet,centroid,0.14141927659511566
149.0,minmax,linear,euclidean,prophet,average,0.11920496076345444
277.0,standard,median,dtw,prophet,complete,0.2847653329372406
127.0,standard,median,euclidean,prophet,ward,0.2876097857952118
191.0,standard,median,euclidean,prophet,average,0.3768908977508545
102.0,standard,linear,dtw,prophet,ward,0.23070183396339417
41.0,minmax,prophet,dtw,prophet,complete,0.21180839836597443
80.0,standard,mean,euclidean,prophet,ward,0.2874966263771057
152.0,minmax,mean,dtw,prophet,weighted,0.16931171715259552
138.0,minmax,mean,dtw,prophet,median,0.33122557401657104
894.0,minmax,linear,dtw,prophet,average,0.1593620628118515
109.0,standard,mean,euclidean,prophet,ward,0.2662505805492401
896.0,standard,mean,dtw,prophet,ward,0.2642103135585785
106.0,standard,median,euclidean,prophet,average,0.3721373379230499
465.0,standard,linear,dtw,prophet,ward,0.24298730492591858
188.0,standard,median,euclidean,prophet,average,0.368145227432251
513.0,standard,linear,dtw,prophet,ward,0.22913536429405212
3.0,standard,median,dtw,mode,ward,0.22364793717861176
23.0,standard,median,dtw,median,ward,0.3097155690193176
253.0,standard,linear,dtw,prophet,complete,0.19619084894657135
19.0,minmax,median,euclidean,prophet,ward,0.1516452133655548
8.0,standard,median,dtw,prophet,average,0.24174416065216064
79.0,standard,median,euclidean,prophet,ward,0.2539161741733551
179.0,minmax,prophet,dtw,prophet,median,0.21747428178787231
213.0,standard,median,dtw,prophet,ward,0.3010807931423187
111.0,standard,median,dtw,prophet,average,0.124623142182827
4.0,standard,prophet,euclidean,prophet,complete,0.2894305884838104
28.0,standard,linear,dtw,prophet,ward,0.23600955307483673
143.0,standard,median,euclidean,prophet,single,0.010215413756668568
81.0,minmax,mean,dtw,prophet,median,0.3313693702220917
98.0,standard,mean,euclidean,prophet,average,0.3297884166240692
149.0,standard,median,euclidean,prophet,average,0.3519291877746582
12.0,minmax,mean,dtw,prophet,median,0.31993696093559265
538.0,standard,median,dtw,prophet,ward,0.2764497995376587
129.0,minmax,linear,euclidean,dtw,ward,0.15917877852916718
37.0,standard,linear,dtw,prophet,complete,0.3075985908508301
208.0,standard,median,euclidean,prophet,ward,0.2649352550506592
120.0,standard,median,euclidean,mode,average,0.10780170559883118
138.0,standard,median,euclidean,prophet,average,0.35112956166267395
672.0,minmax,median,dtw,dtw,average,0.11426187306642532
312.0,standard,median,dtw,prophet,ward,0.24673831462860107
260.0,standard,median,euclidean,prophet,average,0.25206735730171204
78.0,standard,median,dtw,prophet,ward,0.2915739119052887
884.0,zscore,mean,euclidean,mode,centroid,0.0060311839915812016
190.0,standard,mean,dtw,prophet,average,0.1665303260087967
231.0,standard,linear,dtw,prophet,ward,0.29777371883392334
685.0,standard,linear,dtw,prophet,ward,0.2586568295955658
84.0,minmax,mean,euclidean,prophet,weighted,0.21670426428318024
219.0,standard,median,dtw,prophet,ward,0.2970525026321411
144.0,standard,median,euclidean,prophet,complete,0.3311315178871155
730.0,standard,linear,dtw,prophet,complete,0.22423279285430908
32.0,standard,prophet,dtw,prophet,ward,0.24609261751174927
31.0,standard,median,euclidean,dtw,average,0.1387982815504074
891.0,minmax,linear,dtw,dtw,centroid,0.11006629467010498
146.0,standard,median,euclidean,prophet,average,0.3519291877746582
146.0,standard,mean,dtw,prophet,median,0.22326348721981049
635.0,standard,linear,dtw,prophet,ward,0.25993311405181885
213.0,standard,median,euclidean,prophet,average,0.253074049949646
887.0,zscore,prophet,dtw,prophet,median,0.007899546064436436
100.0,standard,median,euclidean,prophet,average,0.3721373379230499
446.0,standard,mean,dtw,prophet,ward,0.23623965680599213
188.0,standard,median,dtw,prophet,average,0.22284361720085144
5.0,minmax,linear,dtw,prophet,complete,0.2444389909505844
893.0,standard,mean,dtw,prophet,ward,0.26595157384872437
162.0,standard,mean,euclidean,prophet,ward,0.24313561618328094
69.0,standard,median,dtw,prophet,average,0.26547372341156006
64.0,minmax,mean,dtw,prophet,median,0.31993696093559265
85.0,minmax,mean,dtw,prophet,median,0.3313693702220917
163.0,standard,median,dtw,prophet,ward,0.29424425959587097
875.0,standard,mean,euclidean,prophet,centroid,0.12377626448869705
111.0,standard,median,euclidean,prophet,average,0.3721373379230499
137.0,standard,median,dtw,prophet,ward,0.32174673676490784
334.0,standard,mean,euclidean,prophet,ward,0.23576270043849945
228.0,standard,median,euclidean,prophet,ward,0.28320127725601196
416.0,standard,linear,dtw,prophet,ward,0.23046250641345978
48.0,standard,prophet,euclidean,prophet,average,0.3329014182090759
236.0,standard,median,dtw,prophet,ward,0.2960469722747803
873.0,standard,median,dtw,prophet,ward,0.21237370371818542
244.0,standard,mean,euclidean,prophet,ward,0.21666941046714783
113.0,minmax,mean,dtw,prophet,median,0.33122557401657104
176.0,standard,median,euclidean,prophet,average,0.3591766357421875
294.0,standard,median,dtw,prophet,complete,0.2371794879436493
552.0,minmax,linear,euclidean,mean,single,0.03684176132082939
30.0,standard,mean,euclidean,prophet,complete,0.24782578647136688
95.0,standard,median,euclidean,prophet,average,0.36589840054512024
877.0,minmax,median,euclidean,prophet,centroid,0.14026422798633575
71.0,standard,prophet,dtw,prophet,complete,0.29090526700019836
888.0,standard,linear,dtw,prophet,ward,0.2644120454788208
190.0,standard,median,euclidean,prophet,average,0.3768908977508545
58.0,minmax,mean,dtw,prophet,ward,0.13600850105285645
62.0,standard,median,dtw,median,ward,0.2018628567457199
103.0,standard,median,euclidean,prophet,average,0.3721373379230499
123.0,minmax,median,dtw,prophet,median,0.08969885855913162
46.0,standard,prophet,dtw,prophet,median,0.2000928521156311
159.0,minmax,linear,dtw,prophet,complete,0.21016058325767517
550.0,standard,median,dtw,prophet,ward,0.27810075879096985
90.0,standard,median,euclidean,prophet,ward,0.3465551435947418
369.0,standard,prophet,dtw,prophet,weighted,0.11022212356328964
91.0,standard,prophet,euclidean,prophet,ward,0.23707883059978485
119.0,standard,median,euclidean,prophet,complete,0.20063117146492004
411.0,standard,linear,dtw,prophet,ward,0.2322060465812683
262.0,standard,mean,dtw,prophet,average,0.1582997441291809
149.0,minmax,linear,dtw,prophet,ward,0.2544676661491394
103.0,standard,median,dtw,prophet,ward,0.3223845362663269
105.0,standard,mean,euclidean,prophet,average,0.3297884166240692
146.0,minmax,mean,dtw,prophet,average,0.18392331898212433
10.0,standard,median,dtw,prophet,ward,0.2947937548160553
857.0,minmax,mean,dtw,dtw,median,0.011918218806385994
217.0,standard,mean,dtw,prophet,ward,0.262923926115036
132.0,standard,median,euclidean,prophet,complete,0.3311315178871155
231.0,standard,median,dtw,prophet,ward,0.2960469722747803
143.0,standard,linear,euclidean,prophet,average,0.3428625464439392
102.0,standard,median,euclidean,prophet,average,0.3721373379230499
142.0,minmax,mean,dtw,prophet,median,0.33122557401657104
197.0,standard,median,euclidean,prophet,average,0.3768908977508545
134.0,standard,median,euclidean,prophet,average,0.35112956166267395
144.0,standard,median,euclidean,prophet,average,0.3519291877746582
147.0,minmax,median,dtw,prophet,ward,0.23680740594863892
46.0,minmax,mean,dtw,prophet,median,0.31993696093559265
216.0,standard,linear,dtw,prophet,ward,0.2094617486000061
110.0,standard,median,euclidean,prophet,average,0.3721373379230499
42.0,standard,mean,dtw,prophet,average,0.23270200192928314
896.0,minmax,prophet,dtw,prophet,median,0.1769162267446518
91.0,standard,median,euclidean,prophet,ward,0.3465551435947418
93.0,standard,prophet,euclidean,prophet,average,0.32396411895751953
881.0,standard,linear,dtw,prophet,ward,0.2644120454788208
129.0,standard,median,euclidean,prophet,complete,0.3311315178871155
126.0,minmax,mean,dtw,prophet,median,0.33122557401657104
57.0,standard,linear,euclidean,prophet,ward,0.2895103096961975
36.0,standard,linear,euclidean,prophet,average,0.3473340570926666
13.0,standard,linear,dtw,prophet,complete,0.3090379238128662
11.0,standard,linear,euclidean,prophet,average,0.33549991250038147
57.0,standard,prophet,euclidean,prophet,average,0.35669440031051636
80.0,standard,median,euclidean,prophet,complete,0.22357279062271118
341.0,standard,median,dtw,prophet,average,0.25123757123947144
182.0,standard,median,euclidean,prophet,average,0.3406222462654114
148.0,minmax,mean,dtw,prophet,median,0.33122557401657104
746.0,minmax,median,dtw,prophet,single,0.007183153182268143
2.0,minmax,linear,dtw,mean,single,0.014933381229639053
642.0,minmax,median,dtw,prophet,weighted,0.12449825555086136
141.0,minmax,mean,dtw,prophet,complete,0.2571161091327667
850.0,minmax,prophet,dtw,median,hdbscan,0.03397183120250702
490.0,standard,median,dtw,prophet,ward,0.2596351206302643
252.0,standard,mean,dtw,prophet,ward,0.27103865146636963
887.0,minmax,linear,dtw,prophet,ward,0.26751282811164856
89.0,minmax,median,dtw,prophet,ward,0.24354922771453857
148.0,standard,mean,euclidean,prophet,complete,0.15977993607521057
100.0,zscore,median,euclidean,prophet,average,0.03588593751192093
109.0,standard,mean,dtw,prophet,average,0.15309907495975494
47.0,standard,median,euclidean,median,ward,0.25464001297950745
178.0,standard,median,dtw,prophet,ward,0.31370604038238525
151.0,minmax,mean,dtw,prophet,median,0.33122557401657104
154.0,minmax,mean,dtw,prophet,median,0.33122557401657104
18.0,standard,mean,dtw,mean,ward,0.20365147292613983
163.0,standard,mean,dtw,prophet,complete,0.2823528051376343
397.0,standard,mean,dtw,prophet,ward,0.24314798414707184
147.0,standard,median,dtw,prophet,median,0.22023805975914001
378.0,standard,mean,dtw,prophet,ward,0.24752740561962128
31.0,standard,linear,euclidean,dtw,ward,0.22622071206569672
4.0,standard,median,dtw,prophet,median,0.2959727644920349
305.0,standard,median,dtw,prophet,average,0.23875799775123596
4.0,standard,prophet,dtw,prophet,average,0.2855618894100189
217.0,standard,median,dtw,prophet,complete,0.24532192945480347
156.0,standard,linear,dtw,prophet,median,0.25026649236679077
190.0,standard,median,dtw,prophet,median,0.2349320501089096
65.0,standard,median,euclidean,prophet,ward,0.2539161741733551
80.0,standard,linear,euclidean,prophet,complete,0.2833959460258484
450.0,zscore,mean,dtw,median,centroid,-0.007610273081809282
143.0,standard,median,euclidean,prophet,average,0.3519291877746582
261.0,standard,linear,dtw,prophet,ward,0.24231937527656555
301.0,standard,mean,dtw,prophet,ward,0.27002233266830444
858.0,minmax,prophet,euclidean,mode,median,-0.01797380857169628
122.0,standard,median,euclidean,prophet,average,0.37146496772766113
266.0,standard,median,dtw,prophet,average,0.2685723304748535
109.0,standard,prophet,dtw,prophet,ward,0.23215018212795258
164.0,standard,mean,euclidean,prophet,average,0.24270153045654297
148.0,standard,linear,euclidean,prophet,average,0.3428625464439392
150.0,minmax,median,dtw,prophet,median,0.31366413831710815
92.0,standard,median,euclidean,prophet,ward,0.3457218408584595
83.0,minmax,mean,dtw,prophet,median,0.3313693702220917
118.0,minmax,mean,dtw,prophet,median,0.33122557401657104
68.0,standard,mean,euclidean,prophet,average,0.22449849545955658
104.0,standard,median,euclidean,prophet,average,0.3721373379230499
2.0,standard,median,euclidean,prophet,complete,0.3277737498283386
675.0,minmax,prophet,dtw,prophet,median,0.17650964856147766
897.0,standard,prophet,dtw,prophet,centroid,0.23273511230945587
134.0,minmax,mean,dtw,prophet,median,0.33122557401657104
226.0,standard,linear,dtw,prophet,ward,0.2170219123363495
255.0,standard,median,dtw,prophet,ward,0.2415100485086441
39.0,standard,linear,dtw,prophet,ward,0.23600955307483673
862.0,minmax,linear,euclidean,prophet,complete,0.17888490855693817
136.0,standard,median,euclidean,prophet,complete,0.3311315178871155
12.0,standard,median,euclidean,prophet,average,0.3305880129337311
90.0,standard,mean,euclidean,prophet,complete,0.332513689994812
93.0,standard,median,dtw,prophet,ward,0.3223845362663269
21.0,minmax,linear,dtw,median,single,0.011196657083928585
846.0,standard,linear,dtw,prophet,average,0.2541409432888031
132.0,standard,median,euclidean,prophet,average,0.35112956166267395
123.0,standard,prophet,euclidean,prophet,average,0.32473108172416687
303.0,standard,median,euclidean,prophet,average,0.22808809578418732
224.0,minmax,linear,dtw,prophet,ward,0.1819126456975937
856.0,standard,linear,euclidean,mode,median,0.00453487504273653
195.0,standard,mean,dtw,prophet,ward,0.2533533573150635
102.0,standard,median,euclidean,prophet,complete,0.2303045094013214
119.0,minmax,mean,dtw,prophet,ward,0.17912770807743073
184.0,standard,median,dtw,prophet,ward,0.31370604038238525
43.0,minmax,median,dtw,prophet,average,0.2388470321893692
139.0,minmax,linear,dtw,prophet,median,0.17853547632694244
28.0,minmax,mean,euclidean,prophet,average,0.20880372822284698
85.0,standard,median,euclidean,prophet,average,0.3270516097545624
115.0,standard,median,euclidean,prophet,average,0.3721373379230499
198.0,standard,median,euclidean,prophet,average,0.3768908977508545
127.0,standard,mean,euclidean,prophet,average,0.2066572606563568
114.0,standard,median,euclidean,prophet,centroid,0.025170888751745224
158.0,standard,median,dtw,prophet,ward,0.3177857995033264
136.0,standard,prophet,dtw,prophet,average,0.26020973920822144
110.0,standard,prophet,dtw,prophet,complete,0.2812844216823578
124.0,standard,median,euclidean,prophet,average,0.37146496772766113
361.0,standard,median,euclidean,prophet,ward,0.253542423248291
234.0,standard,median,euclidean,prophet,complete,0.26154884696006775
51.0,standard,median,dtw,prophet,ward,0.30632221698760986
101.0,minmax,mean,dtw,prophet,median,0.3313693702220917
156.0,standard,prophet,euclidean,prophet,average,0.3192976117134094
82.0,standard,mean,euclidean,prophet,average,0.32900479435920715
452.0,standard,linear,dtw,prophet,ward,0.23402853310108185
231.0,standard,prophet,dtw,prophet,centroid,0.10609575361013412
232.0,standard,mean,euclidean,prophet,complete,0.21351024508476257
121.0,minmax,prophet,dtw,prophet,median,0.212262362241745
129.0,minmax,mean,dtw,prophet,median,0.33122557401657104
122.0,standard,linear,euclidean,prophet,ward,0.2691231369972229
403.0,standard,median,dtw,prophet,average,0.23029664158821106
745.0,minmax,mean,euclidean,prophet,hdbscan,0.023897478356957436
125.0,standard,median,euclidean,prophet,complete,0.3311315178871155
85.0,minmax,median,dtw,prophet,complete,0.2286975085735321
93.0,standard,median,dtw,dtw,complete,0.15617884695529938
188.0,standard,linear,dtw,prophet,ward,0.24978724122047424
113.0,standard,median,euclidean,prophet,ward,0.2720993459224701
307.0,standard,linear,dtw,prophet,ward,0.21375617384910583
98.0,standard,median,euclidean,prophet,average,0.3721373379230499
390.0,standard,median,dtw,prophet,ward,0.26350072026252747
46.0,standard,mean,dtw,prophet,ward,0.2655012309551239
315.0,standard,median,euclidean,prophet,ward,0.2743180990219116
162.0,minmax,prophet,dtw,mean,hdbscan,-0.04562297463417053
140.0,minmax,mean,dtw,prophet,median,0.33122557401657104
119.0,standard,median,dtw,prophet,weighted,0.21554681658744812
201.0,standard,median,euclidean,prophet,average,0.36819732189178467
64.0,minmax,linear,euclidean,prophet,complete,0.23505400121212006
127.0,standard,median,euclidean,prophet,average,0.35112956166267395
3.0,standard,mean,euclidean,prophet,average,0.33076560497283936
315.0,standard,mean,dtw,prophet,ward,0.235478937625885
159.0,standard,linear,dtw,prophet,ward,0.23186378180980682
12.0,standard,mean,dtw,prophet,ward,0.28402477502822876
153.0,minmax,mean,dtw,prophet,median,0.33122557401657104
45.0,standard,median,euclidean,prophet,complete,0.2747667133808136
157.0,standard,mean,dtw,prophet,ward,0.2585775554180145
116.0,minmax,mean,dtw,prophet,median,0.33122557401657104
205.0,standard,median,dtw,prophet,ward,0.3320867121219635
116.0,standard,median,euclidean,prophet,average,0.3721373379230499
273.0,standard,mean,dtw,prophet,ward,0.25989389419555664
226.0,standard,mean,euclidean,mode,complete,0.14808909595012665
564.0,standard,median,dtw,prophet,ward,0.2622978687286377
48.0,standard,mean,euclidean,prophet,ward,0.2942459285259247
242.0,standard,linear,dtw,prophet,ward,0.25841251015663147
143.0,standard,mean,euclidean,prophet,ward,0.24313561618328094
897.0,zscore,linear,dtw,prophet,complete,0.055253446102142334
51.0,standard,prophet,dtw,prophet,complete,0.29090526700019836
72.0,standard,prophet,euclidean,prophet,average,0.2924831807613373
353.0,standard,mean,dtw,prophet,ward,0.24306844174861908
142.0,standard,median,dtw,prophet,ward,0.3177857995033264
196.0,standard,median,euclidean,prophet,average,0.3768908977508545
193.0,standard,median,euclidean,prophet,average,0.3768908977508545
339.0,standard,median,euclidean,prophet,ward,0.25242772698402405
189.0,standard,median,euclidean,prophet,average,0.3768908977508545
9.0,standard,median,euclidean,prophet,weighted,0.12512527406215668
214.0,standard,median,dtw,prophet,ward,0.32562389969825745
70.0,standard,mean,euclidean,prophet,complete,0.2924598753452301
156.0,standard,median,euclidean,prophet,average,0.3519291877746582
117.0,standard,mean,euclidean,prophet,complete,0.29469919204711914
93.0,standard,median,euclidean,prophet,median,0.10023768991231918
148.0,minmax,prophet,dtw,prophet,median,0.212262362241745
193.0,standard,median,dtw,prophet,complete,0.20981456339359283
167.0,minmax,mean,dtw,prophet,median,0.04961172491312027
31.0,standard,prophet,euclidean,prophet,average,0.34741470217704773
445.0,zscore,median,dtw,prophet,hdbscan,0.0010000000474974513
338.0,zscore,mean,euclidean,median,average,-0.007610273081809282
30.0,standard,mean,euclidean,prophet,average,0.33076560497283936
855.0,standard,linear,dtw,prophet,ward,0.2644120454788208
198.0,standard,mean,euclidean,prophet,average,0.24301481246948242
112.0,standard,median,euclidean,prophet,average,0.3721373379230499
188.0,standard,median,euclidean,prophet,complete,0.2729845643043518
237.0,standard,mean,dtw,prophet,complete,0.2433091700077057
277.0,standard,median,euclidean,prophet,complete,0.1250465214252472
155.0,minmax,mean,dtw,prophet,median,0.33122557401657104
304.0,standard,linear,dtw,prophet,ward,0.21375617384910583
81.0,standard,median,dtw,prophet,median,0.22023805975914001
86.0,minmax,mean,dtw,prophet,median,0.3313693702220917
6.0,minmax,linear,dtw,dtw,complete,0.19036509096622467
15.0,standard,mean,dtw,dtw,complete,0.2100794017314911
161.0,minmax,prophet,dtw,prophet,median,0.27314579486846924
265.0,zscore,mean,dtw,prophet,average,0.039023444056510925
160.0,standard,median,euclidean,prophet,average,0.3519291877746582
764.0,standard,linear,dtw,prophet,ward,0.2602721154689789
129.0,standard,median,euclidean,prophet,average,0.35112956166267395
146.0,minmax,mean,dtw,prophet,median,0.33122557401657104
136.0,standard,median,dtw,dtw,ward,0.22748887538909912
144.0,minmax,median,dtw,prophet,median,0.31366413831710815
252.0,minmax,mean,euclidean,prophet,ward,0.11771625280380249
5.0,standard,mean,dtw,prophet,complete,0.2829882800579071
29.0,standard,mean,dtw,prophet,ward,0.28402477502822876
120.0,standard,median,euclidean,prophet,average,0.3721373379230499
787.0,standard,linear,dtw,dtw,centroid,0.08620168268680573
120.0,minmax,mean,dtw,prophet,median,0.33122557401657104
95.0,standard,median,dtw,dtw,ward,0.23134660720825195
376.0,standard,median,dtw,prophet,ward,0.25766897201538086
101.0,standard,median,euclidean,prophet,average,0.3721373379230499
288.0,standard,mean,dtw,prophet,ward,0.2728106677532196
33.0,minmax,mean,dtw,prophet,median,0.31993696093559265
787.0,minmax,prophet,dtw,mode,complete,-0.022537507116794586
191.0,standard,mean,dtw,prophet,complete,0.23593340814113617
437.0,standard,linear,euclidean,prophet,ward,0.23795928061008453
136.0,standard,prophet,dtw,prophet,ward,0.24681426584720612
298.0,standard,median,dtw,prophet,ward,0.2598515748977661
344.0,standard,linear,dtw,prophet,ward,0.23184345662593842
78.0,standard,mean,euclidean,prophet,complete,0.33071961998939514
119.0,standard,median,dtw,prophet,complete,0.255216509103775
109.0,standard,median,euclidean,prophet,average,0.3721373379230499
94.0,minmax,linear,dtw,prophet,average,0.17999720573425293
12.0,standard,mean,dtw,median,ward,0.20321673154830933
355.0,standard,median,dtw,prophet,ward,0.2495175004005432
184.0,standard,prophet,euclidean,prophet,average,0.2778759002685547
271.0,standard,mean,dtw,prophet,complete,0.3026425242424011
563.0,minmax,median,euclidean,median,ward,0.009226200170814991
38.0,standard,mean,euclidean,dtw,weighted,0.19035716354846954
104.0,minmax,mean,dtw,prophet,median,0.3313693702220917
871.0,minmax,prophet,euclidean,dtw,average,0.1306920200586319
92.0,standard,mean,euclidean,prophet,average,0.3297884166240692
192.0,standard,median,dtw,prophet,ward,0.3023386001586914
117.0,standard,median,dtw,prophet,ward,0.32174673676490784
73.0,minmax,mean,dtw,prophet,median,0.3313693702220917
150.0,minmax,mean,dtw,prophet,median,0.33122557401657104
163.0,standard,median,euclidean,prophet,average,0.3514658510684967
349.0,standard,median,dtw,prophet,ward,0.23580746352672577
705.0,standard,mean,dtw,prophet,ward,0.2687014639377594
452.0,zscore,prophet,dtw,prophet,single,-0.009575137868523598
134.0,standard,median,dtw,median,ward,0.17614825069904327
204.0,standard,median,euclidean,prophet,average,0.3650583326816559
127.0,minmax,mean,dtw,prophet,median,0.33122557401657104
6.0,minmax,mean,dtw,prophet,average,0.2358686327934265
576.0,standard,median,dtw,prophet,ward,0.2622978687286377
101.0,standard,prophet,euclidean,prophet,complete,0.27148592472076416
76.0,minmax,linear,dtw,prophet,ward,0.2586545944213867
9.0,minmax,prophet,dtw,prophet,ward,0.143745556473732
154.0,standard,median,euclidean,prophet,complete,0.2172960489988327
134.0,standard,mean,euclidean,prophet,complete,0.2990778684616089
107.0,standard,median,euclidean,prophet,average,0.3721373379230499
217.0,standard,median,euclidean,prophet,complete,0.22837477922439575
883.0,minmax,prophet,dtw,prophet,median,0.2389151155948639
265.0,standard,linear,dtw,prophet,ward,0.24252523481845856
152.0,minmax,mean,dtw,prophet,median,0.33122557401657104
17.0,standard,linear,euclidean,prophet,ward,0.28051671385765076
52.0,standard,mean,euclidean,prophet,average,0.313789427280426
212.0,standard,mean,dtw,prophet,complete,0.2670619785785675
731.0,standard,linear,dtw,prophet,ward,0.2602721154689789
99.0,standard,mean,euclidean,prophet,complete,0.32153627276420593
86.0,standard,mean,euclidean,prophet,average,0.3297884166240692
222.0,standard,mean,euclidean,prophet,ward,0.22377224266529083
113.0,standard,median,euclidean,dtw,average,0.193233922123909
223.0,standard,mean,dtw,prophet,average,0.14069199562072754
