Comperiod,Scaling,Outliers,Interpolation,Similarity,Unsynced,Linkmeth,ray/tune/_metric
334.0,minmax,,prophet,euclidean,dtw,ward,0.13910013437271118
377.0,minmax,,prophet,euclidean,dtw,ward,0.15493732690811157
61.0,standard,,prophet,dtw,dtw,ward,0.11092358827590942
342.0,minmax,,prophet,euclidean,dtw,median,1.8220875062979758e-05
479.0,minmax,,mean,dtw,dtw,ward,0.13078422844409943
164.0,minmax,,prophet,euclidean,dtw,ward,0.11495932936668396
1026.0,standard,,prophet,dtw,mode,centroid,0.017710743471980095
228.0,minmax,,prophet,dtw,dtw,ward,0.15742504596710205
26.0,minmax,,prophet,dtw,dtw,complete,0.04731650650501251
2.0,zscore,,prophet,euclidean,median,weighted,0.00038536274223588407
1113.0,standard,,mean,dtw,prophet,ward,0.009344103746116161
33.0,minmax,,median,dtw,mean,ward,0.004767469130456448
432.0,minmax,,prophet,euclidean,dtw,ward,0.1512528955936432
226.0,zscore,,prophet,euclidean,dtw,weighted,-4.243882358423434e-06
32.0,standard,,median,euclidean,prophet,ward,0.038327302783727646
357.0,minmax,,prophet,euclidean,dtw,ward,0.16175362467765808
301.0,standard,,mean,euclidean,mode,complete,0.020307738333940506
396.0,minmax,,mean,euclidean,dtw,ward,0.15077318251132965
2.0,minmax,,median,euclidean,median,ward,0.02254689484834671
331.0,minmax,,median,dtw,dtw,hdbscan,0.01768205128610134
32.0,zscore,,mean,dtw,mode,median,0.012347245588898659
418.0,minmax,,prophet,dtw,dtw,ward,0.12433633208274841
451.0,minmax,,mean,euclidean,median,average,0.014886707067489624
408.0,minmax,,mean,euclidean,dtw,ward,0.1476784348487854
376.0,minmax,,prophet,euclidean,dtw,ward,0.15341664850711823
152.0,zscore,SD4,linear,dtw,median,centroid,-4.112089754926274e-06
397.0,minmax,,prophet,euclidean,dtw,ward,0.16423223912715912
266.0,minmax,,mean,dtw,dtw,ward,0.1320473551750183
399.0,minmax,,mean,euclidean,dtw,ward,0.15604108572006226
394.0,minmax,,mean,euclidean,dtw,ward,0.14295393228530884
910.0,minmax,,mean,euclidean,prophet,weighted,0.01894131489098072
385.0,minmax,,mean,euclidean,dtw,ward,0.15318253636360168
169.0,standard,,linear,dtw,dtw,average,-5.602677219940233e-07
39.0,standard,SD6,prophet,euclidean,mean,average,0.02692778967320919
57.0,standard,,mean,dtw,median,average,0.005933399777859449
7.0,zscore,,linear,dtw,mean,complete,0.0015967614017426968
449.0,minmax,,mean,euclidean,dtw,ward,0.1493619680404663
342.0,standard,,prophet,euclidean,dtw,ward,0.13470163941383362
221.0,standard,,prophet,dtw,dtw,ward,0.13573504984378815
379.0,minmax,,prophet,euclidean,dtw,ward,0.15532518923282623
605.0,zscore,,median,dtw,mean,median,0.0013890719274058938
315.0,minmax,,mean,euclidean,dtw,ward,0.15957532823085785
469.0,minmax,,prophet,euclidean,dtw,ward,0.14638981223106384
330.0,minmax,,mean,euclidean,dtw,ward,0.15435786545276642
410.0,minmax,,mean,euclidean,dtw,ward,0.1638350784778595
750.0,original,,median,euclidean,median,ward,0.00013370535452850163
316.0,minmax,,prophet,euclidean,dtw,average,4.3252566683804616e-07
344.0,standard,,mean,euclidean,prophet,ward,0.04890265315771103
344.0,minmax,,mean,euclidean,dtw,ward,0.16555733978748322
10.0,zscore,,linear,dtw,dtw,ward,0.006229583639651537
2.0,original,,linear,dtw,mean,single,1.8483307258065906e-06
81.0,minmax,,prophet,euclidean,dtw,weighted,0.08193457871675491
360.0,minmax,,mean,euclidean,dtw,ward,0.11842314153909683
600.0,zscore,SD4,mean,dtw,median,centroid,7.675154483877122e-05
462.0,minmax,,mean,euclidean,dtw,ward,0.14519664645195007
398.0,minmax,,mean,euclidean,dtw,ward,0.14487777650356293
387.0,minmax,,prophet,euclidean,dtw,ward,0.17299474775791168
403.0,minmax,,mean,dtw,dtw,ward,0.16130951046943665
140.0,minmax,,mean,dtw,dtw,ward,0.14566241204738617
332.0,minmax,,prophet,dtw,dtw,ward,0.15295574069023132
8.0,minmax,,mean,euclidean,mode,median,0.0029632318764925003
2.0,minmax,,mean,euclidean,prophet,complete,0.03479250147938728
970.0,zscore,,mean,dtw,mean,weighted,4.573576370603405e-05
414.0,minmax,,mean,euclidean,dtw,ward,0.16405393183231354
383.0,minmax,,mean,euclidean,dtw,ward,0.17127251625061035
337.0,zscore,,mean,dtw,mode,weighted,0.009737526066601276
761.0,zscore,,median,dtw,mode,centroid,0.04311816394329071
331.0,minmax,,prophet,euclidean,dtw,ward,0.1616801768541336
333.0,minmax,,prophet,euclidean,dtw,ward,0.16876517236232758
400.0,minmax,,mean,euclidean,dtw,ward,0.16249708831310272
350.0,minmax,,mean,dtw,dtw,ward,0.1338462084531784
409.0,minmax,,mean,euclidean,dtw,ward,0.1334690898656845
900.0,minmax,,prophet,dtw,prophet,median,0.008722292259335518
900.0,minmax,,prophet,dtw,prophet,median,0.0021830331534147263
324.0,minmax,,mean,euclidean,dtw,ward,0.19433866441249847
430.0,zscore,,median,dtw,median,ward,0.022282889112830162
335.0,minmax,,prophet,euclidean,dtw,ward,0.14497467875480652
366.0,minmax,,mean,euclidean,dtw,ward,0.15111537277698517
472.0,minmax,,mean,euclidean,dtw,ward,0.14664897322654724
132.0,standard,,mean,euclidean,prophet,ward,0.05425621196627617
9.0,minmax,,median,dtw,prophet,average,-1.9482317838992458e-06
347.0,minmax,,prophet,euclidean,dtw,ward,0.15239499509334564
732.0,zscore,,linear,dtw,mode,ward,0.041982974857091904
320.0,standard,,prophet,dtw,dtw,ward,0.13997377455234528
344.0,minmax,,prophet,euclidean,dtw,ward,0.16229842603206635
2.0,standard,,linear,dtw,median,ward,0.011108922772109509
301.0,zscore,SD3,mean,dtw,mode,median,0.018404889851808548
987.0,minmax,,linear,euclidean,mean,weighted,0.010963710956275463
408.0,minmax,,prophet,euclidean,dtw,ward,0.14859513938426971
535.0,minmax,,mean,euclidean,dtw,ward,0.150396466255188
373.0,minmax,,prophet,euclidean,dtw,ward,0.15820053219795227
780.0,zscore,SD5,mean,dtw,prophet,complete,-8.253529813373461e-06
512.0,minmax,,prophet,euclidean,dtw,ward,0.1438245177268982
336.0,minmax,,mean,euclidean,dtw,ward,0.1603739708662033
423.0,minmax,,mean,euclidean,dtw,ward,0.15409258008003235
60.0,standard,SD5,linear,dtw,dtw,average,-9.74029412681432e-10
900.0,minmax,SD5,prophet,euclidean,prophet,complete,0.012878986075520515
488.0,standard,,mean,dtw,median,single,3.630550281741307e-06
1049.0,standard,SD6,prophet,euclidean,median,ward,0.019303428009152412
215.0,standard,,mean,euclidean,dtw,ward,0.13519074022769928
341.0,minmax,,mean,euclidean,dtw,ward,0.16631169617176056
445.0,minmax,,mean,euclidean,dtw,ward,0.17993630468845367
824.0,zscore,,mean,dtw,dtw,ward,0.057902105152606964
195.0,standard,,prophet,dtw,dtw,weighted,0.07325736433267593
466.0,zscore,,prophet,euclidean,prophet,ward,0.010476600378751755
326.0,minmax,,mean,euclidean,dtw,ward,0.13931821286678314
1143.0,standard,,prophet,dtw,dtw,ward,0.10298214852809906
482.0,minmax,,mean,euclidean,dtw,ward,0.15002000331878662
496.0,minmax,,mean,euclidean,dtw,ward,0.1395636796951294
510.0,minmax,,mean,euclidean,dtw,ward,0.13007047772407532
357.0,minmax,,mean,euclidean,dtw,ward,0.14910410344600677
5.0,minmax,,mean,euclidean,dtw,ward,0.029458265751600266
221.0,minmax,,prophet,dtw,dtw,ward,0.1512802690267563
14.0,standard,SD5,linear,dtw,dtw,ward,0.039848823100328445
18.0,standard,,linear,euclidean,dtw,ward,0.010918877087533474
322.0,minmax,,mean,dtw,dtw,ward,0.14782223105430603
600.0,zscore,,mean,dtw,median,centroid,1.1594846910156775e-05
309.0,minmax,,prophet,euclidean,dtw,complete,0.0907507836818695
371.0,minmax,,mean,euclidean,dtw,ward,0.16009420156478882
370.0,minmax,,mean,euclidean,dtw,ward,0.15940584242343903
196.0,minmax,,prophet,dtw,dtw,ward,0.14110904932022095
361.0,minmax,,mean,euclidean,dtw,ward,0.15985281765460968
14.0,standard,SD3,linear,dtw,dtw,ward,0.030907494947314262
166.0,minmax,,mean,dtw,dtw,ward,0.1290496289730072
2.0,minmax,,linear,dtw,mean,single,-6.917215955581923e-07
470.0,minmax,,mean,euclidean,dtw,ward,0.14745904505252838
310.0,minmax,,prophet,dtw,dtw,ward,0.13617387413978577
8.0,standard,,median,dtw,prophet,ward,0.05266079679131508
303.0,minmax,,mean,dtw,prophet,ward,0.024046745151281357
367.0,standard,,median,dtw,dtw,single,-3.4956888157466892e-06
2.0,original,SD6,linear,dtw,mean,single,1.3860045555702527e-06
193.0,minmax,,prophet,euclidean,dtw,ward,0.1188211590051651
287.0,minmax,,prophet,euclidean,dtw,ward,0.15051265060901642
358.0,minmax,,prophet,dtw,dtw,ward,0.14830854535102844
740.0,minmax,,linear,dtw,mode,ward,0.013588489964604378
204.0,minmax,,prophet,dtw,prophet,single,-4.917600904263963e-07
853.0,standard,,mean,dtw,mode,ward,0.021546168252825737
419.0,minmax,,prophet,euclidean,dtw,ward,0.13026162981987
259.0,standard,,prophet,dtw,dtw,ward,0.1504514366388321
631.0,standard,SD6,median,euclidean,dtw,complete,0.0684569776058197
791.0,standard,,prophet,euclidean,dtw,ward,0.0955289751291275
365.0,minmax,,prophet,euclidean,dtw,ward,0.13809354603290558
71.0,minmax,,prophet,euclidean,prophet,ward,0.04648863524198532
1049.0,standard,,linear,dtw,dtw,centroid,-4.917600904263963e-07
367.0,minmax,,mean,euclidean,dtw,ward,0.15670964121818542
13.0,standard,,mean,euclidean,prophet,weighted,0.06585247814655304
373.0,minmax,,mean,euclidean,dtw,ward,0.14135460555553436
368.0,minmax,,prophet,dtw,dtw,complete,0.083198681473732
391.0,standard,,mean,dtw,dtw,ward,0.13194236159324646
344.0,minmax,,median,dtw,dtw,ward,0.1352767050266266
18.0,standard,,prophet,euclidean,prophet,ward,0.04443156346678734
90.0,minmax,,prophet,dtw,mean,complete,0.02034538984298706
396.0,minmax,,prophet,euclidean,dtw,ward,0.15345510840415955
585.0,standard,SD4,prophet,dtw,prophet,hdbscan,0.01918121799826622
362.0,minmax,,mean,euclidean,dtw,ward,0.1696988046169281
4.0,minmax,,mean,dtw,mode,weighted,0.0037797449622303247
445.0,zscore,,median,dtw,mean,ward,0.07361600548028946
8.0,standard,,prophet,dtw,mode,average,0.0021110279485583305
310.0,minmax,,mean,euclidean,dtw,ward,0.13511979579925537
37.0,zscore,,linear,euclidean,mode,centroid,0.0023989048786461353
89.0,standard,,mean,euclidean,dtw,complete,0.06605936586856842
301.0,zscore,,mean,euclidean,mode,complete,0.019544007256627083
332.0,minmax,,mean,dtw,dtw,ward,0.1611015796661377
389.0,minmax,,mean,euclidean,dtw,ward,0.16356363892555237
451.0,minmax,SD4,median,dtw,mean,weighted,0.012646768242120743
256.0,minmax,,prophet,dtw,dtw,ward,0.12478690594434738
451.0,zscore,,mean,euclidean,median,average,3.0518447147187544e-06
342.0,minmax,,prophet,euclidean,dtw,ward,0.15200084447860718
332.0,minmax,,prophet,euclidean,dtw,ward,0.16359330713748932
354.0,minmax,,mean,euclidean,dtw,ward,0.15537983179092407
421.0,minmax,,mean,euclidean,dtw,ward,0.14854957163333893
353.0,minmax,,mean,euclidean,dtw,ward,0.1498132199048996
138.0,minmax,,median,dtw,dtw,ward,0.1228129118680954
1098.0,minmax,,mean,euclidean,median,average,0.012324444018304348
1144.0,standard,,median,dtw,prophet,complete,0.003370294813066721
600.0,zscore,,mean,dtw,median,centroid,1.1594846910156775e-05
339.0,zscore,,prophet,dtw,dtw,hdbscan,0.0010000000474974513
442.0,minmax,,mean,euclidean,dtw,ward,0.16634780168533325
1049.0,standard,,linear,dtw,dtw,centroid,-4.917600904263963e-07
848.0,zscore,,linear,euclidean,dtw,complete,0.02102012000977993
308.0,minmax,,median,euclidean,dtw,ward,0.12444331496953964
342.0,minmax,,mean,euclidean,dtw,ward,0.1653338521718979
314.0,minmax,,prophet,euclidean,dtw,ward,0.14075765013694763
398.0,minmax,,prophet,euclidean,dtw,ward,0.15396086871623993
392.0,minmax,,prophet,dtw,dtw,ward,0.14961065351963043
2.0,standard,SD2,median,euclidean,mean,ward,0.02487090416252613
750.0,minmax,,median,euclidean,median,ward,0.014652872458100319
2.0,minmax,,median,euclidean,mean,hdbscan,3.764490247704089e-05
800.0,standard,,mean,dtw,prophet,centroid,1.0000367183238268e-05
634.0,standard,,linear,dtw,prophet,ward,0.0059407842345535755
231.0,minmax,,mean,euclidean,dtw,ward,0.14291580021381378
349.0,minmax,,mean,euclidean,dtw,ward,0.17631147801876068
316.0,minmax,,prophet,euclidean,dtw,ward,0.12656551599502563
1119.0,zscore,,prophet,euclidean,mean,ward,0.06988880038261414
416.0,minmax,,mean,euclidean,dtw,ward,0.16600024700164795
990.0,minmax,,prophet,dtw,dtw,weighted,0.07682964950799942
440.0,minmax,,mean,euclidean,dtw,ward,0.1694406121969223
337.0,minmax,,prophet,euclidean,dtw,ward,0.17398503422737122
379.0,minmax,,mean,euclidean,dtw,weighted,0.08281632512807846
359.0,minmax,,mean,euclidean,dtw,ward,0.1730891615152359
393.0,minmax,,prophet,dtw,dtw,ward,0.13637161254882812
321.0,minmax,,mean,euclidean,dtw,ward,0.15063737332820892
391.0,minmax,,mean,euclidean,dtw,ward,0.17433349788188934
273.0,minmax,,prophet,euclidean,dtw,ward,0.13933850824832916
3.0,standard,,prophet,dtw,dtw,weighted,0.0890524685382843
829.0,zscore,,mean,euclidean,dtw,centroid,-1.8781887547447695e-06
316.0,minmax,,mean,euclidean,dtw,ward,0.13192294538021088
364.0,minmax,,prophet,euclidean,dtw,ward,0.15924525260925293
401.0,minmax,,mean,euclidean,dtw,ward,0.13637229800224304
377.0,standard,,mean,euclidean,dtw,ward,0.11786527931690216
14.0,minmax,,prophet,dtw,prophet,ward,0.04294155538082123
347.0,minmax,,mean,euclidean,dtw,ward,0.1725756675004959
273.0,minmax,,mean,dtw,dtw,ward,0.12610284984111786
1125.0,standard,SD2,mean,dtw,median,complete,0.01881902478635311
182.0,standard,,mean,euclidean,prophet,ward,0.0536092109978199
418.0,minmax,,mean,euclidean,dtw,ward,0.14526869356632233
350.0,minmax,,mean,euclidean,dtw,ward,0.15875877439975739
305.0,minmax,,prophet,euclidean,dtw,ward,0.14759808778762817
492.0,zscore,,median,euclidean,mode,single,-2.245202495032572e-06
318.0,minmax,,prophet,dtw,dtw,ward,0.15657515823841095
384.0,minmax,,prophet,euclidean,dtw,ward,0.17071013152599335
525.0,standard,SD5,prophet,dtw,mode,median,0.01349836215376854
5.0,zscore,,linear,dtw,mode,ward,0.014886056073009968
380.0,minmax,,mean,euclidean,dtw,ward,0.16317732632160187
363.0,minmax,,mean,euclidean,dtw,ward,0.15103992819786072
924.0,zscore,,median,dtw,mode,hdbscan,0.011911889538168907
36.0,standard,SD5,mean,dtw,prophet,complete,0.034440893679857254
751.0,minmax,SD5,median,euclidean,dtw,ward,0.12713290750980377
356.0,zscore,,median,dtw,mode,average,0.043118976056575775
750.0,original,SD2,mean,euclidean,dtw,average,0.0002511873608455062
2.0,zscore,,median,euclidean,mean,ward,0.00016135549230966717
24.0,standard,,prophet,euclidean,mode,ward,0.003757792990654707
