Comperiod,Scaling,Interpolation,Similarity,Unsynced,Linkmeth,ray/tune/_metric
210.0,standard,median,euclidean,dtw,weighted,0.40142926573753357
389.0,standard,prophet,euclidean,prophet,ward,0.3721037209033966
384.0,standard,median,euclidean,mean,weighted,0.45009300112724304
63.0,minmax,prophet,euclidean,prophet,centroid,0.08686112612485886
25.0,standard,median,euclidean,prophet,weighted,0.5622028708457947
275.0,standard,linear,dtw,mode,centroid,0.27884867787361145
432.0,standard,prophet,euclidean,mode,weighted,0.27898046374320984
362.0,standard,median,euclidean,dtw,weighted,0.4349203407764435
461.0,standard,median,euclidean,mean,weighted,0.4300979673862457
279.0,standard,median,dtw,prophet,weighted,0.3497186303138733
162.0,standard,median,dtw,dtw,weighted,0.3570755124092102
611.0,standard,prophet,euclidean,mean,average,0.1623513251543045
281.0,standard,linear,euclidean,prophet,weighted,0.39804181456565857
204.0,standard,prophet,euclidean,mode,weighted,0.5356259346008301
351.0,standard,linear,euclidean,mean,weighted,0.3565139174461365
12.0,standard,prophet,euclidean,median,weighted,0.5356259346008301
223.0,minmax,prophet,euclidean,prophet,hdbscan,0.4176443815231323
399.0,standard,median,euclidean,mean,weighted,0.46322745084762573
252.0,standard,prophet,euclidean,mode,weighted,0.5356259346008301
296.0,standard,median,euclidean,mode,weighted,0.543548583984375
305.0,standard,median,euclidean,mean,weighted,0.6278925538063049
190.0,standard,linear,euclidean,mean,weighted,0.5713520646095276
271.0,standard,median,euclidean,mode,weighted,0.5622028708457947
144.0,standard,median,euclidean,prophet,weighted,0.5622028708457947
464.0,standard,median,euclidean,mode,weighted,0.37280961871147156
28.0,standard,median,euclidean,mode,weighted,0.5622028708457947
191.0,standard,prophet,euclidean,prophet,weighted,0.5356259346008301
332.0,standard,median,dtw,mode,weighted,0.5026911497116089
340.0,standard,median,dtw,mean,weighted,0.41015756130218506
32.0,standard,prophet,dtw,median,weighted,0.45002490282058716
434.0,standard,median,euclidean,prophet,weighted,0.16354404389858246
406.0,standard,prophet,euclidean,mean,weighted,0.43615877628326416
308.0,standard,median,euclidean,dtw,weighted,0.44904273748397827
14.0,standard,median,dtw,prophet,ward,0.3432600498199463
375.0,standard,median,dtw,mode,weighted,0.47572940587997437
285.0,standard,median,euclidean,prophet,weighted,0.5622028708457947
6.0,standard,median,euclidean,prophet,weighted,0.5622028708457947
266.0,standard,median,euclidean,prophet,weighted,0.5622028708457947
182.0,zscore,prophet,dtw,mode,hdbscan,0.0010000000474974513
189.0,standard,median,euclidean,mode,weighted,0.5622028708457947
315.0,standard,median,euclidean,dtw,weighted,0.44904273748397827
878.0,minmax,prophet,euclidean,median,median,0.014074461534619331
11.0,standard,median,euclidean,median,weighted,0.5622028708457947
234.0,standard,prophet,euclidean,mode,weighted,0.5356259346008301
284.0,standard,median,euclidean,dtw,weighted,0.4300519824028015
420.0,standard,median,euclidean,mode,weighted,0.43669235706329346
347.0,standard,linear,euclidean,mean,weighted,0.4284456670284271
267.0,standard,median,euclidean,mean,weighted,0.5242246389389038
277.0,standard,median,euclidean,prophet,weighted,0.5622028708457947
336.0,standard,linear,euclidean,mean,weighted,0.40784910321235657
518.0,minmax,prophet,euclidean,dtw,hdbscan,0.13693460822105408
2.0,standard,mean,euclidean,median,weighted,0.38982295989990234
297.0,standard,median,euclidean,dtw,weighted,0.44904273748397827
4.0,standard,prophet,dtw,prophet,weighted,0.45002490282058716
328.0,standard,prophet,euclidean,mean,weighted,0.49979540705680847
331.0,standard,median,dtw,median,weighted,0.29624757170677185
387.0,standard,linear,euclidean,dtw,complete,0.24382244050502777
189.0,standard,median,euclidean,prophet,weighted,0.5622028708457947
16.0,standard,median,euclidean,prophet,weighted,0.5622028708457947
4.0,standard,prophet,euclidean,prophet,weighted,0.5356259346008301
358.0,standard,linear,dtw,prophet,weighted,0.32235944271087646
283.0,standard,median,dtw,mean,weighted,0.4547497034072876
709.0,zscore,median,dtw,mode,single,0.0010000000474974513
31.0,standard,mean,euclidean,dtw,weighted,0.38659441471099854
736.0,standard,prophet,euclidean,mean,hdbscan,-0.05015400052070618
386.0,standard,prophet,euclidean,mode,weighted,0.31897908449172974
192.0,standard,median,euclidean,mode,weighted,0.5622028708457947
341.0,standard,median,euclidean,prophet,complete,0.3443993926048279
451.0,standard,prophet,euclidean,mode,weighted,0.2960638403892517
27.0,standard,median,euclidean,prophet,weighted,0.5622028708457947
235.0,standard,linear,euclidean,prophet,weighted,0.39804181456565857
7.0,standard,prophet,euclidean,prophet,centroid,0.2218962162733078
354.0,standard,median,dtw,mean,weighted,0.4730706810951233
259.0,standard,median,euclidean,prophet,weighted,0.5622028708457947
371.0,standard,median,dtw,mean,weighted,0.4253029227256775
304.0,standard,linear,euclidean,mean,weighted,0.29198816418647766
226.0,standard,linear,euclidean,mean,weighted,0.5364739894866943
395.0,standard,prophet,euclidean,prophet,weighted,0.4273935854434967
513.0,standard,prophet,euclidean,mean,weighted,0.2695635259151459
300.0,standard,prophet,euclidean,mean,weighted,0.27623841166496277
401.0,standard,median,euclidean,mean,weighted,0.46322745084762573
303.0,standard,prophet,euclidean,mean,weighted,0.6005249619483948
342.0,standard,median,dtw,dtw,average,0.31449776887893677
55.0,standard,prophet,euclidean,mode,weighted,0.5356259346008301
304.0,standard,mean,euclidean,mean,weighted,0.27006080746650696
255.0,standard,median,euclidean,mean,weighted,0.2051050364971161
112.0,standard,median,euclidean,mode,weighted,0.5622028708457947
309.0,standard,median,euclidean,prophet,weighted,0.4062463641166687
457.0,standard,median,euclidean,mean,weighted,0.43470463156700134
393.0,standard,median,euclidean,prophet,weighted,0.5150160789489746
13.0,standard,prophet,dtw,mode,weighted,0.45002490282058716
867.0,standard,median,dtw,mode,ward,-0.012451025657355785
173.0,standard,linear,dtw,mean,weighted,0.3202767074108124
523.0,standard,linear,euclidean,median,single,0.12358411401510239
347.0,standard,median,euclidean,mean,weighted,0.46649956703186035
844.0,minmax,prophet,dtw,mean,complete,0.026626726612448692
899.0,zscore,median,euclidean,dtw,weighted,0.08154017478227615
253.0,standard,median,dtw,prophet,weighted,0.3632623851299286
633.0,standard,median,euclidean,dtw,weighted,0.20236368477344513
4.0,standard,prophet,dtw,mean,weighted,0.3973344564437866
194.0,standard,median,euclidean,mode,weighted,0.5622028708457947
290.0,standard,prophet,euclidean,dtw,weighted,0.4520925283432007
288.0,standard,median,euclidean,prophet,weighted,0.5622028708457947
607.0,minmax,prophet,euclidean,dtw,weighted,0.17039693892002106
269.0,standard,prophet,euclidean,mode,weighted,0.5356259346008301
465.0,standard,prophet,euclidean,mean,ward,0.3240397572517395
355.0,standard,prophet,euclidean,mean,weighted,0.4894016981124878
51.0,standard,prophet,euclidean,mode,weighted,0.5356259346008301
312.0,standard,prophet,euclidean,mean,centroid,0.3765653669834137
470.0,standard,median,euclidean,mean,weighted,0.4852157235145569
222.0,standard,median,euclidean,dtw,hdbscan,0.19437885284423828
168.0,standard,linear,euclidean,prophet,weighted,0.39804181456565857
400.0,standard,median,dtw,prophet,weighted,0.36568284034729004
332.0,standard,median,dtw,mean,weighted,0.5402599573135376
115.0,standard,median,euclidean,mode,weighted,0.5622028708457947
191.0,standard,median,euclidean,prophet,weighted,0.5622028708457947
311.0,standard,median,euclidean,mean,weighted,0.5482372045516968
327.0,standard,median,dtw,prophet,weighted,0.36699342727661133
261.0,standard,median,euclidean,mode,weighted,0.5622028708457947
206.0,standard,median,dtw,prophet,weighted,0.3632623851299286
203.0,standard,prophet,dtw,prophet,average,0.321964830160141
398.0,minmax,prophet,euclidean,prophet,median,-0.07484284043312073
435.0,standard,median,euclidean,mean,weighted,0.3908638060092926
354.0,standard,median,euclidean,dtw,weighted,0.4298361837863922
450.0,standard,mean,dtw,median,hdbscan,-0.14961321651935577
265.0,standard,linear,euclidean,prophet,weighted,0.39804181456565857
582.0,standard,median,euclidean,mode,complete,0.044789329171180725
160.0,standard,mean,euclidean,mean,weighted,0.4352157711982727
84.0,standard,median,euclidean,mode,weighted,0.5622028708457947
325.0,standard,median,dtw,mean,weighted,0.5402599573135376
34.0,standard,prophet,euclidean,prophet,weighted,0.5356259346008301
417.0,standard,median,euclidean,mean,weighted,0.38390788435935974
407.0,standard,linear,euclidean,prophet,weighted,0.3445888161659241
422.0,standard,linear,euclidean,mean,weighted,0.3647001385688782
43.0,standard,median,euclidean,prophet,weighted,0.5622028708457947
289.0,standard,prophet,euclidean,prophet,weighted,0.5330244302749634
156.0,standard,prophet,euclidean,prophet,weighted,0.5356259346008301
321.0,standard,linear,euclidean,mode,weighted,0.27859461307525635
270.0,standard,median,euclidean,mean,weighted,0.5242246389389038
51.0,standard,prophet,euclidean,dtw,weighted,0.525549590587616
327.0,standard,linear,euclidean,mean,weighted,0.40959763526916504
64.0,standard,median,euclidean,prophet,weighted,0.5622028708457947
351.0,standard,median,euclidean,mean,weighted,0.48464837670326233
473.0,standard,linear,euclidean,mean,single,0.18120834231376648
212.0,standard,mean,euclidean,mean,weighted,0.40087684988975525
194.0,standard,linear,euclidean,mean,complete,0.39800262451171875
368.0,standard,median,euclidean,mode,weighted,0.3996637165546417
247.0,standard,prophet,euclidean,prophet,weighted,0.5356259346008301
370.0,standard,prophet,euclidean,mean,weighted,0.4047541916370392
234.0,standard,median,euclidean,prophet,weighted,0.5622028708457947
203.0,standard,linear,euclidean,mean,weighted,0.42072439193725586
300.0,standard,median,euclidean,mean,weighted,0.6219870448112488
488.0,standard,median,euclidean,mean,weighted,0.4539886713027954
284.0,standard,median,euclidean,mean,weighted,0.5086378455162048
333.0,standard,median,euclidean,mean,weighted,0.5047379732131958
275.0,standard,median,euclidean,mode,weighted,0.5622028708457947
378.0,standard,linear,euclidean,mean,weighted,0.35625675320625305
264.0,standard,median,euclidean,prophet,weighted,0.5622028708457947
302.0,standard,prophet,euclidean,mean,weighted,0.6005249619483948
427.0,standard,median,euclidean,mean,weighted,0.454507976770401
899.0,zscore,mean,dtw,prophet,hdbscan,0.0010000000474974513
424.0,standard,median,euclidean,mean,weighted,0.454507976770401
335.0,standard,median,dtw,mean,weighted,0.5341866612434387
129.0,standard,median,euclidean,prophet,weighted,0.5622028708457947
400.0,standard,median,dtw,mode,complete,0.31234869360923767
252.0,standard,median,euclidean,mode,weighted,0.5622028708457947
402.0,minmax,median,euclidean,mean,hdbscan,0.2361781746149063
327.0,standard,prophet,dtw,mean,weighted,0.4591205418109894
42.0,minmax,prophet,euclidean,dtw,hdbscan,0.4580288827419281
23.0,standard,prophet,euclidean,prophet,median,0.011452142149209976
406.0,standard,linear,euclidean,mean,weighted,0.3734344244003296
230.0,standard,median,euclidean,mode,weighted,0.5622028708457947
284.0,standard,median,euclidean,mean,hdbscan,0.0010000000474974513
537.0,zscore,prophet,euclidean,mode,median,0.1861569732427597
245.0,standard,median,euclidean,mode,average,0.3906451165676117
389.0,standard,linear,euclidean,mean,weighted,0.3729635179042816
39.0,standard,median,euclidean,dtw,weighted,0.3885992169380188
296.0,standard,median,euclidean,mean,complete,0.29125669598579407
61.0,standard,median,dtw,mode,weighted,0.3632623851299286
444.0,standard,median,euclidean,mean,complete,0.21469199657440186
152.0,standard,median,euclidean,mean,weighted,0.4582284092903137
216.0,standard,median,dtw,mean,weighted,0.468881219625473
267.0,standard,prophet,euclidean,dtw,weighted,0.42357340455055237
383.0,standard,median,dtw,prophet,centroid,0.26572272181510925
355.0,standard,median,euclidean,mean,weighted,0.48834335803985596
769.0,zscore,prophet,dtw,mode,median,0.34451135993003845
249.0,standard,median,euclidean,mode,weighted,0.5622028708457947
185.0,standard,median,euclidean,median,weighted,0.20727679133415222
334.0,standard,median,euclidean,prophet,weighted,0.42204469442367554
172.0,standard,median,euclidean,prophet,weighted,0.5622028708457947
77.0,standard,median,euclidean,median,complete,0.2302086055278778
263.0,standard,linear,euclidean,mean,weighted,0.44772613048553467
414.0,standard,median,euclidean,mean,weighted,0.43738001585006714
30.0,standard,linear,euclidean,mode,weighted,0.39804181456565857
228.0,standard,median,euclidean,mode,weighted,0.5622028708457947
359.0,standard,prophet,euclidean,median,ward,0.2840961515903473
343.0,standard,median,euclidean,mean,weighted,0.46832388639450073
337.0,minmax,prophet,euclidean,mean,hdbscan,0.4580288827419281
314.0,standard,median,euclidean,mean,weighted,0.5482372045516968
276.0,standard,linear,euclidean,mode,weighted,0.5433648228645325
180.0,standard,median,euclidean,prophet,weighted,0.5622028708457947
339.0,standard,linear,dtw,mean,weighted,0.3365813195705414
11.0,minmax,median,euclidean,mean,weighted,0.2104589343070984
41.0,zscore,prophet,dtw,prophet,weighted,0.027315393090248108
2.0,minmax,linear,dtw,mean,single,0.0899006724357605
105.0,standard,median,euclidean,prophet,weighted,0.5622028708457947
608.0,standard,prophet,euclidean,prophet,hdbscan,0.2513684034347534
330.0,standard,median,dtw,mean,weighted,0.5402599573135376
110.0,standard,prophet,euclidean,dtw,weighted,0.5193005204200745
23.0,standard,median,euclidean,mode,weighted,0.5622028708457947
148.0,standard,median,euclidean,prophet,weighted,0.5622028708457947
339.0,standard,prophet,euclidean,mean,complete,0.14875474572181702
250.0,standard,mean,euclidean,mode,weighted,0.38982295989990234
16.0,standard,median,euclidean,mode,weighted,0.5622028708457947
5.0,standard,prophet,euclidean,dtw,weighted,0.5223323702812195
396.0,standard,median,euclidean,mean,weighted,0.46322745084762573
295.0,standard,median,euclidean,prophet,weighted,0.4062463641166687
89.0,standard,median,euclidean,median,weighted,0.5335665345191956
207.0,standard,median,euclidean,mode,weighted,0.5622028708457947
375.0,standard,linear,euclidean,mean,weighted,0.48536524176597595
290.0,standard,median,euclidean,mode,weighted,0.543548583984375
7.0,standard,prophet,euclidean,dtw,weighted,0.5223323702812195
4.0,standard,prophet,euclidean,mean,weighted,0.5282599925994873
381.0,standard,median,dtw,mean,weighted,0.38897567987442017
367.0,standard,median,euclidean,mean,weighted,0.4861924648284912
244.0,standard,median,euclidean,mode,weighted,0.5622028708457947
408.0,standard,median,euclidean,mode,weighted,0.46618324518203735
374.0,standard,median,euclidean,prophet,weighted,0.4163459539413452
450.0,zscore,mean,dtw,median,centroid,-0.004549792036414146
275.0,standard,median,euclidean,dtw,weighted,0.43544909358024597
377.0,standard,prophet,euclidean,mean,weighted,0.48296573758125305
248.0,standard,median,euclidean,dtw,weighted,0.4252708852291107
257.0,standard,median,euclidean,mode,weighted,0.5622028708457947
329.0,standard,prophet,euclidean,mode,weighted,0.3525497019290924
191.0,standard,median,dtw,mean,weighted,0.4210163652896881
240.0,standard,median,euclidean,mode,weighted,0.5622028708457947
196.0,standard,median,euclidean,mean,weighted,0.4121645987033844
338.0,standard,median,euclidean,mean,weighted,0.4738122820854187
407.0,standard,linear,dtw,mode,complete,0.31663253903388977
56.0,minmax,prophet,euclidean,median,weighted,0.1644454449415207
211.0,standard,prophet,euclidean,prophet,weighted,0.5356259346008301
361.0,standard,linear,euclidean,mean,weighted,0.4134884178638458
464.0,standard,median,euclidean,mean,weighted,0.29625993967056274
38.0,standard,median,euclidean,prophet,weighted,0.5622028708457947
357.0,standard,median,euclidean,mode,weighted,0.3996637165546417
675.0,minmax,prophet,dtw,prophet,median,0.3077997863292694
373.0,standard,median,euclidean,mean,weighted,0.506663978099823
257.0,standard,median,euclidean,mean,ward,0.24868381023406982
39.0,standard,linear,euclidean,dtw,weighted,0.3846764862537384
227.0,standard,prophet,euclidean,prophet,weighted,0.5356259346008301
299.0,standard,median,euclidean,mode,weighted,0.543548583984375
479.0,standard,mean,euclidean,mode,weighted,0.09188877791166306
149.0,standard,median,euclidean,mode,weighted,0.5622028708457947
337.0,zscore,median,dtw,prophet,weighted,0.09747807681560516
333.0,standard,prophet,euclidean,prophet,weighted,0.5378947257995605
153.0,minmax,prophet,euclidean,median,hdbscan,0.4176443815231323
303.0,standard,median,euclidean,mean,weighted,0.6219870448112488
31.0,standard,linear,euclidean,median,weighted,0.5226258039474487
233.0,standard,prophet,euclidean,mean,weighted,0.31290188431739807
335.0,standard,median,euclidean,dtw,weighted,0.43818333745002747
403.0,standard,median,euclidean,mean,weighted,0.46322745084762573
374.0,standard,prophet,euclidean,mean,weighted,0.48296573758125305
295.0,standard,median,dtw,mean,weighted,0.43679338693618774
353.0,standard,prophet,euclidean,mean,weighted,0.4952929615974426
58.0,standard,median,euclidean,prophet,weighted,0.5622028708457947
261.0,standard,prophet,euclidean,mode,average,0.3293037414550781
302.0,standard,prophet,euclidean,dtw,weighted,0.4820452332496643
220.0,standard,linear,euclidean,mode,weighted,0.39804181456565857
280.0,standard,median,euclidean,prophet,weighted,0.5622028708457947
96.0,standard,median,euclidean,prophet,weighted,0.5622028708457947
211.0,standard,mean,euclidean,mode,weighted,0.38982295989990234
438.0,standard,median,euclidean,mode,weighted,0.46372896432876587
232.0,standard,median,euclidean,mode,weighted,0.5622028708457947
384.0,standard,median,euclidean,dtw,weighted,0.43269187211990356
321.0,standard,prophet,euclidean,mean,weighted,0.3028116524219513
476.0,standard,median,euclidean,dtw,weighted,0.4055054485797882
247.0,standard,median,euclidean,mode,weighted,0.5622028708457947
279.0,standard,prophet,euclidean,mode,weighted,0.5356259346008301
95.0,standard,prophet,dtw,mode,weighted,0.45002490282058716
195.0,standard,median,euclidean,mode,weighted,0.5622028708457947
328.0,standard,median,euclidean,mean,weighted,0.4988737106323242
317.0,standard,median,euclidean,mean,weighted,0.5482372045516968
20.0,standard,median,euclidean,mode,weighted,0.5622028708457947
282.0,standard,mean,dtw,mode,weighted,0.3427504301071167
176.0,standard,median,euclidean,prophet,weighted,0.5622028708457947
17.0,standard,prophet,euclidean,mode,weighted,0.5356259346008301
442.0,standard,prophet,euclidean,prophet,weighted,0.47844430804252625
364.0,standard,median,euclidean,prophet,weighted,0.4222196936607361
4.0,standard,median,euclidean,mode,weighted,0.5622028708457947
208.0,standard,median,euclidean,prophet,weighted,0.5622028708457947
319.0,standard,median,euclidean,mean,weighted,0.5482372045516968
275.0,standard,prophet,euclidean,prophet,weighted,0.5356259346008301
226.0,standard,mean,euclidean,mode,complete,0.35970738530158997
249.0,standard,linear,euclidean,mean,weighted,0.5054053068161011
160.0,minmax,median,euclidean,dtw,single,0.13456203043460846
36.0,standard,prophet,euclidean,mode,weighted,0.5356259346008301
33.0,standard,median,euclidean,prophet,weighted,0.5622028708457947
256.0,standard,prophet,euclidean,prophet,weighted,0.5356259346008301
256.0,minmax,median,euclidean,mode,weighted,0.16356487572193146
69.0,standard,prophet,euclidean,dtw,complete,0.3957613408565521
366.0,standard,prophet,euclidean,mean,weighted,0.4822584092617035
214.0,standard,prophet,euclidean,mode,weighted,0.5356259346008301
69.0,minmax,median,euclidean,mean,hdbscan,0.3197636008262634
378.0,standard,median,dtw,mode,hdbscan,0.17620961368083954
304.0,standard,median,euclidean,mean,weighted,0.6278925538063049
301.0,standard,median,euclidean,mean,weighted,0.6219870448112488
8.0,standard,prophet,euclidean,mode,weighted,0.5356259346008301
323.0,standard,linear,dtw,mode,weighted,0.31877657771110535
346.0,standard,median,euclidean,prophet,weighted,0.4222196936607361
284.0,standard,prophet,euclidean,mode,weighted,0.5356259346008301
391.0,standard,median,euclidean,mode,weighted,0.46618324518203735
241.0,standard,prophet,euclidean,mode,weighted,0.5356259346008301
146.0,standard,prophet,euclidean,prophet,weighted,0.5356259346008301
262.0,standard,prophet,euclidean,mode,weighted,0.5356259346008301
70.0,zscore,prophet,euclidean,dtw,median,0.0899006724357605
338.0,zscore,mean,euclidean,median,average,0.05507772043347359
348.0,standard,median,euclidean,dtw,weighted,0.43818333745002747
145.0,standard,prophet,euclidean,mean,hdbscan,0.31323713064193726
492.0,standard,median,euclidean,mean,weighted,0.4471529722213745
299.0,standard,prophet,euclidean,mode,weighted,0.37268123030662537
217.0,standard,median,euclidean,mode,weighted,0.5622028708457947
412.0,standard,prophet,euclidean,mean,weighted,0.43615877628326416
349.0,standard,prophet,euclidean,mean,weighted,0.48106926679611206
547.0,standard,linear,euclidean,prophet,complete,0.3710556924343109
308.0,standard,median,euclidean,mean,weighted,0.5482372045516968
251.0,standard,prophet,euclidean,mean,weighted,0.29945114254951477
36.0,standard,median,euclidean,prophet,weighted,0.5622028708457947
455.0,standard,median,euclidean,mean,weighted,0.43419110774993896
33.0,standard,prophet,dtw,prophet,hdbscan,0.26754143834114075
787.0,standard,linear,dtw,dtw,centroid,0.1622774600982666
292.0,standard,prophet,euclidean,mean,weighted,0.32653093338012695
364.0,zscore,median,dtw,mode,weighted,-0.018364565446972847
234.0,standard,linear,euclidean,dtw,weighted,0.4471769332885742
334.0,standard,prophet,euclidean,mean,weighted,0.5061215162277222
96.0,standard,prophet,euclidean,prophet,weighted,0.5356259346008301
446.0,standard,median,euclidean,mean,weighted,0.45715242624282837
271.0,standard,median,dtw,mean,weighted,0.48245054483413696
440.0,minmax,prophet,euclidean,mean,hdbscan,0.4580288827419281
359.0,standard,median,euclidean,mean,weighted,0.49060750007629395
302.0,standard,median,euclidean,mean,weighted,0.6219870448112488
370.0,standard,median,euclidean,mean,weighted,0.4861924648284912
288.0,standard,linear,euclidean,mean,weighted,0.47171923518180847
169.0,zscore,linear,dtw,mode,ward,0.06273956596851349
423.0,standard,median,euclidean,dtw,weighted,0.39862391352653503
232.0,standard,median,euclidean,prophet,weighted,0.5622028708457947
563.0,minmax,median,euclidean,median,ward,0.005606161896139383
161.0,standard,prophet,euclidean,mean,weighted,0.29302504658699036
847.0,zscore,linear,dtw,mode,median,0.04081372916698456
338.0,standard,prophet,euclidean,mean,weighted,0.5009769797325134
108.0,standard,median,euclidean,mode,weighted,0.5622028708457947
299.0,standard,prophet,euclidean,dtw,complete,0.42715781927108765
341.0,standard,median,dtw,dtw,weighted,0.4143325388431549
388.0,standard,median,euclidean,mean,weighted,0.21970246732234955
72.0,standard,prophet,dtw,dtw,weighted,0.45002490282058716
546.0,standard,linear,euclidean,mean,weighted,0.3459344506263733
390.0,standard,median,euclidean,dtw,weighted,0.4281248450279236
321.0,standard,median,dtw,mean,weighted,0.5369313955307007
697.0,minmax,prophet,euclidean,prophet,ward,0.13684892654418945
253.0,standard,median,dtw,mean,weighted,0.4747609496116638
277.0,standard,prophet,euclidean,mean,weighted,0.35126692056655884
123.0,standard,prophet,euclidean,prophet,weighted,0.5356259346008301
305.0,standard,prophet,euclidean,mean,weighted,0.6005249619483948
323.0,standard,linear,euclidean,mean,weighted,0.6263803839683533
596.0,zscore,mean,euclidean,mean,average,0.16289272904396057
374.0,standard,median,euclidean,dtw,weighted,0.43303483724594116
57.0,standard,median,euclidean,mode,weighted,0.5622028708457947
441.0,standard,median,euclidean,mean,weighted,0.49602824449539185
224.0,standard,median,euclidean,mode,weighted,0.5622028708457947
78.0,standard,median,euclidean,mode,weighted,0.5622028708457947
307.0,standard,prophet,dtw,mean,weighted,0.3644249737262726
323.0,standard,median,dtw,mean,weighted,0.5402599573135376
751.0,minmax,linear,euclidean,median,hdbscan,0.1152535155415535
170.0,standard,median,euclidean,prophet,weighted,0.5622028708457947
335.0,standard,median,euclidean,prophet,centroid,0.1973649114370346
297.0,minmax,prophet,dtw,mean,hdbscan,0.2940666973590851
199.0,standard,mean,euclidean,prophet,ward,0.38642197847366333
420.0,standard,median,euclidean,mean,weighted,0.454507976770401
20.0,standard,median,euclidean,prophet,weighted,0.5622028708457947
869.0,standard,prophet,euclidean,dtw,single,0.002562896581366658
112.0,standard,median,euclidean,median,weighted,0.44586536288261414
310.0,standard,prophet,euclidean,mean,weighted,0.3294816315174103
174.0,standard,prophet,euclidean,dtw,weighted,0.5200247764587402
678.0,zscore,mean,dtw,mode,weighted,0.08995205909013748
324.0,minmax,linear,euclidean,prophet,hdbscan,0.3519841134548187
505.0,minmax,prophet,euclidean,mean,weighted,0.146999329328537
306.0,standard,prophet,euclidean,mean,weighted,0.6005249619483948
422.0,standard,median,euclidean,mode,complete,0.4409174621105194
379.0,standard,median,euclidean,mode,weighted,0.3996637165546417
304.0,standard,median,euclidean,mode,average,0.378053218126297
24.0,standard,linear,dtw,dtw,complete,0.2623291313648224
331.0,standard,prophet,dtw,mean,weighted,0.43738001585006714
399.0,standard,median,euclidean,dtw,weighted,0.4281248450279236
172.0,standard,median,euclidean,mode,weighted,0.5622028708457947
244.0,standard,median,dtw,mean,weighted,0.4592696726322174
340.0,standard,prophet,euclidean,mode,weighted,0.3525497019290924
438.0,standard,prophet,euclidean,mean,weighted,0.4505038261413574
265.0,standard,prophet,euclidean,prophet,weighted,0.5356259346008301
65.0,minmax,prophet,dtw,mode,hdbscan,0.2940666973590851
406.0,standard,median,euclidean,mode,weighted,0.46618324518203735
390.0,standard,median,dtw,mode,weighted,0.47572940587997437
416.0,standard,prophet,euclidean,mode,average,0.34528666734695435
411.0,standard,median,euclidean,dtw,weighted,0.40030160546302795
253.0,minmax,linear,euclidean,dtw,hdbscan,0.2673244774341583
363.0,standard,median,euclidean,mean,weighted,0.48245054483413696
159.0,standard,median,euclidean,dtw,weighted,0.3640969395637512
430.0,standard,median,euclidean,mean,weighted,0.47474291920661926
70.0,standard,median,euclidean,prophet,weighted,0.5622028708457947
243.0,standard,median,euclidean,mode,weighted,0.5622028708457947
328.0,standard,median,dtw,dtw,weighted,0.41322407126426697
304.0,standard,prophet,euclidean,mean,weighted,0.6005249619483948
696.0,zscore,median,euclidean,prophet,median,0.013480118475854397
13.0,standard,median,euclidean,median,weighted,0.5622028708457947
171.0,standard,median,euclidean,prophet,weighted,0.5622028708457947
408.0,standard,median,euclidean,mean,weighted,0.4453791379928589
298.0,standard,median,euclidean,mean,weighted,0.43023917078971863
89.0,standard,prophet,euclidean,prophet,weighted,0.5356259346008301
146.0,minmax,prophet,dtw,mode,median,0.2662467360496521
227.0,standard,median,euclidean,prophet,weighted,0.5622028708457947
209.0,standard,median,euclidean,prophet,weighted,0.5622028708457947
92.0,standard,median,euclidean,prophet,weighted,0.5622028708457947
232.0,standard,prophet,euclidean,median,weighted,0.2638327479362488
390.0,standard,prophet,euclidean,mean,weighted,0.42841029167175293
12.0,standard,prophet,euclidean,mean,average,0.33032381534576416
279.0,standard,median,euclidean,median,weighted,0.18502923846244812
282.0,standard,median,euclidean,mode,weighted,0.543548583984375
223.0,standard,median,euclidean,mean,weighted,0.45369213819503784
37.0,standard,linear,euclidean,dtw,weighted,0.527679979801178
351.0,standard,median,euclidean,prophet,weighted,0.4222196936607361
35.0,standard,median,euclidean,mode,weighted,0.5622028708457947
357.0,standard,mean,dtw,mean,weighted,0.32007646560668945
228.0,standard,median,dtw,mean,weighted,0.4592696726322174
162.0,standard,median,euclidean,prophet,weighted,0.5622028708457947
317.0,standard,median,dtw,mean,weighted,0.47686347365379333
35.0,standard,prophet,euclidean,dtw,weighted,0.516692042350769
42.0,standard,prophet,euclidean,dtw,weighted,0.5254068970680237
839.0,standard,median,euclidean,mode,centroid,-0.02001877687871456
255.0,standard,median,euclidean,mode,weighted,0.5622028708457947
476.0,minmax,mean,euclidean,prophet,complete,0.16513559222221375
323.0,standard,median,euclidean,mean,weighted,0.4988737106323242
373.0,standard,median,dtw,mode,weighted,0.47572940587997437
362.0,standard,median,dtw,mode,weighted,0.3929413855075836
306.0,standard,median,euclidean,mean,weighted,0.6278925538063049
265.0,standard,median,dtw,mean,weighted,0.4586212933063507
476.0,standard,median,euclidean,mean,weighted,0.4318397641181946
429.0,standard,median,euclidean,dtw,weighted,0.37952837347984314
85.0,standard,median,euclidean,prophet,weighted,0.5622028708457947
467.0,standard,median,euclidean,mean,weighted,0.43152785301208496
154.0,standard,prophet,euclidean,dtw,weighted,0.5200247764587402
142.0,minmax,median,euclidean,prophet,average,0.27760130167007446
280.0,standard,median,euclidean,mean,weighted,0.49847862124443054
359.0,standard,median,dtw,mean,weighted,0.3966536521911621
35.0,standard,median,euclidean,prophet,weighted,0.5622028708457947
41.0,minmax,prophet,euclidean,mean,complete,0.15160077810287476
293.0,standard,linear,euclidean,prophet,weighted,0.38163432478904724
312.0,standard,median,euclidean,median,weighted,0.29317018389701843
320.0,standard,linear,euclidean,mean,weighted,0.33521604537963867
442.0,standard,median,euclidean,mean,weighted,0.3127221167087555
217.0,standard,median,euclidean,prophet,weighted,0.5622028708457947
382.0,standard,median,euclidean,mean,weighted,0.5002151727676392
19.0,standard,mean,euclidean,mode,weighted,0.38982295989990234
217.0,standard,linear,euclidean,mean,weighted,0.5276640057563782
408.0,standard,median,dtw,mean,weighted,0.42945948243141174
379.0,standard,median,euclidean,mean,weighted,0.5148285627365112
443.0,standard,linear,euclidean,mean,weighted,0.4373213052749634
302.0,standard,prophet,dtw,mode,weighted,0.3303050994873047
108.0,standard,prophet,euclidean,prophet,weighted,0.5356259346008301
399.0,standard,median,euclidean,mode,weighted,0.46618324518203735
247.0,standard,median,euclidean,prophet,weighted,0.5622028708457947
123.0,standard,median,euclidean,prophet,weighted,0.5622028708457947
322.0,standard,median,euclidean,dtw,weighted,0.4435829818248749
37.0,standard,median,euclidean,mean,weighted,0.3837752938270569
323.0,standard,median,euclidean,prophet,weighted,0.4062463641166687
266.0,standard,median,euclidean,mode,weighted,0.5622028708457947
48.0,minmax,prophet,euclidean,mean,hdbscan,0.4176443815231323
31.0,standard,prophet,euclidean,mode,weighted,0.5356259346008301
33.0,standard,median,euclidean,mode,weighted,0.5622028708457947
863.0,standard,prophet,euclidean,prophet,median,-0.05282207578420639
376.0,standard,median,euclidean,mean,weighted,0.5104583501815796
73.0,standard,median,euclidean,prophet,weighted,0.5622028708457947
182.0,standard,prophet,euclidean,mode,weighted,0.5356259346008301
261.0,standard,prophet,euclidean,prophet,hdbscan,0.3868255317211151
338.0,minmax,prophet,dtw,mean,weighted,0.2415556162595749
381.0,standard,prophet,euclidean,mean,weighted,0.506432294845581
179.0,standard,linear,euclidean,mean,weighted,0.4006185233592987
11.0,standard,linear,euclidean,mean,weighted,0.3869282901287079
143.0,standard,median,euclidean,mode,weighted,0.5622028708457947
290.0,standard,median,euclidean,mean,weighted,0.4928957223892212
230.0,standard,median,euclidean,dtw,weighted,0.3990752398967743
896.0,standard,prophet,dtw,prophet,complete,0.23457226157188416
717.0,standard,median,euclidean,mode,weighted,0.0011236985446885228
327.0,standard,median,dtw,mean,weighted,0.5402599573135376
441.0,standard,median,euclidean,prophet,weighted,0.16354404389858246
392.0,minmax,linear,euclidean,prophet,ward,0.2211260199546814
450.0,standard,median,euclidean,mean,weighted,0.43933847546577454
47.0,standard,prophet,euclidean,prophet,weighted,0.5356259346008301
270.0,standard,linear,euclidean,mode,median,0.0584709607064724
370.0,standard,median,euclidean,prophet,weighted,0.4163459539413452
2.0,zscore,linear,dtw,median,single,0.05516405776143074
235.0,standard,linear,euclidean,mean,weighted,0.5364739894866943
272.0,standard,linear,euclidean,mean,weighted,0.4409336447715759
