Comperiod,Scaling,Interpolation,Similarity,Unsynced,Linkmeth,ray/tune/_metric
304.0,standard,linear,euclidean,prophet,hdbscan,0.9663394689559937
882.0,standard,median,euclidean,dtw,weighted,0.3386697769165039
546.0,standard,prophet,euclidean,dtw,average,0.6922838687896729
3.0,zscore,prophet,euclidean,dtw,single,9.649055573390797e-05
55.0,standard,mean,euclidean,prophet,hdbscan,0.9687958359718323
104.0,standard,mean,euclidean,mode,complete,0.31249693036079407
19.0,standard,median,euclidean,dtw,hdbscan,0.9687958359718323
341.0,standard,median,dtw,prophet,single,0.055488232523202896
678.0,zscore,mean,euclidean,prophet,ward,0.09094434231519699
112.0,minmax,prophet,dtw,dtw,ward,0.4931104779243469
6.0,standard,median,euclidean,mode,single,0.8825109004974365
533.0,zscore,mean,euclidean,dtw,median,4.731957687909016e-06
361.0,standard,mean,dtw,prophet,median,0.3838905990123749
349.0,standard,prophet,euclidean,prophet,hdbscan,0.9679943919181824
89.0,minmax,linear,euclidean,prophet,hdbscan,0.7832687497138977
419.0,standard,median,euclidean,prophet,hdbscan,0.967948317527771
23.0,standard,prophet,euclidean,median,single,0.8825109004974365
492.0,standard,mean,euclidean,prophet,average,0.5053701996803284
1091.0,standard,prophet,euclidean,prophet,ward,0.3061848282814026
466.0,standard,prophet,euclidean,prophet,hdbscan,0.9679170250892639
188.0,zscore,mean,euclidean,prophet,ward,0.635908305644989
499.0,standard,median,euclidean,prophet,hdbscan,0.9691658616065979
300.0,standard,mean,euclidean,median,ward,0.5349075198173523
15.0,standard,prophet,euclidean,median,hdbscan,0.9680426716804504
516.0,standard,prophet,euclidean,prophet,hdbscan,0.9691658616065979
2.0,standard,linear,euclidean,dtw,hdbscan,0.9687958359718323
95.0,standard,median,euclidean,prophet,hdbscan,0.9687958359718323
571.0,standard,linear,dtw,prophet,ward,0.33387038111686707
313.0,standard,median,euclidean,prophet,hdbscan,0.9663394689559937
486.0,standard,prophet,euclidean,prophet,hdbscan,0.9671638607978821
158.0,standard,mean,euclidean,prophet,hdbscan,0.9687958359718323
4.0,zscore,prophet,euclidean,mode,ward,0.8491026163101196
750.0,original,median,euclidean,median,ward,0.0012377764796838164
232.0,standard,median,euclidean,prophet,hdbscan,0.9687958359718323
234.0,standard,mean,euclidean,prophet,hdbscan,0.9687958359718323
430.0,minmax,mean,euclidean,dtw,hdbscan,0.4711674153804779
62.0,standard,median,euclidean,dtw,hdbscan,0.9631525874137878
357.0,minmax,prophet,euclidean,dtw,median,0.29502108693122864
18.0,standard,prophet,euclidean,dtw,hdbscan,0.9680426716804504
186.0,standard,median,euclidean,prophet,hdbscan,0.9687958359718323
15.0,standard,linear,euclidean,prophet,hdbscan,0.9687958359718323
207.0,standard,median,euclidean,prophet,hdbscan,0.9687958359718323
128.0,zscore,linear,euclidean,mean,ward,0.651567280292511
34.0,standard,median,euclidean,mode,hdbscan,0.9687958359718323
34.0,standard,mean,euclidean,dtw,hdbscan,0.9668660759925842
708.0,standard,linear,euclidean,prophet,ward,0.42915594577789307
52.0,standard,prophet,euclidean,prophet,hdbscan,0.9680426716804504
83.0,standard,median,euclidean,dtw,single,0.3329589366912842
126.0,standard,linear,euclidean,prophet,ward,0.6824919581413269
2.0,zscore,linear,euclidean,mean,ward,0.8491026163101196
10.0,zscore,median,euclidean,prophet,hdbscan,0.0010000000474974513
58.0,standard,median,euclidean,mean,hdbscan,0.6849477887153625
10.0,standard,median,euclidean,dtw,hdbscan,0.9687958359718323
727.0,standard,mean,euclidean,dtw,ward,0.5561943650245667
94.0,standard,prophet,euclidean,median,hdbscan,0.9543876647949219
128.0,standard,mean,euclidean,dtw,single,0.3320985436439514
530.0,standard,linear,euclidean,prophet,hdbscan,0.9691970944404602
382.0,standard,median,euclidean,prophet,hdbscan,0.967948317527771
703.0,standard,mean,euclidean,dtw,average,0.6161307692527771
63.0,standard,median,euclidean,prophet,hdbscan,0.9687958359718323
544.0,minmax,median,euclidean,mean,ward,0.14327703416347504
156.0,standard,linear,euclidean,prophet,hdbscan,0.9687958359718323
431.0,standard,prophet,euclidean,dtw,centroid,0.48847317695617676
484.0,standard,linear,euclidean,mode,hdbscan,0.0742184966802597
357.0,standard,linear,euclidean,prophet,hdbscan,0.9671952128410339
301.0,zscore,mean,euclidean,mode,complete,0.15454979240894318
250.0,standard,linear,euclidean,prophet,hdbscan,0.9687958359718323
133.0,standard,mean,euclidean,prophet,hdbscan,0.9687958359718323
2.0,minmax,prophet,dtw,dtw,average,0.3044132590293884
737.0,standard,mean,dtw,prophet,weighted,0.2429080307483673
363.0,standard,prophet,euclidean,prophet,hdbscan,0.967948317527771
233.0,minmax,median,euclidean,prophet,ward,0.5734566450119019
2.0,standard,mean,euclidean,median,hdbscan,0.9687958359718323
750.0,original,median,euclidean,median,ward,0.0012377764796838164
95.0,standard,median,euclidean,mean,single,0.00018452397489454597
509.0,standard,median,euclidean,prophet,hdbscan,0.9691658616065979
39.0,standard,linear,euclidean,prophet,hdbscan,0.9687958359718323
4.0,standard,mean,euclidean,median,hdbscan,0.9687958359718323
3.0,zscore,prophet,dtw,dtw,ward,0.20234796404838562
395.0,standard,median,euclidean,dtw,complete,0.4294792413711548
413.0,standard,prophet,euclidean,dtw,average,0.5733823180198669
8.0,zscore,linear,euclidean,dtw,median,0.15359269082546234
36.0,zscore,median,euclidean,median,ward,0.8424646258354187
38.0,zscore,prophet,euclidean,mean,ward,0.8432047963142395
15.0,standard,prophet,euclidean,prophet,hdbscan,0.9680426716804504
4.0,standard,median,euclidean,dtw,hdbscan,0.9687958359718323
127.0,standard,median,euclidean,prophet,hdbscan,0.9687958359718323
118.0,standard,prophet,euclidean,dtw,average,0.47911542654037476
20.0,standard,mean,euclidean,prophet,ward,0.6824919581413269
301.0,standard,prophet,euclidean,prophet,single,0.872800886631012
365.0,standard,mean,euclidean,prophet,single,0.872800886631012
5.0,standard,mean,euclidean,dtw,centroid,0.46684399247169495
233.0,standard,linear,euclidean,prophet,average,0.5162087082862854
44.0,standard,linear,euclidean,prophet,hdbscan,0.9687958359718323
30.0,standard,median,euclidean,prophet,hdbscan,0.9687958359718323
4.0,standard,median,euclidean,mode,hdbscan,0.9687958359718323
590.0,standard,median,dtw,dtw,single,0.21346129477024078
65.0,standard,median,euclidean,prophet,hdbscan,0.9687958359718323
222.0,standard,prophet,euclidean,prophet,hdbscan,0.9680426716804504
1044.0,standard,median,euclidean,prophet,median,0.033384889364242554
517.0,standard,linear,euclidean,prophet,hdbscan,0.9691970944404602
45.0,standard,mean,euclidean,mode,hdbscan,0.9687958359718323
209.0,standard,mean,euclidean,prophet,hdbscan,0.9687958359718323
56.0,standard,median,euclidean,median,hdbscan,0.9687958359718323
374.0,standard,median,euclidean,dtw,median,0.3750394284725189
132.0,standard,median,euclidean,prophet,hdbscan,0.9687958359718323
252.0,minmax,mean,euclidean,prophet,single,0.8964009284973145
1049.0,standard,linear,dtw,dtw,centroid,0.23233965039253235
102.0,standard,prophet,euclidean,mean,ward,0.6203745603561401
1152.0,standard,median,euclidean,dtw,single,-1.2235313988639973e-06
1040.0,standard,prophet,euclidean,dtw,ward,0.45196494460105896
38.0,standard,median,euclidean,median,hdbscan,0.9687958359718323
776.0,original,mean,euclidean,mean,hdbscan,0.001102576730772853
20.0,standard,median,euclidean,median,hdbscan,0.9687958359718323
90.0,standard,prophet,euclidean,mean,centroid,0.11267022788524628
615.0,original,mean,dtw,dtw,ward,0.0012818305986002088
995.0,standard,linear,dtw,dtw,average,0.22029119729995728
18.0,original,mean,dtw,dtw,ward,0.001666350057348609
573.0,minmax,mean,euclidean,prophet,hdbscan,0.7344102263450623
1128.0,original,prophet,euclidean,dtw,average,0.002071978757157922
570.0,standard,median,euclidean,prophet,hdbscan,0.9648361802101135
33.0,standard,prophet,dtw,mean,hdbscan,0.5438926815986633
916.0,standard,mean,dtw,dtw,complete,0.36271795630455017
89.0,standard,prophet,euclidean,prophet,hdbscan,0.9680426716804504
614.0,standard,mean,euclidean,dtw,centroid,0.5417057871818542
2.0,original,prophet,euclidean,dtw,weighted,0.0031478251330554485
514.0,standard,mean,euclidean,prophet,hdbscan,0.9691658616065979
18.0,zscore,mean,dtw,prophet,hdbscan,0.0010000000474974513
258.0,standard,mean,dtw,prophet,average,0.46117937564849854
3.0,zscore,median,euclidean,prophet,complete,0.17964525520801544
4.0,zscore,median,euclidean,dtw,hdbscan,0.0010000000474974513
30.0,standard,mean,euclidean,prophet,hdbscan,0.9687958359718323
193.0,standard,linear,euclidean,prophet,hdbscan,0.9687958359718323
169.0,standard,prophet,euclidean,prophet,hdbscan,0.9680426716804504
439.0,standard,median,euclidean,prophet,hdbscan,0.967948317527771
40.0,standard,median,euclidean,mode,hdbscan,0.9687958359718323
443.0,standard,prophet,euclidean,prophet,hdbscan,0.9679170250892639
451.0,minmax,mean,euclidean,median,average,0.12820763885974884
27.0,standard,linear,euclidean,prophet,hdbscan,0.9687958359718323
66.0,minmax,prophet,euclidean,median,hdbscan,0.7676699161529541
238.0,standard,median,dtw,dtw,ward,0.593242883682251
26.0,standard,median,euclidean,prophet,hdbscan,0.9687958359718323
117.0,standard,mean,euclidean,prophet,single,0.8825109004974365
7.0,standard,prophet,euclidean,mode,hdbscan,0.9680426716804504
372.0,standard,median,dtw,dtw,complete,0.3640134036540985
470.0,standard,linear,euclidean,prophet,hdbscan,0.9691658616065979
1162.0,standard,mean,dtw,prophet,ward,0.23990456759929657
540.0,standard,mean,dtw,prophet,average,0.2160876989364624
41.0,minmax,prophet,euclidean,median,single,0.8964009284973145
2.0,standard,linear,euclidean,mean,hdbscan,0.9687958359718323
21.0,standard,median,euclidean,mode,hdbscan,0.9687958359718323
191.0,standard,median,euclidean,prophet,hdbscan,0.9687958359718323
3.0,minmax,median,euclidean,mean,single,0.8964009284973145
2.0,zscore,prophet,euclidean,dtw,ward,0.8491026163101196
191.0,standard,linear,euclidean,median,single,0.00014980044215917587
554.0,standard,prophet,euclidean,prophet,hdbscan,0.9660201668739319
54.0,standard,prophet,dtw,dtw,hdbscan,0.6262701749801636
1169.0,zscore,mean,euclidean,prophet,single,-2.013593439187389e-05
501.0,standard,mean,euclidean,prophet,hdbscan,0.9691658616065979
70.0,standard,prophet,euclidean,median,hdbscan,0.9655793905258179
2.0,standard,median,euclidean,prophet,hdbscan,0.9687958359718323
37.0,standard,mean,euclidean,prophet,hdbscan,0.9687958359718323
29.0,standard,mean,euclidean,prophet,hdbscan,0.9687958359718323
13.0,standard,median,dtw,dtw,single,0.055488232523202896
2.0,standard,mean,euclidean,mode,hdbscan,0.9687958359718323
885.0,standard,linear,euclidean,dtw,average,0.3408340811729431
56.0,standard,median,euclidean,prophet,hdbscan,0.9687958359718323
53.0,standard,median,euclidean,prophet,hdbscan,0.9687958359718323
506.0,zscore,prophet,euclidean,prophet,hdbscan,-1.9752071693801554e-06
540.0,standard,mean,euclidean,prophet,hdbscan,0.9679990410804749
1000.0,standard,mean,dtw,dtw,hdbscan,0.4217817485332489
156.0,standard,prophet,dtw,median,complete,0.2140691727399826
1149.0,zscore,mean,euclidean,dtw,ward,0.27727770805358887
6.0,original,mean,euclidean,prophet,complete,0.0016424867790192366
4.0,standard,median,dtw,prophet,hdbscan,0.6282827258110046
591.0,original,mean,euclidean,dtw,single,4.168985833530314e-05
2.0,standard,median,euclidean,prophet,single,0.8825109004974365
42.0,standard,mean,euclidean,mean,hdbscan,0.8143028616905212
301.0,zscore,mean,euclidean,mode,complete,0.15454979240894318
108.0,standard,linear,euclidean,prophet,hdbscan,0.9687958359718323
104.0,zscore,linear,euclidean,median,ward,0.803076982498169
27.0,standard,prophet,euclidean,prophet,hdbscan,0.9680426716804504
488.0,standard,median,euclidean,prophet,hdbscan,0.9691658616065979
186.0,standard,mean,euclidean,prophet,single,0.8825109004974365
240.0,zscore,mean,euclidean,dtw,ward,0.4272061288356781
171.0,standard,linear,euclidean,prophet,hdbscan,0.9687958359718323
6.0,zscore,prophet,dtw,prophet,weighted,0.09589721262454987
278.0,standard,mean,euclidean,prophet,median,0.3754117488861084
324.0,standard,linear,euclidean,median,weighted,0.40426573157310486
4.0,standard,median,euclidean,prophet,hdbscan,0.9687958359718323
38.0,standard,linear,euclidean,median,hdbscan,0.9687958359718323
2.0,standard,mean,dtw,dtw,median,0.3838905990123749
206.0,standard,mean,euclidean,prophet,hdbscan,0.9687958359718323
631.0,minmax,mean,euclidean,prophet,single,-2.6440069632371888e-05
600.0,zscore,mean,dtw,median,centroid,0.003438850399106741
653.0,standard,linear,dtw,prophet,complete,0.3345266282558441
3.0,zscore,mean,dtw,dtw,average,0.0003415319952182472
69.0,standard,prophet,euclidean,dtw,hdbscan,0.9620208740234375
554.0,standard,prophet,euclidean,dtw,average,0.6889562606811523
750.0,original,median,euclidean,median,ward,0.0012377764796838164
232.0,standard,mean,euclidean,mode,single,0.00012770363537129015
198.0,standard,mean,euclidean,dtw,centroid,0.33558788895606995
42.0,standard,median,dtw,mode,centroid,0.43001630902290344
11.0,standard,linear,euclidean,prophet,hdbscan,0.9687958359718323
2.0,standard,median,euclidean,median,hdbscan,0.9687958359718323
126.0,standard,median,euclidean,mode,hdbscan,0.8879126310348511
484.0,standard,mean,euclidean,dtw,single,6.496988498838618e-05
150.0,standard,median,euclidean,prophet,hdbscan,0.9687958359718323
5.0,minmax,median,dtw,prophet,ward,0.4931104779243469
320.0,minmax,median,euclidean,prophet,hdbscan,0.7836219072341919
1049.0,standard,linear,dtw,dtw,centroid,0.23233965039253235
2.0,standard,mean,euclidean,dtw,hdbscan,0.9687958359718323
33.0,standard,linear,euclidean,prophet,hdbscan,0.9687958359718323
434.0,standard,mean,euclidean,dtw,average,0.5967675447463989
198.0,minmax,median,euclidean,dtw,single,0.14118817448616028
3.0,zscore,mean,euclidean,dtw,weighted,0.2587563395500183
94.0,standard,mean,euclidean,prophet,centroid,0.46684399247169495
519.0,standard,mean,euclidean,prophet,hdbscan,0.9691970944404602
92.0,standard,mean,euclidean,dtw,hdbscan,0.8651963472366333
83.0,standard,linear,euclidean,prophet,hdbscan,0.9687958359718323
297.0,original,mean,euclidean,prophet,hdbscan,0.004315197467803955
322.0,minmax,linear,euclidean,prophet,single,0.8737232685089111
3.0,minmax,median,euclidean,prophet,average,0.4393967092037201
222.0,standard,linear,euclidean,prophet,hdbscan,0.9687958359718323
396.0,standard,median,euclidean,prophet,hdbscan,0.967948317527771
176.0,standard,median,euclidean,prophet,hdbscan,0.9687958359718323
42.0,standard,linear,euclidean,prophet,ward,0.6824919581413269
7.0,standard,linear,euclidean,prophet,hdbscan,0.9687958359718323
169.0,standard,mean,euclidean,median,hdbscan,0.5918465256690979
900.0,minmax,prophet,dtw,prophet,median,0.1479012370109558
359.0,standard,mean,euclidean,dtw,complete,0.44673997163772583
10.0,standard,median,euclidean,mean,hdbscan,0.9687958359718323
573.0,standard,linear,euclidean,prophet,hdbscan,0.9665572643280029
13.0,standard,linear,euclidean,prophet,hdbscan,0.9687958359718323
68.0,standard,mean,euclidean,prophet,single,0.8825109004974365
113.0,standard,median,euclidean,prophet,hdbscan,0.9687958359718323
454.0,standard,mean,euclidean,prophet,hdbscan,0.9679170250892639
3.0,standard,prophet,dtw,prophet,complete,0.4625948369503021
421.0,standard,linear,euclidean,mean,hdbscan,0.001398540218360722
433.0,standard,prophet,euclidean,dtw,hdbscan,0.37954992055892944
383.0,zscore,median,euclidean,dtw,single,0.00012485915794968605
571.0,standard,median,euclidean,dtw,average,0.7727170586585999
27.0,standard,median,euclidean,median,weighted,0.43716710805892944
117.0,minmax,median,euclidean,dtw,hdbscan,0.6696931719779968
2.0,standard,median,euclidean,mean,hdbscan,0.9687958359718323
81.0,minmax,linear,euclidean,prophet,single,0.8964009284973145
50.0,standard,linear,euclidean,prophet,hdbscan,0.9687958359718323
1049.0,standard,linear,dtw,dtw,centroid,0.23233965039253235
3.0,minmax,mean,euclidean,dtw,ward,0.6633316874504089
416.0,standard,mean,euclidean,prophet,single,0.872800886631012
2.0,standard,prophet,dtw,dtw,weighted,0.4170575737953186
67.0,standard,linear,euclidean,mode,hdbscan,0.9334260821342468
55.0,standard,median,euclidean,dtw,hdbscan,0.9593400955200195
31.0,minmax,linear,euclidean,mean,ward,0.6633316874504089
667.0,standard,mean,euclidean,dtw,median,0.44313278794288635
21.0,standard,linear,euclidean,mode,hdbscan,0.9687958359718323
16.0,zscore,median,euclidean,prophet,ward,0.8469802737236023
456.0,standard,linear,euclidean,prophet,hdbscan,0.9679170250892639
52.0,standard,mean,euclidean,median,hdbscan,0.9687958359718323
2.0,original,median,euclidean,median,ward,0.0013358910800889134
29.0,standard,median,euclidean,prophet,hdbscan,0.9687958359718323
26.0,standard,median,euclidean,median,hdbscan,0.9687958359718323
171.0,standard,prophet,dtw,dtw,weighted,0.4170575737953186
13.0,zscore,mean,euclidean,prophet,average,0.0010380704188719392
600.0,zscore,mean,dtw,median,centroid,0.003438850399106741
28.0,standard,mean,euclidean,prophet,hdbscan,0.9687958359718323
90.0,standard,mean,euclidean,prophet,hdbscan,0.9687958359718323
7.0,standard,linear,euclidean,mean,hdbscan,0.9687958359718323
9.0,standard,mean,euclidean,prophet,hdbscan,0.9687958359718323
371.0,standard,median,dtw,prophet,centroid,0.24995774030685425
7.0,standard,mean,euclidean,mean,average,0.5162087082862854
288.0,standard,linear,euclidean,prophet,hdbscan,0.9670541286468506
194.0,standard,prophet,euclidean,prophet,hdbscan,0.9680426716804504
234.0,minmax,mean,euclidean,dtw,ward,0.6234106421470642
254.0,standard,median,euclidean,dtw,average,0.4779907166957855
454.0,standard,prophet,euclidean,prophet,hdbscan,0.9679170250892639
297.0,standard,linear,dtw,median,hdbscan,0.22563351690769196
211.0,standard,prophet,euclidean,mean,ward,0.6848397850990295
10.0,zscore,mean,euclidean,prophet,single,8.703435014467686e-05
5.0,standard,median,dtw,median,ward,0.593242883682251
1156.0,original,mean,dtw,prophet,single,-2.328800292161759e-05
1156.0,standard,median,euclidean,dtw,hdbscan,0.4294240176677704
2.0,minmax,prophet,euclidean,median,hdbscan,0.783998966217041
277.0,standard,prophet,euclidean,prophet,hdbscan,0.9671638607978821
3.0,original,prophet,euclidean,dtw,median,0.0017484588315710425
62.0,standard,median,euclidean,prophet,hdbscan,0.9687958359718323
865.0,standard,linear,euclidean,median,ward,0.09598062932491302
6.0,minmax,prophet,euclidean,prophet,single,0.8964009284973145
43.0,standard,linear,euclidean,mode,hdbscan,0.9687958359718323
336.0,standard,linear,euclidean,prophet,centroid,0.4953070282936096
1186.0,minmax,prophet,euclidean,dtw,complete,0.2763248383998871
1199.0,standard,median,euclidean,prophet,weighted,0.11312983930110931
62.0,standard,mean,euclidean,prophet,hdbscan,0.9687958359718323
415.0,standard,prophet,euclidean,prophet,hdbscan,0.9679170250892639
136.0,standard,prophet,euclidean,prophet,hdbscan,0.9680426716804504
4.0,standard,linear,euclidean,median,single,0.8825109004974365
451.0,minmax,mean,euclidean,median,average,0.12820763885974884
239.0,standard,linear,euclidean,mean,centroid,0.18201816082000732
48.0,standard,median,euclidean,prophet,hdbscan,0.9687958359718323
543.0,standard,prophet,dtw,mode,ward,0.04944330453872681
56.0,standard,linear,euclidean,median,hdbscan,0.9687958359718323
7.0,standard,median,dtw,prophet,centroid,0.43001630902290344
14.0,standard,median,euclidean,dtw,complete,0.37633365392684937
382.0,minmax,mean,euclidean,prophet,single,0.8737232685089111
2.0,original,linear,dtw,mean,single,6.125838990556076e-05
9.0,zscore,mean,dtw,prophet,single,-7.527666184614645e-06
387.0,standard,mean,euclidean,prophet,hdbscan,0.9671952128410339
9.0,standard,linear,euclidean,median,hdbscan,0.9687958359718323
7.0,minmax,prophet,dtw,prophet,single,0.1237557902932167
18.0,standard,prophet,euclidean,mean,single,0.872800886631012
5.0,standard,mean,dtw,dtw,complete,0.4740840494632721
3.0,standard,linear,euclidean,mean,hdbscan,0.9687958359718323
266.0,standard,mean,dtw,prophet,ward,0.49090003967285156
46.0,standard,linear,euclidean,mode,hdbscan,0.9687958359718323
211.0,standard,linear,euclidean,prophet,hdbscan,0.9687958359718323
237.0,standard,median,euclidean,prophet,single,0.8825109004974365
256.0,standard,median,euclidean,prophet,hdbscan,0.9671638607978821
267.0,standard,linear,euclidean,prophet,hdbscan,0.9671638607978821
3.0,original,mean,dtw,prophet,average,0.0018070131773129106
140.0,standard,linear,euclidean,median,average,0.38043013215065
166.0,standard,prophet,euclidean,dtw,ward,0.6848113536834717
321.0,standard,linear,euclidean,prophet,hdbscan,0.9679170250892639
12.0,standard,mean,euclidean,median,hdbscan,0.9687958359718323
464.0,minmax,linear,euclidean,prophet,hdbscan,0.7838378548622131
191.0,standard,mean,euclidean,dtw,weighted,0.41696321964263916
206.0,standard,median,euclidean,prophet,hdbscan,0.9687958359718323
694.0,original,mean,euclidean,prophet,average,-0.0003842574078589678
103.0,standard,prophet,euclidean,prophet,hdbscan,0.9680426716804504
3.0,zscore,linear,euclidean,dtw,complete,0.20614345371723175
900.0,minmax,prophet,dtw,prophet,median,0.1479012370109558
2.0,standard,prophet,euclidean,median,ward,0.6824919581413269
150.0,standard,linear,euclidean,prophet,hdbscan,0.9687958359718323
518.0,standard,prophet,euclidean,mean,weighted,0.24773764610290527
72.0,standard,linear,euclidean,prophet,hdbscan,0.9687958359718323
301.0,zscore,mean,euclidean,mode,complete,0.15454979240894318
1165.0,standard,prophet,euclidean,mode,average,0.11758174002170563
33.0,original,linear,euclidean,mean,hdbscan,0.004592520650476217
3.0,standard,median,dtw,mean,average,0.46117937564849854
391.0,standard,mean,euclidean,prophet,ward,0.4976336359977722
5.0,standard,median,euclidean,median,hdbscan,0.9687958359718323
30.0,standard,median,dtw,prophet,ward,0.593242883682251
579.0,standard,mean,euclidean,prophet,hdbscan,0.9655793905258179
20.0,standard,linear,euclidean,prophet,hdbscan,0.9687958359718323
753.0,standard,mean,euclidean,dtw,complete,0.4435120224952698
358.0,standard,median,euclidean,dtw,ward,0.65492182970047
22.0,standard,median,euclidean,mode,hdbscan,0.9687958359718323
483.0,standard,median,dtw,prophet,hdbscan,0.6284506320953369
1115.0,standard,prophet,dtw,dtw,ward,0.41510406136512756
121.0,standard,mean,euclidean,prophet,hdbscan,0.9687958359718323
350.0,standard,median,euclidean,prophet,hdbscan,0.9679170250892639
70.0,standard,prophet,euclidean,dtw,average,0.5159225463867188
617.0,standard,mean,dtw,mean,hdbscan,-0.00020936639339197427
511.0,standard,mean,euclidean,prophet,hdbscan,0.9691658616065979
5.0,standard,mean,euclidean,median,hdbscan,0.9687958359718323
441.0,standard,mean,euclidean,median,average,0.14014975726604462
47.0,standard,prophet,euclidean,prophet,hdbscan,0.9680426716804504
40.0,minmax,mean,euclidean,prophet,single,0.8964009284973145
2.0,original,linear,dtw,mean,single,6.125838990556076e-05
80.0,zscore,mean,euclidean,prophet,ward,0.666463315486908
23.0,minmax,median,dtw,prophet,hdbscan,0.4766111373901367
245.0,standard,prophet,euclidean,prophet,hdbscan,0.9680426716804504
26.0,standard,mean,euclidean,dtw,hdbscan,0.9687958359718323
148.0,standard,mean,euclidean,prophet,hdbscan,0.9687958359718323
527.0,standard,median,euclidean,prophet,hdbscan,0.9691970944404602
469.0,standard,median,euclidean,prophet,hdbscan,0.9672414064407349
1199.0,standard,median,euclidean,dtw,complete,0.33651071786880493
330.0,standard,mean,euclidean,prophet,hdbscan,0.9679170250892639
714.0,standard,mean,euclidean,dtw,average,0.5152578353881836
76.0,standard,mean,euclidean,prophet,hdbscan,0.9687958359718323
673.0,standard,linear,euclidean,prophet,centroid,0.3384080231189728
1194.0,standard,prophet,dtw,prophet,hdbscan,0.1931850016117096
19.0,standard,linear,euclidean,dtw,average,0.5162087082862854
4.0,standard,prophet,dtw,prophet,median,0.3838905990123749
61.0,standard,mean,euclidean,median,hdbscan,0.9688200950622559
17.0,zscore,median,euclidean,median,ward,0.8491026163101196
644.0,original,linear,euclidean,prophet,complete,0.0017770968843251467
974.0,standard,prophet,euclidean,median,average,0.09985191375017166
777.0,standard,mean,euclidean,prophet,hdbscan,0.19607897102832794
495.0,standard,linear,euclidean,prophet,hdbscan,0.9691658616065979
3.0,minmax,mean,euclidean,prophet,ward,0.6633316874504089
2.0,standard,linear,euclidean,mode,ward,0.6824919581413269
26.0,standard,median,euclidean,mode,hdbscan,0.9687958359718323
2.0,standard,prophet,euclidean,dtw,hdbscan,0.9680426716804504
30.0,standard,linear,euclidean,dtw,hdbscan,0.9668660759925842
146.0,standard,median,euclidean,prophet,hdbscan,0.9687958359718323
6.0,standard,mean,euclidean,median,hdbscan,0.9687958359718323
600.0,zscore,mean,dtw,median,centroid,0.003438850399106741
12.0,zscore,median,euclidean,dtw,centroid,-1.4014116459293291e-05
2.0,standard,median,euclidean,dtw,single,0.8825109004974365
422.0,standard,mean,euclidean,prophet,hdbscan,0.9671952128410339
74.0,standard,median,dtw,dtw,average,0.46117937564849854
263.0,original,mean,euclidean,prophet,ward,0.002099924720823765
255.0,standard,linear,euclidean,prophet,weighted,0.42692506313323975
319.0,standard,mean,dtw,dtw,median,0.40020057559013367
405.0,standard,prophet,euclidean,prophet,hdbscan,0.9679170250892639
125.0,standard,prophet,euclidean,prophet,hdbscan,0.9680426716804504
4.0,standard,median,euclidean,mean,hdbscan,0.9687958359718323
410.0,standard,prophet,dtw,dtw,hdbscan,0.6213706731796265
33.0,standard,mean,euclidean,mode,hdbscan,0.9687958359718323
81.0,standard,mean,euclidean,prophet,hdbscan,0.9687958359718323
6.0,minmax,linear,euclidean,dtw,single,0.8964009284973145
122.0,standard,linear,euclidean,median,hdbscan,0.9093309640884399
20.0,standard,linear,euclidean,prophet,weighted,0.44695034623146057
3.0,standard,median,euclidean,dtw,average,0.5159225463867188
884.0,standard,linear,euclidean,prophet,average,0.17904667556285858
44.0,standard,mean,euclidean,median,hdbscan,0.9687958359718323
46.0,standard,prophet,euclidean,dtw,average,0.5159225463867188
926.0,standard,mean,euclidean,dtw,weighted,0.3137243390083313
181.0,minmax,mean,euclidean,prophet,hdbscan,0.7832687497138977
237.0,standard,median,euclidean,prophet,hdbscan,0.9687958359718323
7.0,original,mean,euclidean,prophet,centroid,0.0026026146952062845
2.0,minmax,mean,euclidean,dtw,hdbscan,0.7832687497138977
433.0,standard,median,euclidean,prophet,hdbscan,0.967948317527771
610.0,standard,median,euclidean,prophet,single,-3.9048340113367885e-05
451.0,minmax,mean,euclidean,median,average,0.12820763885974884
356.0,standard,prophet,dtw,dtw,average,0.47973012924194336
481.0,standard,linear,euclidean,prophet,hdbscan,0.9691658616065979
78.0,standard,median,euclidean,prophet,hdbscan,0.9687958359718323
429.0,standard,mean,euclidean,prophet,hdbscan,0.9671952128410339
614.0,standard,prophet,euclidean,prophet,hdbscan,0.8947061896324158
2.0,zscore,median,dtw,dtw,hdbscan,0.0010000000474974513
541.0,original,mean,dtw,dtw,average,0.00199307082220912
2.0,original,prophet,dtw,dtw,hdbscan,0.03958258032798767
142.0,standard,linear,euclidean,prophet,hdbscan,0.9687958359718323
13.0,zscore,prophet,dtw,prophet,ward,0.20234796404838562
201.0,standard,mean,euclidean,prophet,hdbscan,0.9687958359718323
170.0,standard,mean,euclidean,prophet,hdbscan,0.9687958359718323
1160.0,standard,mean,dtw,dtw,ward,0.36933842301368713
262.0,standard,mean,euclidean,prophet,hdbscan,0.9679170250892639
28.0,standard,linear,euclidean,prophet,single,0.8825109004974365
3.0,minmax,median,euclidean,mode,single,0.8964009284973145
388.0,standard,linear,euclidean,prophet,hdbscan,0.9671952128410339
782.0,standard,prophet,euclidean,dtw,hdbscan,0.42416441440582275
100.0,standard,linear,euclidean,prophet,hdbscan,0.9687958359718323
478.0,standard,mean,euclidean,prophet,hdbscan,0.9691658616065979
4.0,standard,mean,euclidean,dtw,hdbscan,0.9687958359718323
1193.0,zscore,mean,euclidean,dtw,weighted,-7.2853758865676355e-06
504.0,standard,linear,euclidean,prophet,hdbscan,0.9691658616065979
29.0,standard,median,euclidean,median,hdbscan,0.9687958359718323
228.0,standard,mean,euclidean,prophet,hdbscan,0.9687958359718323
5.0,standard,prophet,euclidean,prophet,average,0.5159225463867188
11.0,standard,linear,euclidean,mean,hdbscan,0.9687958359718323
16.0,standard,median,euclidean,mode,hdbscan,0.9687958359718323
394.0,standard,mean,dtw,dtw,weighted,0.4124813675880432
2.0,standard,mean,dtw,dtw,ward,0.593242883682251
214.0,standard,median,euclidean,prophet,hdbscan,0.9687958359718323
235.0,standard,mean,dtw,prophet,hdbscan,0.6293160915374756
503.0,standard,linear,euclidean,prophet,hdbscan,0.9691658616065979
484.0,standard,median,euclidean,prophet,hdbscan,0.9691658616065979
77.0,standard,linear,dtw,prophet,average,0.46117937564849854
12.0,standard,linear,euclidean,mode,hdbscan,0.9687958359718323
4.0,standard,mean,euclidean,median,average,0.5162087082862854
69.0,standard,linear,euclidean,prophet,complete,0.37633365392684937
110.0,standard,median,euclidean,prophet,single,0.8825109004974365
2.0,original,linear,dtw,mean,single,6.125838990556076e-05
32.0,standard,linear,euclidean,mode,hdbscan,0.9687958359718323
4.0,standard,linear,euclidean,mean,ward,0.6824919581413269
820.0,standard,mean,dtw,mean,average,0.00015309391892515123
20.0,original,prophet,dtw,prophet,ward,0.002871158765628934
528.0,standard,mean,euclidean,prophet,hdbscan,0.9691970944404602
245.0,standard,median,euclidean,prophet,hdbscan,0.9687958359718323
1159.0,standard,median,euclidean,dtw,centroid,0.23289628326892853
22.0,standard,linear,euclidean,prophet,hdbscan,0.9687958359718323
53.0,standard,median,euclidean,median,hdbscan,0.9687958359718323
78.0,standard,mean,euclidean,median,hdbscan,0.9666339159011841
45.0,standard,linear,euclidean,median,hdbscan,0.9687958359718323
112.0,standard,mean,euclidean,prophet,hdbscan,0.9687958359718323
202.0,standard,median,euclidean,mode,hdbscan,0.5318566560745239
93.0,standard,median,euclidean,prophet,hdbscan,0.9687958359718323
330.0,standard,prophet,euclidean,prophet,hdbscan,0.9671952128410339
18.0,standard,mean,euclidean,prophet,hdbscan,0.9687958359718323
87.0,standard,linear,euclidean,prophet,hdbscan,0.9687958359718323
102.0,standard,median,euclidean,prophet,hdbscan,0.9687958359718323
69.0,standard,mean,euclidean,prophet,hdbscan,0.9687958359718323
488.0,zscore,prophet,euclidean,dtw,hdbscan,0.0009798757964745164
495.0,standard,median,euclidean,prophet,hdbscan,0.9691658616065979
276.0,standard,median,euclidean,prophet,hdbscan,0.9671638607978821
46.0,standard,median,euclidean,prophet,hdbscan,0.9687958359718323
30.0,standard,prophet,euclidean,median,hdbscan,0.9680426716804504
58.0,standard,median,euclidean,dtw,average,0.5159225463867188
497.0,standard,linear,euclidean,dtw,weighted,0.6278795599937439
85.0,zscore,mean,euclidean,dtw,ward,0.80632084608078
2.0,original,mean,euclidean,prophet,hdbscan,0.004592520650476217
1116.0,standard,mean,euclidean,mean,average,0.004446676466614008
38.0,standard,linear,euclidean,prophet,hdbscan,0.9687958359718323
523.0,standard,prophet,euclidean,prophet,hdbscan,0.9691970944404602
242.0,standard,linear,euclidean,prophet,hdbscan,0.9687958359718323
14.0,standard,mean,euclidean,prophet,hdbscan,0.9687958359718323
168.0,minmax,prophet,euclidean,prophet,single,0.8964009284973145
37.0,standard,median,dtw,prophet,single,0.055488232523202896
23.0,standard,mean,euclidean,median,hdbscan,0.9687958359718323
77.0,standard,median,euclidean,median,hdbscan,0.9666339159011841
10.0,standard,prophet,euclidean,median,hdbscan,0.9680426716804504
1019.0,minmax,prophet,dtw,dtw,complete,0.3214460611343384
382.0,standard,linear,euclidean,dtw,single,4.878649633610621e-05
13.0,standard,mean,euclidean,dtw,hdbscan,0.9687958359718323
98.0,standard,median,euclidean,prophet,median,0.3754117488861084
5.0,standard,median,euclidean,prophet,hdbscan,0.9687958359718323
97.0,standard,mean,euclidean,prophet,hdbscan,0.9687958359718323
555.0,standard,mean,euclidean,prophet,hdbscan,0.9660201668739319
299.0,standard,mean,euclidean,prophet,hdbscan,0.9670925140380859
5.0,original,linear,euclidean,prophet,single,7.358204129559454e-06
3.0,standard,prophet,dtw,median,hdbscan,0.6262701749801636
9.0,standard,mean,euclidean,mean,hdbscan,0.9687958359718323
112.0,standard,median,euclidean,median,ward,0.6479488611221313
2.0,standard,mean,euclidean,mean,hdbscan,0.9687958359718323
38.0,standard,prophet,euclidean,prophet,hdbscan,0.9680426716804504
311.0,standard,mean,euclidean,prophet,hdbscan,0.9663394689559937
140.0,standard,mean,euclidean,prophet,hdbscan,0.9687958359718323
401.0,zscore,mean,dtw,dtw,ward,0.21015368402004242
15.0,standard,mean,dtw,prophet,weighted,0.4170575737953186
347.0,standard,median,euclidean,prophet,hdbscan,0.9679170250892639
51.0,zscore,prophet,euclidean,median,ward,0.8355298042297363
226.0,standard,prophet,dtw,dtw,hdbscan,0.6278218030929565
568.0,standard,prophet,euclidean,prophet,weighted,0.389614075422287
368.0,standard,mean,euclidean,prophet,hdbscan,0.9671952128410339
1184.0,standard,mean,dtw,prophet,single,0.00015007569163572043
5.0,standard,prophet,dtw,mean,ward,0.593242883682251
4.0,minmax,linear,euclidean,prophet,hdbscan,0.7832687497138977
278.0,standard,mean,dtw,dtw,centroid,0.43276527523994446
2.0,standard,mean,euclidean,prophet,hdbscan,0.9687958359718323
339.0,standard,mean,euclidean,prophet,hdbscan,0.9679170250892639
192.0,standard,mean,dtw,mean,ward,0.46363580226898193
277.0,standard,median,dtw,prophet,complete,0.4464265704154968
42.0,standard,prophet,euclidean,dtw,hdbscan,0.9661117792129517
515.0,standard,prophet,euclidean,prophet,hdbscan,0.9691658616065979
20.0,standard,linear,euclidean,dtw,hdbscan,0.9687958359718323
37.0,standard,linear,euclidean,dtw,median,0.3754117488861084
2.0,zscore,prophet,dtw,dtw,complete,0.09424736350774765
537.0,zscore,mean,euclidean,prophet,average,-0.00010208968160441145
5.0,standard,mean,euclidean,dtw,weighted,0.44695034623146057
376.0,standard,prophet,euclidean,prophet,hdbscan,0.9679170250892639
474.0,standard,mean,euclidean,prophet,complete,0.17700299620628357
408.0,standard,linear,euclidean,prophet,hdbscan,0.9671952128410339
59.0,standard,linear,euclidean,median,hdbscan,0.9688200950622559
119.0,standard,median,euclidean,prophet,hdbscan,0.9687958359718323
900.0,minmax,prophet,dtw,prophet,median,0.10262048244476318
273.0,standard,mean,euclidean,prophet,hdbscan,0.9671638607978821
163.0,standard,median,euclidean,prophet,hdbscan,0.9687958359718323
7.0,standard,prophet,euclidean,dtw,ward,0.6824919581413269
10.0,standard,mean,euclidean,prophet,hdbscan,0.9687958359718323
257.0,standard,median,dtw,prophet,weighted,0.4170575737953186
342.0,original,prophet,euclidean,dtw,average,0.002371183130890131
182.0,standard,mean,euclidean,prophet,hdbscan,0.9687958359718323
93.0,standard,mean,euclidean,mode,median,0.29024454951286316
39.0,standard,mean,euclidean,prophet,hdbscan,0.9687958359718323
