Comperiod,Scaling,Outliers,Interpolation,Similarity,Unsynced,Linkmeth,ray/tune/_metric
36.0,zscore,SD5,median,euclidean,median,ward,0.10624746978282928
90.0,standard,SD2,median,euclidean,mean,hdbscan,0.4622434377670288
32.0,minmax,SD3,median,dtw,mean,average,0.46381428837776184
1163.0,minmax,SD3,prophet,dtw,dtw,single,0.42413851618766785
3.0,minmax,SD3,prophet,euclidean,mode,single,0.6218177080154419
7.0,standard,SD3,linear,euclidean,dtw,weighted,0.5707547068595886
56.0,standard,SD2,mean,dtw,mean,hdbscan,0.3792511522769928
8.0,standard,SD3,median,euclidean,median,ward,0.40619096159935
171.0,standard,SD4,median,euclidean,mean,weighted,0.5093855261802673
312.0,minmax,SD3,linear,euclidean,mean,single,0.6218177080154419
451.0,standard,SD3,mean,euclidean,mean,single,0.010085406713187695
23.0,minmax,SD3,mean,dtw,mean,ward,0.5078727006912231
127.0,standard,SD4,mean,dtw,mode,median,0.47987085580825806
319.0,standard,SD3,linear,euclidean,dtw,weighted,0.4138246178627014
6.0,standard,SD2,prophet,euclidean,dtw,weighted,0.5174586772918701
246.0,minmax,SD3,prophet,euclidean,mean,single,0.6755596995353699
10.0,standard,SD3,median,dtw,prophet,single,0.06136390566825867
235.0,minmax,SD3,prophet,euclidean,mean,single,0.6755596995353699
291.0,minmax,SD3,prophet,euclidean,dtw,single,0.4168245494365692
1172.0,zscore,SD6,mean,dtw,prophet,single,0.028290731832385063
25.0,standard,SD2,mean,euclidean,dtw,average,0.4897172152996063
11.0,minmax,SD2,median,euclidean,dtw,weighted,0.4016013741493225
283.0,minmax,SD3,prophet,euclidean,mean,single,0.6755596995353699
347.0,standard,SD4,median,dtw,prophet,median,0.4672897160053253
273.0,standard,SD3,median,dtw,dtw,median,0.21187138557434082
305.0,standard,SD3,median,dtw,dtw,weighted,0.4563957750797272
20.0,standard,SD2,prophet,euclidean,mean,ward,0.419169545173645
363.0,standard,SD3,linear,euclidean,mean,median,0.5709508061408997
288.0,standard,SD3,median,dtw,mean,average,0.5068766474723816
186.0,minmax,SD3,prophet,euclidean,mean,single,0.6755596995353699
7.0,standard,SD3,linear,dtw,dtw,hdbscan,0.4541877806186676
1104.0,standard,SD2,mean,dtw,median,ward,-0.039756473153829575
132.0,standard,SD3,median,dtw,mode,hdbscan,0.4388236105442047
4.0,minmax,SD6,mean,dtw,median,hdbscan,0.0010000000474974513
23.0,minmax,SD3,linear,euclidean,mode,single,0.6218177080154419
238.0,minmax,SD2,linear,euclidean,mean,average,0.4579349756240845
453.0,standard,SD4,mean,dtw,dtw,average,0.41127845644950867
51.0,standard,SD5,linear,euclidean,dtw,centroid,0.518684983253479
224.0,minmax,SD3,prophet,euclidean,mean,single,0.6755596995353699
9.0,standard,SD4,prophet,dtw,mode,weighted,0.5406754612922668
386.0,standard,SD3,median,dtw,mean,ward,0.38582494854927063
419.0,zscore,SD6,linear,dtw,dtw,centroid,0.15025047957897186
833.0,zscore,SD5,prophet,dtw,prophet,hdbscan,0.0010000000474974513
467.0,standard,SD2,mean,euclidean,mean,average,0.38072770833969116
2.0,standard,SD6,prophet,euclidean,median,centroid,0.5170990824699402
217.0,standard,SD2,mean,euclidean,dtw,weighted,0.5161867737770081
225.0,standard,SD5,prophet,dtw,mode,weighted,0.5406754612922668
235.0,standard,SD3,median,euclidean,mean,average,0.4885917603969574
11.0,minmax,SD4,median,dtw,mean,median,0.14309774339199066
320.0,minmax,SD3,prophet,euclidean,mean,single,0.6755596995353699
269.0,minmax,SD3,prophet,euclidean,mean,single,0.6755596995353699
22.0,standard,SD4,linear,dtw,mean,weighted,0.5078727006912231
238.0,standard,SD2,prophet,euclidean,mean,weighted,0.4478967487812042
377.0,standard,SD2,linear,euclidean,dtw,hdbscan,0.5321023464202881
301.0,minmax,SD3,mean,euclidean,mean,single,0.6218177080154419
1169.0,standard,SD4,median,dtw,median,ward,-0.03835351765155792
1051.0,zscore,SD4,median,euclidean,median,single,-0.04266629368066788
669.0,standard,SD3,mean,dtw,dtw,single,0.44659289717674255
313.0,standard,SD3,prophet,euclidean,mean,median,0.6857709288597107
43.0,standard,SD5,linear,euclidean,prophet,hdbscan,0.40555718541145325
388.0,standard,SD3,prophet,euclidean,dtw,single,0.4168245494365692
9.0,standard,SD2,median,euclidean,dtw,weighted,0.540090024471283
384.0,standard,SD3,median,dtw,mean,average,0.568305253982544
349.0,standard,SD3,mean,dtw,mean,weighted,0.4493456184864044
5.0,standard,SD6,median,dtw,dtw,weighted,0.4379822909832001
21.0,standard,SD3,median,euclidean,mean,weighted,0.5223749876022339
278.0,minmax,SD3,linear,dtw,mean,ward,0.38879162073135376
373.0,minmax,SD3,linear,dtw,dtw,hdbscan,0.05581791698932648
266.0,minmax,SD3,median,dtw,dtw,centroid,0.3083006739616394
246.0,standard,SD2,linear,euclidean,dtw,hdbscan,0.41354432702064514
469.0,standard,SD4,linear,euclidean,dtw,weighted,0.4240609109401703
163.0,standard,SD2,median,dtw,mean,ward,0.4412875771522522
22.0,minmax,SD3,prophet,dtw,dtw,single,0.000982743687927723
306.0,minmax,SD3,prophet,euclidean,mean,single,0.6755596995353699
294.0,minmax,SD3,prophet,euclidean,prophet,single,0.6218177080154419
196.0,minmax,SD3,prophet,dtw,mean,weighted,0.3832620680332184
484.0,standard,SD2,linear,dtw,dtw,weighted,0.40774378180503845
417.0,standard,SD4,median,dtw,mean,average,0.5324764251708984
120.0,minmax,SD3,prophet,euclidean,mean,single,0.6755596995353699
5.0,minmax,SD3,prophet,euclidean,dtw,single,0.6218177080154419
315.0,minmax,SD3,prophet,euclidean,mean,single,0.6755596995353699
12.0,minmax,SD3,linear,euclidean,prophet,single,0.6218177080154419
388.0,standard,SD5,mean,euclidean,dtw,median,0.42512282729148865
36.0,standard,SD2,median,euclidean,dtw,centroid,0.38521498441696167
857.0,standard,SD5,prophet,dtw,dtw,ward,0.23962382972240448
447.0,standard,SD2,median,euclidean,dtw,median,0.34813201427459717
39.0,standard,SD3,median,dtw,median,average,0.5128964781761169
255.0,minmax,SD4,mean,euclidean,dtw,ward,0.3242364525794983
92.0,minmax,SD3,prophet,euclidean,mode,single,0.6218177080154419
177.0,minmax,SD3,prophet,euclidean,mean,single,0.6755596995353699
89.0,standard,SD4,prophet,dtw,median,average,0.48044657707214355
537.0,standard,SD4,median,dtw,mode,single,0.06136390566825867
393.0,standard,SD3,mean,euclidean,dtw,average,0.4710606038570404
25.0,minmax,SD6,prophet,euclidean,mean,single,0.2625453472137451
296.0,standard,SD3,prophet,euclidean,dtw,hdbscan,0.4521849751472473
128.0,minmax,SD3,prophet,euclidean,mean,single,0.6755596995353699
15.0,minmax,SD3,linear,euclidean,dtw,hdbscan,0.1905592679977417
530.0,standard,SD3,prophet,dtw,dtw,single,0.06925271451473236
22.0,standard,SD3,prophet,dtw,mean,hdbscan,0.4457942247390747
8.0,minmax,SD2,median,dtw,dtw,weighted,0.38181960582733154
308.0,standard,SD4,median,dtw,median,average,0.3312647044658661
255.0,standard,SD4,mean,dtw,dtw,centroid,0.4700467884540558
328.0,standard,SD2,prophet,dtw,dtw,single,0.11658436805009842
258.0,minmax,SD3,prophet,euclidean,mean,single,0.6755596995353699
72.0,standard,SD4,prophet,dtw,mode,weighted,0.5406754612922668
243.0,minmax,SD3,prophet,euclidean,mean,single,0.6755596995353699
702.0,standard,SD5,mean,euclidean,median,complete,0.012418698519468307
8.0,standard,SD5,prophet,euclidean,dtw,weighted,0.5054543018341064
302.0,minmax,SD3,prophet,euclidean,mean,single,0.6755596995353699
231.0,minmax,SD3,prophet,euclidean,mean,single,0.6755596995353699
10.0,standard,SD4,linear,euclidean,mean,weighted,0.6101805567741394
954.0,standard,SD3,linear,euclidean,dtw,ward,0.2601702809333801
36.0,minmax,SD3,prophet,dtw,dtw,complete,0.35303327441215515
354.0,standard,SD2,mean,euclidean,dtw,average,0.5078384280204773
8.0,minmax,SD4,linear,dtw,mode,average,0.3368961811065674
261.0,minmax,SD3,median,euclidean,mean,weighted,0.37744441628456116
1072.0,standard,SD4,prophet,dtw,mean,single,0.2629457116127014
533.0,minmax,SD3,linear,euclidean,dtw,weighted,0.18996824324131012
401.0,standard,SD2,prophet,euclidean,dtw,weighted,0.41384825110435486
324.0,zscore,SD2,prophet,dtw,mode,median,-0.010194581001996994
256.0,standard,SD4,median,dtw,mean,median,0.4833311438560486
161.0,standard,SD4,median,dtw,mean,ward,0.39169904589653015
10.0,minmax,SD3,prophet,euclidean,mean,average,0.44280916452407837
24.0,standard,SD6,median,dtw,median,ward,0.5243514180183411
2.0,standard,SD3,median,dtw,mean,ward,0.5165829062461853
241.0,minmax,SD3,prophet,euclidean,mean,single,0.6755596995353699
13.0,minmax,SD3,prophet,euclidean,dtw,single,0.6218177080154419
331.0,standard,SD4,mean,euclidean,mean,ward,0.4430035650730133
391.0,minmax,SD3,prophet,dtw,median,centroid,0.3945573568344116
9.0,zscore,SD3,prophet,dtw,dtw,hdbscan,0.0010000000474974513
4.0,minmax,SD3,prophet,euclidean,dtw,single,0.6218177080154419
196.0,minmax,SD3,prophet,euclidean,mean,single,0.6755596995353699
384.0,minmax,SD3,median,dtw,mean,weighted,0.4577418863773346
433.0,minmax,SD4,median,dtw,dtw,average,0.27347275614738464
5.0,standard,SD3,median,dtw,mean,weighted,0.4269823431968689
183.0,minmax,SD3,prophet,euclidean,mean,single,0.6755596995353699
175.0,minmax,SD3,prophet,euclidean,mean,single,0.6755596995353699
2.0,minmax,SD3,prophet,euclidean,mean,median,0.4246894419193268
207.0,minmax,SD3,prophet,euclidean,mean,single,0.6755596995353699
14.0,standard,SD4,prophet,dtw,median,weighted,0.5406754612922668
265.0,minmax,SD3,prophet,euclidean,mean,single,0.6755596995353699
16.0,minmax,SD2,prophet,euclidean,dtw,median,0.09122595936059952
283.0,standard,SD3,prophet,euclidean,mean,single,0.3821156919002533
192.0,minmax,SD3,mean,euclidean,mean,single,0.6218177080154419
439.0,standard,SD3,median,dtw,mean,weighted,0.36195695400238037
63.0,minmax,SD2,prophet,euclidean,dtw,weighted,0.44458693265914917
224.0,standard,SD3,median,dtw,mean,average,0.5821249485015869
302.0,standard,SD6,linear,euclidean,mode,hdbscan,0.37441539764404297
355.0,minmax,SD2,mean,euclidean,mean,weighted,0.3610122799873352
159.0,minmax,SD3,prophet,euclidean,mean,single,0.6755596995353699
289.0,standard,SD5,prophet,dtw,median,weighted,0.5406754612922668
2.0,minmax,SD3,linear,euclidean,dtw,weighted,0.24387754499912262
244.0,standard,SD5,prophet,dtw,dtw,weighted,0.5238195657730103
7.0,standard,SD5,prophet,dtw,median,weighted,0.5406754612922668
445.0,standard,SD3,median,dtw,dtw,weighted,0.42948073148727417
361.0,minmax,SD3,mean,euclidean,dtw,weighted,0.3685092031955719
206.0,minmax,SD3,prophet,euclidean,mean,single,0.6755596995353699
300.0,standard,SD4,prophet,dtw,mean,centroid,0.40845972299575806
60.0,standard,SD6,linear,euclidean,mean,average,0.5016866326332092
10.0,standard,SD3,median,euclidean,dtw,hdbscan,0.4592294991016388
100.0,standard,SD4,median,dtw,median,weighted,0.4726991355419159
480.0,standard,SD2,linear,euclidean,dtw,average,0.4411885738372803
37.0,standard,SD5,prophet,dtw,median,weighted,0.5406754612922668
317.0,minmax,SD3,prophet,euclidean,mean,single,0.6755596995353699
203.0,standard,SD5,prophet,dtw,median,ward,0.5165829062461853
87.0,standard,SD4,prophet,euclidean,dtw,median,0.32411274313926697
26.0,standard,SD6,median,dtw,median,ward,0.5243514180183411
156.0,minmax,SD3,prophet,euclidean,mean,single,0.6755596995353699
209.0,minmax,SD3,prophet,euclidean,mean,single,0.6755596995353699
197.0,minmax,SD3,prophet,euclidean,mean,single,0.6755596995353699
465.0,minmax,SD3,prophet,dtw,mean,average,0.4267381727695465
324.0,standard,SD2,mean,euclidean,dtw,hdbscan,0.46777501702308655
14.0,standard,SD2,linear,euclidean,mode,weighted,0.5971627235412598
287.0,minmax,SD3,prophet,euclidean,mean,single,0.6755596995353699
239.0,minmax,SD3,prophet,euclidean,mean,single,0.6755596995353699
436.0,standard,SD4,mean,euclidean,dtw,average,0.48975875973701477
253.0,minmax,SD4,prophet,euclidean,mean,weighted,0.4244227111339569
247.0,standard,SD4,linear,euclidean,dtw,weighted,0.4530317485332489
1194.0,minmax,SD4,prophet,euclidean,prophet,hdbscan,0.0010000000474974513
291.0,standard,SD2,median,dtw,mean,weighted,0.42451587319374084
165.0,minmax,SD3,prophet,euclidean,mean,single,0.6755596995353699
268.0,minmax,SD3,prophet,euclidean,mean,single,0.6755596995353699
15.0,standard,SD6,prophet,euclidean,median,weighted,0.4985356330871582
21.0,minmax,SD3,linear,euclidean,dtw,single,0.6218177080154419
6.0,minmax,SD3,linear,euclidean,dtw,single,0.6218177080154419
80.0,standard,SD6,median,dtw,median,centroid,0.41972780227661133
50.0,standard,SD2,linear,euclidean,prophet,weighted,0.5971627235412598
5.0,standard,SD2,mean,euclidean,mean,centroid,0.35102379322052
1106.0,standard,SD3,mean,euclidean,mode,single,-0.01734929531812668
326.0,standard,SD3,linear,dtw,dtw,weighted,0.3483852446079254
1168.0,minmax,SD3,median,dtw,dtw,weighted,0.170493945479393
1199.0,standard,SD6,linear,euclidean,dtw,centroid,0.266708105802536
162.0,minmax,SD3,prophet,euclidean,mean,single,0.6755596995353699
191.0,minmax,SD3,prophet,euclidean,mean,single,0.6755596995353699
2.0,standard,SD4,median,euclidean,dtw,weighted,0.5093855261802673
17.0,standard,SD6,prophet,dtw,dtw,ward,0.4853428304195404
203.0,minmax,SD3,prophet,euclidean,mean,single,0.6755596995353699
3.0,standard,SD4,prophet,dtw,dtw,weighted,0.5406754612922668
22.0,standard,SD3,linear,euclidean,mean,hdbscan,0.4615950584411621
29.0,standard,SD5,prophet,dtw,mode,complete,0.45914655923843384
1192.0,standard,SD3,prophet,dtw,dtw,single,0.4578888714313507
238.0,standard,SD3,mean,dtw,mean,average,0.5215744972229004
359.0,standard,SD2,mean,euclidean,mean,weighted,0.47731754183769226
14.0,standard,SD2,linear,dtw,dtw,median,0.18281254172325134
438.0,standard,SD2,mean,euclidean,dtw,average,0.5823332667350769
279.0,minmax,SD3,mean,euclidean,mean,single,0.6218177080154419
161.0,minmax,SD3,prophet,euclidean,median,single,0.6218177080154419
69.0,standard,SD3,mean,euclidean,dtw,complete,0.37488314509391785
393.0,standard,SD6,prophet,dtw,dtw,ward,0.4004819095134735
354.0,standard,SD3,mean,euclidean,mean,median,0.4141101539134979
292.0,standard,SD2,prophet,dtw,dtw,hdbscan,0.43531879782676697
394.0,standard,SD3,prophet,euclidean,mean,median,0.5326347947120667
181.0,minmax,SD3,prophet,euclidean,mean,single,0.6755596995353699
423.0,standard,SD2,mean,euclidean,dtw,weighted,0.44458693265914917
9.0,minmax,SD2,mean,dtw,dtw,ward,0.48480674624443054
347.0,standard,SD4,median,euclidean,mean,weighted,0.5329995155334473
534.0,standard,SD3,median,dtw,mean,centroid,0.49832797050476074
395.0,standard,SD3,median,dtw,mean,median,0.35552117228507996
325.0,minmax,SD4,prophet,euclidean,mean,single,0.5286923050880432
2.0,standard,SD2,prophet,dtw,mode,median,0.18281254172325134
223.0,minmax,SD3,prophet,euclidean,mean,single,0.6755596995353699
18.0,minmax,SD3,mean,euclidean,mode,single,0.4031199812889099
688.0,standard,SD3,linear,euclidean,mean,weighted,0.09158223867416382
7.0,minmax,SD3,prophet,euclidean,mean,single,0.6218177080154419
232.0,minmax,SD3,linear,euclidean,dtw,single,0.3005486726760864
2.0,standard,SD4,linear,euclidean,dtw,weighted,0.6101805567741394
838.0,standard,SD4,linear,dtw,dtw,single,0.4751474857330322
518.0,standard,SD4,median,dtw,mean,average,0.5073598623275757
303.0,standard,SD3,median,dtw,mean,weighted,0.5641698241233826
72.0,standard,SD6,median,dtw,mean,median,0.47987085580825806
832.0,standard,SD5,mean,dtw,median,average,0.004171556793153286
285.0,minmax,SD3,prophet,euclidean,mean,single,0.6755596995353699
446.0,minmax,SD6,linear,euclidean,prophet,median,0.11212974041700363
248.0,minmax,SD3,mean,euclidean,mean,single,0.6218177080154419
361.0,minmax,SD3,prophet,dtw,dtw,weighted,0.4255683124065399
435.0,standard,SD3,median,dtw,mean,hdbscan,0.0010000000474974513
1191.0,standard,SD6,prophet,euclidean,dtw,single,0.538149893283844
532.0,minmax,SD3,prophet,euclidean,dtw,single,0.12040020525455475
184.0,standard,SD2,linear,euclidean,dtw,weighted,0.5444895625114441
309.0,minmax,SD3,mean,dtw,mean,weighted,0.44191133975982666
1196.0,standard,SD6,prophet,dtw,prophet,median,0.14330467581748962
121.0,standard,SD2,mean,dtw,dtw,weighted,0.44481393694877625
342.0,minmax,SD3,prophet,euclidean,mean,single,0.5818325281143188
184.0,minmax,SD3,prophet,euclidean,mean,single,0.6755596995353699
442.0,standard,SD4,median,dtw,mean,centroid,0.5355584025382996
389.0,standard,SD2,linear,euclidean,dtw,ward,0.4638487994670868
14.0,standard,SD6,mean,dtw,prophet,median,0.470844030380249
2.0,minmax,SD6,linear,dtw,mean,single,0.046496059745550156
16.0,minmax,SD6,linear,dtw,dtw,weighted,0.3372400999069214
4.0,standard,SD5,linear,dtw,median,ward,0.42488983273506165
226.0,minmax,SD3,prophet,euclidean,mean,single,0.6755596995353699
180.0,standard,SD3,median,dtw,mean,median,0.4870317578315735
777.0,standard,SD3,prophet,dtw,dtw,single,0.4578888714313507
342.0,minmax,SD3,prophet,dtw,mean,single,0.046496059745550156
140.0,minmax,SD3,prophet,euclidean,mean,single,0.6755596995353699
215.0,minmax,SD3,prophet,euclidean,mean,single,0.6755596995353699
380.0,standard,SD3,median,dtw,dtw,average,0.4408659338951111
249.0,standard,SD2,prophet,dtw,dtw,ward,0.3595391511917114
360.0,standard,SD2,median,euclidean,dtw,hdbscan,0.5079007148742676
869.0,standard,SD2,median,dtw,median,centroid,0.01169730257242918
36.0,zscore,SD6,median,dtw,dtw,single,0.07380405068397522
213.0,minmax,SD3,prophet,euclidean,mean,single,0.6755596995353699
31.0,standard,SD3,mean,dtw,mean,average,0.5128964781761169
67.0,standard,SD2,linear,euclidean,mean,single,0.07322654128074646
49.0,minmax,SD3,prophet,euclidean,median,single,0.6218177080154419
3.0,standard,SD5,mean,dtw,dtw,weighted,0.5098797678947449
296.0,minmax,SD3,prophet,euclidean,mean,single,0.6755596995353699
174.0,minmax,SD3,prophet,euclidean,mean,single,0.6755596995353699
28.0,standard,SD5,mean,euclidean,dtw,hdbscan,0.40555718541145325
1179.0,standard,SD3,linear,euclidean,dtw,median,0.32863283157348633
259.0,minmax,SD2,mean,dtw,dtw,average,0.3738979995250702
600.0,zscore,SD4,mean,dtw,median,centroid,0.15171383321285248
206.0,standard,SD6,mean,euclidean,median,weighted,0.4398643970489502
58.0,minmax,SD3,median,euclidean,dtw,single,0.20970235764980316
2.0,minmax,SD2,prophet,dtw,mean,weighted,0.46242135763168335
11.0,standard,SD6,linear,euclidean,dtw,ward,0.42419424653053284
181.0,standard,SD5,median,euclidean,dtw,hdbscan,0.4592294991016388
324.0,standard,SD4,median,dtw,mean,median,0.5885533094406128
207.0,standard,SD3,median,dtw,median,ward,0.5165829062461853
336.0,standard,SD4,linear,dtw,mean,median,0.5509556531906128
85.0,minmax,SD3,linear,dtw,dtw,median,0.3239496946334839
421.0,standard,SD4,mean,dtw,mean,median,0.30814746022224426
25.0,standard,SD2,median,dtw,dtw,ward,0.44815561175346375
745.0,standard,SD5,prophet,euclidean,mode,single,-0.05363323539495468
324.0,minmax,SD3,prophet,dtw,mean,median,0.3239496946334839
77.0,standard,SD6,linear,euclidean,dtw,weighted,0.5950096845626831
133.0,minmax,SD3,prophet,euclidean,mean,single,0.6755596995353699
7.0,standard,SD3,linear,euclidean,mean,median,0.015656689181923866
372.0,standard,SD3,median,dtw,mean,weighted,0.5981343984603882
6.0,standard,SD4,mean,euclidean,mean,weighted,0.5083162188529968
83.0,standard,SD6,median,dtw,prophet,median,0.47987085580825806
386.0,standard,SD4,linear,dtw,mean,weighted,0.5552794933319092
209.0,standard,SD2,mean,euclidean,mean,hdbscan,0.41354432702064514
399.0,standard,SD3,prophet,euclidean,median,centroid,0.2656325101852417
900.0,minmax,SD5,prophet,euclidean,prophet,complete,0.28435182571411133
4.0,minmax,SD3,mean,dtw,mode,weighted,0.44191133975982666
211.0,minmax,SD3,prophet,euclidean,mean,single,0.6755596995353699
217.0,standard,SD3,median,euclidean,mean,hdbscan,0.4592294991016388
370.0,standard,SD2,median,euclidean,dtw,weighted,0.41338831186294556
252.0,minmax,SD3,prophet,euclidean,mean,single,0.6755596995353699
14.0,standard,SD3,prophet,dtw,dtw,complete,0.38582494854927063
287.0,standard,SD5,prophet,dtw,mean,hdbscan,0.48851528763771057
133.0,standard,SD3,prophet,dtw,dtw,weighted,0.20114850997924805
277.0,minmax,SD3,prophet,euclidean,mean,single,0.6755596995353699
251.0,minmax,SD3,prophet,euclidean,mode,single,0.6218177080154419
18.0,standard,SD2,median,euclidean,mean,weighted,0.540090024471283
14.0,standard,SD4,prophet,dtw,dtw,weighted,0.5406754612922668
64.0,standard,SD3,mean,dtw,dtw,median,0.3737315833568573
320.0,minmax,SD2,median,euclidean,dtw,average,0.4243900775909424
258.0,standard,SD2,linear,euclidean,dtw,centroid,0.3977055549621582
398.0,standard,SD3,median,dtw,dtw,median,0.4559594392776489
23.0,standard,SD3,median,euclidean,dtw,weighted,0.5223749876022339
2.0,standard,SD5,prophet,dtw,median,weighted,0.5406754612922668
311.0,standard,SD4,median,euclidean,mean,average,0.5411533713340759
22.0,standard,SD2,prophet,euclidean,dtw,hdbscan,0.4298971891403198
64.0,standard,SD3,prophet,euclidean,mean,average,0.5001891851425171
448.0,standard,SD2,mean,dtw,dtw,hdbscan,0.42204761505126953
312.0,minmax,SD3,prophet,euclidean,mean,single,0.6755596995353699
318.0,minmax,SD3,median,euclidean,mean,single,0.20970235764980316
13.0,minmax,SD4,median,euclidean,mean,average,0.39463987946510315
338.0,zscore,SD4,prophet,euclidean,dtw,average,0.09200937300920486
144.0,minmax,SD2,prophet,dtw,median,ward,0.34763139486312866
86.0,minmax,SD3,linear,euclidean,mode,single,0.6218177080154419
179.0,standard,SD5,prophet,dtw,mode,weighted,0.5406754612922668
40.0,standard,SD6,linear,euclidean,dtw,weighted,0.5950096845626831
24.0,minmax,SD2,mean,euclidean,dtw,single,0.18598026037216187
327.0,standard,SD2,linear,euclidean,dtw,weighted,0.4884966015815735
2.0,minmax,SD2,linear,dtw,median,complete,0.4487186074256897
346.0,standard,SD3,median,euclidean,mean,median,0.5784198045730591
468.0,standard,SD3,median,euclidean,dtw,weighted,0.3709009885787964
560.0,standard,SD3,median,dtw,dtw,average,0.3686845600605011
455.0,standard,SD4,median,dtw,mean,weighted,0.5357245206832886
1196.0,minmax,SD4,linear,euclidean,dtw,single,0.06925271451473236
129.0,minmax,SD3,prophet,euclidean,mean,single,0.6755596995353699
448.0,standard,SD2,prophet,euclidean,mean,hdbscan,0.0010000000474974513
942.0,standard,SD6,median,dtw,median,weighted,0.0812336727976799
338.0,minmax,SD2,prophet,euclidean,dtw,weighted,0.44481393694877625
314.0,minmax,SD3,prophet,euclidean,mean,single,0.6755596995353699
473.0,standard,SD4,mean,euclidean,dtw,ward,0.46275070309638977
305.0,standard,SD2,median,euclidean,mean,weighted,0.5270628929138184
330.0,standard,SD3,prophet,dtw,mean,average,0.443638414144516
71.0,standard,SD3,prophet,euclidean,dtw,single,0.4130481779575348
147.0,minmax,SD3,linear,euclidean,mean,single,0.6218177080154419
532.0,zscore,SD3,linear,euclidean,dtw,weighted,0.15025047957897186
301.0,standard,SD3,mean,dtw,mode,median,0.3737315833568573
309.0,standard,SD3,median,euclidean,dtw,hdbscan,0.4521849751472473
328.0,minmax,SD3,prophet,euclidean,mean,average,0.40582793951034546
371.0,standard,SD4,linear,euclidean,mean,median,0.48561200499534607
23.0,zscore,SD3,prophet,euclidean,dtw,complete,0.16102084517478943
62.0,minmax,SD3,prophet,euclidean,mode,single,0.6218177080154419
142.0,minmax,SD3,prophet,euclidean,mean,single,0.6755596995353699
1155.0,standard,SD4,prophet,euclidean,mode,single,0.027961889281868935
309.0,standard,SD3,linear,dtw,mean,median,0.5038576722145081
148.0,minmax,SD3,prophet,dtw,median,average,0.4519056975841522
517.0,standard,SD3,mean,dtw,mean,ward,0.24849289655685425
802.0,standard,SD4,prophet,euclidean,median,median,0.022962484508752823
343.0,standard,SD3,median,dtw,dtw,hdbscan,0.4388236105442047
21.0,standard,SD2,linear,euclidean,mean,weighted,0.5971627235412598
865.0,standard,SD4,linear,euclidean,prophet,hdbscan,0.2548099458217621
5.0,standard,SD3,linear,euclidean,dtw,average,0.5001891851425171
451.0,zscore,SD4,median,dtw,mean,weighted,0.07980652153491974
981.0,minmax,SD5,prophet,dtw,prophet,ward,0.27626746892929077
392.0,standard,SD4,median,euclidean,mean,median,0.5089569091796875
219.0,minmax,SD3,prophet,euclidean,mean,single,0.6755596995353699
34.0,minmax,SD3,prophet,euclidean,mean,single,0.6218177080154419
224.0,minmax,SD3,linear,euclidean,mean,single,0.6218177080154419
7.0,standard,SD5,linear,euclidean,dtw,weighted,0.6023841500282288
574.0,standard,SD3,mean,dtw,median,hdbscan,0.1108495220541954
280.0,minmax,SD3,linear,euclidean,mean,single,0.6218177080154419
287.0,minmax,SD4,mean,euclidean,mean,single,0.5286923050880432
10.0,standard,SD2,linear,euclidean,dtw,weighted,0.5971627235412598
15.0,minmax,SD3,linear,euclidean,dtw,single,0.6218177080154419
170.0,minmax,SD3,prophet,euclidean,mean,single,0.6755596995353699
88.0,standard,SD6,linear,dtw,dtw,weighted,0.5133917927742004
434.0,standard,SD3,prophet,dtw,mode,weighted,0.3192734718322754
7.0,minmax,SD3,prophet,euclidean,dtw,single,0.6218177080154419
1053.0,standard,SD2,linear,euclidean,dtw,single,0.4164709746837616
656.0,minmax,SD2,linear,dtw,mean,weighted,0.1287505030632019
126.0,minmax,SD3,prophet,euclidean,mean,single,0.6755596995353699
309.0,minmax,SD3,prophet,euclidean,mean,single,0.6755596995353699
201.0,standard,SD3,linear,euclidean,mean,weighted,0.38902878761291504
1049.0,standard,SD6,prophet,euclidean,median,ward,0.060131024569272995
226.0,standard,SD4,prophet,euclidean,mean,complete,0.4111543893814087
341.0,standard,SD3,median,dtw,mean,centroid,0.5340268611907959
249.0,standard,SD4,median,dtw,mean,hdbscan,0.4457942247390747
275.0,minmax,SD3,prophet,euclidean,mean,single,0.6755596995353699
385.0,minmax,SD2,prophet,euclidean,mean,single,0.17788542807102203
386.0,standard,SD3,mean,euclidean,dtw,hdbscan,0.4901331067085266
233.0,minmax,SD3,prophet,euclidean,mean,single,0.6755596995353699
19.0,standard,SD5,prophet,dtw,median,ward,0.5165829062461853
264.0,minmax,SD3,prophet,euclidean,mean,single,0.6755596995353699
104.0,standard,SD3,prophet,dtw,median,weighted,0.20114850997924805
250.0,minmax,SD3,prophet,euclidean,mean,single,0.6755596995353699
1110.0,standard,SD6,median,euclidean,dtw,single,0.29026341438293457
279.0,minmax,SD3,mean,euclidean,prophet,single,0.4031199812889099
435.0,standard,SD2,linear,euclidean,mode,weighted,0.43101006746292114
1190.0,standard,SD3,linear,euclidean,mean,single,0.18430867791175842
75.0,standard,SD5,mean,dtw,prophet,weighted,0.5098797678947449
457.0,standard,SD3,median,euclidean,mean,median,0.4213135242462158
425.0,standard,SD2,median,dtw,dtw,weighted,0.4140719771385193
26.0,standard,SD5,linear,euclidean,dtw,weighted,0.6023841500282288
77.0,standard,SD4,prophet,dtw,median,weighted,0.5406754612922668
19.0,standard,SD4,median,dtw,dtw,hdbscan,0.4457942247390747
279.0,standard,SD4,mean,dtw,dtw,hdbscan,0.43257731199264526
3.0,standard,SD2,median,dtw,median,weighted,0.4588441252708435
337.0,standard,SD4,prophet,dtw,mean,weighted,0.5300721526145935
369.0,standard,SD4,median,dtw,mean,weighted,0.5900970697402954
47.0,minmax,SD2,linear,dtw,dtw,weighted,0.5010612607002258
3.0,minmax,SD2,prophet,euclidean,mean,ward,0.43033933639526367
750.0,minmax,SD2,mean,euclidean,dtw,average,0.2533441483974457
330.0,standard,SD3,median,dtw,mean,median,0.5766373872756958
17.0,minmax,SD2,mean,euclidean,mean,weighted,0.42752590775489807
8.0,standard,SD3,linear,euclidean,median,centroid,0.4885917603969574
153.0,minmax,SD3,prophet,euclidean,mean,single,0.6755596995353699
58.0,standard,SD2,linear,euclidean,dtw,ward,0.5370078682899475
192.0,standard,SD6,linear,dtw,prophet,ward,0.4246545433998108
11.0,minmax,SD3,prophet,euclidean,median,single,0.6218177080154419
220.0,minmax,SD3,prophet,euclidean,mean,single,0.6755596995353699
59.0,standard,SD4,mean,dtw,mean,ward,0.5110582113265991
146.0,minmax,SD3,prophet,euclidean,mean,single,0.6755596995353699
338.0,standard,SD2,linear,dtw,dtw,weighted,0.43094104528427124
230.0,minmax,SD3,prophet,euclidean,mean,single,0.6755596995353699
507.0,minmax,SD3,mean,dtw,dtw,ward,0.3491975665092468
274.0,minmax,SD3,prophet,euclidean,mean,single,0.6755596995353699
446.0,standard,SD2,prophet,dtw,mean,average,0.3308814465999603
205.0,minmax,SD3,prophet,euclidean,mean,single,0.6755596995353699
136.0,minmax,SD3,prophet,euclidean,mean,single,0.6755596995353699
2.0,minmax,SD2,mean,dtw,median,centroid,0.32453101873397827
152.0,zscore,SD4,linear,dtw,median,centroid,0.15025047957897186
19.0,minmax,SD3,mean,euclidean,dtw,single,0.4031199812889099
140.0,minmax,SD3,prophet,euclidean,dtw,single,0.6218177080154419
139.0,standard,SD3,median,dtw,dtw,ward,0.5165829062461853
255.0,minmax,SD3,prophet,euclidean,mean,single,0.6755596995353699
157.0,minmax,SD5,linear,dtw,median,weighted,0.3544546365737915
75.0,minmax,SD5,prophet,euclidean,mode,hdbscan,0.13446712493896484
292.0,minmax,SD3,prophet,euclidean,mean,single,0.6755596995353699
304.0,minmax,SD3,prophet,euclidean,mean,single,0.6755596995353699
163.0,minmax,SD3,prophet,euclidean,mean,single,0.6755596995353699
1197.0,zscore,SD3,prophet,dtw,dtw,weighted,0.09200937300920486
11.0,minmax,SD3,linear,euclidean,mean,single,0.6218177080154419
42.0,standard,SD5,prophet,dtw,dtw,hdbscan,0.43933233618736267
460.0,standard,SD4,mean,dtw,mean,weighted,0.48106899857521057
67.0,minmax,SD3,prophet,euclidean,mean,single,0.6218177080154419
480.0,standard,SD4,median,dtw,dtw,average,0.4091186225414276
260.0,minmax,SD3,prophet,euclidean,mean,single,0.6755596995353699
297.0,minmax,SD3,prophet,euclidean,mean,single,0.6755596995353699
336.0,standard,SD3,median,euclidean,mean,weighted,0.47486811876296997
278.0,minmax,SD3,prophet,euclidean,mean,single,0.6755596995353699
361.0,standard,SD4,linear,euclidean,mean,weighted,0.4901076555252075
9.0,minmax,SD3,median,dtw,mode,weighted,0.4577418863773346
1016.0,standard,SD2,prophet,dtw,dtw,single,0.49917587637901306
18.0,standard,SD5,linear,dtw,median,weighted,0.5016424655914307
255.0,standard,SD5,linear,dtw,mode,median,0.4775747060775757
465.0,minmax,SD3,prophet,euclidean,mean,single,0.5303190350532532
307.0,minmax,SD3,prophet,euclidean,mean,single,0.6755596995353699
272.0,standard,SD4,prophet,dtw,mean,median,0.40835514664649963
860.0,standard,SD6,prophet,euclidean,dtw,weighted,0.24856942892074585
205.0,standard,SD3,mean,dtw,median,ward,0.49186956882476807
354.0,standard,SD2,linear,dtw,median,weighted,0.44481393694877625
247.0,minmax,SD4,prophet,euclidean,mean,single,0.5286923050880432
437.0,standard,SD4,median,euclidean,mean,average,0.40003326535224915
3.0,standard,SD5,prophet,dtw,mean,weighted,0.5406754612922668
188.0,minmax,SD3,prophet,euclidean,mean,single,0.6755596995353699
135.0,minmax,SD3,prophet,euclidean,mean,single,0.6755596995353699
24.0,minmax,SD3,prophet,euclidean,dtw,single,0.6218177080154419
1199.0,standard,SD4,median,euclidean,median,single,-0.03916272893548012
366.0,standard,SD4,linear,dtw,dtw,median,0.4218849539756775
259.0,minmax,SD3,prophet,euclidean,mean,single,0.6755596995353699
264.0,standard,SD3,mean,euclidean,mean,hdbscan,0.5044052600860596
18.0,standard,SD5,median,dtw,median,ward,0.527553379535675
471.0,standard,SD3,median,dtw,mean,average,0.5543489456176758
202.0,minmax,SD3,prophet,euclidean,mean,single,0.6755596995353699
367.0,standard,SD2,median,dtw,mean,median,0.516765296459198
152.0,minmax,SD3,prophet,euclidean,mean,single,0.6755596995353699
214.0,standard,SD3,median,dtw,dtw,hdbscan,0.4388236105442047
433.0,standard,SD4,prophet,euclidean,dtw,hdbscan,0.39418789744377136
22.0,zscore,SD3,prophet,euclidean,prophet,single,0.09200937300920486
569.0,standard,SD2,linear,euclidean,dtw,weighted,0.3521480858325958
194.0,standard,SD5,median,euclidean,mode,median,0.11819954216480255
237.0,standard,SD3,median,dtw,mean,ward,0.557770848274231
198.0,standard,SD4,median,dtw,dtw,ward,0.527553379535675
39.0,standard,SD5,prophet,dtw,median,weighted,0.5406754612922668
292.0,standard,SD4,mean,dtw,mean,weighted,0.4643292725086212
221.0,minmax,SD3,prophet,euclidean,mean,single,0.6755596995353699
23.0,standard,SD3,prophet,euclidean,dtw,hdbscan,0.4615950584411621
340.0,minmax,SD2,linear,dtw,median,weighted,0.2892536520957947
968.0,zscore,SD3,median,euclidean,prophet,ward,0.09141599386930466
290.0,minmax,SD3,prophet,euclidean,mean,single,0.6755596995353699
297.0,standard,SD3,median,euclidean,dtw,average,0.419269323348999
205.0,standard,SD4,mean,dtw,dtw,average,0.5078727006912231
179.0,minmax,SD3,prophet,euclidean,mean,single,0.6755596995353699
168.0,minmax,SD3,prophet,euclidean,mean,single,0.6755596995353699
166.0,standard,SD5,prophet,euclidean,dtw,single,0.3565501272678375
464.0,standard,SD3,linear,euclidean,dtw,median,0.40477582812309265
353.0,standard,SD2,median,euclidean,mean,ward,0.37678107619285583
337.0,minmax,SD3,mean,euclidean,mean,single,0.5439637899398804
74.0,standard,SD5,mean,euclidean,dtw,weighted,0.5083162188529968
1148.0,minmax,SD2,median,dtw,mean,single,0.051753539592027664
256.0,standard,SD3,mean,dtw,mean,hdbscan,0.44061481952667236
140.0,standard,SD4,linear,euclidean,median,weighted,0.5083162188529968
