Comperiod,Scaling,Outliers,Interpolation,Similarity,Unsynced,Linkmeth,ray/tune/_metric
599.0,standard,SD3,linear,euclidean,prophet,weighted,0.7262079119682312
391.0,minmax,SD2,prophet,euclidean,dtw,weighted,0.8608385324478149
45.0,standard,SD3,mean,euclidean,dtw,ward,0.7262079119682312
378.0,minmax,SD2,prophet,euclidean,median,single,0.8608385324478149
426.0,minmax,SD2,prophet,euclidean,mode,single,0.8608385324478149
450.0,minmax,SD3,mean,euclidean,mode,single,0.6380411386489868
694.0,standard,SD4,median,euclidean,prophet,complete,0.5484374761581421
85.0,standard,SD2,mean,euclidean,prophet,single,0.6228847503662109
724.0,standard,SD2,mean,euclidean,prophet,complete,0.6240140199661255
543.0,minmax,SD2,prophet,euclidean,mode,single,0.8608385324478149
750.0,standard,SD2,median,euclidean,prophet,single,0.3122704029083252
390.0,minmax,SD2,linear,euclidean,dtw,weighted,0.8608385324478149
472.0,minmax,SD2,prophet,euclidean,median,single,0.8608385324478149
665.0,standard,SD2,prophet,euclidean,prophet,complete,0.8556891679763794
579.0,standard,SD6,prophet,euclidean,median,complete,0.440559446811676
531.0,standard,SD2,median,euclidean,prophet,complete,0.6240140199661255
387.0,minmax,SD2,median,euclidean,median,single,0.8608385324478149
175.0,standard,SD3,linear,euclidean,dtw,complete,0.7262079119682312
772.0,standard,SD2,prophet,euclidean,prophet,weighted,0.6240140199661255
702.0,standard,SD4,mean,euclidean,prophet,complete,0.7262079119682312
683.0,standard,SD5,linear,euclidean,prophet,weighted,0.7262079119682312
428.0,minmax,SD2,median,euclidean,dtw,weighted,0.8608385324478149
157.0,standard,SD2,linear,euclidean,prophet,complete,0.6240140199661255
414.0,minmax,SD2,median,euclidean,mean,single,0.8608385324478149
455.0,minmax,SD2,mean,euclidean,prophet,single,0.8608385324478149
412.0,minmax,SD2,median,euclidean,mode,single,0.8608385324478149
664.0,standard,SD2,linear,euclidean,prophet,complete,0.6240140199661255
57.0,minmax,SD2,prophet,euclidean,prophet,single,0.8608385324478149
548.0,standard,SD3,prophet,euclidean,prophet,centroid,0.7262079119682312
1062.0,minmax,SD2,median,euclidean,mode,single,0.025869758799672127
173.0,standard,SD2,mean,dtw,dtw,complete,0.5297157764434814
368.0,minmax,SD2,prophet,euclidean,prophet,single,0.8608385324478149
466.0,minmax,SD2,prophet,euclidean,median,single,0.8608385324478149
409.0,minmax,SD2,mean,euclidean,dtw,single,0.8608385324478149
1173.0,standard,SD5,mean,euclidean,dtw,weighted,0.31387388706207275
205.0,minmax,SD2,prophet,euclidean,prophet,single,0.8608385324478149
365.0,minmax,SD2,prophet,euclidean,prophet,single,0.8608385324478149
464.0,minmax,SD2,linear,euclidean,mode,single,0.8608385324478149
667.0,standard,SD2,median,dtw,mode,complete,0.38926175236701965
571.0,standard,SD2,prophet,euclidean,median,complete,0.8556891679763794
422.0,minmax,SD2,median,euclidean,median,single,0.8608385324478149
131.0,minmax,SD2,median,euclidean,prophet,single,0.8608385324478149
674.0,minmax,SD4,prophet,euclidean,mode,median,0.4773060083389282
498.0,minmax,SD2,prophet,euclidean,prophet,single,0.8608385324478149
29.0,minmax,SD2,prophet,euclidean,prophet,single,0.8608385324478149
1064.0,standard,SD2,prophet,dtw,dtw,single,0.6520963311195374
427.0,minmax,SD2,prophet,euclidean,prophet,weighted,0.8608385324478149
577.0,minmax,SD2,median,euclidean,mode,single,0.7912577986717224
463.0,minmax,SD2,median,euclidean,median,single,0.8608385324478149
319.0,minmax,SD2,linear,euclidean,dtw,single,0.8608385324478149
572.0,minmax,SD2,median,euclidean,median,single,0.8608385324478149
654.0,standard,SD4,prophet,dtw,prophet,weighted,0.6965414881706238
280.0,standard,SD3,median,euclidean,mean,weighted,0.7262079119682312
639.0,standard,SD4,prophet,euclidean,prophet,single,0.555096447467804
706.0,standard,SD3,prophet,euclidean,mode,complete,0.5053763389587402
393.0,standard,SD4,prophet,euclidean,mode,weighted,0.7262079119682312
840.0,standard,SD6,linear,euclidean,mean,centroid,0.0240249615162611
673.0,standard,SD2,linear,euclidean,prophet,complete,0.8556891679763794
525.0,minmax,SD2,mean,euclidean,prophet,single,0.8608385324478149
171.0,minmax,SD2,median,euclidean,mean,weighted,0.8608385324478149
60.0,minmax,SD4,prophet,euclidean,dtw,weighted,0.460317462682724
480.0,minmax,SD2,linear,euclidean,prophet,single,0.8608385324478149
14.0,standard,SD5,prophet,euclidean,prophet,median,0.7262079119682312
538.0,minmax,SD2,mean,euclidean,prophet,single,0.8608385324478149
319.0,minmax,SD2,mean,euclidean,prophet,weighted,0.8608385324478149
671.0,standard,SD2,prophet,euclidean,prophet,complete,0.8556891679763794
774.0,standard,SD6,linear,dtw,prophet,ward,0.36782538890838623
412.0,minmax,SD2,mean,euclidean,mean,single,0.8608385324478149
483.0,minmax,SD2,mean,euclidean,median,single,0.8608385324478149
1192.0,standard,SD3,mean,dtw,mode,centroid,0.039047971367836
568.0,minmax,SD2,mean,euclidean,median,single,0.5968992114067078
247.0,minmax,SD2,median,euclidean,prophet,weighted,0.8608385324478149
534.0,minmax,SD2,median,dtw,median,single,0.6520963311195374
420.0,minmax,SD2,prophet,euclidean,prophet,weighted,0.8608385324478149
497.0,standard,SD5,prophet,euclidean,prophet,centroid,0.7262079119682312
195.0,minmax,SD2,prophet,euclidean,dtw,single,0.8608385324478149
566.0,standard,SD5,prophet,euclidean,prophet,weighted,0.7262079119682312
513.0,minmax,SD2,median,euclidean,median,single,0.8608385324478149
27.0,standard,SD4,prophet,dtw,mean,centroid,0.7262079119682312
658.0,standard,SD4,prophet,euclidean,prophet,single,0.555096447467804
427.0,minmax,SD2,prophet,euclidean,prophet,single,0.8608385324478149
336.0,minmax,SD2,prophet,euclidean,mode,single,0.8608385324478149
782.0,standard,SD2,mean,euclidean,prophet,complete,0.6240140199661255
455.0,standard,SD5,prophet,dtw,prophet,centroid,0.7262079119682312
338.0,standard,SD3,mean,euclidean,mean,ward,0.7262079119682312
11.0,minmax,SD2,prophet,euclidean,prophet,single,0.8608385324478149
610.0,standard,SD2,mean,euclidean,mode,median,0.1794871836900711
542.0,minmax,SD2,prophet,euclidean,prophet,single,0.8608385324478149
43.0,standard,SD3,prophet,dtw,mode,centroid,0.7262079119682312
445.0,minmax,SD2,prophet,euclidean,median,single,0.8608385324478149
686.0,standard,SD2,mean,dtw,prophet,complete,0.7113783359527588
345.0,minmax,SD2,linear,euclidean,prophet,single,0.8608385324478149
445.0,standard,SD2,prophet,euclidean,dtw,ward,0.8556891679763794
968.0,standard,SD4,prophet,dtw,dtw,centroid,0.31387388706207275
85.0,minmax,SD2,mean,euclidean,prophet,single,0.8608385324478149
679.0,standard,SD2,mean,euclidean,prophet,complete,0.8556891679763794
568.0,minmax,SD2,prophet,euclidean,mode,single,0.8608385324478149
397.0,standard,SD3,mean,euclidean,median,average,0.7262079119682312
424.0,minmax,SD2,median,euclidean,dtw,weighted,0.8608385324478149
558.0,minmax,SD2,prophet,euclidean,median,single,0.8608385324478149
422.0,minmax,SD2,prophet,euclidean,prophet,single,0.8608385324478149
90.0,minmax,SD3,mean,dtw,median,hdbscan,0.0010000000474974513
552.0,minmax,SD2,prophet,euclidean,prophet,single,0.8608385324478149
111.0,minmax,SD2,prophet,euclidean,dtw,single,0.8608385324478149
296.0,minmax,SD2,prophet,euclidean,dtw,single,0.8608385324478149
2.0,minmax,SD6,linear,dtw,mean,single,0.26724138855934143
423.0,minmax,SD2,median,euclidean,mean,weighted,0.8608385324478149
597.0,standard,SD4,mean,euclidean,median,weighted,0.7262079119682312
14.0,minmax,SD2,linear,euclidean,mode,weighted,0.8608385324478149
579.0,minmax,SD2,median,euclidean,prophet,weighted,0.6520963311195374
492.0,minmax,SD2,median,euclidean,prophet,single,0.8608385324478149
683.0,standard,SD2,prophet,euclidean,prophet,complete,0.6240140199661255
418.0,minmax,SD2,median,euclidean,prophet,single,0.8608385324478149
678.0,standard,SD2,linear,euclidean,prophet,complete,0.8556891679763794
218.0,standard,SD6,mean,euclidean,dtw,complete,0.7262079119682312
676.0,standard,SD2,prophet,euclidean,prophet,complete,0.8556891679763794
674.0,standard,SD2,median,euclidean,prophet,complete,0.8556891679763794
599.0,standard,SD2,mean,euclidean,prophet,complete,0.6240140199661255
43.0,standard,SD4,mean,euclidean,prophet,single,0.6861193776130676
791.0,standard,SD5,mean,euclidean,dtw,ward,0.3820342421531677
690.0,standard,SD5,median,euclidean,prophet,weighted,0.7262079119682312
585.0,standard,SD4,median,euclidean,prophet,weighted,0.7262079119682312
135.0,standard,SD3,median,dtw,mode,average,0.7262079119682312
545.0,standard,SD2,prophet,euclidean,prophet,ward,0.6520963311195374
277.0,minmax,SD2,median,euclidean,median,single,0.8608385324478149
473.0,minmax,SD2,median,euclidean,prophet,single,0.8608385324478149
345.0,minmax,SD2,median,euclidean,median,single,0.8608385324478149
381.0,standard,SD2,prophet,euclidean,mean,ward,0.8556891679763794
356.0,minmax,SD2,prophet,euclidean,mean,single,0.8608385324478149
648.0,standard,SD4,prophet,euclidean,prophet,average,0.7262079119682312
562.0,minmax,SD2,mean,euclidean,mode,single,0.8608385324478149
20.0,standard,SD5,median,euclidean,prophet,weighted,0.7262079119682312
454.0,minmax,SD2,median,euclidean,mode,single,0.8608385324478149
1033.0,zscore,SD5,prophet,dtw,median,complete,-0.12177564203739166
665.0,standard,SD2,mean,euclidean,mode,weighted,0.38926175236701965
397.0,minmax,SD2,prophet,euclidean,prophet,single,0.8608385324478149
600.0,zscore,SD4,mean,dtw,median,centroid,-0.09387395530939102
533.0,minmax,SD2,median,euclidean,prophet,single,0.8608385324478149
260.0,minmax,SD3,mean,dtw,mode,single,0.3677685856819153
567.0,standard,SD2,prophet,euclidean,mode,complete,0.8556891679763794
388.0,minmax,SD2,median,euclidean,dtw,average,0.3695811927318573
803.0,standard,SD2,prophet,euclidean,prophet,complete,0.6240140199661255
701.0,standard,SD4,prophet,dtw,prophet,single,0.4614325165748596
567.0,minmax,SD2,median,euclidean,median,single,0.8608385324478149
490.0,minmax,SD2,prophet,euclidean,median,single,0.8608385324478149
570.0,standard,SD2,prophet,euclidean,prophet,complete,0.8556891679763794
89.0,minmax,SD2,mean,euclidean,dtw,ward,0.5968992114067078
200.0,minmax,SD2,prophet,euclidean,median,single,0.8608385324478149
675.0,standard,SD2,prophet,euclidean,dtw,complete,0.6520963311195374
558.0,minmax,SD2,median,euclidean,mode,single,0.7912577986717224
1197.0,standard,SD2,linear,euclidean,mean,hdbscan,0.0010000000474974513
955.0,zscore,SD2,median,euclidean,mode,weighted,-0.040756914764642715
697.0,standard,SD3,prophet,euclidean,prophet,single,0.7262079119682312
465.0,minmax,SD2,prophet,euclidean,mode,single,0.8608385324478149
812.0,standard,SD2,mean,euclidean,prophet,complete,0.6240140199661255
661.0,standard,SD4,prophet,euclidean,median,weighted,0.7262079119682312
900.0,minmax,SD5,prophet,euclidean,prophet,complete,0.1907772421836853
355.0,minmax,SD2,prophet,euclidean,mode,weighted,0.8608385324478149
371.0,standard,SD2,linear,dtw,mode,average,0.5297157764434814
95.0,minmax,SD2,median,euclidean,prophet,single,0.8608385324478149
719.0,standard,SD5,prophet,euclidean,prophet,weighted,0.7262079119682312
708.0,standard,SD5,linear,euclidean,prophet,weighted,0.7262079119682312
562.0,standard,SD2,prophet,euclidean,mode,complete,0.8556891679763794
684.0,standard,SD2,mean,euclidean,prophet,weighted,0.6240140199661255
565.0,standard,SD2,mean,euclidean,prophet,complete,0.6240140199661255
203.0,minmax,SD2,linear,dtw,dtw,single,0.6520963311195374
669.0,standard,SD2,prophet,euclidean,prophet,complete,0.8556891679763794
26.0,minmax,SD3,mean,euclidean,dtw,median,0.3722386956214905
487.0,standard,SD6,median,euclidean,median,weighted,0.7262079119682312
477.0,minmax,SD2,prophet,euclidean,prophet,single,0.8608385324478149
578.0,standard,SD5,median,euclidean,median,weighted,0.7262079119682312
1109.0,minmax,SD6,mean,euclidean,median,single,-0.10756701976060867
856.0,standard,SD2,mean,euclidean,prophet,complete,0.6240140199661255
342.0,standard,SD2,prophet,euclidean,median,ward,0.8556891679763794
535.0,standard,SD4,median,euclidean,prophet,weighted,0.7262079119682312
470.0,standard,SD3,mean,dtw,mode,complete,0.5484374761581421
39.0,minmax,SD2,median,euclidean,prophet,ward,0.6520963311195374
577.0,standard,SD2,prophet,euclidean,prophet,complete,0.8556891679763794
646.0,minmax,SD2,median,euclidean,dtw,single,0.3737734258174896
675.0,minmax,SD2,prophet,euclidean,prophet,weighted,0.5297157764434814
185.0,standard,SD6,prophet,euclidean,median,median,0.7262079119682312
663.0,standard,SD2,prophet,euclidean,prophet,complete,0.8556891679763794
301.0,standard,SD3,mean,dtw,mode,median,0.7262079119682312
446.0,minmax,SD2,median,euclidean,prophet,single,0.8608385324478149
538.0,standard,SD5,mean,euclidean,mode,centroid,0.7262079119682312
547.0,minmax,SD2,median,euclidean,median,single,0.8608385324478149
699.0,standard,SD5,mean,euclidean,mode,weighted,0.5053763389587402
426.0,minmax,SD2,median,euclidean,mean,single,0.8608385324478149
507.0,minmax,SD2,prophet,euclidean,median,single,0.8608385324478149
388.0,standard,SD3,linear,euclidean,mode,hdbscan,0.0010000000474974513
398.0,standard,SD2,prophet,euclidean,dtw,ward,0.8556891679763794
484.0,minmax,SD2,median,dtw,prophet,single,0.6520963311195374
700.0,minmax,SD4,mean,euclidean,median,complete,0.3677685856819153
620.0,standard,SD4,mean,dtw,prophet,complete,0.477525919675827
572.0,standard,SD2,prophet,euclidean,mode,complete,0.8556891679763794
705.0,standard,SD4,mean,euclidean,prophet,single,0.7262079119682312
386.0,minmax,SD2,median,euclidean,median,weighted,0.8608385324478149
223.0,standard,SD4,linear,euclidean,prophet,ward,0.7262079119682312
253.0,minmax,SD2,prophet,euclidean,median,single,0.8608385324478149
27.0,minmax,SD2,prophet,euclidean,mode,weighted,0.8608385324478149
631.0,standard,SD5,median,dtw,mode,weighted,0.5484374761581421
831.0,standard,SD6,median,euclidean,median,centroid,0.019819820299744606
380.0,minmax,SD2,mean,euclidean,median,weighted,0.8608385324478149
451.0,zscore,SD4,median,dtw,mean,weighted,-0.04284323379397392
660.0,standard,SD2,prophet,euclidean,prophet,ward,0.6520963311195374
676.0,zscore,SD5,prophet,euclidean,mode,weighted,-0.009737098589539528
397.0,standard,SD3,mean,euclidean,mode,complete,0.7262079119682312
716.0,standard,SD2,mean,euclidean,prophet,weighted,0.6240140199661255
564.0,minmax,SD2,prophet,euclidean,dtw,single,0.5129348635673523
393.0,minmax,SD2,mean,euclidean,mean,weighted,0.8608385324478149
678.0,standard,SD2,prophet,euclidean,prophet,ward,0.8556891679763794
1197.0,standard,SD2,prophet,euclidean,dtw,single,0.6520963311195374
499.0,minmax,SD2,median,euclidean,median,single,0.8608385324478149
564.0,minmax,SD2,median,dtw,prophet,single,0.6520963311195374
658.0,standard,SD5,linear,euclidean,prophet,weighted,0.7262079119682312
506.0,minmax,SD2,median,euclidean,median,single,0.8608385324478149
653.0,standard,SD4,prophet,euclidean,median,complete,0.440559446811676
526.0,minmax,SD2,prophet,euclidean,median,single,0.8608385324478149
509.0,zscore,SD3,mean,dtw,median,median,-0.09387395530939102
1049.0,standard,SD6,prophet,euclidean,median,ward,0.037995148450136185
539.0,minmax,SD2,median,euclidean,median,single,0.8608385324478149
436.0,minmax,SD2,mean,euclidean,prophet,weighted,0.8608385324478149
758.0,standard,SD2,prophet,euclidean,prophet,complete,0.6240140199661255
493.0,minmax,SD2,median,euclidean,median,single,0.8608385324478149
548.0,standard,SD2,mean,euclidean,median,complete,0.6240140199661255
669.0,standard,SD6,prophet,euclidean,dtw,average,0.4614325165748596
7.0,minmax,SD2,mean,euclidean,mean,single,0.8608385324478149
640.0,standard,SD6,mean,euclidean,prophet,weighted,0.7262079119682312
417.0,minmax,SD2,linear,euclidean,prophet,single,0.8608385324478149
469.0,minmax,SD2,mean,euclidean,prophet,single,0.8608385324478149
197.0,standard,SD3,prophet,euclidean,median,average,0.7262079119682312
91.0,minmax,SD2,median,euclidean,median,single,0.8608385324478149
685.0,standard,SD5,median,euclidean,prophet,complete,0.5484374761581421
846.0,standard,SD2,prophet,euclidean,prophet,weighted,0.6240140199661255
547.0,minmax,SD2,mean,euclidean,median,single,0.8608385324478149
158.0,minmax,SD2,median,euclidean,prophet,single,0.8608385324478149
634.0,standard,SD2,prophet,euclidean,prophet,weighted,0.6520963311195374
604.0,minmax,SD2,prophet,dtw,prophet,complete,0.6240140199661255
588.0,standard,SD4,mean,euclidean,mean,complete,0.42527851462364197
362.0,minmax,SD2,mean,euclidean,prophet,single,0.8608385324478149
267.0,minmax,SD2,median,euclidean,dtw,single,0.8608385324478149
600.0,standard,SD3,prophet,euclidean,prophet,centroid,0.7262079119682312
348.0,minmax,SD2,prophet,euclidean,prophet,single,0.8608385324478149
394.0,minmax,SD2,prophet,euclidean,prophet,weighted,0.8608385324478149
395.0,minmax,SD2,mean,euclidean,dtw,single,0.8608385324478149
750.0,minmax,SD2,mean,euclidean,dtw,average,0.4486333727836609
417.0,minmax,SD2,prophet,euclidean,mode,weighted,0.8608385324478149
578.0,minmax,SD3,linear,euclidean,dtw,centroid,0.4614325165748596
682.0,standard,SD2,prophet,euclidean,median,complete,0.5395095348358154
125.0,standard,SD6,linear,euclidean,median,weighted,0.7262079119682312
662.0,standard,SD2,prophet,euclidean,prophet,complete,0.8556891679763794
532.0,minmax,SD2,prophet,euclidean,prophet,single,0.8608385324478149
494.0,standard,SD5,prophet,euclidean,prophet,weighted,0.7262079119682312
569.0,standard,SD5,prophet,euclidean,prophet,single,0.555096447467804
576.0,standard,SD4,median,dtw,prophet,complete,0.5484374761581421
581.0,standard,SD5,mean,euclidean,prophet,centroid,0.7262079119682312
564.0,standard,SD2,median,euclidean,prophet,average,0.6520963311195374
758.0,minmax,SD3,prophet,euclidean,prophet,single,0.5099099278450012
599.0,minmax,SD3,linear,euclidean,mode,complete,0.41460055112838745
207.0,standard,SD2,mean,euclidean,prophet,ward,0.8556891679763794
651.0,standard,SD3,median,euclidean,prophet,weighted,0.7262079119682312
456.0,minmax,SD2,prophet,euclidean,dtw,weighted,0.6520963311195374
152.0,zscore,SD4,linear,dtw,median,centroid,-0.09387395530939102
297.0,minmax,SD2,median,euclidean,prophet,single,0.8608385324478149
838.0,standard,SD4,mean,dtw,dtw,centroid,0.31387388706207275
287.0,minmax,SD2,prophet,euclidean,median,single,0.8608385324478149
563.0,minmax,SD2,prophet,euclidean,prophet,single,0.8608385324478149
1189.0,minmax,SD4,median,dtw,mean,median,0.0703125
304.0,minmax,SD2,mean,euclidean,median,single,0.8608385324478149
655.0,standard,SD6,mean,euclidean,median,weighted,0.7262079119682312
408.0,minmax,SD2,prophet,euclidean,mean,weighted,0.8608385324478149
507.0,minmax,SD2,linear,euclidean,prophet,single,0.8608385324478149
1094.0,zscore,SD2,linear,dtw,dtw,ward,-0.0006752194603905082
417.0,minmax,SD2,prophet,euclidean,median,weighted,0.8608385324478149
471.0,minmax,SD2,prophet,euclidean,prophet,single,0.8608385324478149
144.0,minmax,SD2,median,euclidean,mode,weighted,0.8608385324478149
544.0,minmax,SD2,mean,euclidean,prophet,weighted,0.6520963311195374
1105.0,standard,SD2,mean,euclidean,prophet,single,0.3978201746940613
668.0,standard,SD2,median,euclidean,prophet,complete,0.8556891679763794
113.0,minmax,SD2,mean,euclidean,prophet,single,0.8608385324478149
306.0,standard,SD3,prophet,euclidean,dtw,median,0.7262079119682312
558.0,minmax,SD2,median,euclidean,prophet,single,0.8608385324478149
505.0,minmax,SD2,median,euclidean,mode,single,0.7912577986717224
145.0,minmax,SD2,prophet,euclidean,mean,weighted,0.8608385324478149
607.0,standard,SD4,mean,euclidean,prophet,single,0.6861193776130676
593.0,minmax,SD3,mean,dtw,prophet,median,0.37774524092674255
739.0,standard,SD2,mean,euclidean,prophet,complete,0.6240140199661255
143.0,minmax,SD2,mean,euclidean,prophet,single,0.8608385324478149
541.0,minmax,SD2,median,euclidean,median,single,0.8608385324478149
1159.0,zscore,SD2,mean,euclidean,mean,hdbscan,0.0010000000474974513
422.0,standard,SD2,prophet,euclidean,median,ward,0.8556891679763794
797.0,standard,SD2,mean,euclidean,prophet,single,0.3978201746940613
96.0,minmax,SD2,prophet,euclidean,mean,single,0.8608385324478149
592.0,standard,SD5,prophet,euclidean,prophet,weighted,0.7262079119682312
248.0,zscore,SD2,linear,dtw,mean,centroid,-0.0006752194603905082
226.0,minmax,SD2,prophet,euclidean,mean,weighted,0.8608385324478149
429.0,minmax,SD2,median,euclidean,mean,weighted,0.8608385324478149
678.0,standard,SD2,prophet,dtw,dtw,complete,0.6520963311195374
675.0,standard,SD2,prophet,euclidean,prophet,ward,0.8556891679763794
675.0,standard,SD2,prophet,euclidean,prophet,median,0.5297157764434814
628.0,standard,SD3,mean,euclidean,prophet,complete,0.7262079119682312
700.0,standard,SD2,mean,euclidean,prophet,single,0.6520963311195374
731.0,standard,SD2,prophet,euclidean,prophet,weighted,0.6240140199661255
545.0,minmax,SD2,mean,euclidean,prophet,single,0.8608385324478149
211.0,minmax,SD2,median,euclidean,median,single,0.8608385324478149
591.0,standard,SD5,prophet,dtw,prophet,weighted,0.7262079119682312
244.0,standard,SD3,mean,dtw,dtw,centroid,0.7262079119682312
492.0,minmax,SD2,prophet,euclidean,median,single,0.8608385324478149
33.0,minmax,SD2,prophet,euclidean,dtw,centroid,0.3695811927318573
104.0,minmax,SD2,mean,euclidean,dtw,weighted,0.8608385324478149
602.0,standard,SD3,median,dtw,median,weighted,0.7262079119682312
638.0,minmax,SD2,linear,euclidean,prophet,single,0.3695811927318573
561.0,minmax,SD2,mean,euclidean,median,single,0.5968992114067078
468.0,standard,SD2,mean,euclidean,mode,complete,0.6240140199661255
473.0,minmax,SD2,median,euclidean,mean,single,0.6520963311195374
414.0,standard,SD2,mean,euclidean,prophet,ward,0.8556891679763794
701.0,standard,SD2,prophet,dtw,prophet,weighted,0.3122704029083252
588.0,standard,SD3,median,euclidean,mode,median,0.7262079119682312
622.0,standard,SD4,mean,euclidean,prophet,weighted,0.7262079119682312
69.0,minmax,SD2,linear,dtw,mode,single,0.6520963311195374
687.0,standard,SD2,median,euclidean,prophet,complete,0.6240140199661255
149.0,minmax,SD2,linear,euclidean,median,single,0.8608385324478149
1090.0,standard,SD4,median,dtw,mode,weighted,0.18205460906028748
445.0,minmax,SD2,mean,euclidean,prophet,single,0.8608385324478149
155.0,minmax,SD2,median,euclidean,median,weighted,0.8608385324478149
252.0,minmax,SD2,linear,euclidean,mean,single,0.8608385324478149
515.0,minmax,SD2,mean,euclidean,median,single,0.8608385324478149
222.0,minmax,SD2,mean,euclidean,prophet,single,0.8608385324478149
672.0,standard,SD3,linear,euclidean,prophet,complete,0.7262079119682312
609.0,standard,SD3,mean,dtw,prophet,centroid,0.7262079119682312
99.0,minmax,SD2,mean,euclidean,prophet,weighted,0.8608385324478149
400.0,minmax,SD2,median,euclidean,prophet,weighted,0.8608385324478149
664.0,standard,SD2,median,euclidean,dtw,complete,0.6520963311195374
82.0,minmax,SD2,linear,euclidean,median,weighted,0.8608385324478149
589.0,zscore,SD5,prophet,dtw,mode,hdbscan,0.0010000000474974513
325.0,standard,SD5,mean,euclidean,mean,weighted,0.7262079119682312
90.0,minmax,SD2,median,euclidean,mean,weighted,0.8608385324478149
7.0,standard,SD2,prophet,euclidean,prophet,weighted,0.6520963311195374
523.0,standard,SD5,prophet,dtw,median,single,0.24358242750167847
392.0,minmax,SD2,median,euclidean,mode,weighted,0.8608385324478149
367.0,minmax,SD2,mean,euclidean,mode,weighted,0.8608385324478149
781.0,standard,SD2,prophet,euclidean,prophet,single,0.3978201746940613
688.0,standard,SD5,linear,euclidean,prophet,single,0.7262079119682312
511.0,standard,SD3,mean,dtw,prophet,weighted,0.7262079119682312
7.0,minmax,SD2,median,euclidean,dtw,weighted,0.8608385324478149
495.0,minmax,SD2,prophet,euclidean,prophet,weighted,0.6520963311195374
1102.0,standard,SD2,linear,dtw,dtw,complete,0.4486333727836609
678.0,standard,SD2,median,euclidean,median,complete,0.38926175236701965
346.0,minmax,SD2,mean,dtw,dtw,centroid,0.6240140199661255
819.0,standard,SD2,mean,euclidean,prophet,complete,0.6240140199661255
28.0,minmax,SD2,mean,euclidean,prophet,weighted,0.8608385324478149
464.0,standard,SD2,prophet,euclidean,median,ward,0.8556891679763794
574.0,standard,SD5,mean,euclidean,mode,average,0.7262079119682312
1000.0,zscore,SD3,mean,dtw,mode,weighted,-0.040816325694322586
515.0,standard,SD4,prophet,euclidean,prophet,complete,0.440559446811676
691.0,standard,SD3,prophet,euclidean,prophet,weighted,0.7262079119682312
93.0,minmax,SD2,mean,euclidean,prophet,single,0.8608385324478149
729.0,standard,SD2,mean,euclidean,dtw,complete,0.3737734258174896
419.0,minmax,SD2,median,euclidean,prophet,weighted,0.8608385324478149
183.0,minmax,SD2,mean,euclidean,prophet,weighted,0.8608385324478149
516.0,minmax,SD2,prophet,euclidean,prophet,single,0.8608385324478149
669.0,standard,SD2,median,euclidean,prophet,complete,0.8556891679763794
625.0,standard,SD5,prophet,dtw,prophet,complete,0.6569369435310364
825.0,standard,SD2,mean,euclidean,mode,median,-0.04371097311377525
181.0,standard,SD5,median,euclidean,dtw,complete,0.5484374761581421
413.0,minmax,SD2,linear,euclidean,median,single,0.8608385324478149
696.0,standard,SD6,mean,euclidean,prophet,average,0.7262079119682312
403.0,minmax,SD2,median,euclidean,prophet,single,0.8608385324478149
39.0,standard,SD6,linear,euclidean,prophet,complete,0.7262079119682312
323.0,zscore,SD3,prophet,dtw,prophet,median,-0.04284323379397392
390.0,minmax,SD2,prophet,euclidean,mean,single,0.8608385324478149
549.0,minmax,SD2,mean,euclidean,mean,single,0.6520963311195374
53.0,standard,SD5,mean,dtw,mode,ward,0.5484374761581421
547.0,minmax,SD2,median,euclidean,prophet,single,0.8608385324478149
534.0,minmax,SD2,prophet,euclidean,prophet,single,0.8608385324478149
254.0,minmax,SD2,prophet,euclidean,median,weighted,0.8608385324478149
123.0,minmax,SD2,linear,euclidean,mean,hdbscan,0.0010000000474974513
83.0,minmax,SD2,median,euclidean,prophet,weighted,0.8608385324478149
584.0,standard,SD2,prophet,euclidean,prophet,complete,0.8556891679763794
542.0,minmax,SD2,prophet,euclidean,median,single,0.8608385324478149
558.0,standard,SD2,prophet,euclidean,prophet,complete,0.8556891679763794
455.0,standard,SD2,mean,euclidean,prophet,ward,0.8556891679763794
448.0,minmax,SD2,median,euclidean,dtw,single,0.6520963311195374
669.0,standard,SD2,mean,euclidean,prophet,complete,0.8556891679763794
320.0,minmax,SD2,mean,euclidean,mode,complete,0.5968992114067078
541.0,minmax,SD2,mean,euclidean,median,single,0.8608385324478149
698.0,standard,SD3,mean,dtw,prophet,complete,0.6965414881706238
457.0,minmax,SD2,median,euclidean,prophet,weighted,0.6520963311195374
614.0,standard,SD2,prophet,euclidean,prophet,single,0.6520963311195374
323.0,minmax,SD2,prophet,euclidean,median,single,0.8608385324478149
499.0,standard,SD4,linear,euclidean,dtw,median,0.6487603187561035
569.0,minmax,SD2,mean,euclidean,mean,single,0.6520963311195374
241.0,minmax,SD2,mean,euclidean,prophet,weighted,0.8608385324478149
577.0,minmax,SD2,prophet,euclidean,prophet,single,0.6520963311195374
524.0,standard,SD4,mean,euclidean,prophet,median,0.7262079119682312
433.0,minmax,SD2,mean,euclidean,mode,single,0.8608385324478149
522.0,minmax,SD2,median,euclidean,prophet,single,0.8608385324478149
359.0,minmax,SD2,prophet,euclidean,prophet,weighted,0.8608385324478149
97.0,standard,SD3,mean,euclidean,median,complete,0.7262079119682312
317.0,minmax,SD2,linear,dtw,mode,complete,0.6240140199661255
672.0,standard,SD2,prophet,euclidean,prophet,ward,0.8556891679763794
447.0,minmax,SD2,mean,euclidean,median,single,0.8608385324478149
719.0,standard,SD2,mean,euclidean,dtw,complete,0.3737734258174896
130.0,standard,SD5,mean,euclidean,dtw,average,0.7262079119682312
24.0,zscore,SD5,mean,euclidean,prophet,hdbscan,0.0010000000474974513
147.0,minmax,SD2,median,euclidean,mode,single,0.8608385324478149
63.0,standard,SD5,prophet,dtw,prophet,weighted,0.7262079119682312
428.0,minmax,SD2,prophet,euclidean,mean,single,0.8608385324478149
429.0,minmax,SD2,median,euclidean,prophet,weighted,0.8608385324478149
528.0,zscore,SD4,prophet,euclidean,median,complete,-0.04284323379397392
174.0,minmax,SD2,mean,euclidean,median,single,0.8608385324478149
383.0,standard,SD6,median,euclidean,mode,median,0.7262079119682312
590.0,standard,SD5,median,euclidean,prophet,single,0.6861193776130676
406.0,minmax,SD2,prophet,euclidean,median,weighted,0.8608385324478149
644.0,minmax,SD2,prophet,euclidean,prophet,weighted,0.6520963311195374
672.0,standard,SD4,linear,euclidean,median,complete,0.7262079119682312
416.0,minmax,SD2,mean,euclidean,median,single,0.8608385324478149
360.0,minmax,SD2,prophet,euclidean,dtw,weighted,0.8608385324478149
352.0,minmax,SD2,mean,euclidean,median,weighted,0.8608385324478149
785.0,zscore,SD2,prophet,euclidean,prophet,single,-0.045703839510679245
562.0,minmax,SD2,median,euclidean,prophet,complete,0.555652916431427
526.0,minmax,SD2,median,euclidean,prophet,single,0.8608385324478149
625.0,standard,SD5,linear,euclidean,prophet,centroid,0.7262079119682312
462.0,minmax,SD2,prophet,euclidean,prophet,single,0.8608385324478149
700.0,standard,SD3,mean,dtw,prophet,weighted,0.6487603187561035
1192.0,zscore,SD6,mean,euclidean,mode,single,0.0010000000474974513
702.0,standard,SD4,prophet,euclidean,prophet,average,0.7262079119682312
676.0,standard,SD2,median,euclidean,prophet,complete,0.8556891679763794
808.0,zscore,SD4,median,dtw,prophet,ward,0.0240249615162611
238.0,minmax,SD2,prophet,dtw,prophet,median,0.6240140199661255
659.0,standard,SD2,mean,euclidean,prophet,complete,0.6240140199661255
2.0,standard,SD5,mean,dtw,mean,ward,0.5484374761581421
396.0,standard,SD2,prophet,euclidean,prophet,ward,0.8556891679763794
381.0,minmax,SD2,prophet,euclidean,prophet,single,0.8608385324478149
552.0,minmax,SD2,linear,euclidean,prophet,single,0.8608385324478149
429.0,standard,SD2,prophet,euclidean,prophet,ward,0.8556891679763794
554.0,minmax,SD2,prophet,euclidean,mode,single,0.8608385324478149
61.0,standard,SD2,median,euclidean,mean,median,0.3122704029083252
47.0,minmax,SD2,prophet,dtw,prophet,weighted,0.5297157764434814
678.0,standard,SD2,mean,euclidean,dtw,complete,0.6520963311195374
500.0,minmax,SD2,mean,euclidean,prophet,single,0.8608385324478149
759.0,zscore,SD3,linear,euclidean,dtw,average,-0.09387395530939102
295.0,standard,SD3,mean,euclidean,prophet,centroid,0.7262079119682312
206.0,minmax,SD2,prophet,euclidean,prophet,single,0.8608385324478149
101.0,minmax,SD2,mean,euclidean,prophet,median,0.5968992114067078
218.0,standard,SD2,prophet,euclidean,dtw,ward,0.8556891679763794
573.0,standard,SD2,mean,dtw,prophet,complete,0.5297157764434814
3.0,minmax,SD2,prophet,euclidean,prophet,single,0.8608385324478149
552.0,minmax,SD2,median,euclidean,median,single,0.8608385324478149
88.0,minmax,SD2,prophet,euclidean,median,weighted,0.8608385324478149
56.0,minmax,SD2,prophet,euclidean,prophet,complete,0.5968992114067078
493.0,minmax,SD2,median,euclidean,prophet,single,0.8608385324478149
774.0,standard,SD2,prophet,euclidean,prophet,complete,0.6240140199661255
556.0,standard,SD2,mean,euclidean,prophet,weighted,0.6520963311195374
564.0,minmax,SD2,median,euclidean,prophet,single,0.8608385324478149
669.0,standard,SD5,median,dtw,prophet,complete,0.477525919675827
428.0,minmax,SD2,mean,euclidean,prophet,weighted,0.8608385324478149
176.0,minmax,SD2,prophet,euclidean,dtw,weighted,0.8608385324478149
764.0,standard,SD3,linear,dtw,mean,median,0.1450292468070984
526.0,minmax,SD2,median,euclidean,median,single,0.8608385324478149
34.0,minmax,SD2,prophet,euclidean,prophet,single,0.8608385324478149
41.0,minmax,SD2,linear,euclidean,mean,weighted,0.8608385324478149
624.0,standard,SD2,linear,euclidean,prophet,complete,0.6240140199661255
95.0,standard,SD2,prophet,euclidean,prophet,ward,0.8556891679763794
627.0,standard,SD5,median,euclidean,prophet,complete,0.5484374761581421
1194.0,standard,SD2,median,dtw,dtw,single,0.6520963311195374
313.0,standard,SD4,median,euclidean,mode,centroid,0.7262079119682312
112.0,minmax,SD2,median,euclidean,mean,single,0.8608385324478149
487.0,minmax,SD2,prophet,euclidean,prophet,single,0.8608385324478149
97.0,zscore,SD3,linear,euclidean,prophet,single,-0.09387395530939102
61.0,zscore,SD4,prophet,euclidean,mode,ward,-0.04284323379397392
486.0,standard,SD4,median,euclidean,prophet,ward,0.440559446811676
404.0,standard,SD2,mean,euclidean,median,ward,0.8556891679763794
95.0,standard,SD5,linear,euclidean,prophet,average,0.7262079119682312
717.0,standard,SD4,prophet,euclidean,median,complete,0.6019283533096313
452.0,minmax,SD2,prophet,euclidean,prophet,single,0.8608385324478149
568.0,standard,SD4,prophet,dtw,mode,ward,0.5484374761581421
748.0,standard,SD2,linear,euclidean,prophet,weighted,0.6240140199661255
490.0,minmax,SD2,prophet,euclidean,prophet,single,0.8608385324478149
572.0,standard,SD2,median,euclidean,prophet,complete,0.6240140199661255
600.0,minmax,SD5,mean,dtw,mode,single,0.26724138855934143
513.0,minmax,SD2,mean,euclidean,dtw,single,0.5129348635673523
322.0,minmax,SD2,mean,euclidean,mode,single,0.8608385324478149
426.0,minmax,SD2,median,euclidean,mode,weighted,0.8608385324478149
812.0,zscore,SD3,linear,dtw,mode,centroid,0.027413588017225266
470.0,minmax,SD2,mean,euclidean,median,weighted,0.5297157764434814
667.0,standard,SD2,mean,euclidean,prophet,complete,0.8556891679763794
424.0,minmax,SD2,mean,euclidean,prophet,single,0.8608385324478149
580.0,standard,SD2,mean,euclidean,median,complete,0.6240140199661255
135.0,minmax,SD2,mean,euclidean,dtw,single,0.8608385324478149
556.0,minmax,SD2,mean,euclidean,prophet,single,0.8608385324478149
562.0,standard,SD2,prophet,euclidean,prophet,complete,0.8556891679763794
587.0,standard,SD5,prophet,euclidean,mean,complete,0.5297733545303345
286.0,minmax,SD2,mean,euclidean,mean,weighted,0.8608385324478149
445.0,standard,SD3,median,dtw,prophet,average,0.7262079119682312
606.0,standard,SD5,mean,euclidean,prophet,weighted,0.7262079119682312
465.0,minmax,SD2,mean,euclidean,mode,weighted,0.5297157764434814
518.0,standard,SD3,prophet,euclidean,prophet,average,0.7262079119682312
548.0,zscore,SD5,median,euclidean,median,weighted,-0.09387395530939102
287.0,minmax,SD3,median,dtw,mean,ward,0.37774524092674255
