Comperiod,Scaling,Outliers,Interpolation,Similarity,Unsynced,Linkmeth,ray/tune/_metric
145.0,standard,SD2,median,euclidean,prophet,weighted,0.4773001968860626
55.0,standard,SD2,mean,dtw,mode,weighted,0.499836266040802
5.0,standard,SD2,linear,euclidean,dtw,weighted,0.5438447594642639
1137.0,zscore,SD3,linear,dtw,dtw,single,0.05317910760641098
624.0,minmax,SD2,linear,dtw,prophet,average,0.5692128539085388
115.0,standard,SD2,median,euclidean,dtw,weighted,0.5001493096351624
664.0,minmax,SD2,prophet,dtw,prophet,average,0.5791485905647278
1162.0,zscore,SD5,mean,euclidean,mode,weighted,-0.04686487466096878
612.0,standard,SD5,prophet,dtw,prophet,complete,0.3206523060798645
6.0,standard,SD2,linear,euclidean,prophet,hdbscan,0.5193545818328857
754.0,minmax,SD2,linear,dtw,prophet,average,0.5188422203063965
413.0,zscore,SD3,prophet,dtw,prophet,complete,0.0701199322938919
58.0,zscore,SD3,mean,dtw,dtw,ward,0.1816895753145218
260.0,standard,SD2,mean,euclidean,mean,centroid,0.5840525031089783
167.0,standard,SD2,median,euclidean,prophet,complete,0.45454883575439453
233.0,standard,SD2,median,dtw,mean,weighted,0.7001053690910339
609.0,minmax,SD2,linear,dtw,prophet,average,0.5692128539085388
797.0,minmax,SD2,mean,euclidean,dtw,average,0.2510378956794739
382.0,standard,SD2,linear,euclidean,mean,average,0.530452311038971
1164.0,standard,SD2,linear,dtw,prophet,weighted,0.4495852589607239
2.0,standard,SD2,linear,dtw,mean,weighted,0.5016866326332092
69.0,standard,SD2,mean,euclidean,mean,weighted,0.6224368810653687
785.0,standard,SD2,linear,dtw,prophet,weighted,0.5611516833305359
26.0,standard,SD3,linear,euclidean,dtw,median,0.40850967168807983
582.0,standard,SD2,median,euclidean,prophet,average,0.2683248519897461
447.0,standard,SD2,median,dtw,prophet,average,0.4217884838581085
290.0,standard,SD2,prophet,dtw,mean,weighted,0.440298855304718
333.0,standard,SD2,mean,euclidean,mean,average,0.5385873913764954
79.0,standard,SD2,mean,dtw,mean,complete,0.39965009689331055
40.0,standard,SD2,linear,euclidean,mode,hdbscan,0.5193545818328857
122.0,standard,SD2,prophet,dtw,prophet,hdbscan,0.3489460349082947
690.0,standard,SD2,linear,dtw,prophet,weighted,0.48633772134780884
263.0,standard,SD2,mean,dtw,mean,ward,0.4664299488067627
722.0,minmax,SD2,prophet,dtw,prophet,weighted,0.4712170660495758
679.0,minmax,SD2,prophet,dtw,prophet,average,0.5791485905647278
646.0,minmax,SD2,linear,dtw,prophet,average,0.5692128539085388
674.0,standard,SD2,linear,euclidean,prophet,average,0.4882667064666748
619.0,zscore,SD3,median,dtw,prophet,average,-0.005974261090159416
434.0,zscore,SD2,median,euclidean,median,ward,0.19057051837444305
365.0,standard,SD2,median,dtw,mode,weighted,0.5159150958061218
228.0,standard,SD2,prophet,dtw,mean,weighted,0.5277888774871826
533.0,standard,SD2,mean,euclidean,mean,weighted,0.5562559366226196
663.0,minmax,SD2,prophet,dtw,prophet,average,0.5791485905647278
8.0,standard,SD2,linear,euclidean,mode,weighted,0.5460662245750427
259.0,standard,SD2,median,dtw,prophet,average,0.4441959857940674
837.0,standard,SD2,linear,dtw,prophet,weighted,0.5611516833305359
663.0,minmax,SD2,mean,dtw,prophet,average,0.5104764103889465
291.0,standard,SD2,linear,euclidean,mean,average,0.6745624542236328
327.0,standard,SD2,linear,dtw,mode,weighted,0.5272340178489685
2.0,zscore,SD5,linear,euclidean,dtw,complete,0.03556305542588234
319.0,standard,SD2,median,dtw,mean,average,0.5304182767868042
664.0,minmax,SD4,linear,dtw,prophet,average,0.35919877886772156
226.0,standard,SD2,median,euclidean,mean,average,0.6325168013572693
287.0,standard,SD2,linear,dtw,mode,weighted,0.5272340178489685
225.0,minmax,SD2,median,dtw,prophet,weighted,0.4975068271160126
187.0,minmax,SD2,linear,dtw,mean,weighted,0.46919533610343933
250.0,standard,SD2,median,euclidean,mean,ward,0.4608094394207001
285.0,standard,SD2,linear,euclidean,mean,average,0.6745624542236328
198.0,standard,SD2,mean,euclidean,mean,weighted,0.5870817303657532
676.0,minmax,SD2,prophet,dtw,prophet,average,0.5791485905647278
30.0,standard,SD2,linear,euclidean,median,weighted,0.5460662245750427
635.0,minmax,SD2,linear,dtw,prophet,average,0.5692128539085388
738.0,minmax,SD2,prophet,dtw,prophet,average,0.5673394799232483
33.0,standard,SD2,median,dtw,mean,weighted,0.4821012020111084
240.0,standard,SD2,mean,euclidean,mean,weighted,0.6144853830337524
623.0,standard,SD2,median,euclidean,prophet,weighted,0.4863795340061188
74.0,standard,SD2,median,euclidean,prophet,hdbscan,0.4334985017776489
444.0,standard,SD2,mean,dtw,mode,average,0.46409961581230164
10.0,standard,SD2,linear,euclidean,prophet,centroid,0.4249970018863678
538.0,standard,SD2,linear,dtw,mean,weighted,0.5189297199249268
825.0,standard,SD2,linear,dtw,prophet,weighted,0.5611516833305359
694.0,zscore,SD5,mean,euclidean,median,median,0.15968245267868042
290.0,standard,SD2,linear,dtw,mean,weighted,0.6538316011428833
312.0,standard,SD2,median,euclidean,mode,average,0.466761976480484
39.0,standard,SD3,prophet,euclidean,mode,weighted,0.5356259346008301
159.0,standard,SD2,linear,euclidean,mean,weighted,0.5644192099571228
214.0,standard,SD2,linear,dtw,prophet,average,0.43189719319343567
1128.0,standard,SD2,linear,dtw,prophet,weighted,0.4495852589607239
484.0,standard,SD4,median,dtw,mean,weighted,0.3460230231285095
288.0,minmax,SD2,linear,dtw,mean,weighted,0.4686943590641022
215.0,standard,SD2,mean,dtw,mean,weighted,0.5809177756309509
802.0,standard,SD3,linear,dtw,dtw,average,0.25663134455680847
77.0,standard,SD4,prophet,euclidean,mode,ward,0.373985230922699
38.0,standard,SD2,linear,euclidean,dtw,weighted,0.5460662245750427
23.0,standard,SD4,linear,euclidean,dtw,hdbscan,0.299007773399353
781.0,standard,SD2,median,euclidean,prophet,complete,0.4853590428829193
290.0,standard,SD2,mean,euclidean,mean,average,0.6454511284828186
165.0,standard,SD2,median,euclidean,dtw,weighted,0.5390660166740417
862.0,zscore,SD4,linear,euclidean,mean,median,0.048255592584609985
109.0,minmax,SD2,mean,dtw,mode,weighted,0.4959811270236969
376.0,minmax,SD5,mean,euclidean,median,single,-0.04702075570821762
592.0,standard,SD2,median,euclidean,prophet,ward,0.3069969117641449
275.0,standard,SD2,median,dtw,prophet,weighted,0.5468196272850037
220.0,standard,SD2,median,euclidean,mean,weighted,0.7265769839286804
450.0,standard,SD2,median,euclidean,mean,weighted,0.5577190518379211
265.0,standard,SD2,mean,euclidean,mean,complete,0.3500629961490631
608.0,standard,SD2,median,dtw,dtw,weighted,0.32403847575187683
576.0,minmax,SD2,linear,dtw,prophet,average,0.5539580583572388
4.0,standard,SD2,mean,dtw,prophet,ward,0.43586811423301697
75.0,standard,SD2,prophet,euclidean,prophet,hdbscan,0.4586547315120697
117.0,standard,SD4,prophet,euclidean,dtw,weighted,0.5160156488418579
106.0,standard,SD2,mean,dtw,dtw,weighted,0.501168966293335
45.0,zscore,SD2,linear,euclidean,prophet,weighted,0.0232715867459774
823.0,standard,SD2,median,dtw,prophet,complete,0.43751487135887146
594.0,standard,SD2,prophet,euclidean,prophet,weighted,0.5163179039955139
288.0,standard,SD2,median,euclidean,mean,average,0.6259570121765137
687.0,minmax,SD2,linear,dtw,prophet,average,0.5692128539085388
794.0,standard,SD2,median,dtw,dtw,weighted,0.3049464523792267
606.0,minmax,SD2,linear,dtw,prophet,average,0.5692128539085388
82.0,standard,SD2,median,euclidean,prophet,weighted,0.4773001968860626
682.0,minmax,SD2,prophet,dtw,prophet,weighted,0.5285452008247375
2.0,standard,SD2,linear,euclidean,prophet,weighted,0.5460662245750427
677.0,minmax,SD2,linear,dtw,prophet,average,0.5692128539085388
512.0,standard,SD3,linear,dtw,prophet,weighted,0.4816252589225769
725.0,standard,SD2,prophet,dtw,prophet,weighted,0.47270336747169495
747.0,minmax,SD2,prophet,dtw,prophet,weighted,0.4712170660495758
742.0,standard,SD2,linear,dtw,prophet,weighted,0.5611516833305359
196.0,standard,SD2,linear,dtw,median,single,0.05465750768780708
221.0,standard,SD2,mean,euclidean,mode,weighted,0.5643680691719055
5.0,minmax,SD2,linear,dtw,prophet,average,0.42881137132644653
254.0,standard,SD2,linear,euclidean,mode,complete,0.5289544463157654
1089.0,standard,SD5,mean,dtw,prophet,average,0.3700113594532013
266.0,standard,SD2,median,euclidean,mode,weighted,0.42765122652053833
733.0,zscore,SD2,linear,dtw,dtw,complete,0.1934957057237625
13.0,standard,SD2,median,euclidean,prophet,median,-0.010038475506007671
186.0,standard,SD2,mean,dtw,mean,average,0.5258764624595642
937.0,standard,SD3,mean,dtw,mean,average,0.0592057928442955
825.0,standard,SD4,median,dtw,prophet,hdbscan,0.20030254125595093
13.0,standard,SD2,linear,euclidean,prophet,average,0.5090407133102417
192.0,standard,SD2,median,dtw,mean,complete,0.44862988591194153
245.0,zscore,SD3,linear,dtw,median,ward,0.15512816607952118
587.0,standard,SD2,linear,dtw,prophet,centroid,0.43069055676460266
370.0,standard,SD2,median,dtw,mean,average,0.5684627294540405
6.0,standard,SD2,prophet,dtw,median,complete,0.4929027259349823
612.0,standard,SD2,prophet,euclidean,prophet,average,0.5326553583145142
224.0,standard,SD2,median,euclidean,mean,weighted,0.7265769839286804
106.0,minmax,SD2,mean,euclidean,prophet,complete,0.26726391911506653
288.0,standard,SD2,linear,dtw,mean,complete,0.32215002179145813
129.0,minmax,SD2,linear,euclidean,mean,weighted,0.29540199041366577
664.0,minmax,SD2,linear,dtw,prophet,centroid,0.5416069626808167
388.0,standard,SD2,median,dtw,prophet,weighted,0.5468196272850037
853.0,standard,SD2,median,dtw,prophet,weighted,0.43327754735946655
662.0,minmax,SD2,prophet,dtw,prophet,average,0.5791485905647278
588.0,standard,SD2,linear,dtw,prophet,weighted,0.48245081305503845
412.0,standard,SD2,median,euclidean,mode,weighted,0.4054512083530426
456.0,standard,SD2,median,euclidean,prophet,weighted,0.4749307632446289
597.0,minmax,SD2,linear,dtw,prophet,average,0.5424889326095581
183.0,standard,SD5,median,dtw,dtw,centroid,0.3108285367488861
117.0,minmax,SD2,median,dtw,mode,weighted,0.4975068271160126
54.0,standard,SD2,linear,euclidean,dtw,average,0.42906445264816284
824.0,standard,SD2,linear,dtw,prophet,weighted,0.5611516833305359
719.0,standard,SD6,linear,dtw,prophet,weighted,0.47145673632621765
266.0,standard,SD2,mean,dtw,mean,average,0.5217834711074829
667.0,minmax,SD2,prophet,dtw,prophet,average,0.5791485905647278
612.0,minmax,SD2,linear,dtw,prophet,average,0.5692128539085388
203.0,minmax,SD2,linear,euclidean,mode,weighted,0.28282007575035095
318.0,minmax,SD2,median,dtw,mean,weighted,0.4321683347225189
266.0,minmax,SD2,prophet,dtw,dtw,weighted,0.45742663741111755
8.0,standard,SD2,linear,dtw,dtw,centroid,0.37771350145339966
284.0,standard,SD2,linear,euclidean,mean,weighted,0.5656163096427917
294.0,standard,SD2,linear,euclidean,mean,average,0.7083290815353394
295.0,standard,SD2,mean,euclidean,mean,average,0.6410500407218933
221.0,minmax,SD2,median,euclidean,mean,weighted,0.5131673216819763
476.0,standard,SD2,linear,dtw,prophet,ward,0.42938312888145447
769.0,standard,SD3,mean,dtw,prophet,median,-0.0007619590032845736
35.0,standard,SD6,prophet,dtw,median,weighted,0.33245787024497986
291.0,standard,SD2,mean,dtw,prophet,weighted,0.499836266040802
368.0,minmax,SD2,median,dtw,prophet,weighted,0.4250723123550415
221.0,standard,SD2,median,euclidean,mean,weighted,0.7265769839286804
225.0,standard,SD2,median,dtw,mean,weighted,0.7001053690910339
817.0,standard,SD2,prophet,dtw,prophet,weighted,0.47270336747169495
222.0,standard,SD2,mean,euclidean,mean,weighted,0.6144853830337524
734.0,standard,SD2,linear,dtw,prophet,weighted,0.5611516833305359
262.0,standard,SD2,linear,euclidean,mean,average,0.5696759819984436
256.0,standard,SD2,mean,euclidean,mean,average,0.6950470805168152
3.0,standard,SD2,prophet,euclidean,prophet,average,0.4998699426651001
823.0,minmax,SD2,linear,dtw,median,median,0.0019583934918045998
633.0,standard,SD2,linear,euclidean,prophet,complete,0.4306257963180542
959.0,standard,SD4,median,dtw,mean,weighted,0.06672936677932739
294.0,minmax,SD2,linear,dtw,dtw,complete,0.36125677824020386
859.0,standard,SD2,linear,dtw,mode,weighted,-0.05707758292555809
23.0,standard,SD2,mean,euclidean,prophet,weighted,0.5643680691719055
268.0,standard,SD2,median,dtw,mean,weighted,0.5362223386764526
566.0,standard,SD2,median,euclidean,mean,weighted,0.26653560996055603
811.0,standard,SD2,linear,dtw,prophet,weighted,0.5611516833305359
432.0,standard,SD2,linear,dtw,mean,weighted,0.4343627989292145
660.0,minmax,SD2,linear,dtw,prophet,average,0.5692128539085388
66.0,standard,SD2,linear,dtw,mean,weighted,0.5632859468460083
4.0,standard,SD3,linear,dtw,mode,weighted,0.3671419620513916
615.0,standard,SD2,linear,euclidean,prophet,weighted,0.5320512652397156
144.0,standard,SD2,median,euclidean,mean,complete,0.4226210117340088
281.0,standard,SD2,linear,euclidean,mean,average,0.6209818124771118
39.0,zscore,SD2,median,euclidean,prophet,complete,0.17298322916030884
355.0,standard,SD2,mean,euclidean,prophet,weighted,0.4901081919670105
157.0,standard,SD2,mean,dtw,prophet,complete,0.3806559443473816
216.0,standard,SD2,median,dtw,mean,weighted,0.6342070698738098
687.0,minmax,SD2,prophet,dtw,prophet,average,0.5791485905647278
57.0,standard,SD2,median,dtw,prophet,weighted,0.5468196272850037
234.0,standard,SD2,median,euclidean,mean,average,0.6325168013572693
289.0,standard,SD2,mean,dtw,mean,weighted,0.5626178979873657
746.0,standard,SD2,linear,euclidean,prophet,weighted,0.4797748327255249
337.0,standard,SD2,mean,dtw,prophet,weighted,0.499836266040802
768.0,standard,SD2,mean,dtw,prophet,weighted,0.5305492281913757
860.0,standard,SD2,linear,dtw,prophet,weighted,0.5611516833305359
702.0,standard,SD2,linear,euclidean,prophet,weighted,0.4769507050514221
234.0,standard,SD2,median,euclidean,mean,weighted,0.7265769839286804
98.0,standard,SD3,mean,euclidean,prophet,single,0.13654698431491852
1093.0,standard,SD2,linear,dtw,dtw,single,0.10173378139734268
368.0,standard,SD3,mean,euclidean,prophet,weighted,0.3958207964897156
243.0,standard,SD2,mean,dtw,mean,average,0.5799000859260559
28.0,standard,SD2,linear,euclidean,dtw,complete,0.5340161323547363
704.0,standard,SD2,mean,dtw,prophet,weighted,0.5334017276763916
15.0,standard,SD5,mean,euclidean,dtw,average,0.31083911657333374
1128.0,standard,SD2,mean,dtw,mode,average,-0.0006796030793339014
651.0,standard,SD2,linear,dtw,prophet,average,0.46616214513778687
69.0,standard,SD2,linear,dtw,prophet,complete,0.41086840629577637
151.0,standard,SD2,median,dtw,prophet,average,0.4441959857940674
694.0,minmax,SD2,prophet,euclidean,prophet,average,0.20927664637565613
249.0,standard,SD2,median,euclidean,mean,weighted,0.50374436378479
564.0,standard,SD3,linear,dtw,prophet,weighted,0.4902960956096649
232.0,standard,SD2,mean,euclidean,mean,weighted,0.6144853830337524
395.0,standard,SD6,median,dtw,mode,centroid,0.3143135905265808
766.0,minmax,SD2,prophet,dtw,prophet,average,0.5673394799232483
793.0,standard,SD2,linear,dtw,prophet,weighted,0.5611516833305359
582.0,standard,SD4,prophet,euclidean,dtw,weighted,0.21039269864559174
208.0,standard,SD3,mean,dtw,median,weighted,0.3212130665779114
441.0,standard,SD2,median,dtw,prophet,weighted,0.5468196272850037
1180.0,standard,SD3,linear,euclidean,dtw,weighted,0.22554801404476166
14.0,standard,SD2,prophet,dtw,dtw,weighted,0.4711047112941742
398.0,standard,SD2,median,dtw,mean,weighted,0.5348620414733887
587.0,minmax,SD2,linear,dtw,prophet,average,0.5424889326095581
36.0,standard,SD2,median,euclidean,dtw,hdbscan,0.41999512910842896
404.0,standard,SD2,linear,euclidean,prophet,complete,0.482900470495224
273.0,standard,SD2,linear,euclidean,mean,average,0.6209818124771118
156.0,standard,SD2,mean,dtw,prophet,weighted,0.499836266040802
518.0,standard,SD2,mean,euclidean,dtw,weighted,0.3968881368637085
275.0,standard,SD2,mean,euclidean,dtw,weighted,0.5653051137924194
282.0,standard,SD2,median,dtw,mean,average,0.5513210296630859
290.0,standard,SD2,linear,euclidean,mean,weighted,0.6745624542236328
624.0,standard,SD2,prophet,euclidean,prophet,weighted,0.5195993781089783
664.0,minmax,SD2,prophet,dtw,mode,weighted,0.0177675262093544
234.0,minmax,SD2,prophet,euclidean,mean,weighted,0.4841068387031555
100.0,standard,SD3,mean,euclidean,mean,weighted,0.42386919260025024
633.0,minmax,SD2,linear,dtw,prophet,average,0.5692128539085388
232.0,standard,SD2,mean,dtw,mean,weighted,0.6645695567131042
196.0,standard,SD2,linear,euclidean,prophet,weighted,0.5460662245750427
698.0,standard,SD2,prophet,dtw,prophet,weighted,0.47270336747169495
219.0,standard,SD2,median,euclidean,mean,weighted,0.7265769839286804
357.0,zscore,SD4,prophet,dtw,prophet,single,-0.0309164896607399
284.0,standard,SD2,mean,euclidean,mode,weighted,0.5643680691719055
791.0,standard,SD2,linear,dtw,prophet,weighted,0.5611516833305359
229.0,standard,SD3,median,dtw,mean,weighted,0.4592696726322174
17.0,zscore,SD2,linear,euclidean,median,median,0.052112843841314316
187.0,standard,SD2,mean,dtw,dtw,weighted,0.4985368549823761
748.0,minmax,SD2,prophet,dtw,prophet,average,0.5673394799232483
384.0,standard,SD2,mean,dtw,dtw,weighted,0.4801112413406372
4.0,standard,SD2,linear,euclidean,dtw,weighted,0.5438447594642639
130.0,standard,SD2,mean,dtw,dtw,average,0.4407462477684021
314.0,standard,SD2,median,euclidean,mean,weighted,0.47427672147750854
273.0,standard,SD2,linear,dtw,prophet,complete,0.41661038994789124
984.0,standard,SD2,prophet,dtw,prophet,average,0.42953598499298096
154.0,standard,SD4,linear,euclidean,mean,weighted,0.409105509519577
413.0,standard,SD4,median,euclidean,mean,weighted,0.4052346348762512
264.0,standard,SD2,prophet,euclidean,mode,weighted,0.48227110505104065
358.0,standard,SD2,linear,dtw,prophet,weighted,0.5272340178489685
685.0,minmax,SD2,linear,dtw,prophet,average,0.5692128539085388
571.0,standard,SD2,linear,dtw,prophet,average,0.44250544905662537
803.0,standard,SD5,linear,dtw,prophet,weighted,0.46491748094558716
161.0,minmax,SD2,median,dtw,dtw,weighted,0.4400086998939514
363.0,standard,SD2,mean,dtw,mean,weighted,0.43666666746139526
293.0,standard,SD3,mean,euclidean,mean,weighted,0.43615448474884033
289.0,standard,SD2,linear,dtw,mean,weighted,0.6538316011428833
6.0,standard,SD2,prophet,euclidean,mode,average,0.4998699426651001
393.0,standard,SD2,median,euclidean,mean,weighted,0.6393389701843262
236.0,standard,SD2,median,euclidean,mean,weighted,0.7265769839286804
1094.0,standard,SD2,linear,dtw,prophet,complete,0.42222002148628235
777.0,standard,SD2,linear,dtw,prophet,weighted,0.5611516833305359
222.0,standard,SD2,median,euclidean,mean,weighted,0.7265769839286804
670.0,minmax,SD2,prophet,dtw,prophet,average,0.5791485905647278
905.0,standard,SD3,median,dtw,mode,ward,-0.013204127550125122
332.0,standard,SD2,linear,dtw,mean,weighted,0.470639705657959
705.0,standard,SD2,linear,dtw,prophet,average,0.46693316102027893
736.0,minmax,SD2,median,dtw,prophet,average,0.461274117231369
657.0,standard,SD5,linear,euclidean,median,complete,0.005213242489844561
222.0,standard,SD2,prophet,euclidean,dtw,weighted,0.5075209140777588
121.0,standard,SD2,median,euclidean,mean,weighted,0.5228029489517212
11.0,zscore,SD5,linear,euclidean,mode,median,0.04293837398290634
247.0,standard,SD2,mean,euclidean,mean,weighted,0.6440237760543823
670.0,minmax,SD2,linear,dtw,prophet,hdbscan,0.3794022500514984
585.0,standard,SD4,linear,euclidean,prophet,weighted,0.39619147777557373
669.0,minmax,SD2,prophet,dtw,prophet,average,0.5791485905647278
262.0,standard,SD2,mean,euclidean,mode,average,0.5090407133102417
879.0,standard,SD2,linear,dtw,prophet,weighted,0.5611516833305359
301.0,standard,SD2,linear,euclidean,mean,weighted,0.5580019354820251
286.0,standard,SD2,median,euclidean,mean,single,0.2071717381477356
960.0,standard,SD3,mean,euclidean,prophet,ward,0.24405576288700104
237.0,standard,SD2,mean,dtw,mean,weighted,0.6645695567131042
593.0,standard,SD4,linear,dtw,prophet,weighted,0.47664523124694824
688.0,minmax,SD2,prophet,dtw,prophet,average,0.5791485905647278
918.0,zscore,SD6,prophet,dtw,dtw,ward,0.1903088539838791
844.0,minmax,SD5,mean,euclidean,dtw,weighted,0.13205227255821228
97.0,standard,SD2,prophet,euclidean,dtw,weighted,0.45163625478744507
431.0,standard,SD2,median,dtw,mean,complete,0.3763637840747833
62.0,standard,SD2,mean,euclidean,prophet,weighted,0.5643680691719055
147.0,standard,SD2,median,euclidean,dtw,weighted,0.5390660166740417
612.0,standard,SD2,linear,dtw,prophet,average,0.46616214513778687
332.0,standard,SD3,prophet,euclidean,mode,average,0.35293757915496826
473.0,standard,SD2,median,euclidean,prophet,weighted,0.5392964482307434
541.0,standard,SD4,prophet,dtw,prophet,weighted,0.5322006940841675
261.0,standard,SD2,mean,euclidean,mean,average,0.6950470805168152
154.0,standard,SD2,linear,dtw,mode,weighted,0.5272340178489685
16.0,minmax,SD2,median,dtw,mean,weighted,0.4975068271160126
10.0,standard,SD2,median,dtw,dtw,complete,0.3955164849758148
805.0,standard,SD2,linear,dtw,prophet,weighted,0.5611516833305359
685.0,minmax,SD2,prophet,dtw,prophet,average,0.5791485905647278
189.0,standard,SD2,mean,dtw,prophet,weighted,0.499836266040802
1080.0,standard,SD2,prophet,dtw,prophet,weighted,0.45136064291000366
599.0,minmax,SD2,linear,euclidean,prophet,weighted,0.2750822603702545
25.0,standard,SD5,prophet,euclidean,prophet,average,0.39123526215553284
635.0,minmax,SD2,linear,dtw,prophet,centroid,0.5416069626808167
674.0,minmax,SD2,prophet,dtw,prophet,average,0.5791485905647278
430.0,standard,SD2,mean,dtw,dtw,weighted,0.39275944232940674
470.0,standard,SD2,mean,dtw,median,average,0.17425915598869324
203.0,standard,SD2,prophet,euclidean,mean,weighted,0.46702590584754944
41.0,standard,SD2,linear,euclidean,mode,average,0.5090407133102417
232.0,standard,SD2,mean,euclidean,dtw,complete,0.5017731189727783
158.0,standard,SD2,mean,euclidean,dtw,weighted,0.5558707118034363
672.0,standard,SD2,prophet,euclidean,prophet,weighted,0.4901522696018219
240.0,standard,SD3,mean,euclidean,prophet,weighted,0.38982295989990234
220.0,standard,SD2,median,dtw,mode,weighted,0.4960738718509674
14.0,standard,SD2,linear,euclidean,dtw,weighted,0.5438447594642639
353.0,standard,SD2,median,dtw,mean,weighted,0.5579754710197449
665.0,minmax,SD2,prophet,dtw,prophet,average,0.5791485905647278
751.0,standard,SD2,median,dtw,prophet,weighted,0.43327754735946655
668.0,minmax,SD2,prophet,dtw,prophet,average,0.5791485905647278
290.0,standard,SD2,linear,euclidean,prophet,weighted,0.4896312654018402
63.0,standard,SD2,prophet,euclidean,mode,complete,0.5231063961982727
658.0,minmax,SD2,linear,euclidean,prophet,weighted,0.3136066496372223
383.0,minmax,SD2,linear,euclidean,dtw,median,0.27255359292030334
288.0,standard,SD2,linear,euclidean,mean,weighted,0.6745624542236328
325.0,standard,SD4,prophet,euclidean,prophet,weighted,0.44189298152923584
239.0,standard,SD2,median,dtw,mean,weighted,0.7001053690910339
280.0,standard,SD3,linear,dtw,prophet,weighted,0.3671419620513916
58.0,standard,SD2,median,euclidean,mean,weighted,0.5340651273727417
749.0,minmax,SD2,prophet,dtw,prophet,complete,0.49745607376098633
502.0,standard,SD2,median,dtw,mean,weighted,0.4505372941493988
788.0,zscore,SD6,prophet,dtw,mode,weighted,0.22905927896499634
275.0,standard,SD2,median,euclidean,mean,weighted,0.6138573288917542
1038.0,standard,SD2,linear,dtw,prophet,weighted,0.4608249366283417
288.0,standard,SD2,linear,euclidean,mean,centroid,0.5300573110580444
230.0,standard,SD2,median,dtw,mean,weighted,0.7001053690910339
289.0,standard,SD3,linear,euclidean,mean,average,0.46759140491485596
15.0,standard,SD2,median,dtw,prophet,hdbscan,0.3587696850299835
222.0,standard,SD2,median,euclidean,prophet,ward,0.3262128531932831
765.0,minmax,SD2,linear,dtw,prophet,weighted,0.45077842473983765
656.0,minmax,SD2,linear,dtw,prophet,average,0.5692128539085388
362.0,standard,SD2,median,dtw,prophet,weighted,0.5468196272850037
41.0,standard,SD2,median,euclidean,prophet,complete,0.45454883575439453
134.0,standard,SD2,prophet,euclidean,prophet,average,0.4998699426651001
627.0,standard,SD2,linear,dtw,prophet,weighted,0.48245081305503845
229.0,standard,SD2,median,euclidean,mean,centroid,0.5311743021011353
716.0,standard,SD3,linear,dtw,prophet,average,0.4853396713733673
284.0,standard,SD2,mean,euclidean,mean,average,0.6685510277748108
429.0,standard,SD2,mean,euclidean,mean,weighted,0.4566687345504761
764.0,standard,SD3,prophet,dtw,prophet,hdbscan,0.2868988811969757
888.0,standard,SD2,linear,dtw,prophet,weighted,0.4603976905345917
279.0,standard,SD2,linear,dtw,mean,weighted,0.5027897953987122
202.0,standard,SD2,median,euclidean,dtw,weighted,0.5390660166740417
698.0,minmax,SD2,prophet,dtw,prophet,average,0.4712170660495758
493.0,standard,SD2,linear,dtw,prophet,weighted,0.5100898146629333
18.0,standard,SD4,mean,dtw,mode,complete,0.28906163573265076
167.0,minmax,SD4,prophet,euclidean,mode,ward,0.08063910156488419
423.0,standard,SD2,median,euclidean,mean,average,0.5817499160766602
129.0,standard,SD2,mean,euclidean,prophet,ward,0.540868878364563
664.0,minmax,SD2,linear,dtw,prophet,average,0.5692128539085388
93.0,standard,SD2,mean,dtw,mean,weighted,0.4914109408855438
232.0,standard,SD2,linear,euclidean,dtw,weighted,0.5615841150283813
573.0,standard,SD2,linear,euclidean,prophet,weighted,0.4983225166797638
221.0,standard,SD2,median,euclidean,mean,hdbscan,0.0010000000474974513
724.0,minmax,SD2,prophet,dtw,prophet,average,0.5673394799232483
590.0,minmax,SD2,linear,dtw,prophet,average,0.552832305431366
532.0,standard,SD2,linear,dtw,prophet,complete,0.4441988170146942
172.0,standard,SD2,prophet,euclidean,mode,weighted,0.48227110505104065
65.0,standard,SD3,mean,euclidean,prophet,weighted,0.38982295989990234
68.0,minmax,SD2,mean,euclidean,prophet,weighted,0.2842576801776886
12.0,standard,SD2,linear,euclidean,prophet,weighted,0.5460662245750427
833.0,standard,SD2,linear,dtw,prophet,weighted,0.5611516833305359
180.0,standard,SD2,median,dtw,prophet,weighted,0.5468196272850037
9.0,zscore,SD6,linear,dtw,prophet,weighted,-0.004423517733812332
97.0,standard,SD2,mean,euclidean,mean,weighted,0.6212080717086792
590.0,standard,SD2,prophet,dtw,prophet,weighted,0.4841673970222473
54.0,standard,SD2,linear,dtw,prophet,weighted,0.5272340178489685
291.0,standard,SD2,linear,euclidean,mean,hdbscan,0.0010000000474974513
266.0,standard,SD2,mean,euclidean,mean,average,0.6685510277748108
709.0,standard,SD3,linear,dtw,prophet,weighted,0.4654054045677185
86.0,standard,SD2,linear,euclidean,mean,weighted,0.5640002489089966
371.0,standard,SD2,linear,euclidean,mode,weighted,0.5012954473495483
577.0,minmax,SD2,linear,dtw,prophet,weighted,0.5029994249343872
331.0,minmax,SD2,linear,dtw,dtw,weighted,0.46133291721343994
467.0,standard,SD4,linear,euclidean,prophet,weighted,0.3637121319770813
269.0,standard,SD3,median,euclidean,mean,weighted,0.5242246389389038
614.0,standard,SD2,prophet,dtw,prophet,average,0.4834231734275818
988.0,standard,SD2,linear,dtw,prophet,weighted,0.4608249366283417
260.0,standard,SD2,mean,euclidean,mean,weighted,0.6555888056755066
776.0,standard,SD2,linear,dtw,prophet,weighted,0.5611516833305359
293.0,standard,SD2,linear,euclidean,mean,weighted,0.6493648290634155
138.0,standard,SD2,prophet,euclidean,dtw,weighted,0.5172990560531616
70.0,standard,SD2,median,euclidean,mean,ward,0.4581882059574127
725.0,standard,SD2,linear,dtw,mean,weighted,0.09786045551300049
822.0,standard,SD2,linear,dtw,prophet,weighted,0.5611516833305359
768.0,standard,SD2,linear,dtw,prophet,weighted,0.5611516833305359
234.0,standard,SD2,linear,dtw,mean,weighted,0.6301800608634949
475.0,standard,SD2,linear,euclidean,prophet,weighted,0.5318281054496765
14.0,standard,SD6,linear,euclidean,dtw,weighted,0.4047176241874695
424.0,standard,SD2,median,euclidean,mean,weighted,0.5957244634628296
809.0,standard,SD2,linear,dtw,prophet,weighted,0.5611516833305359
730.0,standard,SD2,linear,dtw,prophet,weighted,0.5611516833305359
625.0,standard,SD4,linear,dtw,prophet,weighted,0.47664523124694824
133.0,zscore,SD5,median,euclidean,prophet,average,0.036237481981515884
637.0,standard,SD2,prophet,dtw,prophet,weighted,0.4834231734275818
264.0,standard,SD6,mean,dtw,median,average,0.29371917247772217
292.0,standard,SD2,linear,euclidean,dtw,weighted,0.5494340062141418
119.0,standard,SD2,median,euclidean,prophet,complete,0.45454883575439453
114.0,standard,SD2,prophet,euclidean,mean,weighted,0.4421050250530243
12.0,standard,SD2,median,euclidean,mode,weighted,0.4773001968860626
603.0,minmax,SD2,prophet,dtw,prophet,average,0.47502729296684265
611.0,standard,SD2,linear,dtw,prophet,hdbscan,0.49712976813316345
493.0,standard,SD2,linear,dtw,prophet,hdbscan,0.40467578172683716
235.0,standard,SD2,prophet,euclidean,mean,weighted,0.46140167117118835
617.0,minmax,SD2,linear,dtw,prophet,average,0.5692128539085388
617.0,standard,SD2,linear,dtw,prophet,complete,0.43878328800201416
637.0,minmax,SD2,linear,dtw,prophet,average,0.5692128539085388
392.0,standard,SD2,median,euclidean,mean,complete,0.4830177128314972
566.0,standard,SD3,prophet,dtw,prophet,weighted,0.48449984192848206
406.0,standard,SD2,median,euclidean,mean,weighted,0.6393389701843262
678.0,minmax,SD2,prophet,dtw,prophet,average,0.5791485905647278
682.0,minmax,SD2,prophet,dtw,prophet,average,0.5791485905647278
710.0,standard,SD2,median,dtw,prophet,weighted,0.47270336747169495
19.0,standard,SD3,median,euclidean,prophet,weighted,0.5622028708457947
630.0,minmax,SD2,mean,dtw,prophet,average,0.45948708057403564
18.0,standard,SD2,linear,euclidean,prophet,weighted,0.5460662245750427
191.0,standard,SD2,median,dtw,prophet,ward,0.450469970703125
388.0,standard,SD2,median,euclidean,mean,average,0.653372049331665
178.0,standard,SD2,median,dtw,mean,weighted,0.60693359375
82.0,standard,SD2,median,dtw,mean,hdbscan,0.37449634075164795
641.0,minmax,SD2,linear,dtw,prophet,weighted,0.5417371988296509
857.0,standard,SD2,linear,dtw,prophet,average,0.43665122985839844
249.0,standard,SD2,prophet,euclidean,prophet,weighted,0.48227110505104065
648.0,minmax,SD2,linear,dtw,prophet,average,0.5692128539085388
1012.0,minmax,SD5,median,euclidean,mode,median,0.006796689238399267
750.0,standard,SD2,linear,dtw,prophet,weighted,0.5611516833305359
821.0,standard,SD3,prophet,dtw,prophet,weighted,0.4527815878391266
190.0,standard,SD2,median,euclidean,mean,weighted,0.5174206495285034
105.0,standard,SD2,prophet,euclidean,prophet,weighted,0.48227110505104065
1068.0,minmax,SD4,linear,dtw,median,weighted,-0.012672733515501022
367.0,standard,SD2,median,euclidean,prophet,hdbscan,0.4334985017776489
223.0,standard,SD2,median,dtw,mean,weighted,0.7001053690910339
291.0,standard,SD2,median,euclidean,mean,average,0.6259570121765137
11.0,standard,SD2,prophet,dtw,prophet,weighted,0.4711047112941742
292.0,standard,SD2,linear,euclidean,mean,weighted,0.6745624542236328
711.0,minmax,SD2,prophet,dtw,prophet,average,0.5673394799232483
689.0,minmax,SD2,prophet,dtw,prophet,average,0.5791485905647278
326.0,standard,SD2,prophet,dtw,mode,average,0.404631108045578
237.0,standard,SD2,median,euclidean,mean,weighted,0.7265769839286804
339.0,zscore,SD5,prophet,euclidean,median,centroid,0.018811339512467384
117.0,standard,SD2,linear,dtw,mean,weighted,0.5266148447990417
872.0,standard,SD2,linear,dtw,prophet,weighted,0.5611516833305359
33.0,standard,SD2,prophet,euclidean,prophet,weighted,0.48227110505104065
14.0,standard,SD2,linear,euclidean,mode,complete,0.5289544463157654
217.0,standard,SD2,median,euclidean,mean,weighted,0.6343833208084106
20.0,standard,SD2,median,euclidean,dtw,weighted,0.48675698041915894
287.0,minmax,SD2,mean,euclidean,dtw,weighted,0.5478450059890747
6.0,standard,SD2,median,euclidean,prophet,weighted,0.4773001968860626
161.0,standard,SD2,median,dtw,mean,weighted,0.583606481552124
24.0,standard,SD3,mean,dtw,mean,average,0.3006056249141693
262.0,standard,SD2,mean,euclidean,mean,average,0.6950470805168152
416.0,standard,SD2,mean,dtw,prophet,hdbscan,0.3769809603691101
439.0,standard,SD2,linear,dtw,prophet,median,0.1924678385257721
768.0,standard,SD2,prophet,dtw,prophet,weighted,0.47270336747169495
222.0,standard,SD2,linear,euclidean,mean,weighted,0.44013917446136475
175.0,standard,SD2,linear,euclidean,mode,median,-0.015077813528478146
289.0,standard,SD2,linear,dtw,mean,average,0.63201504945755
294.0,standard,SD2,linear,dtw,mean,average,0.664310872554779
205.0,standard,SD2,mean,dtw,mean,ward,0.4788201153278351
793.0,standard,SD6,prophet,dtw,prophet,average,0.5004652738571167
718.0,standard,SD2,linear,dtw,prophet,weighted,0.5611516833305359
399.0,standard,SD2,median,euclidean,mean,average,0.6416124701499939
854.0,standard,SD2,linear,dtw,prophet,complete,0.46164005994796753
64.0,standard,SD2,median,dtw,mode,weighted,0.5468196272850037
841.0,standard,SD2,linear,dtw,prophet,centroid,0.31232380867004395
26.0,standard,SD2,median,euclidean,mean,weighted,0.48675698041915894
691.0,minmax,SD2,prophet,dtw,prophet,ward,0.4784010648727417
286.0,standard,SD2,linear,dtw,mean,weighted,0.6538316011428833
870.0,standard,SD2,linear,dtw,prophet,weighted,0.5611516833305359
639.0,minmax,SD2,linear,dtw,prophet,average,0.5692128539085388
27.0,minmax,SD2,prophet,dtw,prophet,weighted,0.44636648893356323
681.0,minmax,SD2,prophet,dtw,prophet,average,0.5791485905647278
637.0,minmax,SD2,linear,dtw,prophet,ward,0.4841673970222473
269.0,standard,SD2,median,euclidean,mean,average,0.630333662033081
233.0,standard,SD2,median,euclidean,mean,weighted,0.7265769839286804
850.0,standard,SD2,linear,dtw,prophet,weighted,0.5611516833305359
826.0,standard,SD2,linear,dtw,prophet,weighted,0.5611516833305359
11.0,standard,SD4,linear,dtw,prophet,average,0.36502325534820557
196.0,standard,SD2,prophet,euclidean,prophet,weighted,0.48227110505104065
713.0,standard,SD2,linear,euclidean,median,single,-0.09210152924060822
8.0,standard,SD2,mean,euclidean,mean,weighted,0.48503464460372925
881.0,zscore,SD3,prophet,dtw,mode,complete,0.32763734459877014
365.0,standard,SD2,mean,dtw,dtw,ward,0.4156011939048767
410.0,minmax,SD2,linear,dtw,prophet,weighted,0.47039180994033813
841.0,standard,SD2,mean,dtw,prophet,weighted,0.5305492281913757
6.0,zscore,SD2,linear,dtw,prophet,median,0.1171506866812706
296.0,standard,SD2,prophet,dtw,prophet,weighted,0.4711047112941742
346.0,minmax,SD2,mean,euclidean,mode,weighted,0.5532844662666321
734.0,minmax,SD2,prophet,dtw,prophet,average,0.5673394799232483
227.0,standard,SD2,median,dtw,mean,weighted,0.7001053690910339
1133.0,zscore,SD2,linear,euclidean,mode,weighted,0.10079244524240494
282.0,standard,SD2,median,euclidean,mean,average,0.6259570121765137
140.0,standard,SD2,mean,dtw,mean,weighted,0.5697564482688904
287.0,standard,SD2,median,euclidean,mean,weighted,0.6138573288917542
186.0,minmax,SD6,prophet,dtw,prophet,weighted,0.1925160437822342
727.0,minmax,SD2,prophet,dtw,prophet,average,0.5673394799232483
722.0,standard,SD2,linear,dtw,prophet,weighted,0.5611516833305359
730.0,minmax,SD2,linear,dtw,prophet,average,0.5188422203063965
254.0,standard,SD2,mean,euclidean,mean,weighted,0.6555888056755066
385.0,standard,SD2,mean,dtw,prophet,ward,0.43461814522743225
76.0,standard,SD4,median,euclidean,dtw,weighted,0.40583541989326477
102.0,zscore,SD2,mean,dtw,mode,hdbscan,0.0010000000474974513
27.0,standard,SD2,linear,euclidean,dtw,weighted,0.5484681725502014
12.0,standard,SD2,linear,dtw,dtw,weighted,0.5272340178489685
1139.0,zscore,SD6,linear,euclidean,prophet,median,0.011298797093331814
184.0,standard,SD2,median,euclidean,prophet,weighted,0.4773001968860626
196.0,standard,SD2,median,dtw,prophet,weighted,0.5468196272850037
300.0,standard,SD2,mean,euclidean,prophet,hdbscan,0.5193545818328857
478.0,zscore,SD3,prophet,euclidean,mode,weighted,0.21809600293636322
572.0,minmax,SD2,prophet,dtw,prophet,average,0.46616214513778687
565.0,minmax,SD2,linear,dtw,prophet,average,0.5283488035202026
210.0,standard,SD2,median,euclidean,mean,weighted,0.5760952234268188
253.0,standard,SD3,mean,euclidean,mean,weighted,0.4559735655784607
2.0,minmax,SD6,linear,dtw,mean,single,0.043919701129198074
666.0,minmax,SD2,prophet,dtw,prophet,average,0.5791485905647278
1015.0,standard,SD2,mean,dtw,prophet,weighted,0.45861512422561646
675.0,zscore,SD6,mean,dtw,prophet,complete,-0.10064723342657089
720.0,standard,SD2,linear,dtw,prophet,complete,0.4758639931678772
278.0,standard,SD2,mean,euclidean,median,weighted,0.4812600016593933
432.0,zscore,SD2,linear,euclidean,median,ward,0.18258632719516754
258.0,standard,SD2,mean,euclidean,mean,average,0.6950470805168152
350.0,standard,SD2,median,dtw,mean,average,0.5541715025901794
704.0,standard,SD2,linear,dtw,prophet,weighted,0.5617227554321289
975.0,zscore,SD3,linear,dtw,dtw,centroid,0.05317910760641098
232.0,standard,SD2,median,dtw,mean,weighted,0.7001053690910339
228.0,standard,SD2,median,dtw,mean,weighted,0.7001053690910339
269.0,standard,SD2,mean,euclidean,mean,weighted,0.6310386061668396
763.0,minmax,SD2,prophet,dtw,prophet,average,0.5673394799232483
219.0,standard,SD2,mean,euclidean,mean,complete,0.461669385433197
184.0,standard,SD2,median,dtw,dtw,average,0.43245744705200195
521.0,standard,SD2,linear,dtw,prophet,average,0.4480988383293152
251.0,minmax,SD2,median,euclidean,mode,weighted,0.4700062572956085
864.0,standard,SD2,mean,dtw,prophet,weighted,0.5305492281913757
484.0,standard,SD2,prophet,euclidean,prophet,weighted,0.4317972958087921
542.0,standard,SD2,linear,dtw,prophet,weighted,0.484768807888031
232.0,standard,SD2,median,euclidean,mean,weighted,0.7265769839286804
865.0,standard,SD2,linear,dtw,prophet,weighted,0.5611516833305359
637.0,minmax,SD2,median,dtw,prophet,average,0.4841673970222473
671.0,minmax,SD2,prophet,dtw,prophet,average,0.5791485905647278
1023.0,standard,SD2,linear,dtw,prophet,average,0.4309960901737213
294.0,standard,SD2,linear,dtw,mean,weighted,0.6843374371528625
342.0,standard,SD2,median,dtw,dtw,weighted,0.52170729637146
46.0,standard,SD2,linear,euclidean,prophet,ward,0.4850578308105469
679.0,minmax,SD2,mean,dtw,prophet,average,0.5104764103889465
57.0,standard,SD2,prophet,euclidean,mean,weighted,0.4442179203033447
92.0,standard,SD2,prophet,dtw,prophet,weighted,0.4711047112941742
223.0,standard,SD4,median,dtw,prophet,weighted,0.3773140609264374
290.0,standard,SD2,linear,euclidean,mean,average,0.6745624542236328
283.0,minmax,SD5,median,euclidean,prophet,median,0.07761615514755249
185.0,standard,SD2,linear,euclidean,prophet,complete,0.5368921160697937
675.0,minmax,SD2,prophet,dtw,prophet,average,0.5791485905647278
12.0,standard,SD2,mean,dtw,dtw,ward,0.43586811423301697
228.0,standard,SD2,median,dtw,mean,average,0.5916134715080261
259.0,standard,SD2,mean,euclidean,mean,average,0.6950470805168152
132.0,standard,SD2,linear,dtw,mode,average,0.43189719319343567
218.0,standard,SD2,median,dtw,prophet,weighted,0.5468196272850037
229.0,standard,SD2,median,euclidean,mean,weighted,0.7265769839286804
600.0,zscore,SD4,mean,dtw,median,centroid,0.1553179770708084
69.0,standard,SD2,mean,euclidean,median,weighted,0.4870864748954773
589.0,minmax,SD2,linear,dtw,dtw,average,0.321612685918808
682.0,standard,SD4,linear,dtw,prophet,weighted,0.47664523124694824
642.0,minmax,SD2,linear,dtw,prophet,complete,0.4620627760887146
197.0,standard,SD2,linear,euclidean,mode,weighted,0.5460662245750427
853.0,standard,SD2,prophet,dtw,prophet,weighted,0.45861512422561646
288.0,standard,SD2,mean,euclidean,mean,average,0.6454511284828186
415.0,standard,SD2,median,dtw,prophet,weighted,0.5468196272850037
21.0,standard,SD5,prophet,euclidean,mode,centroid,0.2132842242717743
544.0,zscore,SD4,mean,dtw,mode,average,0.028531599789857864
216.0,standard,SD2,median,euclidean,prophet,weighted,0.4773001968860626
839.0,standard,SD2,linear,dtw,prophet,weighted,0.5611516833305359
296.0,standard,SD2,linear,euclidean,mean,average,0.6206718683242798
601.0,minmax,SD2,linear,dtw,prophet,complete,0.4370376765727997
231.0,standard,SD2,mean,dtw,mean,weighted,0.6645695567131042
371.0,standard,SD2,prophet,euclidean,prophet,median,-0.016373226419091225
749.0,standard,SD2,linear,dtw,prophet,weighted,0.5611516833305359
667.0,minmax,SD2,linear,dtw,prophet,average,0.5692128539085388
316.0,minmax,SD2,mean,euclidean,mean,weighted,0.3127079904079437
425.0,standard,SD2,median,dtw,mean,weighted,0.499836266040802
66.0,zscore,SD2,linear,dtw,prophet,single,0.052112843841314316
644.0,standard,SD2,linear,euclidean,prophet,weighted,0.4863795340061188
554.0,standard,SD2,prophet,dtw,prophet,weighted,0.5005202889442444
114.0,zscore,SD4,mean,dtw,dtw,centroid,0.012260761111974716
267.0,standard,SD2,mean,euclidean,mean,average,0.6685510277748108
372.0,standard,SD2,median,euclidean,prophet,weighted,0.4749307632446289
349.0,standard,SD2,prophet,euclidean,mode,complete,0.45029592514038086
91.0,standard,SD2,mean,euclidean,prophet,complete,0.5381972789764404
292.0,standard,SD2,linear,euclidean,mean,average,0.6745624542236328
618.0,standard,SD3,prophet,dtw,prophet,average,0.38715505599975586
171.0,minmax,SD2,median,euclidean,mean,weighted,0.5131673216819763
650.0,minmax,SD2,linear,dtw,prophet,weighted,0.5417371988296509
823.0,standard,SD2,linear,dtw,prophet,weighted,0.5611516833305359
806.0,standard,SD2,median,dtw,prophet,weighted,0.43327754735946655
488.0,standard,SD5,linear,euclidean,dtw,complete,0.31575387716293335
275.0,standard,SD3,median,euclidean,prophet,weighted,0.5622028708457947
274.0,standard,SD2,mean,euclidean,mean,average,0.6685510277748108
260.0,standard,SD2,mean,euclidean,mean,average,0.6950470805168152
680.0,minmax,SD2,linear,dtw,prophet,average,0.5692128539085388
196.0,standard,SD3,linear,euclidean,prophet,average,0.34786561131477356
900.0,minmax,SD5,prophet,euclidean,prophet,complete,0.09031080454587936
806.0,standard,SD2,linear,dtw,prophet,weighted,0.5611516833305359
535.0,standard,SD2,median,dtw,prophet,weighted,0.5204055309295654
741.0,standard,SD2,linear,dtw,prophet,weighted,0.5611516833305359
726.0,minmax,SD2,linear,dtw,prophet,weighted,0.45077842473983765
627.0,minmax,SD2,linear,dtw,prophet,average,0.5692128539085388
118.0,standard,SD2,mean,euclidean,dtw,hdbscan,0.460102379322052
233.0,standard,SD3,median,euclidean,prophet,weighted,0.5622028708457947
639.0,standard,SD4,linear,dtw,prophet,average,0.4883491098880768
246.0,standard,SD2,linear,euclidean,prophet,average,0.5090407133102417
656.0,standard,SD3,linear,dtw,prophet,weighted,0.4852553606033325
403.0,standard,SD2,prophet,dtw,prophet,weighted,0.46610724925994873
680.0,minmax,SD2,linear,dtw,prophet,weighted,0.5325911641120911
1124.0,minmax,SD3,prophet,dtw,median,average,-0.012909719720482826
243.0,standard,SD2,median,dtw,mean,weighted,0.5590986013412476
286.0,standard,SD2,prophet,euclidean,mean,average,0.5518667101860046
101.0,standard,SD2,linear,euclidean,mode,ward,0.4850578308105469
235.0,standard,SD2,mean,dtw,prophet,ward,0.43586811423301697
66.0,standard,SD2,median,euclidean,mode,weighted,0.4773001968860626
718.0,minmax,SD2,linear,dtw,prophet,average,0.5188422203063965
305.0,standard,SD2,linear,euclidean,dtw,complete,0.43627291917800903
788.0,standard,SD2,prophet,dtw,dtw,weighted,0.36530065536499023
38.0,standard,SD2,mean,euclidean,prophet,weighted,0.5643680691719055
1170.0,zscore,SD3,prophet,dtw,dtw,centroid,0.035022228956222534
331.0,standard,SD2,linear,euclidean,prophet,weighted,0.49055159091949463
14.0,standard,SD6,prophet,euclidean,prophet,weighted,0.5304124355316162
657.0,minmax,SD2,prophet,dtw,prophet,average,0.47502729296684265
174.0,standard,SD2,mean,euclidean,prophet,average,0.5090407133102417
545.0,standard,SD4,linear,dtw,prophet,average,0.45324787497520447
136.0,standard,SD2,median,dtw,mean,weighted,0.48816967010498047
797.0,standard,SD2,linear,dtw,prophet,weighted,0.5611516833305359
731.0,minmax,SD3,prophet,dtw,mode,centroid,-0.02852724678814411
14.0,standard,SD2,prophet,dtw,mode,complete,0.4929027259349823
235.0,standard,SD2,median,euclidean,mean,weighted,0.7265769839286804
680.0,minmax,SD2,prophet,dtw,prophet,average,0.5791485905647278
349.0,standard,SD2,median,euclidean,mean,weighted,0.5686243176460266
834.0,standard,SD2,linear,dtw,prophet,weighted,0.5611516833305359
673.0,minmax,SD2,prophet,dtw,prophet,average,0.5791485905647278
168.0,standard,SD2,mean,dtw,mean,hdbscan,0.3996775150299072
1156.0,standard,SD2,prophet,euclidean,prophet,complete,0.41606441140174866
336.0,standard,SD3,median,euclidean,mean,weighted,0.4730324149131775
742.0,minmax,SD2,prophet,dtw,prophet,average,0.5673394799232483
216.0,standard,SD2,median,euclidean,prophet,complete,0.45454883575439453
740.0,standard,SD2,linear,dtw,prophet,average,0.46693316102027893
240.0,standard,SD2,median,euclidean,mean,weighted,0.5410838723182678
293.0,standard,SD2,linear,dtw,mean,weighted,0.6843374371528625
731.0,standard,SD2,linear,dtw,prophet,centroid,0.36808833479881287
2.0,standard,SD2,mean,dtw,prophet,weighted,0.499836266040802
640.0,standard,SD2,prophet,euclidean,prophet,average,0.5067370533943176
266.0,standard,SD2,linear,dtw,mean,weighted,0.5045132637023926
145.0,standard,SD2,mean,euclidean,prophet,weighted,0.5643680691719055
507.0,minmax,SD6,prophet,dtw,prophet,median,0.32475194334983826
281.0,standard,SD2,median,dtw,prophet,hdbscan,0.3587696850299835
787.0,standard,SD2,linear,dtw,prophet,average,0.43665122985839844
30.0,zscore,SD3,median,euclidean,median,median,0.1348307728767395
229.0,standard,SD2,median,dtw,mean,weighted,0.7001053690910339
82.0,standard,SD2,median,euclidean,mean,complete,0.4226783812046051
275.0,standard,SD2,median,euclidean,prophet,weighted,0.4773001968860626
95.0,standard,SD2,median,euclidean,prophet,ward,0.3262128531932831
450.0,standard,SD2,mean,euclidean,prophet,ward,0.4079301059246063
237.0,standard,SD2,median,dtw,mean,complete,0.3512538969516754
817.0,standard,SD2,linear,dtw,prophet,weighted,0.5611516833305359
356.0,standard,SD3,linear,dtw,mean,weighted,0.36183130741119385
684.0,minmax,SD2,prophet,dtw,prophet,average,0.5791485905647278
232.0,standard,SD2,mean,euclidean,dtw,ward,0.40095123648643494
248.0,standard,SD2,mean,dtw,mean,weighted,0.6600355505943298
489.0,standard,SD2,prophet,euclidean,mean,weighted,0.44301655888557434
285.0,standard,SD2,linear,euclidean,mean,weighted,0.6745624542236328
110.0,standard,SD2,linear,euclidean,mean,weighted,0.5623151659965515
125.0,standard,SD2,linear,dtw,prophet,weighted,0.5272340178489685
52.0,standard,SD2,mean,euclidean,mode,weighted,0.5643680691719055
237.0,standard,SD2,median,euclidean,prophet,weighted,0.4773001968860626
238.0,standard,SD2,median,euclidean,mean,weighted,0.7265769839286804
1105.0,zscore,SD4,median,euclidean,mode,average,-0.04686487466096878
512.0,standard,SD2,prophet,dtw,prophet,weighted,0.47380319237709045
97.0,standard,SD2,mean,dtw,prophet,weighted,0.499836266040802
122.0,standard,SD2,linear,dtw,mode,complete,0.41086840629577637
172.0,standard,SD2,linear,euclidean,dtw,ward,0.4803200960159302
629.0,standard,SD5,prophet,dtw,dtw,average,0.2827184796333313
680.0,standard,SD2,median,euclidean,prophet,weighted,0.4882667064666748
137.0,minmax,SD2,median,euclidean,mean,weighted,0.5370216369628906
592.0,standard,SD2,linear,euclidean,prophet,weighted,0.533943235874176
754.0,minmax,SD2,prophet,dtw,prophet,average,0.5673394799232483
194.0,standard,SD2,median,dtw,prophet,hdbscan,0.3587696850299835
266.0,standard,SD2,linear,dtw,prophet,weighted,0.5272340178489685
623.0,standard,SD2,prophet,euclidean,prophet,average,0.5326553583145142
662.0,standard,SD3,linear,euclidean,prophet,weighted,0.4196414351463318
409.0,standard,SD2,prophet,euclidean,mean,average,0.4820891320705414
670.0,minmax,SD2,prophet,dtw,prophet,weighted,0.5285452008247375
164.0,minmax,SD2,linear,euclidean,prophet,weighted,0.29540199041366577
467.0,standard,SD2,mean,euclidean,mean,weighted,0.5059317350387573
263.0,standard,SD2,mean,euclidean,mean,average,0.6950470805168152
458.0,standard,SD2,mean,euclidean,mean,complete,0.3398033380508423
510.0,standard,SD2,mean,euclidean,mean,average,0.4483861029148102
844.0,standard,SD2,linear,dtw,prophet,weighted,0.5611516833305359
161.0,standard,SD2,median,dtw,dtw,weighted,0.5502078533172607
197.0,standard,SD2,mean,euclidean,dtw,weighted,0.5558707118034363
10.0,standard,SD2,median,dtw,prophet,ward,0.450469970703125
366.0,standard,SD2,median,euclidean,dtw,average,0.47135600447654724
23.0,zscore,SD5,prophet,euclidean,median,single,-0.0309164896607399
515.0,standard,SD2,mean,dtw,mean,weighted,0.6182488203048706
226.0,standard,SD2,median,euclidean,mean,weighted,0.7265769839286804
226.0,standard,SD2,median,dtw,mean,weighted,0.7001053690910339
243.0,standard,SD2,mean,euclidean,dtw,weighted,0.569394588470459
173.0,standard,SD2,median,dtw,dtw,complete,0.3982723355293274
346.0,standard,SD2,mean,euclidean,mode,weighted,0.47302448749542236
316.0,minmax,SD2,median,euclidean,mode,weighted,0.4700062572956085
664.0,zscore,SD2,linear,dtw,prophet,average,0.08242827653884888
655.0,minmax,SD2,median,dtw,prophet,weighted,0.4841673970222473
338.0,standard,SD2,mean,euclidean,prophet,ward,0.540868878364563
476.0,minmax,SD2,linear,dtw,prophet,weighted,0.3919508457183838
137.0,standard,SD2,median,dtw,dtw,weighted,0.5502078533172607
240.0,standard,SD2,mean,dtw,mean,weighted,0.6645695567131042
110.0,standard,SD2,mean,euclidean,mean,ward,0.3121042847633362
581.0,standard,SD2,median,dtw,prophet,weighted,0.45078763365745544
9.0,standard,SD2,mean,dtw,mean,hdbscan,0.36917173862457275
198.0,standard,SD4,median,euclidean,mean,weighted,0.2444244772195816
396.0,standard,SD2,median,euclidean,mean,ward,0.3106606900691986
13.0,minmax,SD2,median,euclidean,dtw,weighted,0.2569580674171448
812.0,standard,SD2,mean,dtw,prophet,weighted,0.5305492281913757
1188.0,standard,SD4,prophet,euclidean,mode,single,0.1589815467596054
200.0,standard,SD2,mean,dtw,prophet,complete,0.3806559443473816
693.0,minmax,SD2,prophet,dtw,prophet,average,0.4712170660495758
546.0,standard,SD4,mean,euclidean,median,median,-0.016692839562892914
346.0,standard,SD2,prophet,euclidean,prophet,average,0.4952585995197296
735.0,standard,SD2,linear,dtw,prophet,weighted,0.5611516833305359
849.0,minmax,SD2,linear,dtw,prophet,weighted,0.20079956948757172
170.0,standard,SD2,median,euclidean,mean,weighted,0.5684643387794495
696.0,minmax,SD2,linear,dtw,prophet,weighted,0.4713277816772461
354.0,standard,SD2,median,dtw,mean,complete,0.3978789746761322
1197.0,standard,SD2,prophet,dtw,prophet,hdbscan,0.3000200390815735
170.0,zscore,SD5,prophet,euclidean,mode,average,0.0526239275932312
307.0,standard,SD2,mean,dtw,dtw,weighted,0.392519474029541
708.0,standard,SD2,linear,dtw,prophet,weighted,0.5617227554321289
367.0,standard,SD3,median,euclidean,mean,weighted,0.4861924648284912
255.0,standard,SD2,mean,euclidean,mean,average,0.6950470805168152
276.0,minmax,SD2,median,euclidean,mean,weighted,0.4700062572956085
147.0,standard,SD2,linear,euclidean,mode,weighted,0.5460662245750427
135.0,standard,SD2,mean,euclidean,prophet,complete,0.5381972789764404
333.0,standard,SD2,median,dtw,prophet,weighted,0.5468196272850037
526.0,zscore,SD5,mean,euclidean,mean,median,0.01729802042245865
367.0,standard,SD2,mean,dtw,prophet,complete,0.3797363042831421
122.0,standard,SD2,mean,euclidean,prophet,weighted,0.5643680691719055
875.0,standard,SD2,linear,dtw,prophet,weighted,0.5611516833305359
115.0,zscore,SD3,linear,dtw,median,weighted,0.05516405776143074
301.0,standard,SD3,mean,dtw,mode,median,0.24632658064365387
1162.0,standard,SD4,linear,dtw,prophet,weighted,0.45596522092819214
228.0,standard,SD2,median,euclidean,mean,weighted,0.7265769839286804
758.0,standard,SD2,linear,dtw,prophet,weighted,0.5611516833305359
205.0,standard,SD2,median,dtw,dtw,ward,0.444180428981781
678.0,minmax,SD2,prophet,dtw,prophet,complete,0.42847949266433716
373.0,standard,SD2,prophet,euclidean,mean,weighted,0.4802083671092987
239.0,standard,SD2,median,euclidean,mean,weighted,0.7265769839286804
171.0,standard,SD2,mean,euclidean,mean,weighted,0.5190789699554443
368.0,standard,SD2,median,euclidean,mean,average,0.6042143106460571
949.0,standard,SD2,linear,euclidean,prophet,complete,0.45764049887657166
706.0,standard,SD2,linear,dtw,prophet,weighted,0.5617227554321289
72.0,standard,SD2,prophet,euclidean,mode,weighted,0.48227110505104065
87.0,standard,SD2,linear,euclidean,prophet,weighted,0.5460662245750427
260.0,standard,SD2,mean,dtw,dtw,weighted,0.4259989857673645
84.0,standard,SD2,median,euclidean,mean,weighted,0.5547160506248474
288.0,standard,SD2,mean,euclidean,mean,weighted,0.5551076531410217
288.0,standard,SD2,median,euclidean,prophet,ward,0.3262128531932831
723.0,minmax,SD2,prophet,dtw,prophet,complete,0.4852644205093384
94.0,standard,SD2,linear,euclidean,mode,centroid,0.4249970018863678
524.0,standard,SD5,prophet,dtw,prophet,weighted,0.3625109791755676
339.0,standard,SD2,median,dtw,prophet,ward,0.44970622658729553
245.0,standard,SD2,linear,dtw,mean,weighted,0.6288735866546631
113.0,standard,SD2,mean,euclidean,mean,average,0.5057740807533264
719.0,minmax,SD2,prophet,dtw,prophet,average,0.5673394799232483
3.0,standard,SD5,prophet,dtw,prophet,median,0.2551930844783783
293.0,standard,SD2,linear,euclidean,mean,average,0.7083290815353394
96.0,minmax,SD3,linear,dtw,mean,complete,0.20978713035583496
169.0,standard,SD2,mean,dtw,mean,ward,0.46413370966911316
293.0,standard,SD2,median,dtw,mean,average,0.6136922240257263
169.0,standard,SD4,prophet,dtw,prophet,centroid,0.26881590485572815
275.0,standard,SD2,linear,euclidean,mode,average,0.5090407133102417
759.0,standard,SD2,linear,dtw,prophet,weighted,0.5611516833305359
764.0,standard,SD3,median,dtw,prophet,complete,0.31748417019844055
450.0,standard,SD2,linear,dtw,prophet,weighted,0.4829369783401489
235.0,standard,SD2,median,dtw,mean,weighted,0.7001053690910339
451.0,zscore,SD4,median,dtw,mean,weighted,0.009038140065968037
60.0,standard,SD2,prophet,dtw,mode,weighted,0.4711047112941742
330.0,standard,SD3,median,dtw,mean,weighted,0.5402599573135376
426.0,standard,SD2,prophet,euclidean,prophet,weighted,0.4325108826160431
288.0,standard,SD2,linear,dtw,mean,average,0.63201504945755
477.0,standard,SD2,prophet,dtw,prophet,complete,0.40651535987854004
709.0,minmax,SD2,linear,dtw,prophet,weighted,0.5389809608459473
230.0,standard,SD2,median,euclidean,mean,weighted,0.7265769839286804
770.0,standard,SD2,linear,euclidean,prophet,average,0.4797748327255249
746.0,standard,SD2,prophet,dtw,prophet,weighted,0.47270336747169495
776.0,minmax,SD2,prophet,dtw,prophet,average,0.5273600220680237
673.0,minmax,SD2,linear,dtw,prophet,average,0.5692128539085388
619.0,minmax,SD2,linear,dtw,prophet,average,0.5692128539085388
843.0,standard,SD2,linear,dtw,prophet,weighted,0.5611516833305359
670.0,minmax,SD2,linear,dtw,prophet,average,0.5692128539085388
257.0,standard,SD2,mean,euclidean,mean,average,0.6950470805168152
185.0,standard,SD2,linear,euclidean,mean,weighted,0.5644192099571228
402.0,standard,SD2,mean,euclidean,mean,weighted,0.5192981362342834
2.0,standard,SD2,linear,euclidean,mode,weighted,0.5460662245750427
855.0,standard,SD2,linear,euclidean,mode,complete,-0.0034365893807262182
661.0,minmax,SD2,linear,dtw,prophet,average,0.5692128539085388
661.0,minmax,SD2,prophet,dtw,prophet,average,0.5791485905647278
768.0,standard,SD2,prophet,euclidean,prophet,weighted,0.4823744595050812
845.0,standard,SD5,mean,dtw,dtw,median,0.21868620812892914
16.0,standard,SD2,median,dtw,mean,ward,0.4477028548717499
856.0,standard,SD3,linear,dtw,prophet,weighted,0.4654054045677185
397.0,standard,SD2,median,euclidean,mean,centroid,0.5657296776771545
285.0,standard,SD2,linear,dtw,mean,weighted,0.6538316011428833
81.0,standard,SD2,median,dtw,mean,average,0.478672057390213
721.0,standard,SD2,mean,dtw,prophet,weighted,0.5305492281913757
227.0,standard,SD2,median,euclidean,mean,weighted,0.7265769839286804
305.0,standard,SD3,median,dtw,mean,weighted,0.5068477392196655
638.0,minmax,SD4,prophet,dtw,mode,ward,0.026115883141756058
147.0,standard,SD5,linear,euclidean,prophet,weighted,0.39192742109298706
331.0,standard,SD2,mean,dtw,prophet,hdbscan,0.3898336887359619
257.0,standard,SD2,linear,euclidean,mean,weighted,0.61592698097229
223.0,standard,SD2,mean,dtw,mean,average,0.5799000859260559
121.0,standard,SD2,median,dtw,prophet,weighted,0.5468196272850037
474.0,standard,SD2,linear,euclidean,prophet,average,0.4786924421787262
231.0,standard,SD2,median,dtw,mean,weighted,0.7001053690910339
1049.0,standard,SD6,prophet,euclidean,median,ward,0.009965158998966217
230.0,standard,SD3,linear,dtw,mode,weighted,0.3514413833618164
331.0,standard,SD6,median,dtw,dtw,weighted,0.3319639265537262
510.0,standard,SD2,linear,euclidean,prophet,weighted,0.48215338587760925
43.0,minmax,SD4,prophet,dtw,dtw,median,0.2481880784034729
266.0,standard,SD4,median,euclidean,dtw,weighted,0.4016770124435425
331.0,standard,SD2,median,euclidean,dtw,weighted,0.5467062592506409
658.0,minmax,SD2,prophet,dtw,prophet,centroid,0.3940340578556061
286.0,standard,SD2,linear,euclidean,mean,average,0.6745624542236328
189.0,minmax,SD4,median,euclidean,prophet,hdbscan,0.29054102301597595
468.0,standard,SD4,linear,dtw,prophet,weighted,0.38920190930366516
795.0,standard,SD2,linear,euclidean,prophet,weighted,0.4398375153541565
1024.0,standard,SD4,linear,dtw,prophet,weighted,0.46491748094558716
154.0,standard,SD2,median,euclidean,mean,ward,0.3199354112148285
150.0,standard,SD2,median,euclidean,mean,weighted,0.5720075368881226
14.0,standard,SD2,linear,euclidean,median,complete,0.5289544463157654
609.0,standard,SD2,prophet,euclidean,prophet,weighted,0.5195993781089783
806.0,zscore,SD5,prophet,euclidean,mean,ward,0.01433596108108759
515.0,standard,SD2,median,dtw,prophet,weighted,0.5043859481811523
249.0,standard,SD2,mean,euclidean,mean,average,0.5845826268196106
643.0,minmax,SD2,linear,dtw,prophet,average,0.5692128539085388
397.0,standard,SD2,mean,euclidean,prophet,weighted,0.4915856719017029
249.0,standard,SD2,median,euclidean,prophet,hdbscan,0.4334985017776489
668.0,minmax,SD2,linear,dtw,prophet,average,0.5692128539085388
331.0,standard,SD2,median,dtw,prophet,complete,0.39485758543014526
44.0,standard,SD2,mean,euclidean,mean,complete,0.4486658275127411
320.0,minmax,SD4,mean,euclidean,median,complete,0.1060895100235939
750.0,minmax,SD2,prophet,dtw,prophet,average,0.5673394799232483
22.0,standard,SD2,median,euclidean,mean,weighted,0.48675698041915894
1161.0,zscore,SD5,linear,euclidean,prophet,average,-0.0005510414484888315
158.0,standard,SD2,prophet,euclidean,prophet,weighted,0.48227110505104065
127.0,standard,SD2,mean,euclidean,mean,weighted,0.5712196230888367
237.0,standard,SD2,median,dtw,mean,weighted,0.7001053690910339
243.0,standard,SD2,median,dtw,prophet,weighted,0.5468196272850037
225.0,standard,SD2,median,euclidean,mean,weighted,0.7265769839286804
234.0,standard,SD3,mean,dtw,mean,weighted,0.35128486156463623
884.0,standard,SD5,linear,euclidean,median,weighted,-0.01145169883966446
1191.0,minmax,SD6,linear,euclidean,median,weighted,0.0006138903554528952
231.0,standard,SD2,median,euclidean,mean,weighted,0.7265769839286804
209.0,standard,SD2,mean,dtw,dtw,average,0.4380365014076233
288.0,standard,SD2,linear,euclidean,mean,average,0.6745624542236328
308.0,standard,SD2,mean,euclidean,dtw,weighted,0.5712549686431885
44.0,standard,SD6,prophet,euclidean,prophet,complete,0.32130807638168335
758.0,minmax,SD2,prophet,dtw,prophet,average,0.5673394799232483
967.0,zscore,SD2,prophet,dtw,dtw,median,0.08010414242744446
790.0,standard,SD2,prophet,dtw,prophet,weighted,0.47270336747169495
702.0,standard,SD2,linear,dtw,prophet,weighted,0.5617227554321289
92.0,standard,SD3,linear,euclidean,mode,weighted,0.39804181456565857
293.0,standard,SD2,linear,euclidean,mean,ward,0.30270522832870483
661.0,minmax,SD2,linear,dtw,prophet,weighted,0.5530115962028503
288.0,standard,SD2,linear,dtw,mean,weighted,0.6538316011428833
376.0,standard,SD2,median,euclidean,mean,weighted,0.5875620245933533
517.0,standard,SD2,median,euclidean,prophet,weighted,0.477669358253479
63.0,standard,SD2,prophet,euclidean,prophet,complete,0.5231063961982727
295.0,standard,SD2,linear,dtw,mean,weighted,0.561659038066864
234.0,standard,SD2,median,dtw,mean,weighted,0.7001053690910339
233.0,standard,SD2,mean,dtw,mean,centroid,0.5587273836135864
1180.0,zscore,SD6,mean,dtw,median,hdbscan,-0.08355480432510376
94.0,standard,SD2,median,dtw,dtw,weighted,0.5569623708724976
789.0,standard,SD2,mean,dtw,prophet,weighted,0.5305492281913757
141.0,standard,SD2,prophet,euclidean,mean,weighted,0.4962618947029114
667.0,minmax,SD2,linear,dtw,prophet,weighted,0.5530115962028503
7.0,standard,SD2,prophet,dtw,mode,hdbscan,0.3489460349082947
221.0,standard,SD2,linear,euclidean,dtw,complete,0.5077133178710938
694.0,minmax,SD2,linear,dtw,prophet,average,0.5286725759506226
304.0,standard,SD2,linear,dtw,mean,weighted,0.5645906925201416
956.0,minmax,SD2,mean,euclidean,mode,centroid,0.007172074168920517
1143.0,standard,SD2,prophet,euclidean,prophet,centroid,0.3789287805557251
545.0,standard,SD2,prophet,euclidean,prophet,weighted,0.4673842191696167
3.0,standard,SD2,linear,euclidean,median,weighted,0.5460662245750427
231.0,standard,SD2,mean,dtw,dtw,weighted,0.49728941917419434
913.0,standard,SD2,linear,euclidean,prophet,weighted,0.4797748327255249
775.0,standard,SD2,linear,dtw,prophet,ward,0.4599435031414032
1170.0,standard,SD3,linear,dtw,prophet,median,-0.04266895353794098
414.0,standard,SD2,median,euclidean,prophet,weighted,0.4749307632446289
716.0,minmax,SD2,prophet,dtw,prophet,average,0.5673394799232483
347.0,minmax,SD2,linear,euclidean,prophet,weighted,0.3796200156211853
680.0,minmax,SD2,median,dtw,prophet,average,0.4841673970222473
90.0,standard,SD4,median,dtw,prophet,weighted,0.3773140609264374
69.0,minmax,SD2,mean,euclidean,mean,weighted,0.2842576801776886
730.0,minmax,SD2,prophet,dtw,prophet,average,0.5673394799232483
497.0,standard,SD2,linear,dtw,prophet,centroid,0.36973750591278076
1031.0,standard,SD4,mean,dtw,mean,weighted,0.1391286849975586
289.0,standard,SD2,linear,euclidean,mean,average,0.6745624542236328
251.0,minmax,SD2,mean,euclidean,mean,weighted,0.4429946839809418
563.0,minmax,SD3,prophet,dtw,prophet,ward,0.17166678607463837
485.0,standard,SD2,mean,dtw,mean,weighted,0.4969523549079895
482.0,standard,SD2,median,dtw,prophet,weighted,0.5191982388496399
312.0,standard,SD3,median,dtw,prophet,weighted,0.36699342727661133
246.0,standard,SD2,prophet,dtw,mean,weighted,0.591909646987915
537.0,minmax,SD2,linear,dtw,prophet,weighted,0.428006649017334
156.0,minmax,SD2,median,dtw,mean,weighted,0.4975068271160126
759.0,standard,SD4,prophet,dtw,prophet,weighted,0.41477999091148376
233.0,standard,SD2,median,euclidean,dtw,weighted,0.5373204350471497
555.0,standard,SD3,prophet,euclidean,prophet,average,0.43421581387519836
750.0,minmax,SD2,mean,euclidean,dtw,average,0.25178056955337524
652.0,minmax,SD2,linear,dtw,prophet,average,0.5692128539085388
808.0,standard,SD2,linear,dtw,prophet,weighted,0.5611516833305359
786.0,standard,SD2,prophet,dtw,prophet,hdbscan,0.35389813780784607
292.0,standard,SD2,median,dtw,dtw,weighted,0.5100052356719971
191.0,standard,SD2,median,dtw,mean,weighted,0.6013367772102356
855.0,standard,SD5,linear,dtw,prophet,average,0.4868563711643219
30.0,standard,SD2,prophet,euclidean,dtw,complete,0.5196755528450012
282.0,minmax,SD2,median,euclidean,dtw,weighted,0.4669923186302185
993.0,zscore,SD4,prophet,euclidean,prophet,single,0.0880538672208786
470.0,zscore,SD2,mean,euclidean,mean,hdbscan,-0.03063482604920864
267.0,standard,SD2,prophet,euclidean,mean,average,0.5656980872154236
222.0,standard,SD2,median,dtw,mean,weighted,0.7001053690910339
802.0,standard,SD2,linear,dtw,prophet,weighted,0.5611516833305359
18.0,standard,SD5,prophet,euclidean,prophet,weighted,0.5349511504173279
19.0,standard,SD2,linear,euclidean,prophet,complete,0.5289544463157654
400.0,standard,SD6,prophet,dtw,prophet,weighted,0.3738531470298767
658.0,standard,SD2,median,dtw,prophet,weighted,0.48245081305503845
29.0,standard,SD2,median,euclidean,mean,complete,0.44419217109680176
24.0,minmax,SD2,prophet,dtw,dtw,weighted,0.44636648893356323
835.0,standard,SD2,linear,dtw,prophet,weighted,0.5611516833305359
161.0,standard,SD2,prophet,dtw,mean,weighted,0.48741528391838074
4.0,standard,SD2,median,euclidean,mean,weighted,0.46261537075042725
686.0,minmax,SD2,prophet,dtw,prophet,average,0.5791485905647278
384.0,minmax,SD2,median,euclidean,mean,weighted,0.26909101009368896
266.0,minmax,SD2,mean,euclidean,prophet,weighted,0.2856965661048889
817.0,standard,SD5,linear,dtw,prophet,complete,0.30421900749206543
299.0,standard,SD2,linear,dtw,mean,average,0.6058609485626221
1087.0,zscore,SD3,mean,dtw,median,median,-0.09502462297677994
862.0,standard,SD2,linear,euclidean,prophet,weighted,0.4797748327255249
614.0,minmax,SD2,linear,dtw,prophet,weighted,0.5052351355552673
226.0,zscore,SD2,prophet,euclidean,mode,weighted,0.041934188455343246
146.0,standard,SD2,mean,euclidean,mean,average,0.5057740807533264
155.0,standard,SD2,mean,euclidean,mean,complete,0.45363301038742065
309.0,standard,SD2,median,euclidean,prophet,weighted,0.4773001968860626
756.0,standard,SD2,mean,dtw,prophet,weighted,0.5305492281913757
187.0,standard,SD2,linear,dtw,mean,weighted,0.5619972348213196
282.0,standard,SD2,mean,euclidean,mean,average,0.6685510277748108
289.0,standard,SD2,linear,euclidean,mean,weighted,0.6745624542236328
293.0,standard,SD2,median,dtw,mean,weighted,0.5772961378097534
221.0,standard,SD2,median,euclidean,mean,ward,0.43991759419441223
152.0,zscore,SD4,linear,dtw,median,centroid,-0.03193117678165436
223.0,standard,SD2,median,euclidean,mean,weighted,0.7265769839286804
137.0,standard,SD3,median,dtw,mean,weighted,0.40068408846855164
83.0,standard,SD2,mean,euclidean,mean,average,0.5141043066978455
154.0,standard,SD2,linear,euclidean,prophet,ward,0.4850578308105469
673.0,minmax,SD2,median,euclidean,dtw,single,0.10555077344179153
221.0,standard,SD2,median,dtw,mean,weighted,0.7001053690910339
452.0,standard,SD2,median,dtw,mean,average,0.5412248373031616
724.0,standard,SD2,prophet,euclidean,prophet,average,0.4823744595050812
663.0,standard,SD2,prophet,dtw,prophet,weighted,0.4834231734275818
1101.0,standard,SD6,linear,euclidean,prophet,single,0.042960263788700104
228.0,minmax,SD2,median,dtw,mean,weighted,0.4975068271160126
314.0,standard,SD2,linear,dtw,prophet,weighted,0.5272340178489685
173.0,standard,SD2,linear,dtw,mean,average,0.5258764624595642
394.0,standard,SD2,linear,dtw,prophet,average,0.43189719319343567
234.0,standard,SD2,mean,dtw,prophet,weighted,0.499836266040802
609.0,minmax,SD2,median,dtw,prophet,average,0.4841673970222473
613.0,standard,SD2,linear,euclidean,prophet,average,0.5167289972305298
143.0,standard,SD3,median,euclidean,dtw,weighted,0.3640969395637512
853.0,standard,SD2,linear,dtw,prophet,weighted,0.5611516833305359
