Comperiod,Scaling,Outliers,Interpolation,Similarity,Unsynced,Linkmeth,ray/tune/_metric
609.0,minmax,SD2,median,dtw,prophet,average,0.4841673970222473
14.0,standard,SD6,linear,euclidean,dtw,weighted,0.4047176241874695
292.0,standard,SD2,median,dtw,dtw,weighted,0.5100052356719971
75.0,standard,SD2,prophet,euclidean,prophet,hdbscan,0.4586547315120697
751.0,standard,SD2,median,dtw,prophet,weighted,0.43327754735946655
1080.0,standard,SD2,prophet,dtw,prophet,weighted,0.45136064291000366
54.0,standard,SD2,linear,dtw,prophet,weighted,0.5272340178489685
1094.0,standard,SD2,linear,dtw,prophet,complete,0.42222002148628235
365.0,standard,SD2,median,dtw,mode,weighted,0.5159150958061218
371.0,standard,SD2,linear,euclidean,mode,weighted,0.5012954473495483
768.0,standard,SD2,linear,dtw,prophet,weighted,0.5611516833305359
888.0,standard,SD2,linear,dtw,prophet,weighted,0.4603976905345917
294.0,minmax,SD2,linear,dtw,dtw,complete,0.36125677824020386
984.0,standard,SD2,prophet,dtw,prophet,average,0.42953598499298096
117.0,standard,SD4,prophet,euclidean,dtw,weighted,0.5160156488418579
6.0,standard,SD2,prophet,euclidean,mode,average,0.4998699426651001
833.0,standard,SD2,linear,dtw,prophet,weighted,0.5611516833305359
24.0,standard,SD3,mean,dtw,mean,average,0.3006056249141693
791.0,standard,SD2,linear,dtw,prophet,weighted,0.5611516833305359
676.0,minmax,SD2,prophet,dtw,prophet,average,0.5791485905647278
14.0,standard,SD2,prophet,dtw,dtw,weighted,0.4711047112941742
12.0,standard,SD2,linear,euclidean,prophet,weighted,0.5460662245750427
651.0,standard,SD2,linear,dtw,prophet,average,0.46616214513778687
482.0,standard,SD2,median,dtw,prophet,weighted,0.5191982388496399
597.0,minmax,SD2,linear,dtw,prophet,average,0.5424889326095581
776.0,standard,SD2,linear,dtw,prophet,weighted,0.5611516833305359
10.0,standard,SD2,median,dtw,dtw,complete,0.3955164849758148
664.0,minmax,SD2,prophet,dtw,mode,weighted,0.0177675262093544
724.0,standard,SD2,prophet,euclidean,prophet,average,0.4823744595050812
175.0,standard,SD2,linear,euclidean,mode,median,-0.015077813528478146
41.0,standard,SD2,median,euclidean,prophet,complete,0.45454883575439453
685.0,minmax,SD2,linear,dtw,prophet,average,0.5692128539085388
822.0,standard,SD2,linear,dtw,prophet,weighted,0.5611516833305359
609.0,minmax,SD2,linear,dtw,prophet,average,0.5692128539085388
667.0,minmax,SD2,prophet,dtw,prophet,average,0.5791485905647278
793.0,standard,SD6,prophet,dtw,prophet,average,0.5004652738571167
33.0,standard,SD2,prophet,euclidean,prophet,weighted,0.48227110505104065
809.0,standard,SD2,linear,dtw,prophet,weighted,0.5611516833305359
439.0,standard,SD2,linear,dtw,prophet,median,0.1924678385257721
670.0,minmax,SD2,prophet,dtw,prophet,average,0.5791485905647278
106.0,minmax,SD2,mean,euclidean,prophet,complete,0.26726391911506653
546.0,standard,SD4,mean,euclidean,median,median,-0.016692839562892914
750.0,standard,SD2,linear,dtw,prophet,weighted,0.5611516833305359
2.0,minmax,SD6,linear,dtw,mean,single,0.043919701129198074
988.0,standard,SD2,linear,dtw,prophet,weighted,0.4608249366283417
102.0,zscore,SD2,mean,dtw,mode,hdbscan,0.0010000000474974513
679.0,minmax,SD2,prophet,dtw,prophet,average,0.5791485905647278
41.0,standard,SD2,linear,euclidean,mode,average,0.5090407133102417
6.0,zscore,SD2,linear,dtw,prophet,median,0.1171506866812706
754.0,minmax,SD2,linear,dtw,prophet,average,0.5188422203063965
14.0,standard,SD2,linear,euclidean,mode,complete,0.5289544463157654
12.0,standard,SD2,linear,dtw,dtw,weighted,0.5272340178489685
702.0,standard,SD2,linear,euclidean,prophet,weighted,0.4769507050514221
301.0,standard,SD3,mean,dtw,mode,median,0.24632658064365387
664.0,minmax,SD2,linear,dtw,prophet,centroid,0.5416069626808167
718.0,standard,SD2,linear,dtw,prophet,weighted,0.5611516833305359
27.0,minmax,SD2,prophet,dtw,prophet,weighted,0.44636648893356323
705.0,standard,SD2,linear,dtw,prophet,average,0.46693316102027893
660.0,minmax,SD2,linear,dtw,prophet,average,0.5692128539085388
332.0,standard,SD3,prophet,euclidean,mode,average,0.35293757915496826
627.0,standard,SD2,linear,dtw,prophet,weighted,0.48245081305503845
764.0,standard,SD3,prophet,dtw,prophet,hdbscan,0.2868988811969757
670.0,minmax,SD2,linear,dtw,prophet,hdbscan,0.3794022500514984
682.0,minmax,SD2,prophet,dtw,prophet,weighted,0.5285452008247375
325.0,standard,SD4,prophet,euclidean,prophet,weighted,0.44189298152923584
658.0,minmax,SD2,linear,euclidean,prophet,weighted,0.3136066496372223
600.0,zscore,SD4,mean,dtw,median,centroid,0.1553179770708084
169.0,standard,SD4,prophet,dtw,prophet,centroid,0.26881590485572815
451.0,zscore,SD4,median,dtw,mean,weighted,0.009038140065968037
662.0,minmax,SD2,prophet,dtw,prophet,average,0.5791485905647278
12.0,standard,SD2,mean,dtw,dtw,ward,0.43586811423301697
447.0,standard,SD2,median,dtw,prophet,average,0.4217884838581085
850.0,standard,SD2,linear,dtw,prophet,weighted,0.5611516833305359
635.0,minmax,SD2,linear,dtw,prophet,centroid,0.5416069626808167
590.0,standard,SD2,prophet,dtw,prophet,weighted,0.4841673970222473
872.0,standard,SD2,linear,dtw,prophet,weighted,0.5611516833305359
11.0,standard,SD4,linear,dtw,prophet,average,0.36502325534820557
132.0,standard,SD2,linear,dtw,mode,average,0.43189719319343567
594.0,standard,SD2,prophet,euclidean,prophet,weighted,0.5163179039955139
625.0,standard,SD4,linear,dtw,prophet,weighted,0.47664523124694824
826.0,standard,SD2,linear,dtw,prophet,weighted,0.5611516833305359
668.0,minmax,SD2,prophet,dtw,prophet,average,0.5791485905647278
33.0,standard,SD2,median,dtw,mean,weighted,0.4821012020111084
8.0,standard,SD2,mean,euclidean,mean,weighted,0.48503464460372925
1139.0,zscore,SD6,linear,euclidean,prophet,median,0.011298797093331814
23.0,standard,SD2,mean,euclidean,prophet,weighted,0.5643680691719055
698.0,standard,SD2,prophet,dtw,prophet,weighted,0.47270336747169495
542.0,standard,SD2,linear,dtw,prophet,weighted,0.484768807888031
900.0,minmax,SD5,prophet,euclidean,prophet,complete,0.09031080454587936
698.0,minmax,SD2,prophet,dtw,prophet,average,0.4712170660495758
1133.0,zscore,SD2,linear,euclidean,mode,weighted,0.10079244524240494
722.0,standard,SD2,linear,dtw,prophet,weighted,0.5611516833305359
870.0,standard,SD2,linear,dtw,prophet,weighted,0.5611516833305359
738.0,minmax,SD2,prophet,dtw,prophet,average,0.5673394799232483
857.0,standard,SD2,linear,dtw,prophet,average,0.43665122985839844
623.0,standard,SD2,median,euclidean,prophet,weighted,0.4863795340061188
1049.0,standard,SD6,prophet,euclidean,median,ward,0.009965158998966217
388.0,standard,SD2,median,dtw,prophet,weighted,0.5468196272850037
371.0,standard,SD2,prophet,euclidean,prophet,median,-0.016373226419091225
730.0,standard,SD2,linear,dtw,prophet,weighted,0.5611516833305359
768.0,standard,SD2,mean,dtw,prophet,weighted,0.5305492281913757
817.0,standard,SD2,prophet,dtw,prophet,weighted,0.47270336747169495
687.0,minmax,SD2,prophet,dtw,prophet,average,0.5791485905647278
704.0,standard,SD2,linear,dtw,prophet,weighted,0.5617227554321289
821.0,standard,SD3,prophet,dtw,prophet,weighted,0.4527815878391266
612.0,standard,SD2,prophet,euclidean,prophet,average,0.5326553583145142
841.0,standard,SD2,linear,dtw,prophet,centroid,0.31232380867004395
854.0,standard,SD2,linear,dtw,prophet,complete,0.46164005994796753
665.0,minmax,SD2,prophet,dtw,prophet,average,0.5791485905647278
235.0,standard,SD2,mean,dtw,prophet,ward,0.43586811423301697
603.0,minmax,SD2,prophet,dtw,prophet,average,0.47502729296684265
57.0,standard,SD2,median,dtw,prophet,weighted,0.5468196272850037
720.0,standard,SD2,linear,dtw,prophet,complete,0.4758639931678772
747.0,minmax,SD2,prophet,dtw,prophet,weighted,0.4712170660495758
1170.0,zscore,SD3,prophet,dtw,dtw,centroid,0.035022228956222534
741.0,standard,SD2,linear,dtw,prophet,weighted,0.5611516833305359
66.0,zscore,SD2,linear,dtw,prophet,single,0.052112843841314316
656.0,minmax,SD2,linear,dtw,prophet,average,0.5692128539085388
641.0,minmax,SD2,linear,dtw,prophet,weighted,0.5417371988296509
493.0,standard,SD2,linear,dtw,prophet,weighted,0.5100898146629333
197.0,standard,SD2,linear,euclidean,mode,weighted,0.5460662245750427
648.0,minmax,SD2,linear,dtw,prophet,average,0.5692128539085388
478.0,zscore,SD3,prophet,euclidean,mode,weighted,0.21809600293636322
326.0,standard,SD2,prophet,dtw,mode,average,0.404631108045578
599.0,minmax,SD2,linear,euclidean,prophet,weighted,0.2750822603702545
749.0,standard,SD2,linear,dtw,prophet,weighted,0.5611516833305359
615.0,standard,SD2,linear,euclidean,prophet,weighted,0.5320512652397156
571.0,standard,SD2,linear,dtw,prophet,average,0.44250544905662537
585.0,standard,SD4,linear,euclidean,prophet,weighted,0.39619147777557373
62.0,standard,SD2,mean,euclidean,prophet,weighted,0.5643680691719055
161.0,minmax,SD2,median,dtw,dtw,weighted,0.4400086998939514
593.0,standard,SD4,linear,dtw,prophet,weighted,0.47664523124694824
11.0,standard,SD2,prophet,dtw,prophet,weighted,0.4711047112941742
541.0,standard,SD4,prophet,dtw,prophet,weighted,0.5322006940841675
456.0,standard,SD2,median,euclidean,prophet,weighted,0.4749307632446289
672.0,standard,SD2,prophet,euclidean,prophet,weighted,0.4901522696018219
493.0,standard,SD2,linear,dtw,prophet,hdbscan,0.40467578172683716
689.0,minmax,SD2,prophet,dtw,prophet,average,0.5791485905647278
590.0,minmax,SD2,linear,dtw,prophet,average,0.552832305431366
750.0,minmax,SD2,mean,euclidean,dtw,average,0.25178056955337524
14.0,standard,SD6,prophet,euclidean,prophet,weighted,0.5304124355316162
787.0,standard,SD2,linear,dtw,prophet,average,0.43665122985839844
669.0,minmax,SD2,prophet,dtw,prophet,average,0.5791485905647278
823.0,standard,SD2,linear,dtw,prophet,weighted,0.5611516833305359
101.0,standard,SD2,linear,euclidean,mode,ward,0.4850578308105469
400.0,standard,SD6,prophet,dtw,prophet,weighted,0.3738531470298767
639.0,standard,SD4,linear,dtw,prophet,average,0.4883491098880768
14.0,standard,SD2,prophet,dtw,mode,complete,0.4929027259349823
853.0,standard,SD2,prophet,dtw,prophet,weighted,0.45861512422561646
766.0,minmax,SD2,prophet,dtw,prophet,average,0.5673394799232483
587.0,minmax,SD2,linear,dtw,prophet,average,0.5424889326095581
305.0,standard,SD2,linear,euclidean,dtw,complete,0.43627291917800903
614.0,standard,SD2,prophet,dtw,prophet,average,0.4834231734275818
1156.0,standard,SD2,prophet,euclidean,prophet,complete,0.41606441140174866
546.0,standard,SD4,mean,euclidean,median,median,-0.016692839562892914
688.0,minmax,SD2,prophet,dtw,prophet,average,0.5791485905647278
834.0,standard,SD2,linear,dtw,prophet,weighted,0.5611516833305359
301.0,standard,SD3,mean,dtw,mode,median,0.24632658064365387
152.0,zscore,SD4,linear,dtw,median,centroid,-0.03193117678165436
577.0,minmax,SD2,linear,dtw,prophet,weighted,0.5029994249343872
532.0,standard,SD2,linear,dtw,prophet,complete,0.4441988170146942
731.0,standard,SD2,linear,dtw,prophet,centroid,0.36808833479881287
441.0,standard,SD2,median,dtw,prophet,weighted,0.5468196272850037
581.0,standard,SD2,median,dtw,prophet,weighted,0.45078763365745544
410.0,minmax,SD2,linear,dtw,prophet,weighted,0.47039180994033813
23.0,zscore,SD5,prophet,euclidean,median,single,-0.0309164896607399
624.0,standard,SD2,prophet,euclidean,prophet,weighted,0.5195993781089783
865.0,standard,SD2,linear,dtw,prophet,weighted,0.5611516833305359
115.0,zscore,SD3,linear,dtw,median,weighted,0.05516405776143074
275.0,standard,SD2,mean,euclidean,dtw,weighted,0.5653051137924194
1197.0,standard,SD2,prophet,dtw,prophet,hdbscan,0.3000200390815735
788.0,standard,SD2,prophet,dtw,dtw,weighted,0.36530065536499023
284.0,standard,SD2,mean,euclidean,mode,weighted,0.5643680691719055
1015.0,standard,SD2,mean,dtw,prophet,weighted,0.45861512422561646
617.0,standard,SD2,linear,dtw,prophet,complete,0.43878328800201416
186.0,minmax,SD6,prophet,dtw,prophet,weighted,0.1925160437822342
685.0,minmax,SD2,prophet,dtw,prophet,average,0.5791485905647278
467.0,standard,SD4,linear,euclidean,prophet,weighted,0.3637121319770813
839.0,standard,SD2,linear,dtw,prophet,weighted,0.5611516833305359
451.0,zscore,SD4,median,dtw,mean,weighted,0.009038140065968037
797.0,minmax,SD2,mean,euclidean,dtw,average,0.2510378956794739
630.0,minmax,SD2,mean,dtw,prophet,average,0.45948708057403564
169.0,standard,SD4,prophet,dtw,prophet,centroid,0.26881590485572815
331.0,standard,SD2,linear,euclidean,prophet,weighted,0.49055159091949463
1023.0,standard,SD2,linear,dtw,prophet,average,0.4309960901737213
122.0,standard,SD2,linear,dtw,mode,complete,0.41086840629577637
46.0,standard,SD2,linear,euclidean,prophet,ward,0.4850578308105469
681.0,minmax,SD2,prophet,dtw,prophet,average,0.5791485905647278
727.0,minmax,SD2,prophet,dtw,prophet,average,0.5673394799232483
724.0,minmax,SD2,prophet,dtw,prophet,average,0.5673394799232483
612.0,standard,SD2,linear,dtw,prophet,average,0.46616214513778687
797.0,standard,SD2,linear,dtw,prophet,weighted,0.5611516833305359
748.0,minmax,SD2,prophet,dtw,prophet,average,0.5673394799232483
633.0,minmax,SD2,linear,dtw,prophet,average,0.5692128539085388
27.0,standard,SD2,linear,euclidean,dtw,weighted,0.5484681725502014
87.0,standard,SD2,linear,euclidean,prophet,weighted,0.5460662245750427
725.0,standard,SD2,linear,dtw,mean,weighted,0.09786045551300049
1188.0,standard,SD4,prophet,euclidean,mode,single,0.1589815467596054
735.0,standard,SD2,linear,dtw,prophet,weighted,0.5611516833305359
730.0,minmax,SD2,linear,dtw,prophet,average,0.5188422203063965
704.0,standard,SD2,mean,dtw,prophet,weighted,0.5334017276763916
349.0,standard,SD2,prophet,euclidean,mode,complete,0.45029592514038086
845.0,standard,SD5,mean,dtw,dtw,median,0.21868620812892914
678.0,minmax,SD2,prophet,dtw,prophet,average,0.5791485905647278
1049.0,standard,SD6,prophet,euclidean,median,ward,0.009965158998966217
644.0,standard,SD2,linear,euclidean,prophet,weighted,0.4863795340061188
147.0,standard,SD2,linear,euclidean,mode,weighted,0.5460662245750427
642.0,minmax,SD2,linear,dtw,prophet,complete,0.4620627760887146
844.0,standard,SD2,linear,dtw,prophet,weighted,0.5611516833305359
706.0,standard,SD2,linear,dtw,prophet,weighted,0.5617227554321289
444.0,standard,SD2,mean,dtw,mode,average,0.46409961581230164
806.0,standard,SD2,linear,dtw,prophet,weighted,0.5611516833305359
765.0,minmax,SD2,linear,dtw,prophet,weighted,0.45077842473983765
949.0,standard,SD2,linear,euclidean,prophet,complete,0.45764049887657166
721.0,standard,SD2,mean,dtw,prophet,weighted,0.5305492281913757
758.0,standard,SD2,linear,dtw,prophet,weighted,0.5611516833305359
749.0,minmax,SD2,prophet,dtw,prophet,complete,0.49745607376098633
709.0,minmax,SD2,linear,dtw,prophet,weighted,0.5389809608459473
94.0,standard,SD2,linear,euclidean,mode,centroid,0.4249970018863678
680.0,minmax,SD2,linear,dtw,prophet,weighted,0.5325911641120911
473.0,standard,SD2,median,euclidean,prophet,weighted,0.5392964482307434
710.0,standard,SD2,median,dtw,prophet,weighted,0.47270336747169495
674.0,minmax,SD2,prophet,dtw,prophet,average,0.5791485905647278
3.0,standard,SD5,prophet,dtw,prophet,median,0.2551930844783783
608.0,standard,SD2,median,dtw,dtw,weighted,0.32403847575187683
884.0,standard,SD5,linear,euclidean,median,weighted,-0.01145169883966446
147.0,standard,SD5,linear,euclidean,prophet,weighted,0.39192742109298706
817.0,standard,SD2,linear,dtw,prophet,weighted,0.5611516833305359
657.0,minmax,SD2,prophet,dtw,prophet,average,0.47502729296684265
855.0,standard,SD2,linear,euclidean,mode,complete,-0.0034365893807262182
627.0,minmax,SD2,linear,dtw,prophet,average,0.5692128539085388
1089.0,standard,SD5,mean,dtw,prophet,average,0.3700113594532013
60.0,standard,SD2,prophet,dtw,mode,weighted,0.4711047112941742
650.0,minmax,SD2,linear,dtw,prophet,weighted,0.5417371988296509
601.0,minmax,SD2,linear,dtw,prophet,complete,0.4370376765727997
682.0,minmax,SD2,prophet,dtw,prophet,average,0.5791485905647278
1191.0,minmax,SD6,linear,euclidean,median,weighted,0.0006138903554528952
589.0,minmax,SD2,linear,dtw,dtw,average,0.321612685918808
750.0,minmax,SD2,mean,euclidean,dtw,average,0.25178056955337524
789.0,standard,SD2,mean,dtw,prophet,weighted,0.5305492281913757
475.0,standard,SD2,linear,euclidean,prophet,weighted,0.5318281054496765
843.0,standard,SD2,linear,dtw,prophet,weighted,0.5611516833305359
764.0,standard,SD3,median,dtw,prophet,complete,0.31748417019844055
64.0,standard,SD2,median,dtw,mode,weighted,0.5468196272850037
718.0,minmax,SD2,linear,dtw,prophet,average,0.5188422203063965
573.0,standard,SD2,linear,euclidean,prophet,weighted,0.4983225166797638
346.0,standard,SD2,prophet,euclidean,prophet,average,0.4952585995197296
855.0,standard,SD5,linear,dtw,prophet,average,0.4868563711643219
183.0,standard,SD5,median,dtw,dtw,centroid,0.3108285367488861
667.0,minmax,SD2,linear,dtw,prophet,average,0.5692128539085388
14.0,standard,SD2,linear,euclidean,median,complete,0.5289544463157654
1162.0,standard,SD4,linear,dtw,prophet,weighted,0.45596522092819214
400.0,standard,SD6,prophet,dtw,prophet,weighted,0.3738531470298767
679.0,minmax,SD2,mean,dtw,prophet,average,0.5104764103889465
670.0,minmax,SD2,prophet,dtw,prophet,weighted,0.5285452008247375
1161.0,zscore,SD5,linear,euclidean,prophet,average,-0.0005510414484888315
637.0,minmax,SD2,linear,dtw,prophet,average,0.5692128539085388
44.0,standard,SD6,prophet,euclidean,prophet,complete,0.32130807638168335
300.0,standard,SD2,mean,euclidean,prophet,hdbscan,0.5193545818328857
152.0,zscore,SD4,linear,dtw,median,centroid,-0.03193117678165436
521.0,standard,SD2,linear,dtw,prophet,average,0.4480988383293152
164.0,minmax,SD2,linear,euclidean,prophet,weighted,0.29540199041366577
63.0,standard,SD2,prophet,euclidean,prophet,complete,0.5231063961982727
691.0,minmax,SD2,prophet,dtw,prophet,ward,0.4784010648727417
2.0,standard,SD2,linear,euclidean,mode,weighted,0.5460662245750427
967.0,zscore,SD2,prophet,dtw,dtw,median,0.08010414242744446
702.0,standard,SD2,linear,dtw,prophet,weighted,0.5617227554321289
711.0,minmax,SD2,prophet,dtw,prophet,average,0.5673394799232483
841.0,standard,SD2,mean,dtw,prophet,weighted,0.5305492281913757
786.0,standard,SD2,prophet,dtw,prophet,hdbscan,0.35389813780784607
566.0,standard,SD3,prophet,dtw,prophet,weighted,0.48449984192848206
708.0,standard,SD2,linear,dtw,prophet,weighted,0.5617227554321289
775.0,standard,SD2,linear,dtw,prophet,ward,0.4599435031414032
637.0,minmax,SD2,linear,dtw,prophet,ward,0.4841673970222473
849.0,minmax,SD2,linear,dtw,prophet,weighted,0.20079956948757172
666.0,minmax,SD2,prophet,dtw,prophet,average,0.5791485905647278
856.0,standard,SD3,linear,dtw,prophet,weighted,0.4654054045677185
572.0,minmax,SD2,prophet,dtw,prophet,average,0.46616214513778687
664.0,zscore,SD2,linear,dtw,prophet,average,0.08242827653884888
875.0,standard,SD2,linear,dtw,prophet,weighted,0.5611516833305359
18.0,standard,SD5,prophet,euclidean,prophet,weighted,0.5349511504173279
795.0,standard,SD2,linear,euclidean,prophet,weighted,0.4398375153541565
726.0,minmax,SD2,linear,dtw,prophet,weighted,0.45077842473983765
768.0,standard,SD2,prophet,dtw,prophet,weighted,0.47270336747169495
3.0,standard,SD2,linear,euclidean,median,weighted,0.5460662245750427
15.0,standard,SD5,mean,euclidean,dtw,average,0.31083911657333374
617.0,minmax,SD2,linear,dtw,prophet,average,0.5692128539085388
797.0,minmax,SD2,mean,euclidean,dtw,average,0.2510378956794739
637.0,standard,SD2,prophet,dtw,prophet,weighted,0.4834231734275818
1128.0,standard,SD2,mean,dtw,mode,average,-0.0006796030793339014
19.0,standard,SD2,linear,euclidean,prophet,complete,0.5289544463157654
656.0,standard,SD3,linear,dtw,prophet,weighted,0.4852553606033325
1170.0,standard,SD3,linear,dtw,prophet,median,-0.04266895353794098
477.0,standard,SD2,prophet,dtw,prophet,complete,0.40651535987854004
218.0,standard,SD2,median,dtw,prophet,weighted,0.5468196272850037
426.0,standard,SD2,prophet,euclidean,prophet,weighted,0.4325108826160431
30.0,standard,SD2,prophet,euclidean,dtw,complete,0.5196755528450012
759.0,standard,SD2,linear,dtw,prophet,weighted,0.5611516833305359
696.0,minmax,SD2,linear,dtw,prophet,weighted,0.4713277816772461
740.0,standard,SD2,linear,dtw,prophet,average,0.46693316102027893
582.0,standard,SD2,median,euclidean,prophet,average,0.2683248519897461
684.0,minmax,SD2,prophet,dtw,prophet,average,0.5791485905647278
52.0,standard,SD2,mean,euclidean,mode,weighted,0.5643680691719055
682.0,standard,SD4,linear,dtw,prophet,weighted,0.47664523124694824
434.0,zscore,SD2,median,euclidean,median,ward,0.19057051837444305
719.0,minmax,SD2,prophet,dtw,prophet,average,0.5673394799232483
38.0,standard,SD2,mean,euclidean,prophet,weighted,0.5643680691719055
661.0,minmax,SD2,prophet,dtw,prophet,average,0.5791485905647278
806.0,standard,SD2,median,dtw,prophet,weighted,0.43327754735946655
680.0,minmax,SD2,prophet,dtw,prophet,average,0.5791485905647278
187.0,standard,SD2,mean,dtw,dtw,weighted,0.4985368549823761
734.0,minmax,SD2,prophet,dtw,prophet,average,0.5673394799232483
130.0,standard,SD2,mean,dtw,dtw,average,0.4407462477684021
671.0,minmax,SD2,prophet,dtw,prophet,average,0.5791485905647278
1024.0,standard,SD4,linear,dtw,prophet,weighted,0.46491748094558716
444.0,standard,SD2,mean,dtw,mode,average,0.46409961581230164
835.0,standard,SD2,linear,dtw,prophet,weighted,0.5611516833305359
1101.0,standard,SD6,linear,euclidean,prophet,single,0.042960263788700104
661.0,minmax,SD2,linear,dtw,prophet,average,0.5692128539085388
678.0,minmax,SD2,prophet,dtw,prophet,complete,0.42847949266433716
802.0,standard,SD2,linear,dtw,prophet,weighted,0.5611516833305359
565.0,minmax,SD2,linear,dtw,prophet,average,0.5283488035202026
639.0,minmax,SD2,linear,dtw,prophet,average,0.5692128539085388
545.0,standard,SD4,linear,dtw,prophet,average,0.45324787497520447
808.0,standard,SD2,linear,dtw,prophet,weighted,0.5611516833305359
26.0,standard,SD3,linear,euclidean,dtw,median,0.40850967168807983
1137.0,zscore,SD3,linear,dtw,dtw,single,0.05317910760641098
673.0,minmax,SD2,prophet,dtw,prophet,average,0.5791485905647278
637.0,minmax,SD2,median,dtw,prophet,average,0.4841673970222473
619.0,minmax,SD2,linear,dtw,prophet,average,0.5692128539085388
6.0,standard,SD2,linear,euclidean,prophet,hdbscan,0.5193545818328857
484.0,standard,SD2,prophet,euclidean,prophet,weighted,0.4317972958087921
450.0,standard,SD2,linear,dtw,prophet,weighted,0.4829369783401489
781.0,standard,SD2,median,euclidean,prophet,complete,0.4853590428829193
403.0,standard,SD2,prophet,dtw,prophet,weighted,0.46610724925994873
662.0,standard,SD3,linear,euclidean,prophet,weighted,0.4196414351463318
72.0,standard,SD2,prophet,euclidean,mode,weighted,0.48227110505104065
608.0,standard,SD2,median,dtw,dtw,weighted,0.32403847575187683
862.0,standard,SD2,linear,euclidean,prophet,weighted,0.4797748327255249
864.0,standard,SD2,mean,dtw,prophet,weighted,0.5305492281913757
187.0,minmax,SD2,linear,dtw,mean,weighted,0.46919533610343933
430.0,standard,SD2,mean,dtw,dtw,weighted,0.39275944232940674
1089.0,standard,SD5,mean,dtw,prophet,average,0.3700113594532013
690.0,standard,SD2,linear,dtw,prophet,weighted,0.48633772134780884
470.0,standard,SD2,mean,dtw,median,average,0.17425915598869324
763.0,minmax,SD2,prophet,dtw,prophet,average,0.5673394799232483
759.0,standard,SD4,prophet,dtw,prophet,weighted,0.41477999091148376
278.0,standard,SD2,mean,euclidean,median,weighted,0.4812600016593933
2.0,zscore,SD5,linear,euclidean,dtw,complete,0.03556305542588234
214.0,standard,SD2,linear,dtw,prophet,average,0.43189719319343567
837.0,standard,SD2,linear,dtw,prophet,weighted,0.5611516833305359
327.0,standard,SD2,linear,dtw,mode,weighted,0.5272340178489685
823.0,standard,SD2,median,dtw,prophet,complete,0.43751487135887146
668.0,minmax,SD2,linear,dtw,prophet,average,0.5692128539085388
612.0,standard,SD5,prophet,dtw,prophet,complete,0.3206523060798645
694.0,minmax,SD2,linear,dtw,prophet,average,0.5286725759506226
90.0,standard,SD4,median,dtw,prophet,weighted,0.3773140609264374
812.0,standard,SD2,mean,dtw,prophet,weighted,0.5305492281913757
853.0,standard,SD2,linear,dtw,prophet,weighted,0.5611516833305359
82.0,standard,SD2,median,euclidean,prophet,weighted,0.4773001968860626
38.0,standard,SD2,linear,euclidean,dtw,weighted,0.5460662245750427
510.0,standard,SD2,linear,euclidean,prophet,weighted,0.48215338587760925
618.0,standard,SD3,prophet,dtw,prophet,average,0.38715505599975586
555.0,standard,SD3,prophet,euclidean,prophet,average,0.43421581387519836
680.0,minmax,SD2,linear,dtw,prophet,average,0.5692128539085388
817.0,standard,SD5,linear,dtw,prophet,complete,0.30421900749206543
10.0,standard,SD2,linear,euclidean,prophet,centroid,0.4249970018863678
30.0,standard,SD2,linear,euclidean,median,weighted,0.5460662245750427
537.0,minmax,SD2,linear,dtw,prophet,weighted,0.428006649017334
183.0,standard,SD5,median,dtw,dtw,centroid,0.3108285367488861
680.0,minmax,SD2,median,dtw,prophet,average,0.4841673970222473
167.0,minmax,SD4,prophet,euclidean,mode,ward,0.08063910156488419
23.0,standard,SD4,linear,euclidean,dtw,hdbscan,0.299007773399353
415.0,standard,SD2,median,dtw,prophet,weighted,0.5468196272850037
661.0,minmax,SD2,linear,dtw,prophet,weighted,0.5530115962028503
476.0,minmax,SD2,linear,dtw,prophet,weighted,0.3919508457183838
790.0,standard,SD2,prophet,dtw,prophet,weighted,0.47270336747169495
5.0,minmax,SD2,linear,dtw,prophet,average,0.42881137132644653
45.0,zscore,SD2,linear,euclidean,prophet,weighted,0.0232715867459774
693.0,minmax,SD2,prophet,dtw,prophet,average,0.4712170660495758
512.0,standard,SD2,prophet,dtw,prophet,weighted,0.47380319237709045
959.0,standard,SD4,median,dtw,mean,weighted,0.06672936677932739
196.0,standard,SD2,linear,dtw,median,single,0.05465750768780708
554.0,standard,SD2,prophet,dtw,prophet,weighted,0.5005202889442444
640.0,standard,SD2,prophet,euclidean,prophet,average,0.5067370533943176
643.0,minmax,SD2,linear,dtw,prophet,average,0.5692128539085388
254.0,standard,SD2,linear,euclidean,mode,complete,0.5289544463157654
333.0,standard,SD2,median,dtw,prophet,weighted,0.5468196272850037
314.0,standard,SD2,linear,dtw,prophet,weighted,0.5272340178489685
802.0,standard,SD3,linear,dtw,dtw,average,0.25663134455680847
1128.0,standard,SD2,mean,dtw,mode,average,-0.0006796030793339014
733.0,zscore,SD2,linear,dtw,dtw,complete,0.1934957057237625
614.0,minmax,SD2,linear,dtw,prophet,weighted,0.5052351355552673
24.0,minmax,SD2,prophet,dtw,dtw,weighted,0.44636648893356323
794.0,standard,SD2,median,dtw,dtw,weighted,0.3049464523792267
1164.0,standard,SD2,linear,dtw,prophet,weighted,0.4495852589607239
474.0,standard,SD2,linear,euclidean,prophet,average,0.4786924421787262
15.0,standard,SD5,mean,euclidean,dtw,average,0.31083911657333374
823.0,minmax,SD2,linear,dtw,median,median,0.0019583934918045998
746.0,standard,SD2,linear,euclidean,prophet,weighted,0.4797748327255249
1128.0,standard,SD2,linear,dtw,prophet,weighted,0.4495852589607239
719.0,standard,SD6,linear,dtw,prophet,weighted,0.47145673632621765
742.0,minmax,SD2,prophet,dtw,prophet,average,0.5673394799232483
785.0,standard,SD2,linear,dtw,prophet,weighted,0.5611516833305359
40.0,standard,SD2,linear,euclidean,mode,hdbscan,0.5193545818328857
768.0,standard,SD2,prophet,euclidean,prophet,weighted,0.4823744595050812
655.0,minmax,SD2,median,dtw,prophet,weighted,0.4841673970222473
43.0,minmax,SD4,prophet,dtw,dtw,median,0.2481880784034729
535.0,standard,SD2,median,dtw,prophet,weighted,0.5204055309295654
6.0,standard,SD2,prophet,dtw,median,complete,0.4929027259349823
667.0,minmax,SD2,linear,dtw,prophet,weighted,0.5530115962028503
92.0,standard,SD3,linear,euclidean,mode,weighted,0.39804181456565857
1180.0,standard,SD3,linear,euclidean,dtw,weighted,0.22554801404476166
98.0,standard,SD3,mean,euclidean,prophet,single,0.13654698431491852
394.0,standard,SD2,linear,dtw,prophet,average,0.43189719319343567
35.0,standard,SD6,prophet,dtw,median,weighted,0.33245787024497986
8.0,standard,SD2,linear,dtw,dtw,centroid,0.37771350145339966
725.0,standard,SD2,prophet,dtw,prophet,weighted,0.47270336747169495
746.0,standard,SD2,prophet,dtw,prophet,weighted,0.47270336747169495
187.0,standard,SD2,mean,dtw,dtw,weighted,0.4985368549823761
734.0,standard,SD2,linear,dtw,prophet,weighted,0.5611516833305359
7.0,standard,SD2,prophet,dtw,mode,hdbscan,0.3489460349082947
664.0,minmax,SD4,linear,dtw,prophet,average,0.35919877886772156
4.0,standard,SD3,linear,dtw,mode,weighted,0.3671419620513916
633.0,standard,SD2,linear,euclidean,prophet,complete,0.4306257963180542
592.0,standard,SD2,linear,euclidean,prophet,weighted,0.533943235874176
680.0,standard,SD2,median,euclidean,prophet,weighted,0.4882667064666748
130.0,standard,SD2,mean,dtw,dtw,average,0.4407462477684021
754.0,minmax,SD2,prophet,dtw,prophet,average,0.5673394799232483
24.0,standard,SD3,mean,dtw,mean,average,0.3006056249141693
69.0,standard,SD2,linear,dtw,prophet,complete,0.41086840629577637
404.0,standard,SD2,linear,euclidean,prophet,complete,0.482900470495224
28.0,standard,SD2,linear,euclidean,dtw,complete,0.5340161323547363
8.0,standard,SD2,linear,euclidean,mode,weighted,0.5460662245750427
663.0,minmax,SD2,mean,dtw,prophet,average,0.5104764103889465
1093.0,standard,SD2,linear,dtw,dtw,single,0.10173378139734268
587.0,standard,SD2,linear,dtw,prophet,centroid,0.43069055676460266
825.0,standard,SD2,linear,dtw,prophet,weighted,0.5611516833305359
670.0,minmax,SD2,linear,dtw,prophet,average,0.5692128539085388
722.0,minmax,SD2,prophet,dtw,prophet,weighted,0.4712170660495758
859.0,standard,SD2,linear,dtw,mode,weighted,-0.05707758292555809
905.0,standard,SD3,median,dtw,mode,ward,-0.013204127550125122
497.0,standard,SD2,linear,dtw,prophet,centroid,0.36973750591278076
122.0,standard,SD2,prophet,dtw,prophet,hdbscan,0.3489460349082947
723.0,minmax,SD2,prophet,dtw,prophet,complete,0.4852644205093384
742.0,standard,SD2,linear,dtw,prophet,weighted,0.5611516833305359
121.0,standard,SD2,median,dtw,prophet,weighted,0.5468196272850037
468.0,standard,SD4,linear,dtw,prophet,weighted,0.38920190930366516
470.0,standard,SD2,mean,dtw,median,average,0.17425915598869324
793.0,standard,SD2,linear,dtw,prophet,weighted,0.5611516833305359
960.0,standard,SD3,mean,euclidean,prophet,ward,0.24405576288700104
686.0,minmax,SD2,prophet,dtw,prophet,average,0.5791485905647278
770.0,standard,SD2,linear,euclidean,prophet,average,0.4797748327255249
430.0,standard,SD2,mean,dtw,dtw,weighted,0.39275944232940674
4.0,standard,SD2,linear,euclidean,dtw,weighted,0.5438447594642639
853.0,standard,SD2,median,dtw,prophet,weighted,0.43327754735946655
564.0,standard,SD3,linear,dtw,prophet,weighted,0.4902960956096649
545.0,standard,SD2,prophet,euclidean,prophet,weighted,0.4673842191696167
102.0,zscore,SD2,mean,dtw,mode,hdbscan,0.0010000000474974513
687.0,minmax,SD2,linear,dtw,prophet,average,0.5692128539085388
677.0,minmax,SD2,linear,dtw,prophet,average,0.5692128539085388
55.0,standard,SD2,mean,dtw,mode,weighted,0.499836266040802
730.0,minmax,SD2,prophet,dtw,prophet,average,0.5673394799232483
860.0,standard,SD2,linear,dtw,prophet,weighted,0.5611516833305359
17.0,zscore,SD2,linear,euclidean,median,median,0.052112843841314316
94.0,standard,SD2,median,dtw,dtw,weighted,0.5569623708724976
2.0,minmax,SD6,linear,dtw,mean,single,0.043919701129198074
716.0,minmax,SD2,prophet,dtw,prophet,average,0.5673394799232483
196.0,standard,SD2,linear,euclidean,prophet,weighted,0.5460662245750427
39.0,standard,SD3,prophet,euclidean,mode,weighted,0.5356259346008301
97.0,standard,SD2,prophet,euclidean,dtw,weighted,0.45163625478744507
635.0,minmax,SD2,linear,dtw,prophet,average,0.5692128539085388
264.0,standard,SD2,prophet,euclidean,mode,weighted,0.48227110505104065
776.0,minmax,SD2,prophet,dtw,prophet,average,0.5273600220680237
663.0,minmax,SD2,prophet,dtw,prophet,average,0.5791485905647278
652.0,minmax,SD2,linear,dtw,prophet,average,0.5692128539085388
658.0,minmax,SD2,prophet,dtw,prophet,centroid,0.3940340578556061
1038.0,standard,SD2,linear,dtw,prophet,weighted,0.4608249366283417
663.0,standard,SD2,prophet,dtw,prophet,weighted,0.4834231734275818
54.0,standard,SD2,linear,euclidean,dtw,average,0.42906445264816284
609.0,standard,SD2,prophet,euclidean,prophet,weighted,0.5195993781089783
167.0,minmax,SD4,prophet,euclidean,mode,ward,0.08063910156488419
805.0,standard,SD2,linear,dtw,prophet,weighted,0.5611516833305359
588.0,standard,SD2,linear,dtw,prophet,weighted,0.48245081305503845
13.0,standard,SD2,linear,euclidean,prophet,average,0.5090407133102417
18.0,standard,SD4,mean,dtw,mode,complete,0.28906163573265076
383.0,minmax,SD2,linear,euclidean,dtw,median,0.27255359292030334
36.0,standard,SD2,median,euclidean,dtw,hdbscan,0.41999512910842896
824.0,standard,SD2,linear,dtw,prophet,weighted,0.5611516833305359
664.0,minmax,SD2,prophet,dtw,prophet,average,0.5791485905647278
756.0,standard,SD2,mean,dtw,prophet,weighted,0.5305492281913757
11.0,zscore,SD5,linear,euclidean,mode,median,0.04293837398290634
3.0,standard,SD2,prophet,euclidean,prophet,average,0.4998699426651001
673.0,minmax,SD2,linear,dtw,prophet,average,0.5692128539085388
879.0,standard,SD2,linear,dtw,prophet,weighted,0.5611516833305359
606.0,minmax,SD2,linear,dtw,prophet,average,0.5692128539085388
12.0,standard,SD2,mean,dtw,dtw,ward,0.43586811423301697
600.0,zscore,SD4,mean,dtw,median,centroid,0.1553179770708084
14.0,standard,SD2,linear,euclidean,dtw,weighted,0.5438447594642639
777.0,standard,SD2,linear,dtw,prophet,weighted,0.5611516833305359
154.0,standard,SD2,linear,dtw,mode,weighted,0.5272340178489685
811.0,standard,SD2,linear,dtw,prophet,weighted,0.5611516833305359
803.0,standard,SD5,linear,dtw,prophet,weighted,0.46491748094558716
25.0,standard,SD5,prophet,euclidean,prophet,average,0.39123526215553284
203.0,minmax,SD2,linear,euclidean,mode,weighted,0.28282007575035095
576.0,minmax,SD2,linear,dtw,prophet,average,0.5539580583572388
63.0,standard,SD2,prophet,euclidean,mode,complete,0.5231063961982727
709.0,standard,SD3,linear,dtw,prophet,weighted,0.4654054045677185
612.0,minmax,SD2,linear,dtw,prophet,average,0.5692128539085388
758.0,minmax,SD2,prophet,dtw,prophet,average,0.5673394799232483
646.0,minmax,SD2,linear,dtw,prophet,average,0.5692128539085388
673.0,minmax,SD2,median,euclidean,dtw,single,0.10555077344179153
900.0,minmax,SD5,prophet,euclidean,prophet,complete,0.09031080454587936
515.0,standard,SD2,median,dtw,prophet,weighted,0.5043859481811523
9.0,zscore,SD6,linear,dtw,prophet,weighted,-0.004423517733812332
750.0,minmax,SD2,prophet,dtw,prophet,average,0.5673394799232483
12.0,standard,SD2,median,euclidean,mode,weighted,0.4773001968860626
624.0,minmax,SD2,linear,dtw,prophet,average,0.5692128539085388
674.0,standard,SD2,linear,euclidean,prophet,average,0.4882667064666748
694.0,minmax,SD2,prophet,euclidean,prophet,average,0.20927664637565613
913.0,standard,SD2,linear,euclidean,prophet,weighted,0.4797748327255249
235.0,standard,SD2,mean,dtw,prophet,ward,0.43586811423301697
512.0,standard,SD3,linear,dtw,prophet,weighted,0.4816252589225769
517.0,standard,SD2,median,euclidean,prophet,weighted,0.477669358253479
611.0,standard,SD2,linear,dtw,prophet,hdbscan,0.49712976813316345
716.0,standard,SD3,linear,dtw,prophet,average,0.4853396713733673
658.0,standard,SD2,median,dtw,prophet,weighted,0.48245081305503845
