StudyPeriod,Comperiod,Scaling,Interpolation,Similarity,Unsynced,Linkmeth,ray/tune/_metric
602.0,513.0,standard,linear,euclidean,prophet,hdbscan,0.9698030948638916
695.0,619.0,standard,mean,euclidean,prophet,single,1.0
691.0,516.0,minmax,median,euclidean,prophet,single,0.8961002230644226
699.0,310.0,standard,mean,euclidean,prophet,single,1.0
663.0,23.0,standard,linear,dtw,prophet,hdbscan,0.7333364486694336
686.0,132.0,standard,mean,euclidean,mode,single,1.0
661.0,672.0,standard,median,euclidean,prophet,hdbscan,0.8323138356208801
642.0,239.0,standard,linear,euclidean,prophet,single,1.0
653.0,498.0,minmax,linear,euclidean,prophet,single,0.7891375422477722
684.0,144.0,standard,median,euclidean,dtw,hdbscan,0.967790961265564
658.0,393.0,standard,median,euclidean,prophet,hdbscan,0.9608706831932068
619.0,552.0,standard,mean,dtw,prophet,hdbscan,0.6615502238273621
625.0,509.0,standard,linear,euclidean,prophet,hdbscan,0.9969183206558228
695.0,347.0,standard,median,euclidean,dtw,hdbscan,0.834372341632843
650.0,127.0,standard,median,euclidean,dtw,hdbscan,0.9988219141960144
647.0,583.0,standard,prophet,euclidean,prophet,single,1.0
699.0,189.0,standard,linear,dtw,prophet,hdbscan,0.7982950806617737
621.0,293.0,minmax,linear,euclidean,median,hdbscan,0.3874226212501526
696.0,185.0,standard,linear,euclidean,mean,single,1.0
664.0,57.0,minmax,median,euclidean,median,single,0.9003995060920715
609.0,75.0,standard,prophet,dtw,dtw,complete,0.4540267586708069
694.0,634.0,minmax,linear,euclidean,prophet,hdbscan,0.8258354067802429
699.0,123.0,standard,median,euclidean,dtw,single,1.0
600.0,51.0,standard,prophet,euclidean,prophet,ward,0.6824919581413269
682.0,598.0,standard,prophet,euclidean,prophet,single,1.0
638.0,82.0,standard,mean,euclidean,median,hdbscan,0.998873233795166
697.0,163.0,standard,median,euclidean,prophet,single,1.0
608.0,290.0,standard,mean,euclidean,dtw,hdbscan,0.5988130569458008
699.0,449.0,standard,linear,euclidean,prophet,single,1.0
688.0,31.0,standard,linear,dtw,prophet,average,0.5035706162452698
699.0,16.0,zscore,mean,euclidean,prophet,ward,0.8437547087669373
689.0,445.0,standard,mean,euclidean,prophet,weighted,0.5737767815589905
609.0,297.0,standard,mean,dtw,prophet,centroid,0.3104659914970398
682.0,27.0,standard,linear,euclidean,prophet,single,1.0
694.0,4.0,zscore,prophet,euclidean,dtw,hdbscan,0.0010000000474974513
658.0,356.0,minmax,linear,euclidean,prophet,single,0.8972154855728149
641.0,494.0,standard,linear,euclidean,prophet,single,1.0
696.0,842.0,standard,mean,dtw,prophet,average,0.13693323731422424
688.0,23.0,standard,linear,euclidean,mean,hdbscan,0.9656091928482056
645.0,7.0,minmax,linear,euclidean,prophet,single,0.8932281136512756
662.0,342.0,standard,median,euclidean,prophet,single,1.0
696.0,397.0,minmax,prophet,euclidean,prophet,single,1.0
640.0,12.0,standard,median,euclidean,dtw,hdbscan,0.9988764524459839
666.0,623.0,standard,mean,dtw,dtw,hdbscan,0.6880954504013062
600.0,22.0,minmax,linear,euclidean,dtw,hdbscan,0.7832687497138977
628.0,353.0,standard,linear,euclidean,prophet,hdbscan,0.9978229403495789
600.0,560.0,standard,linear,dtw,mean,ward,0.12532241642475128
688.0,157.0,standard,median,euclidean,dtw,single,1.0
689.0,601.0,zscore,prophet,euclidean,prophet,hdbscan,0.0003292759647592902
601.0,143.0,standard,median,euclidean,prophet,hdbscan,0.9687626361846924
699.0,197.0,minmax,mean,euclidean,prophet,single,1.0
699.0,266.0,standard,median,euclidean,prophet,hdbscan,0.9721153378486633
673.0,13.0,standard,median,euclidean,mean,single,1.0
699.0,1077.0,standard,mean,euclidean,dtw,hdbscan,0.6127349734306335
699.0,335.0,standard,linear,euclidean,prophet,single,1.0
664.0,1180.0,zscore,prophet,dtw,dtw,single,0.0001034136294038035
604.0,326.0,standard,mean,dtw,prophet,single,0.05583252012729645
670.0,572.0,standard,median,euclidean,prophet,hdbscan,0.9617611169815063
654.0,43.0,standard,linear,euclidean,mean,hdbscan,0.9976555705070496
647.0,145.0,standard,prophet,euclidean,prophet,hdbscan,0.9988400936126709
699.0,533.0,minmax,mean,euclidean,prophet,hdbscan,0.8636016845703125
699.0,637.0,minmax,median,euclidean,prophet,single,1.0
699.0,19.0,standard,mean,euclidean,prophet,single,1.0
654.0,164.0,standard,mean,euclidean,dtw,single,1.0
687.0,44.0,standard,linear,euclidean,dtw,single,1.0
622.0,428.0,standard,linear,euclidean,prophet,hdbscan,0.9990574717521667
699.0,64.0,minmax,mean,euclidean,prophet,single,1.0
699.0,74.0,zscore,prophet,euclidean,mode,ward,0.8437547087669373
629.0,52.0,standard,median,euclidean,dtw,single,1.0
633.0,408.0,standard,linear,euclidean,prophet,hdbscan,0.9988862872123718
699.0,232.0,minmax,median,euclidean,prophet,single,1.0
698.0,40.0,standard,mean,euclidean,prophet,single,1.0
688.0,384.0,standard,mean,euclidean,prophet,single,1.0
617.0,284.0,standard,linear,euclidean,prophet,single,0.8825600743293762
661.0,652.0,standard,linear,euclidean,mean,hdbscan,9.388580656377599e-05
695.0,19.0,standard,mean,euclidean,dtw,single,1.0
677.0,616.0,standard,mean,euclidean,prophet,single,1.0
630.0,341.0,minmax,mean,euclidean,prophet,single,0.8730260729789734
695.0,1061.0,zscore,prophet,euclidean,prophet,hdbscan,0.0010000000474974513
690.0,309.0,standard,prophet,euclidean,prophet,single,1.0
600.0,249.0,standard,linear,euclidean,median,ward,0.5913520455360413
661.0,267.0,standard,linear,euclidean,prophet,single,1.0
692.0,239.0,standard,mean,euclidean,prophet,hdbscan,0.9713242650032043
688.0,174.0,minmax,linear,euclidean,mean,single,0.8947790861129761
640.0,143.0,zscore,linear,euclidean,prophet,ward,0.8442741632461548
602.0,545.0,standard,mean,euclidean,prophet,hdbscan,0.9679136276245117
699.0,166.0,standard,mean,dtw,mean,hdbscan,0.7982950806617737
699.0,317.0,standard,median,euclidean,prophet,median,0.34704235196113586
637.0,451.0,zscore,median,dtw,mean,weighted,0.014098653569817543
699.0,5.0,standard,prophet,euclidean,prophet,weighted,0.5529332756996155
676.0,269.0,zscore,mean,euclidean,mode,ward,0.5904505848884583
649.0,97.0,standard,mean,euclidean,mean,hdbscan,0.9988266825675964
663.0,245.0,minmax,median,euclidean,prophet,single,0.899829626083374
695.0,228.0,standard,linear,euclidean,prophet,single,1.0
695.0,407.0,minmax,prophet,euclidean,prophet,single,0.8943812847137451
697.0,418.0,minmax,median,euclidean,prophet,single,1.0
692.0,79.0,standard,mean,euclidean,prophet,single,1.0
680.0,212.0,standard,mean,euclidean,prophet,single,1.0
685.0,122.0,standard,prophet,euclidean,mean,hdbscan,0.9659412503242493
699.0,112.0,standard,median,euclidean,prophet,hdbscan,0.9721153378486633
690.0,121.0,standard,prophet,euclidean,median,single,1.0
692.0,394.0,standard,prophet,euclidean,prophet,single,1.0
689.0,23.0,minmax,mean,euclidean,dtw,ward,0.7165100574493408
635.0,587.0,minmax,mean,euclidean,prophet,hdbscan,0.7742670774459839
653.0,287.0,minmax,linear,euclidean,prophet,hdbscan,0.8109518885612488
654.0,29.0,standard,mean,euclidean,prophet,average,0.6159628033638
698.0,820.0,standard,median,euclidean,prophet,single,0.00032967847073450685
676.0,10.0,standard,mean,euclidean,mean,single,1.0
605.0,480.0,standard,linear,euclidean,prophet,ward,0.5964758396148682
699.0,143.0,minmax,mean,euclidean,prophet,single,1.0
603.0,655.0,standard,mean,euclidean,prophet,centroid,0.3440603017807007
682.0,531.0,standard,prophet,euclidean,prophet,single,1.0
691.0,245.0,standard,prophet,euclidean,prophet,single,1.0
698.0,612.0,standard,prophet,euclidean,mean,complete,0.12318027764558792
638.0,304.0,standard,mean,euclidean,prophet,single,1.0
687.0,48.0,standard,mean,euclidean,dtw,single,1.0
675.0,122.0,standard,mean,euclidean,median,single,1.0
664.0,144.0,standard,prophet,euclidean,mode,single,1.0
626.0,4.0,standard,prophet,euclidean,dtw,single,1.0
635.0,35.0,standard,prophet,euclidean,prophet,hdbscan,0.9988783597946167
665.0,609.0,standard,mean,euclidean,prophet,single,1.0
634.0,2.0,standard,mean,dtw,prophet,complete,0.5016135573387146
668.0,50.0,standard,prophet,euclidean,prophet,single,1.0
648.0,406.0,standard,prophet,euclidean,prophet,hdbscan,0.998831033706665
659.0,156.0,standard,prophet,euclidean,dtw,single,1.0
638.0,368.0,minmax,linear,euclidean,prophet,single,1.0
664.0,149.0,standard,mean,euclidean,mean,single,1.0
683.0,178.0,minmax,mean,euclidean,prophet,single,0.8967976570129395
696.0,5.0,zscore,linear,dtw,prophet,complete,0.19120019674301147
609.0,1070.0,standard,prophet,euclidean,dtw,hdbscan,0.4594650864601135
633.0,329.0,standard,linear,euclidean,prophet,hdbscan,0.9988862872123718
601.0,6.0,standard,mean,dtw,mean,ward,0.5938047766685486
654.0,536.0,standard,linear,euclidean,prophet,hdbscan,0.9976555705070496
695.0,224.0,standard,median,euclidean,dtw,single,1.0
616.0,396.0,standard,mean,euclidean,prophet,single,0.7013530135154724
684.0,212.0,standard,linear,euclidean,median,hdbscan,0.967790961265564
699.0,292.0,standard,median,euclidean,mean,hdbscan,0.6293247938156128
663.0,126.0,standard,mean,euclidean,prophet,hdbscan,0.9610984921455383
694.0,44.0,standard,prophet,euclidean,dtw,single,1.0
699.0,9.0,standard,linear,euclidean,median,average,0.7883613705635071
696.0,224.0,standard,mean,euclidean,mean,single,1.0
674.0,2.0,standard,median,euclidean,median,single,1.0
699.0,164.0,standard,median,euclidean,mode,single,1.0
628.0,554.0,standard,prophet,euclidean,prophet,hdbscan,0.9978229403495789
697.0,105.0,standard,mean,euclidean,dtw,single,1.0
666.0,153.0,zscore,linear,euclidean,mean,ward,0.8390884399414062
693.0,378.0,standard,prophet,euclidean,median,median,0.3009980320930481
659.0,78.0,zscore,median,euclidean,mode,single,0.00014765321975573897
699.0,645.0,standard,mean,dtw,dtw,hdbscan,0.7704529762268066
698.0,426.0,minmax,linear,euclidean,prophet,single,1.0
663.0,552.0,standard,median,euclidean,prophet,average,0.5146877765655518
635.0,428.0,standard,linear,euclidean,prophet,hdbscan,0.9988783597946167
687.0,191.0,standard,mean,euclidean,mode,single,1.0
683.0,104.0,standard,linear,dtw,median,ward,0.557289719581604
601.0,3.0,standard,linear,dtw,prophet,weighted,0.3982822299003601
688.0,580.0,standard,mean,euclidean,prophet,single,1.0
675.0,410.0,standard,linear,euclidean,prophet,single,1.0
698.0,396.0,minmax,median,euclidean,prophet,single,1.0
679.0,30.0,standard,mean,dtw,prophet,weighted,0.5380883812904358
699.0,53.0,standard,linear,dtw,dtw,single,0.2193823903799057
699.0,278.0,standard,mean,dtw,prophet,weighted,0.4897002577781677
650.0,441.0,standard,mean,euclidean,mode,hdbscan,0.10384108871221542
635.0,12.0,standard,mean,euclidean,mode,single,1.0
686.0,27.0,standard,prophet,euclidean,prophet,single,1.0
658.0,250.0,standard,median,euclidean,prophet,hdbscan,0.9608706831932068
649.0,499.0,standard,median,euclidean,prophet,single,1.0
602.0,10.0,zscore,median,euclidean,prophet,average,0.0011064551072195172
699.0,383.0,standard,prophet,euclidean,mean,ward,0.6819620132446289
698.0,90.0,standard,prophet,euclidean,mean,median,0.3864689767360687
632.0,154.0,standard,linear,euclidean,prophet,hdbscan,0.9988882541656494
699.0,498.0,minmax,median,euclidean,prophet,single,1.0
606.0,134.0,standard,median,euclidean,prophet,single,0.8840328454971313
687.0,797.0,standard,linear,euclidean,prophet,complete,0.21626999974250793
696.0,372.0,standard,mean,dtw,prophet,single,0.21745598316192627
692.0,197.0,zscore,prophet,euclidean,median,ward,0.8450339436531067
691.0,59.0,zscore,median,dtw,median,hdbscan,0.0010000000474974513
697.0,560.0,standard,prophet,euclidean,prophet,ward,0.7357287406921387
693.0,596.0,standard,mean,euclidean,prophet,hdbscan,0.9734314680099487
638.0,385.0,standard,prophet,euclidean,prophet,single,1.0
698.0,30.0,zscore,median,euclidean,prophet,average,0.0011113035725429654
680.0,524.0,standard,mean,dtw,prophet,hdbscan,0.7597967386245728
695.0,573.0,standard,linear,dtw,prophet,single,0.21692217886447906
657.0,20.0,standard,median,euclidean,mode,ward,0.7672557830810547
695.0,56.0,standard,prophet,euclidean,dtw,single,1.0
694.0,877.0,standard,linear,euclidean,prophet,median,0.3052302896976471
684.0,340.0,standard,mean,euclidean,prophet,hdbscan,0.967790961265564
640.0,235.0,standard,mean,euclidean,dtw,single,0.4761844277381897
677.0,60.0,standard,median,euclidean,mode,hdbscan,0.9684234261512756
699.0,623.0,minmax,mean,euclidean,prophet,single,1.0
683.0,28.0,standard,mean,dtw,median,median,0.39803823828697205
666.0,181.0,standard,median,euclidean,prophet,single,1.0
673.0,466.0,standard,mean,euclidean,prophet,single,1.0
600.0,26.0,standard,prophet,euclidean,mean,hdbscan,0.968859076499939
692.0,57.0,standard,prophet,dtw,mean,weighted,0.3683086633682251
691.0,457.0,standard,linear,dtw,prophet,centroid,0.35700783133506775
661.0,288.0,standard,prophet,euclidean,prophet,single,1.0
600.0,375.0,standard,mean,euclidean,dtw,single,4.878649633610621e-05
691.0,180.0,standard,mean,euclidean,mean,single,1.0
621.0,550.0,standard,median,euclidean,prophet,hdbscan,0.9969748854637146
667.0,7.0,standard,median,dtw,dtw,hdbscan,0.7388719320297241
687.0,40.0,standard,linear,euclidean,prophet,single,1.0
685.0,112.0,standard,median,euclidean,prophet,single,1.0
679.0,496.0,minmax,linear,euclidean,prophet,hdbscan,0.8268084526062012
694.0,97.0,standard,linear,euclidean,dtw,single,1.0
696.0,134.0,standard,mean,euclidean,prophet,hdbscan,0.9729142785072327
696.0,316.0,minmax,mean,euclidean,prophet,single,1.0
697.0,44.0,minmax,prophet,euclidean,prophet,single,1.0
697.0,349.0,standard,median,euclidean,median,weighted,0.49860134720802307
695.0,1029.0,standard,prophet,euclidean,prophet,centroid,0.14639005064964294
688.0,112.0,standard,mean,euclidean,mean,single,1.0
696.0,7.0,standard,linear,euclidean,dtw,centroid,0.49495646357536316
640.0,393.0,standard,median,euclidean,prophet,hdbscan,0.9988764524459839
644.0,297.0,minmax,mean,euclidean,prophet,single,0.890622079372406
689.0,46.0,standard,median,euclidean,mean,single,1.0
677.0,288.0,zscore,prophet,euclidean,prophet,ward,0.7588604688644409
694.0,512.0,standard,linear,euclidean,prophet,hdbscan,0.9733752608299255
627.0,334.0,standard,median,euclidean,prophet,single,1.0
666.0,31.0,standard,median,euclidean,prophet,weighted,0.4709470868110657
645.0,88.0,standard,prophet,euclidean,mode,hdbscan,0.9988486766815186
648.0,485.0,standard,prophet,euclidean,prophet,hdbscan,0.998831033706665
682.0,165.0,standard,median,euclidean,median,single,1.0
699.0,493.0,standard,prophet,euclidean,prophet,single,1.0
666.0,278.0,standard,linear,euclidean,prophet,hdbscan,0.9605273604393005
621.0,589.0,standard,linear,euclidean,prophet,hdbscan,0.9929117560386658
678.0,10.0,zscore,mean,euclidean,prophet,ward,0.8446300625801086
684.0,311.0,minmax,mean,euclidean,prophet,single,0.8959198594093323
697.0,299.0,standard,mean,euclidean,prophet,single,1.0
699.0,303.0,standard,median,euclidean,prophet,hdbscan,0.9721153378486633
697.0,639.0,minmax,prophet,euclidean,prophet,single,1.0
690.0,484.0,standard,mean,euclidean,prophet,single,1.0
642.0,124.0,standard,linear,euclidean,mean,hdbscan,0.9756321907043457
684.0,3.0,standard,mean,euclidean,dtw,average,0.7880783081054688
691.0,447.0,standard,median,euclidean,prophet,single,1.0
612.0,341.0,standard,median,euclidean,prophet,hdbscan,0.9727638959884644
643.0,6.0,standard,median,euclidean,mode,hdbscan,0.99886155128479
696.0,73.0,standard,prophet,euclidean,dtw,single,1.0
638.0,541.0,standard,linear,euclidean,prophet,single,1.0
693.0,66.0,standard,linear,euclidean,prophet,single,1.0
687.0,29.0,standard,linear,dtw,mean,hdbscan,0.7718095183372498
638.0,23.0,standard,median,euclidean,prophet,hdbscan,0.998873233795166
640.0,9.0,minmax,prophet,euclidean,dtw,hdbscan,0.8550325036048889
695.0,30.0,standard,linear,euclidean,prophet,single,1.0
604.0,282.0,standard,linear,euclidean,prophet,hdbscan,0.9667946100234985
691.0,48.0,standard,linear,euclidean,median,single,1.0
689.0,419.0,standard,linear,euclidean,prophet,single,1.0
606.0,568.0,standard,mean,euclidean,mode,single,0.00016705637972336262
680.0,13.0,standard,median,euclidean,prophet,single,1.0
636.0,215.0,standard,linear,euclidean,prophet,single,1.0
699.0,425.0,standard,mean,dtw,prophet,ward,0.4137738347053528
663.0,485.0,standard,median,euclidean,prophet,single,1.0
689.0,534.0,standard,prophet,euclidean,prophet,single,1.0
652.0,313.0,standard,linear,euclidean,prophet,single,1.0
695.0,250.0,standard,linear,euclidean,mode,single,1.0
693.0,11.0,standard,prophet,euclidean,mean,single,1.0
656.0,147.0,standard,linear,euclidean,mode,hdbscan,0.9976159930229187
690.0,580.0,zscore,linear,euclidean,median,hdbscan,0.0014756352175027132
691.0,33.0,standard,linear,euclidean,median,single,1.0
699.0,453.0,standard,prophet,dtw,dtw,average,0.49991610646247864
699.0,605.0,standard,linear,euclidean,prophet,single,1.0
620.0,370.0,zscore,mean,euclidean,prophet,hdbscan,0.0010000000474974513
699.0,272.0,minmax,prophet,euclidean,dtw,single,0.8556275367736816
679.0,207.0,standard,mean,euclidean,prophet,hdbscan,0.9690695405006409
632.0,284.0,standard,mean,euclidean,prophet,hdbscan,0.9988882541656494
694.0,127.0,standard,prophet,euclidean,mode,single,1.0
618.0,175.0,standard,linear,euclidean,prophet,average,0.5018384456634521
653.0,30.0,standard,mean,euclidean,dtw,single,1.0
605.0,315.0,standard,mean,euclidean,prophet,ward,0.6873942613601685
697.0,499.0,zscore,linear,dtw,prophet,hdbscan,0.0010000000474974513
600.0,156.0,standard,prophet,euclidean,dtw,hdbscan,0.6252835988998413
698.0,244.0,standard,median,euclidean,median,single,1.0
696.0,498.0,standard,prophet,euclidean,prophet,single,1.0
699.0,550.0,standard,mean,dtw,prophet,hdbscan,0.7982950806617737
696.0,110.0,standard,mean,euclidean,mean,single,1.0
682.0,324.0,standard,median,euclidean,prophet,single,1.0
647.0,7.0,standard,linear,euclidean,mean,hdbscan,0.9988400936126709
698.0,194.0,standard,mean,euclidean,mean,hdbscan,0.9723959565162659
629.0,6.0,zscore,median,euclidean,mean,ward,0.8462937474250793
694.0,237.0,standard,linear,euclidean,dtw,hdbscan,0.9733752608299255
699.0,236.0,standard,median,dtw,prophet,complete,0.5550007224082947
699.0,251.0,minmax,prophet,dtw,prophet,hdbscan,0.7439687252044678
694.0,176.0,standard,mean,euclidean,median,hdbscan,0.9733752608299255
600.0,953.0,minmax,mean,dtw,mode,median,0.005154640879482031
692.0,522.0,standard,linear,dtw,mean,hdbscan,0.008130980655550957
669.0,326.0,standard,mean,euclidean,prophet,single,1.0
633.0,162.0,standard,median,euclidean,median,single,0.895308256149292
697.0,25.0,zscore,linear,euclidean,prophet,median,0.005118778441101313
650.0,484.0,standard,linear,euclidean,prophet,single,1.0
699.0,456.0,standard,linear,euclidean,prophet,complete,0.40307876467704773
698.0,12.0,standard,linear,euclidean,dtw,hdbscan,0.9723959565162659
696.0,219.0,minmax,linear,euclidean,prophet,single,1.0
688.0,105.0,standard,mean,euclidean,mode,single,1.0
641.0,393.0,standard,median,euclidean,mode,average,0.002535213017836213
635.0,84.0,standard,linear,euclidean,median,hdbscan,0.9988783597946167
641.0,333.0,standard,linear,euclidean,prophet,single,1.0
699.0,257.0,standard,mean,euclidean,dtw,hdbscan,0.9721153378486633
699.0,453.0,standard,linear,dtw,prophet,hdbscan,0.7982950806617737
665.0,8.0,standard,mean,euclidean,prophet,ward,0.7487155795097351
649.0,339.0,standard,mean,euclidean,prophet,single,1.0
694.0,515.0,standard,mean,euclidean,prophet,single,1.0
699.0,541.0,minmax,linear,euclidean,prophet,single,1.0
602.0,27.0,zscore,linear,euclidean,prophet,ward,0.6422165036201477
606.0,1013.0,standard,median,euclidean,prophet,ward,0.2773668169975281
638.0,358.0,standard,prophet,euclidean,prophet,hdbscan,0.998873233795166
693.0,191.0,zscore,linear,euclidean,dtw,average,0.0009078129660338163
656.0,552.0,standard,prophet,euclidean,prophet,single,1.0
691.0,11.0,minmax,median,euclidean,prophet,hdbscan,0.8632230758666992
696.0,4.0,standard,mean,euclidean,median,single,1.0
695.0,40.0,standard,median,euclidean,dtw,single,1.0
692.0,410.0,standard,median,dtw,dtw,ward,0.5978473424911499
672.0,163.0,standard,linear,euclidean,median,hdbscan,0.9638418555259705
699.0,392.0,standard,prophet,dtw,prophet,hdbscan,0.792548656463623
600.0,417.0,minmax,linear,euclidean,prophet,hdbscan,0.782891571521759
699.0,622.0,standard,mean,euclidean,prophet,hdbscan,0.9721153378486633
698.0,72.0,minmax,mean,euclidean,median,single,1.0
683.0,60.0,standard,linear,euclidean,dtw,single,1.0
698.0,209.0,standard,mean,euclidean,mean,average,0.7872247695922852
668.0,727.0,standard,prophet,euclidean,mode,ward,0.06719658523797989
645.0,349.0,standard,mean,euclidean,prophet,single,1.0
667.0,603.0,standard,mean,euclidean,prophet,hdbscan,0.996252179145813
601.0,432.0,standard,linear,dtw,prophet,hdbscan,0.6279383301734924
637.0,448.0,standard,linear,euclidean,prophet,hdbscan,0.9988859295845032
699.0,2.0,minmax,mean,euclidean,mode,hdbscan,0.8653678297996521
668.0,187.0,minmax,median,euclidean,median,single,0.8991789221763611
682.0,501.0,standard,prophet,euclidean,prophet,single,1.0
638.0,89.0,standard,median,euclidean,dtw,hdbscan,0.998873233795166
601.0,341.0,standard,linear,euclidean,mean,hdbscan,0.009604928083717823
695.0,155.0,standard,prophet,euclidean,median,single,1.0
687.0,1049.0,minmax,prophet,euclidean,median,ward,0.07250691205263138
676.0,483.0,standard,mean,euclidean,prophet,hdbscan,0.9685532450675964
825.0,451.0,zscore,median,dtw,mean,weighted,0.005634523928165436
675.0,383.0,standard,linear,euclidean,prophet,single,1.0
673.0,494.0,standard,prophet,euclidean,prophet,ward,0.7146746516227722
699.0,42.0,standard,linear,euclidean,dtw,single,1.0
646.0,434.0,standard,mean,euclidean,prophet,hdbscan,0.998849093914032
671.0,432.0,standard,linear,euclidean,prophet,hdbscan,0.9628089666366577
675.0,22.0,standard,mean,euclidean,mode,hdbscan,0.9679907560348511
667.0,178.0,standard,linear,dtw,prophet,ward,0.4881460964679718
666.0,6.0,minmax,linear,euclidean,mean,single,0.8994045257568359
660.0,616.0,standard,linear,euclidean,prophet,single,1.0
680.0,4.0,minmax,mean,euclidean,dtw,hdbscan,0.8293276429176331
631.0,488.0,standard,prophet,euclidean,prophet,hdbscan,1.0
688.0,158.0,standard,prophet,euclidean,prophet,hdbscan,0.9656091928482056
671.0,82.0,standard,mean,euclidean,prophet,single,1.0
699.0,677.0,standard,linear,euclidean,prophet,single,1.0
699.0,427.0,standard,mean,euclidean,prophet,centroid,0.49620673060417175
673.0,191.0,standard,linear,euclidean,mean,single,0.3322065472602844
648.0,397.0,minmax,median,euclidean,prophet,single,0.8946583271026611
699.0,460.0,zscore,median,euclidean,prophet,ward,0.41592133045196533
663.0,3.0,zscore,mean,euclidean,mean,ward,0.8385430574417114
697.0,101.0,minmax,linear,euclidean,dtw,single,1.0
630.0,249.0,standard,prophet,euclidean,prophet,hdbscan,0.9978156089782715
666.0,396.0,standard,mean,euclidean,prophet,ward,0.7336505055427551
682.0,698.0,standard,prophet,euclidean,mode,weighted,0.12439042329788208
695.0,414.0,minmax,mean,euclidean,median,ward,0.45735418796539307
688.0,56.0,standard,linear,euclidean,dtw,single,1.0
699.0,199.0,minmax,prophet,euclidean,mean,hdbscan,0.8652237057685852
668.0,262.0,standard,linear,euclidean,prophet,single,1.0
601.0,3.0,minmax,linear,euclidean,median,ward,0.6634951233863831
692.0,58.0,standard,mean,euclidean,dtw,single,1.0
646.0,328.0,standard,prophet,euclidean,prophet,hdbscan,0.998849093914032
687.0,18.0,minmax,linear,euclidean,prophet,single,0.895937442779541
683.0,24.0,standard,mean,euclidean,prophet,single,1.0
600.0,234.0,standard,prophet,euclidean,prophet,ward,0.6824919581413269
684.0,24.0,standard,mean,euclidean,prophet,single,1.0
602.0,318.0,standard,linear,euclidean,prophet,hdbscan,0.9670063257217407
693.0,276.0,standard,mean,euclidean,prophet,hdbscan,0.9734314680099487
699.0,398.0,zscore,linear,euclidean,prophet,single,-1.1293334864603821e-05
693.0,31.0,standard,prophet,euclidean,prophet,single,1.0
632.0,582.0,standard,linear,euclidean,prophet,hdbscan,0.9988882541656494
600.0,457.0,standard,mean,euclidean,prophet,complete,0.31405720114707947
696.0,210.0,minmax,linear,euclidean,median,single,1.0
699.0,197.0,standard,mean,euclidean,prophet,hdbscan,0.9721153378486633
612.0,18.0,zscore,prophet,euclidean,median,ward,0.8503671288490295
699.0,518.0,zscore,linear,euclidean,prophet,average,0.00020002550445497036
695.0,320.0,standard,mean,euclidean,prophet,single,1.0
691.0,15.0,standard,linear,dtw,mean,average,0.5013779401779175
699.0,11.0,standard,linear,euclidean,prophet,complete,0.5408522486686707
633.0,66.0,standard,mean,euclidean,dtw,hdbscan,0.9988862872123718
647.0,94.0,standard,median,euclidean,prophet,single,1.0
665.0,88.0,standard,median,euclidean,dtw,single,1.0
620.0,126.0,standard,mean,euclidean,prophet,hdbscan,0.9980117082595825
631.0,364.0,standard,median,euclidean,prophet,single,1.0
628.0,524.0,minmax,mean,euclidean,prophet,hdbscan,0.8037316799163818
671.0,427.0,standard,mean,euclidean,prophet,single,1.0
660.0,82.0,standard,linear,euclidean,dtw,single,1.0
685.0,295.0,standard,mean,euclidean,prophet,single,1.0
629.0,213.0,minmax,mean,euclidean,prophet,hdbscan,0.8038653135299683
699.0,369.0,minmax,linear,euclidean,prophet,hdbscan,0.8654578924179077
678.0,8.0,standard,median,dtw,prophet,centroid,0.496232807636261
663.0,329.0,standard,prophet,euclidean,prophet,hdbscan,0.9610984921455383
699.0,441.0,minmax,mean,euclidean,prophet,single,1.0
630.0,101.0,standard,prophet,euclidean,mean,single,0.23513181507587433
648.0,149.0,standard,prophet,euclidean,prophet,hdbscan,0.998831033706665
699.0,211.0,standard,median,euclidean,prophet,single,1.0
697.0,46.0,standard,mean,euclidean,prophet,median,0.388044148683548
694.0,28.0,standard,mean,dtw,dtw,hdbscan,0.7864030003547668
631.0,145.0,standard,mean,euclidean,dtw,ward,0.7155685424804688
656.0,53.0,standard,linear,euclidean,dtw,single,1.0
663.0,23.0,standard,linear,euclidean,mode,single,1.0
619.0,393.0,standard,mean,euclidean,prophet,hdbscan,0.9734223484992981
641.0,552.0,standard,linear,euclidean,prophet,hdbscan,0.998867928981781
678.0,262.0,standard,prophet,euclidean,median,single,0.3525203764438629
696.0,289.0,standard,median,euclidean,prophet,single,1.0
699.0,395.0,minmax,mean,euclidean,prophet,single,1.0
635.0,365.0,standard,mean,euclidean,prophet,single,1.0
697.0,635.0,standard,linear,euclidean,prophet,single,1.0
603.0,542.0,standard,linear,euclidean,dtw,hdbscan,0.2939028739929199
688.0,226.0,zscore,prophet,euclidean,prophet,ward,0.8407005071640015
698.0,847.0,standard,mean,dtw,prophet,ward,0.29803574085235596
696.0,126.0,standard,mean,euclidean,prophet,single,1.0
684.0,3.0,standard,mean,euclidean,prophet,hdbscan,0.967790961265564
636.0,14.0,zscore,mean,euclidean,dtw,ward,0.8462826609611511
699.0,148.0,standard,prophet,euclidean,mode,hdbscan,0.9721153378486633
645.0,522.0,standard,prophet,euclidean,prophet,single,1.0
675.0,166.0,standard,mean,euclidean,prophet,single,1.0
672.0,367.0,standard,median,euclidean,prophet,hdbscan,0.9638418555259705
639.0,445.0,minmax,linear,euclidean,prophet,hdbscan,0.8534194827079773
688.0,111.0,standard,mean,euclidean,dtw,single,1.0
659.0,444.0,standard,mean,dtw,prophet,hdbscan,0.725383996963501
687.0,259.0,minmax,prophet,euclidean,prophet,single,0.895937442779541
682.0,439.0,standard,linear,euclidean,prophet,single,1.0
665.0,114.0,standard,mean,euclidean,dtw,hdbscan,0.9611749649047852
699.0,180.0,standard,mean,euclidean,prophet,single,1.0
600.0,452.0,standard,linear,euclidean,prophet,centroid,0.3792421221733093
699.0,342.0,zscore,mean,euclidean,median,hdbscan,0.014645768329501152
697.0,37.0,standard,prophet,euclidean,prophet,average,0.7877056002616882
699.0,297.0,standard,median,euclidean,dtw,single,0.727604866027832
699.0,232.0,standard,linear,euclidean,mean,single,1.0
654.0,506.0,standard,prophet,euclidean,prophet,single,1.0
651.0,295.0,standard,median,euclidean,prophet,hdbscan,0.9988220930099487
667.0,236.0,standard,prophet,euclidean,mean,ward,0.6330440044403076
694.0,302.0,standard,prophet,euclidean,prophet,hdbscan,0.9733752608299255
693.0,93.0,zscore,linear,euclidean,prophet,hdbscan,0.0010000000474974513
686.0,510.0,standard,mean,euclidean,prophet,hdbscan,0.9657782912254333
632.0,84.0,standard,prophet,dtw,mode,average,0.48837366700172424
663.0,7.0,standard,prophet,euclidean,mean,single,1.0
661.0,192.0,standard,mean,euclidean,prophet,hdbscan,0.9614272713661194
699.0,175.0,minmax,mean,euclidean,prophet,hdbscan,0.8653678297996521
646.0,385.0,standard,mean,euclidean,prophet,single,1.0
601.0,476.0,standard,mean,euclidean,prophet,hdbscan,0.9698793292045593
676.0,186.0,standard,median,euclidean,dtw,single,1.0
604.0,192.0,standard,linear,euclidean,prophet,hdbscan,0.9684211611747742
679.0,276.0,standard,mean,euclidean,prophet,hdbscan,0.9690695405006409
698.0,449.0,standard,prophet,euclidean,dtw,hdbscan,0.5874826312065125
693.0,252.0,standard,mean,euclidean,prophet,single,1.0
698.0,57.0,standard,mean,euclidean,mode,single,1.0
661.0,238.0,standard,linear,euclidean,prophet,ward,0.7437527179718018
658.0,8.0,zscore,median,euclidean,dtw,ward,0.8420403599739075
699.0,1092.0,standard,prophet,euclidean,prophet,weighted,0.30242252349853516
699.0,395.0,minmax,median,euclidean,prophet,single,1.0
699.0,19.0,zscore,linear,euclidean,mean,ward,0.8437547087669373
691.0,401.0,zscore,median,euclidean,dtw,ward,0.43562817573547363
695.0,458.0,standard,prophet,dtw,prophet,median,0.39561784267425537
645.0,427.0,standard,linear,euclidean,prophet,single,1.0
667.0,169.0,standard,median,euclidean,dtw,single,1.0
698.0,276.0,standard,prophet,dtw,median,hdbscan,0.7906903624534607
655.0,322.0,standard,linear,euclidean,prophet,ward,0.7345569133758545
655.0,383.0,minmax,mean,euclidean,prophet,hdbscan,0.8122026920318604
678.0,600.0,standard,median,euclidean,dtw,ward,0.8234906792640686
696.0,197.0,standard,linear,euclidean,dtw,single,1.0
694.0,16.0,standard,mean,euclidean,prophet,hdbscan,0.9733752608299255
683.0,140.0,standard,prophet,euclidean,dtw,single,1.0
695.0,58.0,zscore,linear,euclidean,prophet,complete,0.46407943964004517
697.0,600.0,standard,median,euclidean,prophet,single,1.0
609.0,548.0,standard,linear,euclidean,prophet,hdbscan,0.9942113757133484
699.0,196.0,minmax,mean,euclidean,mode,single,1.0
699.0,313.0,minmax,mean,euclidean,prophet,single,1.0
696.0,279.0,minmax,linear,euclidean,prophet,single,1.0
697.0,566.0,standard,linear,dtw,prophet,ward,0.42987972497940063
699.0,278.0,standard,mean,euclidean,mean,single,0.14348848164081573
604.0,678.0,zscore,mean,dtw,median,median,2.6302961487090215e-05
687.0,297.0,standard,median,euclidean,prophet,hdbscan,0.9659895896911621
695.0,222.0,standard,median,euclidean,mode,single,1.0
683.0,169.0,standard,mean,euclidean,mode,single,1.0
668.0,96.0,standard,mean,euclidean,mean,single,1.0
649.0,214.0,standard,mean,euclidean,prophet,single,1.0
672.0,199.0,standard,linear,euclidean,dtw,single,1.0
699.0,233.0,standard,linear,euclidean,dtw,single,1.0
685.0,135.0,minmax,mean,euclidean,median,single,0.8960191607475281
663.0,311.0,standard,linear,euclidean,prophet,single,1.0
699.0,402.0,standard,median,euclidean,prophet,average,0.7883613705635071
603.0,730.0,standard,median,dtw,prophet,hdbscan,0.30314335227012634
699.0,262.0,standard,linear,dtw,mode,average,0.49991610646247864
653.0,77.0,standard,prophet,euclidean,prophet,single,1.0
667.0,234.0,standard,linear,euclidean,prophet,single,1.0
637.0,598.0,standard,linear,euclidean,prophet,hdbscan,0.9988859295845032
699.0,484.0,standard,median,dtw,median,hdbscan,0.2344699651002884
699.0,652.0,standard,linear,dtw,dtw,ward,0.7421616315841675
679.0,240.0,standard,linear,euclidean,prophet,single,1.0
689.0,146.0,standard,prophet,euclidean,prophet,ward,0.7558894157409668
666.0,163.0,standard,mean,dtw,mode,hdbscan,0.7370986938476562
694.0,2.0,standard,linear,euclidean,prophet,single,1.0
663.0,51.0,standard,linear,euclidean,prophet,hdbscan,0.9610984921455383
698.0,84.0,standard,mean,euclidean,prophet,single,1.0
693.0,395.0,standard,mean,euclidean,prophet,single,1.0
697.0,232.0,minmax,linear,euclidean,median,single,1.0
697.0,573.0,standard,linear,euclidean,prophet,centroid,0.47209444642066956
625.0,207.0,standard,mean,euclidean,prophet,hdbscan,0.9969183206558228
673.0,419.0,standard,prophet,euclidean,prophet,single,1.0
699.0,301.0,standard,median,dtw,prophet,median,0.37621065974235535
638.0,617.0,standard,linear,dtw,prophet,ward,0.28809815645217896
635.0,331.0,standard,mean,euclidean,prophet,single,1.0
670.0,54.0,standard,linear,euclidean,prophet,single,1.0
675.0,539.0,standard,mean,euclidean,prophet,single,1.0
699.0,58.0,minmax,prophet,euclidean,mean,single,1.0
699.0,537.0,standard,median,euclidean,prophet,single,1.0
699.0,262.0,minmax,mean,euclidean,prophet,single,1.0
612.0,750.0,zscore,linear,dtw,median,centroid,0.029765373095870018
693.0,122.0,standard,mean,euclidean,mean,single,1.0
699.0,498.0,standard,linear,euclidean,prophet,ward,0.7088930010795593
622.0,271.0,standard,mean,euclidean,prophet,hdbscan,0.9969509840011597
674.0,137.0,standard,mean,euclidean,prophet,single,1.0
690.0,26.0,zscore,linear,dtw,dtw,ward,0.2676195502281189
699.0,13.0,standard,prophet,dtw,dtw,centroid,0.4931437075138092
683.0,188.0,standard,mean,euclidean,prophet,single,1.0
636.0,280.0,standard,prophet,euclidean,prophet,hdbscan,0.9988722801208496
693.0,490.0,standard,median,euclidean,dtw,average,0.6189431548118591
637.0,596.0,standard,prophet,euclidean,prophet,hdbscan,0.9988859295845032
691.0,263.0,standard,linear,euclidean,prophet,single,1.0
691.0,546.0,standard,linear,euclidean,prophet,hdbscan,0.9700957536697388
654.0,10.0,minmax,median,euclidean,mean,hdbscan,0.8117112517356873
698.0,134.0,minmax,median,euclidean,mode,single,1.0
645.0,289.0,standard,median,euclidean,prophet,single,1.0
699.0,257.0,zscore,prophet,euclidean,prophet,ward,0.8412489295005798
690.0,9.0,standard,linear,euclidean,prophet,single,1.0
676.0,112.0,standard,mean,euclidean,prophet,single,1.0
699.0,1133.0,standard,median,euclidean,dtw,single,0.22059333324432373
687.0,232.0,standard,mean,euclidean,mode,single,1.0
668.0,462.0,standard,linear,euclidean,prophet,hdbscan,0.9987714886665344
643.0,4.0,standard,median,euclidean,median,single,1.0
642.0,29.0,standard,prophet,euclidean,mean,hdbscan,0.9988657832145691
699.0,310.0,standard,linear,dtw,prophet,hdbscan,0.7982950806617737
600.0,14.0,standard,linear,euclidean,prophet,single,0.8825109004974365
699.0,208.0,standard,median,euclidean,median,hdbscan,0.9721153378486633
696.0,5.0,standard,linear,euclidean,dtw,hdbscan,0.9729142785072327
667.0,166.0,minmax,median,euclidean,mode,hdbscan,0.8827981948852539
699.0,18.0,standard,mean,dtw,prophet,single,0.2193823903799057
699.0,140.0,standard,mean,euclidean,prophet,single,1.0
699.0,494.0,standard,linear,euclidean,prophet,average,0.6389744877815247
638.0,271.0,standard,linear,euclidean,prophet,single,1.0
699.0,516.0,standard,mean,euclidean,prophet,single,1.0
612.0,3.0,minmax,linear,euclidean,mean,hdbscan,0.7859624624252319
684.0,157.0,standard,mean,euclidean,prophet,single,1.0
682.0,224.0,standard,median,euclidean,prophet,single,1.0
600.0,20.0,standard,median,dtw,prophet,single,0.055488232523202896
692.0,10.0,zscore,linear,euclidean,prophet,weighted,0.3693547546863556
686.0,17.0,standard,linear,euclidean,prophet,single,1.0
695.0,590.0,minmax,linear,euclidean,prophet,single,0.8881645202636719
682.0,198.0,standard,mean,euclidean,mode,single,1.0
601.0,424.0,standard,mean,euclidean,median,weighted,0.23013244569301605
694.0,129.0,standard,linear,euclidean,mean,single,1.0
697.0,292.0,standard,linear,euclidean,prophet,centroid,0.48598358035087585
1124.0,1049.0,minmax,prophet,euclidean,median,ward,1.0
694.0,428.0,standard,prophet,euclidean,prophet,ward,0.7073164582252502
616.0,312.0,standard,prophet,euclidean,prophet,hdbscan,0.9980522394180298
602.0,15.0,standard,median,dtw,prophet,average,0.4613265097141266
603.0,20.0,standard,median,euclidean,mean,ward,0.6806516051292419
679.0,483.0,standard,prophet,euclidean,prophet,single,1.0
649.0,80.0,standard,linear,euclidean,prophet,hdbscan,0.9988266825675964
684.0,173.0,standard,median,dtw,prophet,hdbscan,0.7641351222991943
693.0,106.0,standard,prophet,euclidean,dtw,hdbscan,0.9734314680099487
699.0,176.0,standard,median,euclidean,mean,single,1.0
600.0,5.0,zscore,median,dtw,prophet,hdbscan,0.0010000000474974513
600.0,13.0,standard,prophet,euclidean,dtw,median,0.3754117488861084
669.0,571.0,standard,prophet,euclidean,prophet,single,1.0
623.0,2.0,standard,linear,euclidean,prophet,hdbscan,0.9979830980300903
678.0,358.0,standard,linear,dtw,mode,hdbscan,0.529789388179779
643.0,194.0,zscore,linear,euclidean,mean,ward,0.8568010330200195
662.0,152.0,standard,mean,euclidean,dtw,average,0.5204852223396301
640.0,340.0,standard,median,euclidean,mode,ward,0.3884669840335846
691.0,272.0,standard,linear,dtw,mean,hdbscan,0.5237547159194946
699.0,164.0,minmax,prophet,euclidean,prophet,average,0.6084168553352356
699.0,636.0,standard,mean,euclidean,prophet,ward,0.6205240488052368
606.0,75.0,standard,mean,dtw,prophet,ward,0.6202234625816345
697.0,115.0,standard,mean,euclidean,prophet,single,1.0
699.0,116.0,minmax,median,euclidean,mean,single,1.0
699.0,442.0,standard,prophet,euclidean,prophet,hdbscan,0.9721153378486633
698.0,318.0,standard,mean,euclidean,mean,ward,0.7697297930717468
695.0,451.0,standard,linear,euclidean,prophet,hdbscan,0.9732524156570435
694.0,565.0,zscore,linear,dtw,prophet,ward,0.22089408338069916
642.0,211.0,zscore,median,euclidean,median,ward,0.7784119844436646
668.0,11.0,standard,median,dtw,prophet,single,0.22119294106960297
698.0,211.0,standard,mean,euclidean,mode,single,1.0
688.0,16.0,standard,median,euclidean,dtw,single,1.0
671.0,356.0,standard,linear,euclidean,prophet,single,1.0
698.0,566.0,standard,prophet,euclidean,dtw,single,2.0847754058195278e-05
641.0,162.0,standard,linear,euclidean,prophet,single,1.0
600.0,325.0,standard,mean,euclidean,dtw,centroid,0.4720986485481262
690.0,101.0,standard,linear,euclidean,median,single,1.0
667.0,4.0,minmax,median,euclidean,prophet,hdbscan,0.8827981948852539
653.0,553.0,standard,prophet,euclidean,prophet,hdbscan,0.9988183975219727
699.0,145.0,zscore,median,euclidean,prophet,ward,0.8437547087669373
699.0,295.0,zscore,prophet,euclidean,mean,ward,0.8449643850326538
692.0,24.0,standard,mean,euclidean,median,single,1.0
643.0,72.0,standard,mean,euclidean,median,single,1.0
682.0,1156.0,standard,linear,euclidean,prophet,average,0.25641709566116333
685.0,227.0,minmax,median,euclidean,dtw,hdbscan,0.8344282507896423
699.0,338.0,minmax,prophet,euclidean,prophet,single,1.0
605.0,318.0,standard,linear,dtw,mode,hdbscan,0.3017140328884125
682.0,74.0,standard,median,euclidean,prophet,single,1.0
605.0,666.0,standard,median,euclidean,median,ward,0.10702279955148697
659.0,29.0,standard,mean,euclidean,prophet,single,1.0
651.0,8.0,standard,mean,euclidean,dtw,single,1.0
697.0,605.0,standard,prophet,euclidean,prophet,average,0.6392918825149536
974.0,152.0,standard,mean,euclidean,dtw,average,1.0
699.0,705.0,standard,prophet,euclidean,prophet,hdbscan,0.8827537894248962
699.0,403.0,minmax,prophet,euclidean,prophet,single,1.0
650.0,377.0,standard,mean,euclidean,prophet,single,1.0
694.0,34.0,standard,prophet,euclidean,mean,single,1.0
650.0,600.0,zscore,mean,dtw,median,centroid,0.0003766604349948466
699.0,190.0,zscore,mean,euclidean,mean,ward,0.8437547087669373
699.0,51.0,standard,linear,euclidean,mode,single,1.0
698.0,357.0,standard,median,dtw,dtw,single,0.21825917065143585
601.0,178.0,standard,prophet,dtw,dtw,average,0.46894392371177673
614.0,3.0,standard,median,dtw,prophet,hdbscan,0.6500295400619507
616.0,243.0,standard,prophet,euclidean,prophet,hdbscan,0.9980522394180298
601.0,30.0,standard,mean,dtw,prophet,median,0.38370564579963684
680.0,44.0,standard,prophet,euclidean,dtw,single,1.0
658.0,466.0,standard,prophet,euclidean,prophet,single,1.0
696.0,113.0,minmax,median,euclidean,mean,single,1.0
600.0,446.0,standard,prophet,euclidean,prophet,hdbscan,0.9679943919181824
630.0,1191.0,standard,linear,euclidean,mode,median,0.11563814431428909
699.0,515.0,minmax,prophet,euclidean,prophet,single,1.0
686.0,11.0,minmax,prophet,euclidean,mean,hdbscan,0.8328472375869751
602.0,18.0,standard,mean,euclidean,prophet,hdbscan,0.9678937196731567
604.0,330.0,standard,mean,dtw,mode,ward,0.3065551817417145
603.0,331.0,standard,median,euclidean,prophet,average,0.5165726542472839
699.0,408.0,standard,prophet,euclidean,prophet,single,1.0
671.0,458.0,standard,mean,euclidean,prophet,single,1.0
637.0,129.0,standard,prophet,euclidean,prophet,hdbscan,0.9988859295845032
669.0,605.0,standard,mean,euclidean,prophet,single,1.0
697.0,273.0,standard,prophet,euclidean,dtw,hdbscan,0.933523952960968
613.0,536.0,standard,prophet,euclidean,prophet,single,0.8775796890258789
699.0,17.0,standard,prophet,dtw,mean,ward,0.5907135605812073
651.0,183.0,standard,linear,euclidean,prophet,single,1.0
610.0,726.0,standard,linear,euclidean,dtw,median,0.5034872889518738
699.0,292.0,minmax,linear,euclidean,prophet,single,1.0
657.0,124.0,standard,median,euclidean,dtw,single,1.0
600.0,362.0,standard,linear,euclidean,prophet,hdbscan,0.9671952128410339
696.0,102.0,standard,linear,euclidean,mode,single,1.0
699.0,267.0,zscore,mean,euclidean,dtw,ward,0.8089304566383362
680.0,323.0,standard,median,euclidean,mean,hdbscan,0.27286797761917114
699.0,660.0,minmax,prophet,euclidean,prophet,single,0.8603241443634033
676.0,220.0,minmax,linear,euclidean,prophet,hdbscan,0.8287434577941895
686.0,15.0,standard,prophet,euclidean,prophet,single,1.0
691.0,367.0,standard,prophet,euclidean,mean,single,0.0008473892812617123
699.0,898.0,standard,mean,euclidean,prophet,ward,0.5147585272789001
675.0,750.0,zscore,linear,dtw,median,centroid,0.05973191559314728
637.0,373.0,standard,prophet,euclidean,prophet,hdbscan,0.9988859295845032
655.0,630.0,standard,median,dtw,prophet,hdbscan,0.7198676466941833
602.0,328.0,standard,mean,euclidean,prophet,median,0.39715009927749634
690.0,9.0,minmax,median,dtw,prophet,ward,0.6855588555335999
651.0,59.0,standard,prophet,euclidean,mode,single,1.0
648.0,121.0,standard,linear,euclidean,prophet,single,1.0
699.0,228.0,minmax,linear,euclidean,mean,single,1.0
642.0,204.0,standard,linear,euclidean,prophet,hdbscan,0.9988657832145691
652.0,214.0,standard,mean,dtw,prophet,hdbscan,0.7145815491676331
699.0,3.0,minmax,linear,euclidean,dtw,single,1.0
612.0,79.0,standard,linear,euclidean,prophet,hdbscan,0.9736371636390686
638.0,84.0,minmax,mean,euclidean,prophet,hdbscan,0.8547508716583252
672.0,19.0,standard,linear,euclidean,dtw,single,1.0
699.0,440.0,minmax,linear,euclidean,prophet,hdbscan,0.865406334400177
639.0,18.0,minmax,median,euclidean,dtw,single,0.8893663883209229
637.0,353.0,standard,mean,euclidean,prophet,single,1.0
682.0,7.0,standard,prophet,euclidean,prophet,single,1.0
699.0,233.0,standard,mean,euclidean,prophet,ward,0.7357967495918274
643.0,126.0,standard,linear,euclidean,mode,hdbscan,0.99886155128479
691.0,290.0,standard,median,euclidean,mode,single,0.8801074624061584
695.0,174.0,standard,linear,euclidean,mean,single,1.0
677.0,573.0,standard,linear,euclidean,prophet,single,1.0
655.0,582.0,standard,median,euclidean,prophet,single,1.0
652.0,577.0,standard,median,euclidean,prophet,ward,0.5944185256958008
609.0,338.0,standard,linear,euclidean,prophet,single,0.8775405883789062
655.0,6.0,zscore,prophet,euclidean,prophet,ward,0.841870903968811
670.0,17.0,standard,mean,euclidean,mean,hdbscan,0.9617611169815063
600.0,398.0,standard,prophet,euclidean,prophet,ward,0.4976336359977722
695.0,647.0,standard,mean,euclidean,prophet,single,1.0
662.0,13.0,standard,median,dtw,dtw,ward,0.4893172085285187
670.0,59.0,standard,linear,euclidean,prophet,single,1.0
651.0,18.0,standard,linear,euclidean,prophet,hdbscan,0.9988220930099487
699.0,11.0,minmax,median,euclidean,mean,hdbscan,0.8653678297996521
699.0,209.0,standard,mean,euclidean,mean,single,1.0
643.0,192.0,minmax,mean,euclidean,prophet,single,0.890805184841156
699.0,528.0,standard,prophet,dtw,mode,ward,0.2321508824825287
692.0,441.0,standard,mean,dtw,prophet,average,0.5002676248550415
641.0,10.0,standard,mean,euclidean,prophet,hdbscan,0.998867928981781
657.0,606.0,standard,linear,euclidean,prophet,single,1.0
603.0,2.0,zscore,linear,euclidean,mode,hdbscan,0.0010000000474974513
600.0,18.0,zscore,mean,euclidean,prophet,single,8.703435014467686e-05
633.0,52.0,standard,median,euclidean,prophet,hdbscan,0.9988862872123718
699.0,155.0,standard,linear,euclidean,mean,single,1.0
660.0,36.0,standard,mean,euclidean,median,complete,0.3715059757232666
900.0,600.0,zscore,mean,dtw,median,centroid,0.0024569593369960785
610.0,3.0,standard,linear,dtw,dtw,hdbscan,0.6470239758491516
661.0,362.0,standard,prophet,euclidean,prophet,single,1.0
696.0,75.0,standard,median,euclidean,mode,single,1.0
694.0,369.0,zscore,prophet,euclidean,prophet,centroid,-0.00015182564675342292
682.0,45.0,standard,mean,euclidean,prophet,single,1.0
642.0,514.0,standard,mean,dtw,dtw,hdbscan,0.705022394657135
676.0,604.0,standard,mean,euclidean,prophet,single,1.0
696.0,405.0,standard,linear,dtw,dtw,hdbscan,0.7874662280082703
694.0,385.0,standard,median,euclidean,prophet,single,1.0
693.0,667.0,minmax,prophet,euclidean,prophet,single,0.8950203657150269
698.0,407.0,minmax,prophet,euclidean,prophet,single,1.0
698.0,222.0,standard,linear,euclidean,dtw,single,1.0
609.0,323.0,standard,linear,dtw,prophet,ward,0.48503342270851135
612.0,121.0,zscore,linear,euclidean,dtw,complete,0.09800291061401367
693.0,589.0,standard,prophet,euclidean,prophet,single,1.0
664.0,119.0,standard,linear,euclidean,mean,single,1.0
623.0,579.0,standard,prophet,euclidean,prophet,single,0.8754879236221313
682.0,141.0,standard,mean,euclidean,prophet,single,1.0
685.0,555.0,standard,linear,euclidean,prophet,single,1.0
677.0,123.0,standard,median,euclidean,mean,single,1.0
699.0,624.0,standard,mean,euclidean,dtw,ward,0.8108303546905518
618.0,219.0,standard,mean,euclidean,prophet,single,0.8832690119743347
679.0,413.0,standard,mean,euclidean,prophet,single,1.0
698.0,247.0,minmax,mean,euclidean,dtw,hdbscan,0.8659961223602295
679.0,291.0,standard,mean,dtw,prophet,hdbscan,0.7586081624031067
699.0,662.0,standard,median,euclidean,prophet,single,1.0
684.0,459.0,standard,median,euclidean,prophet,single,1.0
697.0,388.0,minmax,linear,euclidean,prophet,single,1.0
621.0,474.0,standard,linear,euclidean,prophet,hdbscan,0.99905925989151
694.0,454.0,minmax,mean,euclidean,prophet,single,0.8948192000389099
601.0,861.0,zscore,median,dtw,prophet,centroid,-0.00012425596651155502
622.0,452.0,standard,prophet,euclidean,prophet,hdbscan,0.9990574717521667
693.0,199.0,standard,linear,euclidean,mean,hdbscan,0.9734314680099487
687.0,632.0,standard,linear,dtw,prophet,hdbscan,0.7718095183372498
691.0,193.0,standard,mean,euclidean,prophet,single,1.0
699.0,55.0,standard,mean,euclidean,mode,single,1.0
677.0,104.0,standard,linear,euclidean,mean,single,1.0
670.0,60.0,standard,mean,euclidean,prophet,single,1.0
601.0,28.0,zscore,mean,euclidean,prophet,hdbscan,0.0010000000474974513
603.0,474.0,standard,mean,euclidean,prophet,average,0.502414345741272
640.0,424.0,standard,mean,euclidean,prophet,single,1.0
698.0,138.0,minmax,median,euclidean,median,hdbscan,0.8659961223602295
632.0,305.0,standard,linear,euclidean,prophet,single,1.0
696.0,175.0,minmax,prophet,euclidean,prophet,single,1.0
697.0,663.0,standard,prophet,euclidean,prophet,single,1.0
699.0,602.0,standard,mean,euclidean,mode,hdbscan,0.14635685086250305
674.0,301.0,minmax,prophet,euclidean,prophet,complete,0.441249817609787
617.0,47.0,standard,linear,euclidean,prophet,median,0.4148081839084625
693.0,369.0,standard,median,euclidean,dtw,ward,0.8632306456565857
685.0,13.0,standard,mean,euclidean,median,hdbscan,0.9659412503242493
611.0,40.0,standard,prophet,dtw,mode,centroid,0.47259190678596497
657.0,608.0,standard,linear,euclidean,prophet,hdbscan,0.9598444700241089
617.0,71.0,standard,mean,euclidean,dtw,hdbscan,0.9737793803215027
609.0,368.0,zscore,prophet,euclidean,prophet,ward,0.27949926257133484
688.0,692.0,standard,mean,euclidean,prophet,hdbscan,0.8920243382453918
699.0,559.0,standard,linear,euclidean,prophet,weighted,0.5032303929328918
672.0,167.0,standard,linear,euclidean,dtw,single,1.0
695.0,314.0,standard,linear,euclidean,prophet,ward,0.7402499914169312
698.0,638.0,standard,mean,euclidean,prophet,single,1.0
679.0,352.0,standard,prophet,euclidean,mode,ward,0.3992592394351959
667.0,152.0,zscore,mean,euclidean,prophet,ward,0.8391556143760681
640.0,104.0,standard,linear,euclidean,mode,single,1.0
698.0,188.0,minmax,median,euclidean,dtw,single,1.0
682.0,390.0,standard,mean,euclidean,prophet,hdbscan,0.9683005213737488
606.0,28.0,zscore,mean,euclidean,prophet,weighted,0.2983793020248413
682.0,75.0,standard,mean,euclidean,prophet,single,1.0
682.0,584.0,standard,linear,euclidean,prophet,hdbscan,0.9683005213737488
693.0,863.0,standard,prophet,dtw,mode,weighted,0.1199483722448349
601.0,74.0,standard,mean,euclidean,prophet,centroid,0.46716341376304626
690.0,340.0,zscore,linear,euclidean,prophet,ward,0.7982615828514099
698.0,432.0,standard,prophet,euclidean,median,centroid,0.12163302302360535
600.0,163.0,standard,median,euclidean,prophet,weighted,0.45127126574516296
641.0,538.0,standard,median,euclidean,prophet,single,1.0
604.0,8.0,standard,linear,euclidean,median,hdbscan,0.9684211611747742
607.0,3.0,zscore,median,dtw,prophet,ward,0.2192816436290741
643.0,270.0,standard,linear,euclidean,prophet,hdbscan,0.99886155128479
663.0,527.0,standard,linear,euclidean,prophet,single,1.0
694.0,300.0,minmax,linear,euclidean,prophet,hdbscan,0.8652355074882507
692.0,485.0,standard,linear,euclidean,prophet,hdbscan,0.9713242650032043
647.0,466.0,standard,prophet,euclidean,prophet,single,1.0
697.0,425.0,standard,median,euclidean,prophet,single,1.0
699.0,564.0,standard,linear,euclidean,prophet,hdbscan,0.9721153378486633
699.0,380.0,standard,prophet,euclidean,prophet,single,1.0
633.0,253.0,standard,mean,euclidean,mode,hdbscan,0.5675035715103149
696.0,1052.0,standard,prophet,euclidean,prophet,hdbscan,0.3425055742263794
661.0,144.0,standard,linear,euclidean,median,single,1.0
625.0,8.0,standard,mean,euclidean,prophet,single,0.8806556463241577
697.0,357.0,standard,median,euclidean,prophet,single,1.0
1049.0,301.0,minmax,prophet,euclidean,prophet,complete,0.9125683903694153
699.0,156.0,standard,mean,euclidean,mean,single,1.0
699.0,368.0,standard,mean,euclidean,prophet,hdbscan,0.9721153378486633
699.0,6.0,standard,median,euclidean,prophet,hdbscan,0.9721153378486633
630.0,19.0,standard,median,euclidean,dtw,single,1.0
689.0,534.0,standard,linear,euclidean,prophet,median,0.37104251980781555
634.0,871.0,standard,prophet,dtw,median,hdbscan,0.013153990730643272
661.0,24.0,standard,mean,euclidean,mean,ward,0.7437527179718018
666.0,7.0,minmax,median,euclidean,prophet,single,0.8994045257568359
699.0,514.0,standard,mean,euclidean,prophet,hdbscan,0.9721153378486633
696.0,134.0,standard,linear,euclidean,mean,hdbscan,0.9729142785072327
699.0,418.0,minmax,median,euclidean,prophet,single,1.0
641.0,514.0,standard,median,euclidean,prophet,hdbscan,0.998867928981781
687.0,28.0,standard,linear,euclidean,prophet,single,1.0
602.0,400.0,standard,median,euclidean,prophet,hdbscan,0.9690470099449158
652.0,81.0,standard,linear,euclidean,dtw,single,1.0
610.0,75.0,standard,mean,euclidean,prophet,ward,0.6353743672370911
699.0,515.0,standard,linear,euclidean,prophet,single,1.0
652.0,8.0,standard,linear,euclidean,prophet,single,1.0
697.0,350.0,standard,median,euclidean,prophet,single,1.0
633.0,267.0,standard,linear,euclidean,prophet,single,1.0
690.0,411.0,standard,median,euclidean,prophet,hdbscan,0.9674581289291382
655.0,506.0,standard,mean,euclidean,mode,ward,0.22165372967720032
625.0,900.0,standard,mean,dtw,mode,median,0.1326310634613037
634.0,145.0,standard,linear,euclidean,dtw,hdbscan,0.9988824725151062
664.0,240.0,standard,mean,euclidean,prophet,single,1.0
657.0,10.0,standard,prophet,euclidean,median,hdbscan,0.9611994028091431
640.0,537.0,standard,mean,euclidean,prophet,hdbscan,0.9988764524459839
646.0,100.0,standard,median,euclidean,median,weighted,0.5458177328109741
641.0,8.0,standard,median,euclidean,dtw,single,1.0
699.0,374.0,standard,mean,euclidean,prophet,ward,0.7357967495918274
699.0,278.0,standard,linear,dtw,mean,ward,0.575639009475708
643.0,78.0,standard,prophet,euclidean,prophet,hdbscan,0.99886155128479
699.0,261.0,minmax,mean,euclidean,prophet,hdbscan,0.8653678297996521
688.0,202.0,zscore,mean,euclidean,mean,ward,0.8431227803230286
657.0,579.0,standard,prophet,euclidean,prophet,hdbscan,0.9611994028091431
676.0,265.0,standard,median,euclidean,dtw,hdbscan,0.9027045369148254
686.0,13.0,zscore,median,euclidean,dtw,ward,0.8439049124717712
698.0,7.0,standard,median,dtw,prophet,hdbscan,0.7949854731559753
643.0,694.0,standard,linear,euclidean,prophet,single,2.0450595911825076e-05
603.0,33.0,standard,linear,euclidean,prophet,complete,0.3772956132888794
699.0,307.0,standard,median,euclidean,median,average,0.4696216881275177
697.0,352.0,standard,median,euclidean,mode,complete,0.25304746627807617
692.0,238.0,standard,median,euclidean,dtw,single,1.0
694.0,628.0,standard,prophet,euclidean,prophet,single,1.0
682.0,87.0,standard,mean,euclidean,prophet,hdbscan,0.9683005213737488
675.0,15.0,zscore,median,euclidean,dtw,centroid,-6.40819562249817e-05
699.0,571.0,standard,mean,euclidean,prophet,single,1.0
639.0,490.0,standard,linear,euclidean,prophet,single,1.0
687.0,43.0,standard,mean,euclidean,prophet,single,1.0
693.0,1063.0,standard,mean,euclidean,dtw,single,0.21841314435005188
696.0,74.0,standard,median,euclidean,dtw,single,1.0
644.0,304.0,standard,mean,euclidean,prophet,hdbscan,0.9988595247268677
637.0,127.0,zscore,mean,euclidean,dtw,ward,0.8474333882331848
699.0,131.0,minmax,linear,euclidean,median,single,1.0
679.0,265.0,standard,mean,euclidean,prophet,single,1.0
699.0,813.0,standard,median,dtw,dtw,hdbscan,0.5961609482765198
696.0,100.0,minmax,linear,euclidean,prophet,single,1.0
691.0,466.0,standard,median,euclidean,mean,ward,0.5424672961235046
698.0,1198.0,minmax,median,dtw,prophet,hdbscan,0.2536708414554596
634.0,224.0,standard,median,euclidean,prophet,hdbscan,0.9988824725151062
699.0,149.0,minmax,median,euclidean,mean,single,1.0
683.0,131.0,zscore,mean,euclidean,mode,ward,0.8445740342140198
629.0,389.0,standard,prophet,euclidean,prophet,hdbscan,0.9978111982345581
628.0,2.0,standard,median,euclidean,mode,hdbscan,0.9978229403495789
683.0,61.0,zscore,linear,euclidean,mean,ward,0.8445740342140198
600.0,813.0,zscore,median,euclidean,prophet,ward,0.04385390505194664
649.0,361.0,standard,mean,euclidean,prophet,hdbscan,0.9988266825675964
697.0,67.0,standard,linear,euclidean,dtw,weighted,0.5551238656044006
699.0,266.0,standard,mean,euclidean,prophet,single,1.0
682.0,611.0,standard,median,euclidean,prophet,hdbscan,0.9667774438858032
662.0,593.0,standard,linear,euclidean,prophet,single,1.0
687.0,458.0,standard,prophet,euclidean,prophet,hdbscan,0.9659895896911621
614.0,477.0,standard,median,euclidean,prophet,single,0.6985685229301453
600.0,2.0,minmax,linear,dtw,mean,single,0.1237557902932167
699.0,104.0,standard,linear,euclidean,mean,ward,0.7357967495918274
694.0,702.0,standard,median,euclidean,dtw,ward,0.783442497253418
666.0,404.0,standard,median,euclidean,prophet,single,1.0
694.0,6.0,standard,mean,euclidean,dtw,ward,0.7401407957077026
697.0,546.0,standard,linear,euclidean,prophet,single,1.0
663.0,115.0,standard,linear,euclidean,mean,hdbscan,0.9610984921455383
646.0,253.0,standard,linear,euclidean,prophet,single,1.0
699.0,48.0,standard,mean,euclidean,mode,hdbscan,0.9721153378486633
684.0,110.0,standard,prophet,euclidean,median,single,1.0
649.0,407.0,standard,median,euclidean,prophet,single,1.0
661.0,508.0,standard,prophet,euclidean,prophet,hdbscan,0.9609715938568115
682.0,683.0,zscore,mean,euclidean,prophet,ward,0.17252294719219208
677.0,84.0,standard,mean,euclidean,prophet,single,1.0
694.0,16.0,standard,mean,euclidean,prophet,single,1.0
647.0,559.0,standard,mean,euclidean,prophet,single,1.0
659.0,447.0,standard,mean,euclidean,prophet,single,1.0
681.0,112.0,standard,mean,euclidean,mean,single,1.0
699.0,335.0,standard,mean,euclidean,prophet,hdbscan,0.9721153378486633
655.0,531.0,standard,linear,euclidean,prophet,single,1.0
635.0,115.0,standard,mean,euclidean,mode,hdbscan,0.9988783597946167
698.0,284.0,zscore,linear,dtw,prophet,ward,0.2781561315059662
622.0,12.0,standard,prophet,euclidean,mean,hdbscan,0.9969509840011597
682.0,74.0,standard,mean,euclidean,dtw,single,1.0
699.0,22.0,standard,linear,euclidean,mean,average,0.7883613705635071
697.0,558.0,standard,prophet,euclidean,dtw,ward,0.7818349599838257
683.0,221.0,minmax,mean,euclidean,dtw,single,0.8967976570129395
674.0,543.0,standard,prophet,euclidean,prophet,hdbscan,0.9681980609893799
699.0,474.0,minmax,linear,euclidean,prophet,single,1.0
679.0,708.0,minmax,prophet,dtw,median,median,0.0700756385922432
604.0,4.0,standard,mean,euclidean,dtw,single,0.8825485706329346
699.0,228.0,standard,median,euclidean,mean,hdbscan,0.9721153378486633
699.0,3.0,standard,mean,dtw,prophet,ward,0.5907135605812073
662.0,72.0,standard,median,euclidean,prophet,single,1.0
698.0,670.0,standard,linear,euclidean,mean,ward,0.14750467240810394
669.0,398.0,standard,prophet,euclidean,prophet,hdbscan,0.9619956016540527
689.0,20.0,standard,prophet,euclidean,prophet,centroid,0.4980618357658386
695.0,273.0,standard,prophet,euclidean,prophet,average,0.6374287605285645
618.0,4.0,standard,linear,euclidean,dtw,hdbscan,0.9980287551879883
602.0,579.0,standard,median,euclidean,prophet,hdbscan,0.9654061794281006
638.0,332.0,standard,mean,euclidean,prophet,centroid,0.4887545108795166
698.0,406.0,standard,median,euclidean,prophet,single,1.0
687.0,58.0,standard,prophet,euclidean,prophet,single,1.0
698.0,243.0,standard,linear,euclidean,dtw,ward,0.7385663986206055
678.0,642.0,standard,median,euclidean,prophet,hdbscan,0.9443379044532776
661.0,467.0,standard,prophet,euclidean,prophet,hdbscan,0.9614272713661194
684.0,5.0,zscore,mean,dtw,prophet,hdbscan,0.0010000000474974513
670.0,507.0,standard,median,euclidean,prophet,single,1.0
608.0,19.0,standard,mean,euclidean,mean,centroid,0.47031912207603455
603.0,4.0,standard,linear,euclidean,mean,average,0.5149022936820984
665.0,435.0,minmax,linear,euclidean,prophet,single,0.8998094797134399
670.0,821.0,standard,mean,dtw,dtw,ward,0.4806309938430786
684.0,183.0,standard,mean,euclidean,mode,hdbscan,0.967790961265564
650.0,141.0,standard,median,euclidean,prophet,single,1.0
652.0,93.0,standard,mean,euclidean,dtw,single,1.0
658.0,435.0,standard,linear,euclidean,prophet,single,1.0
638.0,6.0,standard,linear,euclidean,mode,hdbscan,0.998873233795166
690.0,334.0,standard,linear,euclidean,prophet,single,1.0
647.0,3.0,standard,median,dtw,mean,hdbscan,0.7106158137321472
699.0,308.0,zscore,linear,dtw,prophet,hdbscan,0.0010000000474974513
697.0,167.0,minmax,linear,euclidean,mean,single,1.0
648.0,72.0,standard,linear,euclidean,median,hdbscan,0.998831033706665
692.0,26.0,standard,mean,euclidean,dtw,single,1.0
699.0,100.0,standard,median,euclidean,mean,single,1.0
678.0,172.0,standard,mean,euclidean,dtw,ward,0.7402430176734924
696.0,760.0,standard,linear,dtw,prophet,hdbscan,0.5390957593917847
667.0,478.0,standard,mean,euclidean,prophet,hdbscan,0.9987568259239197
694.0,205.0,standard,prophet,euclidean,prophet,hdbscan,0.9733752608299255
622.0,125.0,standard,mean,euclidean,mean,hdbscan,0.6960394978523254
699.0,7.0,standard,linear,euclidean,mean,complete,0.5408522486686707
678.0,34.0,standard,linear,euclidean,mode,single,1.0
674.0,2.0,standard,median,euclidean,prophet,single,1.0
698.0,302.0,standard,prophet,dtw,prophet,ward,0.5954418182373047
663.0,105.0,standard,prophet,euclidean,prophet,single,1.0
614.0,685.0,standard,linear,euclidean,prophet,hdbscan,0.4798393249511719
659.0,320.0,standard,mean,euclidean,prophet,weighted,0.44613274931907654
614.0,567.0,standard,prophet,euclidean,prophet,hdbscan,0.9981991052627563
699.0,199.0,minmax,mean,dtw,dtw,hdbscan,0.7436821460723877
692.0,362.0,standard,mean,euclidean,prophet,hdbscan,0.9713242650032043
632.0,568.0,standard,linear,euclidean,prophet,hdbscan,0.9988882541656494
644.0,164.0,standard,median,euclidean,mode,hdbscan,0.9894135594367981
690.0,615.0,standard,median,euclidean,prophet,single,1.0
663.0,383.0,standard,mean,euclidean,prophet,average,0.5208619832992554
688.0,282.0,standard,median,euclidean,dtw,hdbscan,0.9121897220611572
664.0,202.0,standard,mean,euclidean,dtw,hdbscan,0.9187366366386414
698.0,14.0,standard,linear,dtw,median,complete,0.5186796188354492
699.0,198.0,minmax,mean,euclidean,mean,single,1.0
696.0,554.0,standard,median,euclidean,prophet,single,1.0
695.0,124.0,standard,median,euclidean,dtw,single,1.0
671.0,125.0,standard,mean,euclidean,mean,single,1.0
634.0,471.0,standard,linear,euclidean,prophet,hdbscan,0.9988824725151062
665.0,3.0,standard,median,euclidean,prophet,single,1.0
652.0,257.0,zscore,mean,euclidean,prophet,ward,0.784429132938385
600.0,2.0,minmax,linear,dtw,mean,single,0.1237557902932167
685.0,656.0,standard,mean,euclidean,prophet,single,0.8873432278633118
698.0,214.0,standard,mean,euclidean,mean,single,1.0
750.0,900.0,standard,mean,dtw,mode,median,0.15886078774929047
693.0,388.0,minmax,median,dtw,prophet,hdbscan,0.7345369458198547
658.0,623.0,minmax,prophet,euclidean,prophet,single,0.7216106057167053
694.0,48.0,minmax,mean,euclidean,mean,single,0.8948192000389099
651.0,450.0,standard,linear,euclidean,prophet,hdbscan,0.9988220930099487
687.0,706.0,standard,linear,euclidean,prophet,ward,0.6843299269676208
656.0,213.0,standard,mean,euclidean,prophet,single,1.0
689.0,438.0,standard,mean,dtw,prophet,complete,0.417587012052536
693.0,7.0,zscore,prophet,euclidean,prophet,single,0.0001757390273269266
699.0,396.0,standard,linear,euclidean,prophet,hdbscan,0.9721153378486633
636.0,146.0,standard,median,euclidean,prophet,single,1.0
699.0,473.0,standard,median,euclidean,prophet,single,1.0
680.0,574.0,standard,prophet,euclidean,prophet,single,1.0
630.0,403.0,minmax,prophet,euclidean,prophet,single,0.8730260729789734
617.0,369.0,standard,linear,euclidean,prophet,hdbscan,0.9990826845169067
694.0,110.0,standard,prophet,euclidean,prophet,single,1.0
696.0,21.0,zscore,mean,dtw,prophet,single,4.9696609494276345e-05
681.0,361.0,standard,mean,euclidean,prophet,single,1.0
698.0,469.0,standard,median,euclidean,prophet,single,1.0
624.0,325.0,standard,median,dtw,prophet,hdbscan,0.6682522892951965
697.0,35.0,standard,median,dtw,prophet,median,0.400410532951355
696.0,131.0,standard,prophet,euclidean,prophet,single,1.0
697.0,685.0,standard,linear,euclidean,median,average,0.2128584235906601
699.0,479.0,standard,mean,euclidean,prophet,hdbscan,0.9721153378486633
696.0,59.0,standard,prophet,euclidean,dtw,single,1.0
698.0,70.0,standard,prophet,euclidean,mode,single,1.0
694.0,478.0,standard,median,dtw,prophet,weighted,0.2950379550457001
638.0,8.0,standard,mean,euclidean,mean,hdbscan,0.998873233795166
694.0,364.0,minmax,prophet,euclidean,prophet,single,0.8948192000389099
699.0,19.0,standard,mean,euclidean,mean,hdbscan,0.9721153378486633
699.0,39.0,standard,mean,euclidean,mean,single,1.0
692.0,179.0,standard,prophet,euclidean,prophet,single,1.0
614.0,325.0,minmax,prophet,euclidean,prophet,hdbscan,0.7860565781593323
696.0,329.0,standard,linear,dtw,median,centroid,0.19585219025611877
695.0,386.0,standard,mean,euclidean,dtw,ward,0.863139808177948
630.0,301.0,standard,mean,euclidean,prophet,hdbscan,0.9978156089782715
627.0,5.0,minmax,mean,euclidean,mean,weighted,0.4188256859779358
676.0,139.0,standard,mean,euclidean,mean,single,1.0
605.0,246.0,zscore,linear,euclidean,mean,ward,0.43862441182136536
689.0,356.0,standard,prophet,euclidean,prophet,single,1.0
699.0,39.0,standard,mean,euclidean,prophet,ward,0.7357967495918274
699.0,661.0,standard,prophet,euclidean,prophet,hdbscan,0.9342744946479797
699.0,340.0,standard,linear,euclidean,mode,ward,0.5860174894332886
688.0,374.0,zscore,mean,euclidean,mean,ward,0.5730835199356079
689.0,45.0,standard,median,dtw,prophet,complete,0.6276662945747375
690.0,216.0,standard,linear,euclidean,mode,single,1.0
697.0,233.0,standard,prophet,euclidean,prophet,single,1.0
662.0,189.0,standard,linear,euclidean,mean,hdbscan,0.798488438129425
695.0,642.0,standard,prophet,euclidean,prophet,hdbscan,0.9717459678649902
699.0,150.0,standard,mean,euclidean,mean,hdbscan,0.9721153378486633
600.0,7.0,minmax,linear,euclidean,prophet,hdbscan,0.7832687497138977
692.0,3.0,minmax,mean,euclidean,median,single,0.8958746194839478
699.0,278.0,standard,linear,euclidean,prophet,weighted,0.5529332756996155
675.0,298.0,standard,linear,euclidean,prophet,single,1.0
601.0,556.0,standard,prophet,dtw,prophet,average,0.22412808239459991
695.0,74.0,standard,median,euclidean,prophet,single,1.0
682.0,71.0,standard,mean,euclidean,mean,average,0.7899271249771118
