Comperiod,Scaling,Outliers,Interpolation,Similarity,Unsynced,Linkmeth,ray/tune/_metric
167.0,standard,SD3,linear,dtw,prophet,weighted,0.1877477765083313
186.0,standard,SD5,median,euclidean,prophet,single,-0.0012122245971113443
221.0,minmax,SD3,linear,dtw,prophet,weighted,0.14313843846321106
162.0,standard,SD3,linear,dtw,prophet,weighted,0.1632516086101532
119.0,minmax,SD3,median,dtw,prophet,weighted,0.19043780863285065
175.0,minmax,SD3,linear,dtw,prophet,ward,0.20950670540332794
181.0,standard,SD3,linear,dtw,prophet,weighted,0.1970953345298767
13.0,standard,SD3,mean,dtw,prophet,weighted,0.1658509373664856
180.0,standard,SD3,linear,dtw,prophet,weighted,0.22456100583076477
305.0,standard,SD3,linear,dtw,prophet,weighted,0.1988893747329712
92.0,minmax,SD3,median,dtw,dtw,weighted,0.06146010756492615
272.0,standard,SD3,linear,dtw,prophet,weighted,0.20012818276882172
246.0,standard,SD3,linear,dtw,prophet,weighted,0.18703167140483856
399.0,minmax,SD3,prophet,euclidean,prophet,complete,0.1089564859867096
98.0,standard,SD3,linear,dtw,prophet,weighted,0.1605606973171234
176.0,standard,SD3,linear,dtw,prophet,weighted,0.17841415107250214
239.0,standard,SD3,linear,dtw,prophet,weighted,0.19581058621406555
111.0,minmax,SD3,median,dtw,prophet,weighted,0.2023368924856186
840.0,standard,SD3,linear,dtw,prophet,weighted,0.19515223801136017
112.0,standard,SD3,median,dtw,prophet,weighted,0.2062578797340393
120.0,standard,SD3,prophet,dtw,prophet,weighted,0.1680944263935089
2.0,minmax,SD2,median,dtw,prophet,weighted,0.1811710149049759
236.0,standard,SD3,linear,dtw,prophet,weighted,0.18066002428531647
213.0,standard,SD2,linear,dtw,prophet,weighted,0.15068978071212769
43.0,minmax,SD3,median,dtw,prophet,weighted,0.22421275079250336
19.0,minmax,SD3,linear,dtw,prophet,weighted,0.19889003038406372
32.0,minmax,SD4,linear,dtw,prophet,weighted,0.174473375082016
238.0,standard,SD3,linear,dtw,prophet,weighted,0.20741893351078033
5.0,minmax,SD5,linear,dtw,prophet,average,0.17054715752601624
1168.0,standard,SD2,median,euclidean,prophet,complete,0.1344476044178009
201.0,minmax,SD3,linear,dtw,prophet,weighted,0.16443192958831787
318.0,minmax,SD5,median,dtw,prophet,complete,0.1596488356590271
99.0,standard,SD3,median,dtw,prophet,weighted,0.17541459202766418
44.0,standard,SD2,linear,dtw,prophet,weighted,0.17118129134178162
119.0,minmax,SD3,median,dtw,prophet,ward,0.17901547253131866
168.0,standard,SD2,linear,dtw,prophet,weighted,0.12319929897785187
270.0,standard,SD3,linear,dtw,prophet,weighted,0.20012818276882172
139.0,minmax,SD3,linear,dtw,prophet,weighted,0.1456877589225769
309.0,standard,SD3,linear,dtw,prophet,weighted,0.19694803655147552
940.0,standard,SD3,linear,dtw,prophet,weighted,0.20062577724456787
1149.0,standard,SD3,linear,dtw,prophet,weighted,0.19938957691192627
1021.0,standard,SD3,linear,dtw,prophet,weighted,0.20062577724456787
764.0,standard,SD3,linear,dtw,prophet,weighted,0.20156966149806976
828.0,minmax,SD4,mean,euclidean,median,centroid,0.007375911809504032
73.0,minmax,SD5,median,dtw,prophet,weighted,0.10914304852485657
164.0,minmax,SD3,linear,dtw,prophet,weighted,0.17159894108772278
27.0,minmax,SD3,median,dtw,prophet,weighted,0.19212940335273743
49.0,minmax,SD3,median,dtw,prophet,weighted,0.16663147509098053
173.0,minmax,SD3,linear,dtw,prophet,ward,0.21539998054504395
2.0,standard,SD5,median,dtw,dtw,complete,0.128899946808815
11.0,minmax,SD3,linear,dtw,prophet,weighted,0.19889003038406372
172.0,minmax,SD2,linear,dtw,prophet,ward,0.20110951364040375
93.0,standard,SD2,linear,dtw,prophet,weighted,0.12384071946144104
65.0,minmax,SD2,linear,dtw,prophet,weighted,0.19642482697963715
158.0,standard,SD6,prophet,euclidean,prophet,average,0.13778652250766754
214.0,standard,SD3,linear,dtw,prophet,weighted,0.20107591152191162
118.0,minmax,SD3,median,dtw,prophet,weighted,0.20808911323547363
91.0,standard,SD3,linear,dtw,prophet,weighted,0.15953466296195984
644.0,standard,SD3,linear,dtw,prophet,weighted,0.20685601234436035
366.0,standard,SD3,linear,dtw,prophet,weighted,0.1569470912218094
30.0,minmax,SD3,linear,dtw,prophet,weighted,0.16929733753204346
194.0,minmax,SD3,linear,dtw,prophet,weighted,0.1867208182811737
307.0,standard,SD3,linear,dtw,prophet,weighted,0.19694803655147552
537.0,standard,SD5,linear,dtw,prophet,weighted,0.1627534180879593
280.0,standard,SD3,linear,dtw,prophet,weighted,0.1975889503955841
259.0,standard,SD3,linear,dtw,prophet,weighted,0.20199868083000183
108.0,minmax,SD3,median,dtw,prophet,weighted,0.15833188593387604
179.0,standard,SD3,linear,dtw,prophet,average,0.18379858136177063
85.0,standard,SD2,linear,dtw,prophet,complete,0.14266689121723175
205.0,standard,SD3,linear,dtw,prophet,weighted,0.16586259007453918
169.0,minmax,SD3,linear,dtw,prophet,ward,0.18079786002635956
975.0,standard,SD3,median,dtw,prophet,weighted,0.17537446320056915
306.0,standard,SD3,prophet,dtw,prophet,weighted,0.1680648773908615
131.0,minmax,SD3,linear,dtw,prophet,weighted,0.18045833706855774
145.0,zscore,SD5,prophet,dtw,dtw,hdbscan,0.0010000000474974513
79.0,minmax,SD2,linear,dtw,prophet,weighted,0.19844375550746918
134.0,standard,SD3,linear,dtw,prophet,weighted,0.17208686470985413
278.0,standard,SD4,linear,dtw,prophet,weighted,0.16398094594478607
75.0,minmax,SD3,linear,dtw,prophet,average,0.13165202736854553
207.0,standard,SD3,mean,dtw,prophet,complete,0.1358969509601593
1196.0,standard,SD3,linear,dtw,prophet,weighted,0.19938957691192627
303.0,standard,SD3,linear,dtw,prophet,weighted,0.1988893747329712
534.0,standard,SD3,linear,dtw,prophet,weighted,0.06513039767742157
125.0,standard,SD2,linear,dtw,prophet,weighted,0.17675913870334625
168.0,minmax,SD3,linear,dtw,prophet,weighted,0.17527540028095245
267.0,standard,SD3,linear,dtw,prophet,weighted,0.1892852932214737
172.0,standard,SD3,linear,dtw,prophet,weighted,0.19175481796264648
72.0,standard,SD3,mean,dtw,prophet,weighted,0.15802203118801117
308.0,standard,SD3,linear,dtw,prophet,weighted,0.19694803655147552
20.0,minmax,SD3,median,dtw,prophet,average,0.18097281455993652
617.0,standard,SD3,linear,dtw,prophet,weighted,0.2013159692287445
35.0,minmax,SD3,prophet,dtw,prophet,weighted,0.1519816666841507
772.0,standard,SD3,linear,dtw,prophet,weighted,0.20271743834018707
288.0,standard,SD3,prophet,dtw,prophet,weighted,0.18317115306854248
744.0,standard,SD3,linear,dtw,prophet,weighted,0.20156966149806976
32.0,standard,SD5,linear,dtw,prophet,weighted,0.1651696115732193
113.0,minmax,SD2,median,dtw,prophet,weighted,0.1787293255329132
288.0,standard,SD3,linear,dtw,prophet,weighted,0.21052739024162292
174.0,minmax,SD3,linear,dtw,dtw,ward,0.10000138729810715
109.0,minmax,SD2,median,dtw,prophet,complete,0.19086678326129913
1154.0,minmax,SD3,linear,dtw,prophet,weighted,0.16282528638839722
82.0,standard,SD3,linear,dtw,prophet,weighted,0.16177676618099213
124.0,minmax,SD3,linear,dtw,prophet,weighted,0.1912895143032074
75.0,standard,SD2,linear,dtw,prophet,weighted,0.1371472179889679
2.0,standard,SD3,prophet,euclidean,prophet,hdbscan,0.0696166604757309
115.0,minmax,SD2,median,dtw,prophet,average,0.18363982439041138
88.0,minmax,SD3,linear,dtw,prophet,ward,0.1639832854270935
1197.0,standard,SD3,linear,dtw,prophet,weighted,0.19938957691192627
108.0,minmax,SD2,median,euclidean,prophet,complete,0.14536964893341064
1157.0,minmax,SD3,median,dtw,prophet,average,0.1502063125371933
71.0,minmax,SD2,linear,dtw,prophet,weighted,0.19855226576328278
429.0,standard,SD3,linear,dtw,prophet,weighted,0.0528549887239933
92.0,minmax,SD2,median,dtw,prophet,complete,0.16641581058502197
141.0,standard,SD3,linear,dtw,prophet,weighted,0.1606157422065735
612.0,standard,SD3,linear,dtw,prophet,weighted,0.18797576427459717
302.0,standard,SD3,linear,dtw,prophet,weighted,0.1988893747329712
242.0,standard,SD3,linear,dtw,prophet,weighted,0.18606890738010406
176.0,minmax,SD3,linear,dtw,prophet,weighted,0.16304950416088104
180.0,minmax,SD3,linear,dtw,prophet,weighted,0.1882302314043045
278.0,standard,SD3,mean,dtw,prophet,weighted,0.16115130484104156
263.0,standard,SD3,linear,dtw,prophet,weighted,0.19897672533988953
730.0,standard,SD3,linear,dtw,prophet,weighted,0.20156966149806976
162.0,minmax,SD3,linear,dtw,prophet,weighted,0.19805864989757538
112.0,minmax,SD3,median,dtw,prophet,average,0.18849128484725952
564.0,standard,SD3,linear,dtw,prophet,weighted,0.2013159692287445
79.0,standard,SD3,prophet,dtw,prophet,complete,0.13579347729682922
170.0,minmax,SD5,prophet,dtw,median,complete,0.03387479484081268
7.0,minmax,SD5,median,euclidean,prophet,complete,0.11711765825748444
294.0,standard,SD3,linear,dtw,prophet,weighted,0.16184896230697632
845.0,minmax,SD2,prophet,dtw,prophet,complete,0.10968627780675888
310.0,standard,SD3,linear,dtw,prophet,weighted,0.19067685306072235
123.0,minmax,SD2,median,dtw,prophet,complete,0.06990218162536621
213.0,standard,SD3,linear,dtw,prophet,weighted,0.20107591152191162
1187.0,standard,SD3,linear,dtw,prophet,average,0.1948203295469284
1061.0,standard,SD3,linear,dtw,prophet,weighted,0.20062577724456787
231.0,standard,SD3,linear,dtw,prophet,weighted,0.18027643859386444
816.0,standard,SD3,linear,dtw,prophet,weighted,0.19515223801136017
181.0,standard,SD2,mean,dtw,prophet,average,0.12394177168607712
104.0,standard,SD3,linear,dtw,prophet,weighted,0.19613374769687653
697.0,minmax,SD3,linear,dtw,prophet,weighted,0.15655086934566498
909.0,standard,SD3,linear,dtw,prophet,centroid,0.15757575631141663
195.0,minmax,SD3,linear,dtw,prophet,ward,0.19903241097927094
283.0,minmax,SD2,prophet,euclidean,prophet,average,0.12309923022985458
212.0,standard,SD3,linear,dtw,prophet,weighted,0.20107591152191162
301.0,standard,SD3,mean,dtw,mode,median,0.02880788967013359
1165.0,minmax,SD3,median,dtw,prophet,weighted,0.16251416504383087
210.0,standard,SD3,linear,dtw,prophet,weighted,0.20107591152191162
492.0,standard,SD2,mean,dtw,mean,centroid,0.0022542334627360106
212.0,minmax,SD3,linear,dtw,prophet,ward,0.16673240065574646
398.0,standard,SD3,linear,dtw,prophet,weighted,0.07899897545576096
221.0,standard,SD3,linear,dtw,prophet,weighted,0.1531185358762741
56.0,minmax,SD3,linear,dtw,prophet,ward,0.16271455585956573
77.0,minmax,SD2,prophet,dtw,prophet,weighted,0.15222422778606415
121.0,minmax,SD2,prophet,dtw,prophet,complete,0.14348796010017395
13.0,minmax,SD2,mean,dtw,prophet,weighted,0.16129863262176514
68.0,minmax,SD3,linear,dtw,prophet,weighted,0.16521400213241577
179.0,standard,SD3,linear,dtw,prophet,weighted,0.20967866480350494
275.0,standard,SD3,linear,dtw,prophet,weighted,0.16729506850242615
376.0,standard,SD3,linear,dtw,prophet,weighted,0.17908746004104614
116.0,minmax,SD2,linear,dtw,prophet,weighted,0.16436775028705597
2.0,minmax,SD2,linear,dtw,prophet,weighted,0.1561233401298523
258.0,standard,SD3,linear,dtw,prophet,weighted,0.1546354740858078
185.0,minmax,SD3,linear,dtw,prophet,weighted,0.16857469081878662
203.0,standard,SD3,linear,dtw,prophet,weighted,0.1693781614303589
279.0,standard,SD3,linear,dtw,prophet,weighted,0.1975889503955841
809.0,standard,SD3,linear,dtw,prophet,weighted,0.19515223801136017
625.0,standard,SD3,linear,dtw,prophet,weighted,0.2013159692287445
911.0,standard,SD3,linear,dtw,prophet,weighted,0.19688071310520172
251.0,standard,SD3,linear,dtw,prophet,weighted,0.19893360137939453
305.0,minmax,SD3,median,dtw,prophet,centroid,0.09345772862434387
350.0,standard,SD3,linear,dtw,prophet,weighted,0.18967242538928986
48.0,minmax,SD2,linear,dtw,prophet,weighted,0.2007918804883957
3.0,standard,SD3,linear,dtw,prophet,weighted,0.15531118214130402
143.0,standard,SD3,linear,dtw,prophet,weighted,0.1901971846818924
621.0,standard,SD3,linear,dtw,prophet,weighted,0.2013159692287445
282.0,standard,SD3,linear,dtw,prophet,weighted,0.19636276364326477
17.0,minmax,SD3,mean,euclidean,prophet,complete,0.1324605941772461
322.0,standard,SD3,linear,dtw,prophet,weighted,0.17016157507896423
214.0,minmax,SD3,linear,dtw,prophet,ward,0.16673240065574646
741.0,standard,SD3,linear,dtw,prophet,weighted,0.20156966149806976
174.0,minmax,SD2,linear,dtw,prophet,ward,0.1912669837474823
100.0,minmax,SD3,linear,dtw,prophet,weighted,0.12389802187681198
195.0,minmax,SD2,linear,dtw,prophet,weighted,0.19840046763420105
545.0,standard,SD3,linear,dtw,prophet,weighted,0.201114684343338
74.0,minmax,SD2,linear,dtw,prophet,complete,0.1659914255142212
204.0,standard,SD3,linear,dtw,prophet,weighted,0.20504654943943024
451.0,zscore,SD4,median,dtw,mean,weighted,0.08027094602584839
722.0,standard,SD3,linear,dtw,prophet,weighted,0.20156966149806976
17.0,minmax,SD3,linear,dtw,prophet,complete,0.16787812113761902
876.0,zscore,SD4,prophet,euclidean,prophet,complete,0.0050881835632026196
291.0,standard,SD3,linear,dtw,prophet,weighted,0.15518344938755035
3.0,minmax,SD3,mean,dtw,prophet,weighted,0.18737675249576569
159.0,minmax,SD3,linear,dtw,prophet,weighted,0.16854241490364075
252.0,standard,SD3,linear,dtw,prophet,weighted,0.16002053022384644
81.0,minmax,SD2,mean,dtw,prophet,weighted,0.15727892518043518
281.0,standard,SD3,linear,dtw,prophet,weighted,0.19636276364326477
63.0,standard,SD2,prophet,euclidean,mean,complete,0.023068832233548164
1148.0,standard,SD3,linear,dtw,prophet,weighted,0.19938957691192627
172.0,minmax,SD3,linear,dtw,prophet,ward,0.21125155687332153
266.0,minmax,SD3,linear,dtw,prophet,weighted,0.11885880678892136
1027.0,standard,SD3,mean,dtw,prophet,weighted,0.07968536764383316
2.0,standard,SD3,linear,dtw,prophet,complete,0.1686663031578064
111.0,minmax,SD5,median,dtw,prophet,weighted,0.1573120504617691
80.0,minmax,SD2,linear,dtw,prophet,weighted,0.19844375550746918
278.0,standard,SD3,linear,dtw,prophet,hdbscan,0.060132935643196106
520.0,standard,SD3,linear,dtw,prophet,weighted,0.19443407654762268
111.0,minmax,SD3,linear,dtw,prophet,weighted,0.14496026933193207
1040.0,standard,SD3,linear,dtw,prophet,weighted,0.20062577724456787
289.0,standard,SD3,linear,dtw,prophet,weighted,0.21052739024162292
83.0,minmax,SD2,linear,dtw,prophet,weighted,0.19844375550746918
249.0,standard,SD3,linear,dtw,prophet,weighted,0.18703167140483856
169.0,minmax,SD2,median,dtw,prophet,weighted,0.1354665905237198
348.0,standard,SD3,linear,dtw,prophet,weighted,0.18313024938106537
261.0,standard,SD3,linear,dtw,prophet,weighted,0.20199868083000183
300.0,standard,SD3,linear,dtw,prophet,weighted,0.1988893747329712
278.0,zscore,SD3,linear,dtw,prophet,weighted,0.004134946968406439
152.0,standard,SD3,linear,dtw,prophet,weighted,0.1882917881011963
117.0,minmax,SD3,median,dtw,prophet,weighted,0.1938055455684662
211.0,standard,SD3,linear,dtw,prophet,weighted,0.20107591152191162
118.0,standard,SD3,linear,dtw,prophet,weighted,0.17222577333450317
182.0,standard,SD3,linear,dtw,prophet,weighted,0.08965467661619186
31.0,minmax,SD2,mean,dtw,prophet,complete,0.16880057752132416
28.0,minmax,SD5,linear,dtw,prophet,weighted,0.17872931063175201
314.0,standard,SD3,linear,dtw,prophet,weighted,0.19077685475349426
180.0,standard,SD3,linear,dtw,prophet,single,0.001573001965880394
74.0,minmax,SD3,linear,dtw,prophet,weighted,0.19272080063819885
237.0,standard,SD3,linear,dtw,prophet,weighted,0.20741893351078033
173.0,zscore,SD3,linear,dtw,prophet,ward,0.10452086478471756
196.0,minmax,SD2,linear,dtw,prophet,ward,0.13543719053268433
900.0,standard,SD3,linear,dtw,prophet,weighted,0.19688071310520172
214.0,standard,SD3,linear,dtw,prophet,average,0.10332845896482468
68.0,minmax,SD2,linear,dtw,prophet,weighted,0.19642482697963715
1049.0,standard,SD6,prophet,euclidean,median,ward,0.007341118063777685
173.0,minmax,SD3,linear,euclidean,prophet,ward,0.11237401515245438
365.0,standard,SD5,linear,dtw,prophet,weighted,0.15416733920574188
120.0,minmax,SD3,median,dtw,prophet,complete,0.14233626425266266
413.0,standard,SD3,linear,dtw,prophet,weighted,0.19698090851306915
44.0,minmax,SD3,median,dtw,prophet,weighted,0.22421275079250336
109.0,minmax,SD2,median,dtw,prophet,weighted,0.17613527178764343
143.0,minmax,SD2,linear,dtw,prophet,weighted,0.1665898561477661
175.0,minmax,SD3,linear,dtw,prophet,weighted,0.20616963505744934
94.0,minmax,SD5,median,dtw,prophet,complete,0.12752385437488556
278.0,standard,SD3,linear,dtw,prophet,ward,0.17825840413570404
117.0,minmax,SD2,median,dtw,prophet,complete,0.20276491343975067
1156.0,standard,SD3,linear,dtw,prophet,weighted,0.19938957691192627
218.0,standard,SD3,linear,dtw,prophet,weighted,0.18238824605941772
173.0,minmax,SD3,mean,dtw,prophet,ward,0.19557614624500275
74.0,minmax,SD2,linear,dtw,prophet,weighted,0.19844375550746918
485.0,standard,SD5,mean,dtw,prophet,complete,0.14910617470741272
298.0,minmax,SD3,linear,dtw,prophet,weighted,0.16728688776493073
40.0,minmax,SD3,median,dtw,prophet,complete,0.17424140870571136
639.0,standard,SD3,linear,dtw,prophet,weighted,0.20685601234436035
2.0,minmax,SD3,linear,dtw,prophet,centroid,0.15910029411315918
268.0,standard,SD3,prophet,dtw,prophet,weighted,0.18841223418712616
1025.0,standard,SD3,linear,dtw,prophet,weighted,0.20062577724456787
15.0,minmax,SD2,median,dtw,prophet,complete,0.1567813754081726
576.0,standard,SD3,median,dtw,prophet,weighted,0.114796482026577
325.0,standard,SD3,linear,dtw,prophet,weighted,0.17016157507896423
174.0,minmax,SD3,mean,dtw,prophet,ward,0.16222363710403442
254.0,standard,SD3,linear,dtw,prophet,weighted,0.20199868083000183
209.0,standard,SD3,linear,dtw,prophet,weighted,0.2002471685409546
82.0,minmax,SD3,linear,dtw,prophet,weighted,0.17154651880264282
112.0,standard,SD2,median,dtw,prophet,complete,0.1504330039024353
123.0,minmax,SD3,linear,dtw,prophet,ward,0.1821732074022293
327.0,standard,SD3,linear,dtw,prophet,weighted,0.17016157507896423
12.0,minmax,SD3,linear,dtw,prophet,weighted,0.19889003038406372
85.0,standard,SD3,median,dtw,prophet,weighted,0.17504015564918518
89.0,standard,SD4,prophet,dtw,prophet,hdbscan,0.056434810161590576
129.0,standard,SD3,linear,dtw,prophet,weighted,0.18797938525676727
686.0,standard,SD3,linear,dtw,prophet,weighted,0.19359226524829865
234.0,standard,SD3,linear,dtw,prophet,weighted,0.18027643859386444
1161.0,standard,SD3,linear,dtw,prophet,weighted,0.19938957691192627
792.0,standard,SD3,linear,dtw,prophet,weighted,0.19515223801136017
1068.0,standard,SD3,linear,dtw,prophet,weighted,0.20062577724456787
552.0,standard,SD3,linear,dtw,prophet,weighted,0.201114684343338
174.0,minmax,SD2,linear,dtw,prophet,weighted,0.16666366159915924
257.0,standard,SD3,linear,dtw,prophet,weighted,0.2032243311405182
109.0,standard,SD3,median,dtw,prophet,weighted,0.18110845983028412
3.0,minmax,SD3,linear,dtw,prophet,ward,0.16128067672252655
196.0,standard,SD2,median,dtw,prophet,weighted,0.17495740950107574
716.0,standard,SD3,linear,dtw,prophet,weighted,0.20156966149806976
180.0,standard,SD3,mean,dtw,prophet,weighted,0.19194264709949493
286.0,standard,SD3,linear,dtw,prophet,weighted,0.19636276364326477
654.0,standard,SD3,linear,dtw,prophet,weighted,0.2013159692287445
159.0,standard,SD3,linear,dtw,prophet,weighted,0.16747555136680603
176.0,minmax,SD3,linear,dtw,prophet,average,0.12315317243337631
799.0,standard,SD3,linear,dtw,prophet,weighted,0.19515223801136017
353.0,standard,SD3,linear,dtw,prophet,weighted,0.18967242538928986
895.0,standard,SD3,linear,dtw,prophet,weighted,0.19688071310520172
155.0,minmax,SD3,linear,dtw,prophet,weighted,0.18230588734149933
1082.0,minmax,SD4,median,euclidean,median,hdbscan,0.021977823227643967
5.0,standard,SD4,linear,dtw,prophet,weighted,0.14185447990894318
298.0,standard,SD3,linear,dtw,prophet,weighted,0.15819913148880005
248.0,standard,SD5,linear,dtw,prophet,centroid,0.037558458745479584
117.0,minmax,SD3,median,dtw,prophet,complete,0.14503619074821472
296.0,standard,SD3,linear,dtw,prophet,weighted,0.18976426124572754
174.0,minmax,SD3,linear,dtw,prophet,weighted,0.20932121574878693
304.0,standard,SD3,linear,dtw,prophet,weighted,0.1988893747329712
125.0,standard,SD3,median,euclidean,prophet,complete,0.16644719243049622
1098.0,standard,SD3,linear,dtw,prophet,weighted,0.19938957691192627
156.0,standard,SD3,linear,dtw,prophet,weighted,0.1882917881011963
11.0,minmax,SD3,median,dtw,prophet,weighted,0.1984565705060959
1084.0,standard,SD3,linear,dtw,prophet,weighted,0.19938957691192627
194.0,minmax,SD3,linear,dtw,prophet,ward,0.1985195428133011
71.0,minmax,SD2,linear,dtw,prophet,ward,0.15995866060256958
925.0,standard,SD3,linear,dtw,prophet,weighted,0.19688071310520172
77.0,minmax,SD2,linear,dtw,prophet,weighted,0.19844375550746918
6.0,minmax,SD3,linear,dtw,prophet,weighted,0.19889003038406372
117.0,minmax,SD2,median,dtw,prophet,average,0.14965227246284485
50.0,minmax,SD5,prophet,dtw,prophet,ward,0.15287454426288605
154.0,standard,SD3,linear,dtw,prophet,weighted,0.1882917881011963
562.0,standard,SD3,linear,dtw,prophet,weighted,0.14936278760433197
41.0,minmax,SD3,median,dtw,prophet,weighted,0.22432450950145721
88.0,standard,SD3,linear,dtw,prophet,ward,0.13827800750732422
4.0,minmax,SD3,linear,dtw,prophet,weighted,0.19889003038406372
352.0,standard,SD3,linear,dtw,prophet,weighted,0.18967242538928986
173.0,minmax,SD3,linear,dtw,prophet,weighted,0.19842544198036194
233.0,standard,SD3,linear,dtw,prophet,weighted,0.18027643859386444
1179.0,standard,SD3,linear,dtw,prophet,weighted,0.19938957691192627
151.0,minmax,SD3,linear,dtw,prophet,weighted,0.18832190334796906
121.0,minmax,SD3,linear,dtw,prophet,weighted,0.191329687833786
20.0,zscore,SD5,prophet,euclidean,prophet,complete,0.07387609779834747
450.0,standard,SD3,median,euclidean,prophet,centroid,0.03790011256933212
621.0,minmax,SD2,median,dtw,prophet,complete,0.12754139304161072
271.0,standard,SD3,linear,dtw,prophet,weighted,0.20012818276882172
311.0,standard,SD3,linear,dtw,prophet,weighted,0.19067685306072235
245.0,minmax,SD3,linear,dtw,prophet,weighted,0.17474497854709625
188.0,standard,SD3,linear,dtw,prophet,weighted,0.18447186052799225
174.0,minmax,SD3,linear,dtw,prophet,ward,0.21539998054504395
5.0,minmax,SD5,linear,dtw,prophet,weighted,0.17817750573158264
235.0,standard,SD3,linear,dtw,prophet,weighted,0.2064685970544815
596.0,standard,SD3,linear,dtw,prophet,weighted,0.2013159692287445
750.0,minmax,SD2,mean,euclidean,dtw,average,0.07103743404150009
39.0,minmax,SD3,median,dtw,prophet,weighted,0.22432450950145721
322.0,minmax,SD3,linear,dtw,prophet,weighted,0.051670629531145096
14.0,standard,SD3,median,dtw,prophet,weighted,0.1735597550868988
160.0,standard,SD4,linear,dtw,prophet,weighted,0.14523519575595856
78.0,minmax,SD3,linear,dtw,prophet,weighted,0.1913064420223236
184.0,standard,SD3,linear,dtw,prophet,weighted,0.1914103925228119
268.0,standard,SD3,linear,dtw,prophet,complete,0.1695244163274765
12.0,minmax,SD3,mean,dtw,prophet,weighted,0.18737675249576569
3.0,standard,SD5,prophet,dtw,prophet,centroid,0.1668185442686081
192.0,minmax,SD3,linear,dtw,prophet,weighted,0.14930607378482819
228.0,standard,SD3,linear,dtw,prophet,weighted,0.15646427869796753
75.0,zscore,SD5,median,euclidean,mode,weighted,0.004982453305274248
2.0,minmax,SD6,linear,dtw,mean,single,0.0009799295803532004
1126.0,standard,SD3,prophet,dtw,prophet,weighted,0.11833156645298004
244.0,standard,SD3,linear,dtw,prophet,weighted,0.18606890738010406
138.0,standard,SD3,linear,dtw,prophet,weighted,0.17518019676208496
75.0,minmax,SD2,prophet,dtw,prophet,centroid,0.1688515692949295
174.0,minmax,SD2,prophet,dtw,prophet,complete,0.13581442832946777
175.0,minmax,SD5,linear,dtw,prophet,ward,0.15278075635433197
118.0,minmax,SD2,median,dtw,prophet,complete,0.19747379422187805
1093.0,standard,SD2,linear,dtw,prophet,weighted,0.1573769897222519
12.0,minmax,SD2,linear,dtw,prophet,complete,0.16994956135749817
19.0,minmax,SD6,median,dtw,prophet,complete,0.08294632285833359
146.0,standard,SD3,linear,dtw,prophet,weighted,0.17949934303760529
35.0,standard,SD2,median,dtw,prophet,weighted,0.16398032009601593
883.0,standard,SD3,linear,dtw,prophet,weighted,0.19515223801136017
108.0,minmax,SD2,median,dtw,prophet,average,0.18363982439041138
269.0,standard,SD3,linear,dtw,prophet,weighted,0.20012818276882172
82.0,minmax,SD2,linear,dtw,prophet,weighted,0.19844375550746918
171.0,minmax,SD3,linear,dtw,prophet,ward,0.18516001105308533
199.0,standard,SD3,linear,dtw,prophet,weighted,0.19428399205207825
411.0,standard,SD3,linear,dtw,prophet,weighted,0.19698090851306915
268.0,standard,SD3,linear,dtw,prophet,weighted,0.20955252647399902
628.0,standard,SD3,prophet,dtw,prophet,weighted,0.18188360333442688
114.0,minmax,SD2,median,dtw,prophet,median,0.07971671968698502
351.0,standard,SD3,linear,dtw,prophet,weighted,0.18967242538928986
149.0,standard,SD3,linear,dtw,prophet,weighted,0.17877036333084106
277.0,standard,SD3,linear,dtw,prophet,weighted,0.16655233502388
115.0,minmax,SD3,median,dtw,prophet,weighted,0.18467523157596588
268.0,standard,SD2,median,dtw,mean,hdbscan,0.01037001982331276
72.0,minmax,SD2,linear,dtw,prophet,weighted,0.19844375550746918
61.0,standard,SD3,linear,dtw,prophet,weighted,0.15647290647029877
195.0,minmax,SD2,median,dtw,prophet,weighted,0.14158590137958527
119.0,minmax,SD2,mean,dtw,prophet,complete,0.10871554166078568
199.0,minmax,SD3,median,dtw,prophet,weighted,0.13847574591636658
183.0,standard,SD2,linear,euclidean,prophet,weighted,0.11971971392631531
129.0,minmax,SD3,linear,dtw,prophet,ward,0.17565588653087616
295.0,standard,SD3,linear,dtw,prophet,weighted,0.1964869648218155
319.0,standard,SD3,linear,dtw,prophet,weighted,0.17208485305309296
152.0,zscore,SD4,linear,dtw,median,centroid,-0.007287290412932634
677.0,standard,SD3,linear,dtw,prophet,weighted,0.19359226524829865
94.0,minmax,SD3,linear,dtw,prophet,weighted,0.14600317180156708
335.0,standard,SD3,linear,dtw,prophet,weighted,0.14821915328502655
47.0,minmax,SD3,median,dtw,prophet,weighted,0.16663147509098053
195.0,minmax,SD2,linear,dtw,prophet,ward,0.19742687046527863
35.0,minmax,SD3,median,dtw,prophet,weighted,0.19460317492485046
58.0,minmax,SD3,linear,dtw,prophet,weighted,0.1677570939064026
326.0,standard,SD2,mean,euclidean,prophet,complete,0.11456602811813354
76.0,minmax,SD2,linear,dtw,prophet,weighted,0.19844375550746918
1007.0,standard,SD3,linear,dtw,prophet,weighted,0.20062577724456787
946.0,standard,SD3,linear,dtw,prophet,weighted,0.20062577724456787
394.0,standard,SD3,linear,dtw,prophet,weighted,0.07899897545576096
306.0,minmax,SD5,linear,euclidean,dtw,complete,0.07040155678987503
80.0,minmax,SD3,median,dtw,prophet,weighted,0.171717569231987
67.0,minmax,SD2,linear,dtw,prophet,weighted,0.19642482697963715
600.0,zscore,SD4,mean,dtw,median,centroid,0.011747115291655064
149.0,minmax,SD3,linear,dtw,prophet,ward,0.1746867597103119
952.0,standard,SD3,linear,dtw,prophet,weighted,0.20062577724456787
194.0,minmax,SD2,linear,dtw,prophet,weighted,0.19840046763420105
260.0,standard,SD3,linear,dtw,prophet,weighted,0.20199868083000183
207.0,standard,SD3,linear,dtw,prophet,ward,0.1371326446533203
345.0,minmax,SD6,median,dtw,mean,average,0.006771498825401068
195.0,minmax,SD3,linear,dtw,prophet,weighted,0.17859883606433868
186.0,standard,SD3,linear,dtw,prophet,weighted,0.18632543087005615
1199.0,minmax,SD5,prophet,euclidean,prophet,complete,0.12419546395540237
634.0,standard,SD3,linear,dtw,prophet,weighted,0.20685601234436035
196.0,standard,SD3,linear,dtw,prophet,weighted,0.16060256958007812
75.0,minmax,SD2,linear,dtw,prophet,weighted,0.19844375550746918
172.0,minmax,SD3,linear,dtw,prophet,weighted,0.1768205314874649
3.0,minmax,SD3,median,dtw,prophet,weighted,0.19535507261753082
681.0,standard,SD3,linear,dtw,prophet,weighted,0.19359226524829865
301.0,standard,SD3,linear,dtw,prophet,weighted,0.1988893747329712
183.0,standard,SD3,linear,dtw,prophet,weighted,0.1897207498550415
113.0,standard,SD3,linear,dtw,prophet,weighted,0.14372505247592926
316.0,standard,SD3,linear,dtw,prophet,weighted,0.17387287318706512
115.0,minmax,SD2,median,dtw,prophet,complete,0.1166793629527092
107.0,standard,SD3,linear,dtw,prophet,weighted,0.17851108312606812
46.0,minmax,SD3,linear,dtw,prophet,weighted,0.18149518966674805
262.0,standard,SD3,linear,dtw,prophet,weighted,0.19897672533988953
82.0,minmax,SD2,linear,dtw,prophet,ward,0.15982578694820404
30.0,minmax,SD3,linear,dtw,prophet,median,0.18392112851142883
194.0,minmax,SD2,linear,dtw,prophet,ward,0.17722071707248688
44.0,standard,SD3,linear,dtw,prophet,weighted,0.15995942056179047
272.0,standard,SD3,linear,dtw,median,weighted,0.00850666407495737
1027.0,minmax,SD6,linear,euclidean,prophet,complete,0.07055246084928513
14.0,minmax,SD6,prophet,euclidean,prophet,single,0.0021499507129192352
241.0,standard,SD2,median,dtw,prophet,average,0.1112779751420021
174.0,standard,SD3,linear,dtw,prophet,ward,0.14743195474147797
410.0,standard,SD3,linear,dtw,prophet,weighted,0.19698090851306915
110.0,minmax,SD3,median,dtw,prophet,weighted,0.2023368924856186
670.0,standard,SD3,linear,dtw,prophet,weighted,0.19359226524829865
1180.0,minmax,SD3,linear,dtw,prophet,weighted,0.16282528638839722
330.0,standard,SD3,linear,dtw,prophet,weighted,0.17294974625110626
216.0,standard,SD3,linear,dtw,prophet,ward,0.1388559639453888
112.0,minmax,SD2,median,dtw,prophet,average,0.18363982439041138
288.0,standard,SD2,linear,dtw,prophet,weighted,0.17873525619506836
900.0,minmax,SD5,prophet,euclidean,prophet,complete,0.1521352082490921
1119.0,standard,SD3,linear,dtw,prophet,average,0.1948203295469284
360.0,standard,SD3,linear,dtw,prophet,weighted,0.15585094690322876
387.0,standard,SD3,linear,dtw,prophet,weighted,0.16825981438159943
180.0,standard,SD2,linear,dtw,prophet,weighted,0.15886463224887848
603.0,standard,SD3,linear,dtw,prophet,weighted,0.18797576427459717
278.0,standard,SD3,linear,dtw,prophet,weighted,0.2372347116470337
9.0,minmax,SD3,prophet,dtw,prophet,complete,0.17830762267112732
215.0,standard,SD3,linear,dtw,prophet,weighted,0.20107591152191162
250.0,standard,SD3,linear,dtw,prophet,weighted,0.2058003544807434
34.0,minmax,SD3,linear,dtw,prophet,weighted,0.16929733753204346
6.0,minmax,SD5,mean,dtw,prophet,complete,0.17071540653705597
237.0,standard,SD3,prophet,dtw,prophet,weighted,0.17857319116592407
592.0,standard,SD3,linear,dtw,prophet,weighted,0.2013159692287445
3.0,minmax,SD3,linear,dtw,prophet,weighted,0.19889003038406372
131.0,standard,SD3,median,dtw,prophet,weighted,0.1936727613210678
173.0,minmax,SD2,linear,dtw,prophet,ward,0.19699205458164215
18.0,minmax,SD3,median,dtw,prophet,weighted,0.1984565705060959
116.0,minmax,SD2,median,dtw,prophet,complete,0.2070062905550003
260.0,standard,SD3,prophet,dtw,prophet,weighted,0.18468734622001648
278.0,standard,SD2,linear,dtw,prophet,weighted,0.1510009914636612
1107.0,standard,SD3,linear,dtw,prophet,weighted,0.19938957691192627
256.0,standard,SD3,linear,dtw,prophet,weighted,0.20199868083000183
180.0,standard,SD3,median,euclidean,prophet,complete,0.17843641340732574
216.0,standard,SD3,linear,dtw,prophet,weighted,0.20107591152191162
59.0,standard,SD3,median,dtw,prophet,weighted,0.17667481303215027
249.0,minmax,SD3,linear,dtw,prophet,weighted,0.12745244801044464
264.0,standard,SD3,linear,dtw,prophet,weighted,0.19929862022399902
18.0,minmax,SD3,linear,dtw,prophet,weighted,0.19889003038406372
285.0,minmax,SD2,median,dtw,prophet,weighted,0.06746790558099747
630.0,standard,SD3,linear,dtw,prophet,weighted,0.20685601234436035
43.0,standard,SD3,linear,dtw,prophet,ward,0.17290043830871582
186.0,standard,SD5,mean,euclidean,prophet,weighted,0.12776252627372742
287.0,standard,SD3,linear,dtw,prophet,weighted,0.21052739024162292
504.0,standard,SD3,linear,dtw,prophet,weighted,0.1865806132555008
566.0,standard,SD3,linear,dtw,prophet,weighted,0.2013159692287445
79.0,minmax,SD3,median,euclidean,mode,complete,0.07347600907087326
357.0,minmax,SD3,linear,dtw,prophet,weighted,0.17287129163742065
201.0,standard,SD3,linear,dtw,prophet,weighted,0.16772662103176117
174.0,minmax,SD4,linear,dtw,prophet,weighted,0.16112585365772247
1057.0,standard,SD3,linear,dtw,prophet,weighted,0.20062577724456787
37.0,minmax,SD3,median,dtw,prophet,weighted,0.22432450950145721
124.0,standard,SD3,linear,dtw,prophet,weighted,0.14941316843032837
145.0,minmax,SD3,linear,dtw,prophet,weighted,0.19386234879493713
105.0,standard,SD3,linear,dtw,prophet,ward,0.14389865100383759
148.0,minmax,SD3,linear,dtw,prophet,weighted,0.18453972041606903
118.0,zscore,SD2,median,dtw,prophet,median,0.0037788359913975
146.0,standard,SD3,linear,dtw,prophet,ward,0.19125933945178986
255.0,standard,SD3,linear,dtw,prophet,weighted,0.20199868083000183
518.0,standard,SD3,linear,dtw,prophet,weighted,0.1952117383480072
196.0,minmax,SD2,linear,dtw,prophet,weighted,0.19910578429698944
972.0,standard,SD3,linear,dtw,prophet,weighted,0.20062577724456787
5.0,standard,SD2,median,dtw,prophet,complete,0.18054288625717163
197.0,minmax,SD2,linear,dtw,prophet,complete,0.13253258168697357
356.0,standard,SD3,linear,dtw,prophet,weighted,0.18967242538928986
285.0,standard,SD3,linear,dtw,prophet,weighted,0.19636276364326477
602.0,standard,SD2,median,euclidean,prophet,weighted,0.15822280943393707
20.0,standard,SD3,linear,dtw,prophet,weighted,0.1673026978969574
843.0,standard,SD3,linear,dtw,prophet,weighted,0.19515223801136017
190.0,standard,SD3,linear,dtw,prophet,weighted,0.11455681174993515
115.0,standard,SD3,median,dtw,prophet,weighted,0.17797696590423584
