StudyPeriod,Comperiod,Scaling,Outliers,Interpolation,Similarity,Unsynced,Linkmeth,ray/tune/_metric
637.0,626.0,standard,SD3,linear,euclidean,mode,complete,0.8556891679763794
571.0,31.0,standard,SD4,mean,euclidean,mean,centroid,0.81768399477005
536.0,244.0,minmax,SD2,prophet,euclidean,median,single,0.8774088025093079
177.0,282.0,standard,SD4,mean,dtw,median,hdbscan,0.047449029982089996
505.0,152.0,standard,SD6,median,euclidean,prophet,median,0.3565327227115631
634.0,422.0,standard,SD3,prophet,euclidean,mode,ward,0.8556891679763794
651.0,71.0,standard,SD3,mean,euclidean,median,hdbscan,0.0010000000474974513
583.0,436.0,standard,SD5,linear,euclidean,prophet,median,0.7797810435295105
582.0,635.0,standard,SD2,mean,dtw,mean,hdbscan,0.0010000000474974513
547.0,81.0,standard,SD4,mean,euclidean,dtw,median,0.3334224820137024
540.0,11.0,minmax,SD2,prophet,euclidean,prophet,single,0.8774088025093079
594.0,477.0,minmax,SD4,linear,euclidean,prophet,ward,0.460317462682724
454.0,450.0,zscore,SD4,mean,dtw,median,centroid,0.24101445078849792
570.0,107.0,standard,SD3,mean,dtw,prophet,median,0.7455915808677673
315.0,644.0,zscore,SD3,mean,euclidean,dtw,centroid,0.06584227830171585
538.0,222.0,minmax,SD2,prophet,euclidean,prophet,ward,0.6144054532051086
654.0,345.0,standard,SD4,prophet,euclidean,prophet,ward,0.0010000000474974513
546.0,326.0,minmax,SD2,mean,euclidean,mode,single,0.8774088025093079
541.0,140.0,minmax,SD2,mean,euclidean,prophet,single,0.8774088025093079
829.0,77.0,standard,SD4,median,euclidean,median,single,0.0010000000474974513
551.0,289.0,standard,SD4,prophet,euclidean,prophet,complete,0.5795454382896423
553.0,36.0,standard,SD2,mean,euclidean,dtw,single,0.6840905547142029
553.0,714.0,standard,SD4,median,euclidean,median,median,0.22882410883903503
561.0,149.0,standard,SD6,linear,dtw,mean,median,0.7450049519538879
544.0,178.0,minmax,SD2,mean,euclidean,prophet,single,0.8774088025093079
587.0,552.0,minmax,SD2,mean,euclidean,median,single,0.5754716992378235
586.0,586.0,standard,SD4,linear,dtw,mode,single,0.5259488821029663
633.0,17.0,standard,SD5,mean,euclidean,median,complete,0.8556891679763794
543.0,436.0,minmax,SD2,mean,euclidean,mode,single,0.8774088025093079
545.0,86.0,minmax,SD2,mean,euclidean,mode,single,0.8774088025093079
560.0,55.0,standard,SD6,mean,euclidean,mode,weighted,0.823932945728302
567.0,394.0,standard,SD6,mean,euclidean,prophet,single,0.6840905547142029
798.0,585.0,standard,SD5,prophet,euclidean,mean,complete,0.0010000000474974513
559.0,10.0,standard,SD6,mean,dtw,mode,complete,0.5770241022109985
577.0,535.0,minmax,SD2,linear,dtw,prophet,single,0.5815384387969971
574.0,111.0,minmax,SD2,linear,euclidean,median,ward,0.6009389758110046
632.0,120.0,standard,SD3,linear,euclidean,prophet,average,0.6520963311195374
568.0,2.0,standard,SD3,mean,dtw,mode,single,0.22455313801765442
830.0,140.0,zscore,SD3,prophet,euclidean,median,centroid,0.0010000000474974513
578.0,186.0,standard,SD2,mean,euclidean,dtw,average,0.6861538290977478
631.0,506.0,standard,SD4,mean,euclidean,dtw,ward,0.6520963311195374
559.0,51.0,standard,SD2,mean,euclidean,mean,centroid,0.8134205937385559
68.0,34.0,minmax,SD2,median,euclidean,prophet,hdbscan,0.07331118732690811
437.0,8.0,standard,SD2,linear,euclidean,prophet,complete,0.4397195875644684
536.0,433.0,minmax,SD2,linear,euclidean,prophet,single,0.8774088025093079
399.0,188.0,minmax,SD4,mean,euclidean,prophet,hdbscan,0.34723371267318726
427.0,423.0,zscore,SD4,mean,euclidean,mean,complete,0.14592157304286957
677.0,226.0,minmax,SD5,mean,euclidean,mode,median,0.0010000000474974513
429.0,2.0,standard,SD2,mean,euclidean,prophet,hdbscan,0.5309246182441711
556.0,350.0,minmax,SD4,mean,dtw,median,average,0.5194899439811707
636.0,311.0,standard,SD4,prophet,euclidean,mean,ward,0.8556891679763794
556.0,31.0,standard,SD6,linear,euclidean,dtw,average,0.8453274965286255
587.0,379.0,minmax,SD2,mean,euclidean,prophet,single,0.699999988079071
518.0,625.0,standard,SD5,mean,euclidean,prophet,ward,0.4973582625389099
540.0,19.0,standard,SD4,median,euclidean,median,hdbscan,-0.04596274718642235
519.0,183.0,standard,SD2,linear,euclidean,mean,average,0.6025104522705078
642.0,435.0,standard,SD4,median,euclidean,mode,complete,0.8351648449897766
564.0,58.0,standard,SD2,median,euclidean,dtw,centroid,0.7797810435295105
636.0,88.0,standard,SD4,linear,euclidean,dtw,ward,0.8556891679763794
547.0,51.0,standard,SD5,median,euclidean,prophet,centroid,0.7561768293380737
611.0,614.0,standard,SD4,mean,euclidean,median,centroid,0.7319719195365906
640.0,481.0,standard,SD6,mean,euclidean,mode,ward,0.8556891679763794
546.0,411.0,minmax,SD2,mean,euclidean,mode,single,0.8774088025093079
637.0,475.0,standard,SD3,mean,euclidean,prophet,ward,0.8556891679763794
542.0,113.0,minmax,SD4,prophet,euclidean,median,ward,0.09183651208877563
560.0,357.0,minmax,SD2,mean,euclidean,median,single,0.8304397463798523
556.0,20.0,standard,SD4,mean,euclidean,dtw,median,0.8453274965286255
559.0,32.0,minmax,SD4,mean,euclidean,mode,single,0.645552933216095
559.0,55.0,standard,SD6,mean,euclidean,mode,weighted,0.8453274965286255
568.0,607.0,minmax,SD2,mean,dtw,prophet,ward,0.4509454071521759
543.0,346.0,minmax,SD2,prophet,euclidean,mode,single,0.8774088025093079
572.0,46.0,minmax,SD2,mean,euclidean,mode,single,0.8002972602844238
532.0,260.0,minmax,SD2,prophet,euclidean,median,single,0.7496909499168396
448.0,547.0,standard,SD4,mean,euclidean,prophet,hdbscan,0.3531932830810547
564.0,457.0,minmax,SD2,linear,euclidean,mode,single,0.8002972602844238
560.0,247.0,standard,SD4,linear,euclidean,prophet,centroid,0.823932945728302
788.0,787.0,minmax,SD4,median,euclidean,dtw,weighted,0.0010000000474974513
529.0,84.0,minmax,SD2,linear,euclidean,mean,single,0.8283420205116272
523.0,21.0,standard,SD6,prophet,euclidean,mode,average,0.49862930178642273
561.0,526.0,minmax,SD2,mean,euclidean,prophet,single,0.7823240756988525
551.0,45.0,standard,SD5,mean,euclidean,mode,weighted,0.8201472163200378
570.0,416.0,standard,SD3,mean,euclidean,prophet,average,0.7455915808677673
554.0,402.0,standard,SD6,prophet,euclidean,prophet,median,0.758337140083313
31.0,334.0,zscore,SD4,mean,dtw,mean,average,-0.006669474299997091
603.0,441.0,standard,SD4,prophet,dtw,median,weighted,0.6875
636.0,341.0,standard,SD3,mean,euclidean,dtw,complete,0.8556891679763794
587.0,798.0,zscore,SD5,mean,dtw,mode,average,-0.06390480697154999
63.0,885.0,minmax,SD4,prophet,euclidean,median,average,0.0017083000857383013
566.0,153.0,minmax,SD2,mean,euclidean,mean,single,0.8002972602844238
91.0,195.0,standard,SD4,mean,euclidean,prophet,complete,0.15806841850280762
596.0,21.0,standard,SD3,linear,euclidean,prophet,complete,0.7262079119682312
538.0,239.0,minmax,SD2,linear,euclidean,prophet,single,0.8774088025093079
331.0,118.0,standard,SD4,mean,euclidean,mean,median,0.06211448088288307
596.0,492.0,standard,SD5,mean,euclidean,mode,weighted,0.7262079119682312
550.0,64.0,minmax,SD2,mean,euclidean,mode,complete,0.7611598372459412
542.0,300.0,minmax,SD2,mean,euclidean,mode,single,0.8774088025093079
559.0,71.0,standard,SD6,mean,euclidean,mode,centroid,0.8453274965286255
285.0,629.0,standard,SD2,linear,euclidean,median,ward,-0.0046332827769219875
232.0,675.0,standard,SD3,prophet,dtw,prophet,complete,0.3667217493057251
560.0,369.0,standard,SD2,mean,euclidean,prophet,weighted,0.8134205937385559
534.0,214.0,minmax,SD2,linear,euclidean,prophet,single,0.8774088025093079
546.0,512.0,minmax,SD2,mean,euclidean,prophet,hdbscan,0.5357369780540466
613.0,351.0,standard,SD5,prophet,euclidean,prophet,median,0.7319719195365906
528.0,125.0,standard,SD3,median,euclidean,prophet,complete,0.4350247383117676
561.0,625.0,minmax,SD2,median,euclidean,prophet,weighted,0.7784810066223145
543.0,34.0,minmax,SD2,linear,euclidean,prophet,single,0.8774088025093079
543.0,53.0,standard,SD2,median,euclidean,median,weighted,0.5850871801376343
627.0,239.0,standard,SD4,mean,euclidean,dtw,ward,0.7231939435005188
545.0,67.0,minmax,SD2,prophet,euclidean,mode,single,0.8774088025093079
542.0,135.0,minmax,SD2,mean,dtw,mode,single,0.6304671168327332
611.0,567.0,standard,SD4,mean,dtw,prophet,centroid,0.6144430637359619
610.0,600.0,minmax,SD4,mean,euclidean,prophet,complete,0.28105640411376953
549.0,601.0,minmax,SD2,mean,euclidean,prophet,weighted,0.7964783906936646
545.0,321.0,minmax,SD3,mean,dtw,mean,ward,-0.01462508738040924
544.0,604.0,standard,SD5,mean,dtw,dtw,complete,0.30115729570388794
547.0,130.0,minmax,SD2,median,euclidean,mode,single,0.7874544858932495
574.0,16.0,standard,SD2,prophet,euclidean,mode,median,0.6861538290977478
346.0,100.0,standard,SD2,mean,euclidean,prophet,ward,0.4692886769771576
602.0,101.0,standard,SD3,prophet,euclidean,median,average,0.7849462628364563
541.0,365.0,minmax,SD2,linear,euclidean,prophet,single,0.8774088025093079
606.0,538.0,standard,SD4,median,euclidean,mode,weighted,0.7849462628364563
551.0,121.0,standard,SD3,mean,euclidean,dtw,hdbscan,0.3380899429321289
540.0,15.0,minmax,SD2,mean,euclidean,mean,single,0.8774088025093079
533.0,4.0,minmax,SD2,linear,euclidean,prophet,single,0.8774088025093079
550.0,3.0,standard,SD3,linear,euclidean,dtw,centroid,0.8453274965286255
539.0,228.0,minmax,SD2,prophet,euclidean,mode,single,0.8774088025093079
543.0,139.0,minmax,SD2,linear,euclidean,mode,single,0.8774088025093079
543.0,9.0,standard,SD2,prophet,euclidean,mode,single,0.632875919342041
597.0,428.0,standard,SD2,prophet,dtw,prophet,centroid,0.5050985813140869
35.0,160.0,standard,SD5,prophet,dtw,prophet,complete,0.15095429122447968
609.0,491.0,standard,SD3,prophet,euclidean,prophet,weighted,0.7849462628364563
563.0,456.0,minmax,SD2,mean,euclidean,median,single,0.8304397463798523
548.0,400.0,minmax,SD2,mean,euclidean,prophet,single,0.8774088025093079
641.0,356.0,standard,SD3,mean,euclidean,median,ward,0.8351648449897766
556.0,537.0,standard,SD5,median,euclidean,prophet,average,0.662216305732727
175.0,786.0,standard,SD4,mean,euclidean,mean,weighted,0.04265395551919937
566.0,114.0,standard,SD4,mean,euclidean,mean,average,0.823932945728302
545.0,22.0,standard,SD4,median,euclidean,median,median,0.6734955310821533
619.0,30.0,standard,SD4,linear,euclidean,prophet,centroid,0.7231939435005188
535.0,61.0,minmax,SD2,linear,euclidean,mode,single,0.8774088025093079
638.0,587.0,standard,SD3,prophet,euclidean,mean,complete,0.3978201746940613
542.0,82.0,minmax,SD2,linear,euclidean,median,single,0.8774088025093079
559.0,612.0,minmax,SD2,mean,euclidean,prophet,complete,0.7784810066223145
679.0,757.0,minmax,SD4,prophet,euclidean,prophet,median,0.0010000000474974513
582.0,400.0,minmax,SD6,mean,euclidean,median,single,0.5556594729423523
537.0,107.0,minmax,SD2,linear,euclidean,prophet,single,0.8774088025093079
548.0,29.0,standard,SD4,mean,euclidean,median,median,-0.0037380303256213665
600.0,716.0,minmax,SD2,mean,euclidean,prophet,average,0.6240140199661255
547.0,26.0,minmax,SD2,linear,euclidean,mean,single,0.8774088025093079
535.0,131.0,minmax,SD2,prophet,euclidean,mean,single,0.8774088025093079
542.0,388.0,minmax,SD2,linear,euclidean,prophet,single,0.8774088025093079
638.0,391.0,standard,SD6,median,euclidean,mode,ward,0.8556891679763794
559.0,753.0,standard,SD6,mean,dtw,mode,weighted,0.20270571112632751
341.0,386.0,zscore,SD5,linear,dtw,dtw,ward,0.11600690335035324
617.0,410.0,standard,SD4,mean,euclidean,prophet,centroid,0.7231939435005188
882.0,27.0,standard,SD4,mean,euclidean,prophet,average,0.0010000000474974513
574.0,577.0,standard,SD2,mean,euclidean,median,weighted,0.5867098569869995
544.0,17.0,minmax,SD2,linear,euclidean,prophet,single,0.8774088025093079
553.0,638.0,minmax,SD2,mean,euclidean,prophet,centroid,0.6046909689903259
560.0,99.0,standard,SD6,mean,euclidean,prophet,centroid,0.823932945728302
542.0,284.0,minmax,SD2,prophet,euclidean,prophet,single,0.8774088025093079
537.0,214.0,minmax,SD2,mean,euclidean,mode,single,0.8774088025093079
550.0,9.0,standard,SD4,linear,euclidean,mode,centroid,0.8201472163200378
44.0,739.0,zscore,SD5,linear,dtw,mode,centroid,-0.013241459615528584
570.0,498.0,standard,SD3,prophet,dtw,mode,centroid,0.6554082036018372
526.0,19.0,standard,SD2,mean,euclidean,median,ward,0.002311514224857092
614.0,731.0,standard,SD6,linear,euclidean,dtw,weighted,0.2017543911933899
566.0,45.0,minmax,SD2,median,euclidean,mode,single,0.8002972602844238
885.0,122.0,standard,SD3,linear,euclidean,mode,average,0.0010000000474974513
572.0,201.0,standard,SD6,mean,euclidean,dtw,centroid,0.8134205937385559
637.0,451.0,standard,SD3,prophet,euclidean,mean,ward,0.8556891679763794
642.0,545.0,standard,SD4,linear,euclidean,prophet,weighted,0.5343368053436279
532.0,54.0,minmax,SD2,mean,euclidean,median,complete,0.5726236701011658
561.0,447.0,minmax,SD4,mean,euclidean,prophet,centroid,0.4466463327407837
597.0,39.0,standard,SD4,linear,euclidean,dtw,centroid,0.7262079119682312
558.0,455.0,standard,SD4,mean,euclidean,mode,centroid,0.7221307158470154
537.0,69.0,standard,SD4,linear,euclidean,dtw,ward,0.6023474931716919
565.0,28.0,standard,SD2,linear,euclidean,mode,centroid,0.7797810435295105
10.0,155.0,standard,SD2,mean,euclidean,prophet,complete,0.09398383647203445
121.0,563.0,zscore,SD6,linear,dtw,median,centroid,0.06839967519044876
536.0,249.0,minmax,SD2,mean,euclidean,mode,single,0.8774088025093079
679.0,130.0,zscore,SD4,mean,euclidean,mean,median,0.0010000000474974513
574.0,377.0,minmax,SD2,median,euclidean,prophet,single,0.7170953154563904
566.0,445.0,standard,SD3,median,euclidean,prophet,average,0.823932945728302
545.0,383.0,minmax,SD2,mean,euclidean,prophet,single,0.8774088025093079
606.0,236.0,standard,SD5,mean,euclidean,prophet,centroid,0.7849462628364563
563.0,73.0,standard,SD5,mean,euclidean,dtw,median,0.823932945728302
315.0,873.0,minmax,SD2,mean,dtw,median,single,0.1491595059633255
559.0,214.0,standard,SD3,median,euclidean,median,weighted,0.7352954745292664
537.0,284.0,minmax,SD2,prophet,euclidean,median,single,0.8774088025093079
615.0,87.0,standard,SD4,linear,dtw,prophet,average,0.6008771657943726
557.0,37.0,standard,SD2,linear,dtw,prophet,median,0.6219621896743774
322.0,598.0,minmax,SD4,median,dtw,median,centroid,-0.008759163320064545
623.0,68.0,standard,SD4,median,euclidean,mode,weighted,0.7231939435005188
549.0,446.0,minmax,SD2,mean,euclidean,prophet,weighted,0.7864220142364502
543.0,100.0,standard,SD5,mean,euclidean,median,ward,-0.01537259016185999
608.0,11.0,standard,SD3,median,euclidean,mean,ward,0.4848484992980957
543.0,2.0,minmax,SD2,mean,euclidean,prophet,single,0.8774088025093079
549.0,435.0,standard,SD3,mean,euclidean,dtw,average,0.7541302442550659
547.0,30.0,minmax,SD2,mean,euclidean,mode,single,0.8774088025093079
551.0,293.0,standard,SD5,prophet,euclidean,median,hdbscan,0.6520007848739624
592.0,331.0,standard,SD3,mean,euclidean,prophet,weighted,0.7262079119682312
632.0,362.0,standard,SD4,median,euclidean,prophet,complete,0.8556891679763794
567.0,899.0,zscore,SD2,linear,euclidean,median,ward,-0.028367184102535248
538.0,423.0,minmax,SD2,mean,euclidean,prophet,single,0.8774088025093079
556.0,58.0,standard,SD2,prophet,euclidean,mode,centroid,0.823932945728302
542.0,374.0,minmax,SD2,mean,euclidean,prophet,single,0.8774088025093079
553.0,177.0,standard,SD2,linear,euclidean,mode,centroid,0.823932945728302
561.0,309.0,minmax,SD2,mean,euclidean,prophet,single,0.8304397463798523
582.0,494.0,standard,SD4,linear,euclidean,prophet,centroid,0.7063747644424438
412.0,783.0,zscore,SD3,median,dtw,median,median,0.004071896895766258
533.0,701.0,standard,SD2,mean,euclidean,mean,average,-0.05395754799246788
555.0,153.0,standard,SD6,mean,euclidean,prophet,ward,0.39501523971557617
788.0,685.0,standard,SD5,prophet,euclidean,mode,hdbscan,0.0010000000474974513
546.0,441.0,minmax,SD2,prophet,euclidean,mode,single,0.8774088025093079
281.0,810.0,standard,SD3,median,dtw,mean,average,0.03526388108730316
550.0,490.0,standard,SD2,prophet,euclidean,prophet,median,0.6975751519203186
537.0,385.0,minmax,SD2,linear,euclidean,prophet,single,0.8774088025093079
540.0,136.0,minmax,SD2,mean,euclidean,median,single,0.8774088025093079
555.0,90.0,minmax,SD6,linear,euclidean,prophet,average,0.19418156147003174
541.0,16.0,minmax,SD2,linear,euclidean,prophet,single,0.8774088025093079
343.0,338.0,zscore,SD2,prophet,dtw,median,ward,0.23631232976913452
566.0,176.0,standard,SD4,linear,euclidean,mean,centroid,0.823932945728302
575.0,185.0,minmax,SD2,median,euclidean,dtw,ward,0.6009389758110046
637.0,402.0,standard,SD4,prophet,euclidean,prophet,complete,0.8556891679763794
338.0,199.0,standard,SD2,mean,euclidean,mode,complete,0.5648796558380127
557.0,24.0,standard,SD4,mean,euclidean,median,weighted,-0.0037380303256213665
602.0,457.0,standard,SD4,prophet,euclidean,mode,ward,0.4848484992980957
544.0,296.0,minmax,SD2,mean,euclidean,prophet,single,0.8774088025093079
557.0,510.0,minmax,SD2,mean,euclidean,prophet,complete,0.7702721357345581
587.0,266.0,standard,SD2,mean,euclidean,prophet,ward,0.4192635416984558
644.0,443.0,standard,SD3,linear,euclidean,mode,ward,0.800000011920929
547.0,111.0,minmax,SD2,prophet,euclidean,prophet,single,0.8774088025093079
636.0,6.0,standard,SD4,prophet,euclidean,mode,ward,0.8556891679763794
635.0,451.0,standard,SD5,prophet,euclidean,mode,single,0.7984496355056763
588.0,716.0,standard,SD6,mean,euclidean,prophet,single,0.7262079119682312
590.0,479.0,standard,SD6,linear,dtw,prophet,centroid,0.7262079119682312
647.0,356.0,standard,SD4,mean,euclidean,mean,ward,0.800000011920929
556.0,14.0,standard,SD6,linear,euclidean,prophet,weighted,0.8453274965286255
640.0,137.0,standard,SD4,linear,euclidean,prophet,single,0.7984496355056763
177.0,282.0,standard,SD4,mean,dtw,median,hdbscan,0.047449029982089996
412.0,87.0,standard,SD4,prophet,dtw,median,median,0.142501100897789
637.0,10.0,standard,SD4,linear,euclidean,prophet,ward,0.8556891679763794
570.0,151.0,standard,SD4,prophet,euclidean,mean,median,-0.15489579737186432
557.0,40.0,standard,SD2,linear,euclidean,dtw,centroid,0.81768399477005
600.0,49.0,standard,SD3,mean,dtw,mean,single,0.24358242750167847
555.0,80.0,standard,SD4,mean,dtw,prophet,centroid,0.7764820456504822
10.0,2.0,minmax,SD6,linear,dtw,mean,single,-0.00010211331391474232
548.0,365.0,minmax,SD2,mean,euclidean,median,single,0.8774088025093079
325.0,48.0,standard,SD2,mean,dtw,prophet,ward,0.47007250785827637
505.0,159.0,minmax,SD3,mean,dtw,prophet,centroid,0.24320514500141144
545.0,114.0,standard,SD4,mean,euclidean,median,median,0.8552472591400146
560.0,165.0,standard,SD3,linear,euclidean,dtw,centroid,0.823932945728302
634.0,169.0,standard,SD5,prophet,euclidean,dtw,complete,0.8556891679763794
380.0,93.0,zscore,SD4,linear,euclidean,median,complete,0.0374273918569088
635.0,56.0,standard,SD4,prophet,euclidean,prophet,ward,0.8556891679763794
545.0,219.0,minmax,SD2,linear,euclidean,mode,single,0.8774088025093079
549.0,88.0,minmax,SD2,prophet,euclidean,median,single,0.7769240736961365
653.0,5.0,standard,SD4,linear,euclidean,prophet,complete,0.0010000000474974513
548.0,432.0,minmax,SD2,mean,euclidean,mode,single,0.8774088025093079
545.0,108.0,minmax,SD4,mean,euclidean,median,median,0.021105090156197548
563.0,14.0,standard,SD5,mean,euclidean,mode,median,0.823932945728302
556.0,398.0,standard,SD3,linear,dtw,prophet,ward,0.4580858647823334
543.0,207.0,minmax,SD2,mean,euclidean,median,single,0.8774088025093079
551.0,222.0,standard,SD3,linear,euclidean,mean,average,0.7738648653030396
542.0,226.0,minmax,SD2,mean,euclidean,mode,single,0.8774088025093079
555.0,126.0,standard,SD6,linear,euclidean,median,weighted,0.8453274965286255
545.0,384.0,minmax,SD2,prophet,euclidean,mode,single,0.8774088025093079
638.0,16.0,standard,SD6,median,euclidean,prophet,ward,0.8556891679763794
494.0,35.0,minmax,SD2,mean,euclidean,prophet,single,0.18900920450687408
543.0,384.0,minmax,SD2,linear,euclidean,prophet,single,0.8774088025093079
558.0,4.0,standard,SD4,mean,euclidean,median,weighted,0.8453274965286255
638.0,489.0,standard,SD3,median,euclidean,mode,complete,0.8556891679763794
403.0,21.0,standard,SD5,mean,euclidean,prophet,centroid,0.21896712481975555
68.0,722.0,standard,SD2,linear,dtw,median,single,0.0032449064310640097
330.0,880.0,standard,SD4,prophet,euclidean,prophet,weighted,0.49450111389160156
553.0,236.0,standard,SD4,mean,euclidean,prophet,weighted,0.8453274965286255
544.0,720.0,minmax,SD6,prophet,euclidean,median,weighted,0.08278457075357437
288.0,892.0,standard,SD6,prophet,dtw,mode,single,0.11428150534629822
595.0,104.0,minmax,SD6,linear,euclidean,mode,centroid,0.460317462682724
617.0,46.0,standard,SD2,linear,euclidean,prophet,hdbscan,0.0010000000474974513
534.0,572.0,minmax,SD2,mean,euclidean,mean,single,0.34304675459861755
572.0,375.0,standard,SD4,mean,euclidean,mean,median,0.8134205937385559
534.0,28.0,standard,SD2,prophet,euclidean,prophet,median,0.6990291476249695
591.0,586.0,minmax,SD2,mean,euclidean,prophet,ward,0.6788991093635559
605.0,84.0,standard,SD3,mean,euclidean,dtw,weighted,0.7849462628364563
633.0,324.0,standard,SD5,median,euclidean,mean,ward,0.8556891679763794
638.0,436.0,standard,SD4,median,euclidean,prophet,complete,0.8556891679763794
547.0,65.0,minmax,SD2,mean,euclidean,median,single,0.8774088025093079
547.0,377.0,minmax,SD2,mean,euclidean,prophet,single,0.8774088025093079
689.0,113.0,minmax,SD4,mean,euclidean,mean,average,0.0010000000474974513
542.0,72.0,minmax,SD2,mean,euclidean,prophet,single,0.8774088025093079
552.0,77.0,standard,SD2,mean,euclidean,dtw,average,0.4998115301132202
552.0,111.0,minmax,SD2,mean,euclidean,prophet,ward,0.7864220142364502
547.0,315.0,minmax,SD2,mean,euclidean,mode,single,0.8774088025093079
550.0,114.0,minmax,SD2,linear,euclidean,prophet,single,0.8571924567222595
542.0,96.0,minmax,SD2,mean,euclidean,mean,single,0.8774088025093079
554.0,409.0,minmax,SD2,mean,euclidean,prophet,single,0.8376142382621765
548.0,283.0,standard,SD2,mean,euclidean,mean,weighted,0.7303066849708557
569.0,40.0,standard,SD3,linear,euclidean,median,centroid,0.81768399477005
608.0,422.0,standard,SD4,median,euclidean,dtw,complete,0.5977011322975159
567.0,609.0,minmax,SD3,linear,euclidean,prophet,ward,0.6541916131973267
539.0,225.0,minmax,SD2,mean,euclidean,median,single,0.8774088025093079
561.0,124.0,standard,SD3,prophet,euclidean,mean,average,0.823932945728302
636.0,406.0,standard,SD5,prophet,euclidean,mode,complete,0.8556891679763794
548.0,232.0,minmax,SD2,prophet,euclidean,prophet,single,0.8774088025093079
543.0,421.0,minmax,SD2,prophet,euclidean,mode,single,0.8774088025093079
599.0,6.0,standard,SD3,prophet,dtw,mode,centroid,0.7262079119682312
633.0,396.0,standard,SD5,median,euclidean,prophet,ward,0.8556891679763794
637.0,473.0,standard,SD3,linear,euclidean,median,ward,0.8556891679763794
799.0,51.0,standard,SD2,prophet,euclidean,prophet,ward,0.0010000000474974513
617.0,548.0,standard,SD4,linear,euclidean,prophet,centroid,0.7231939435005188
788.0,787.0,minmax,SD4,median,euclidean,dtw,weighted,0.0010000000474974513
570.0,127.0,standard,SD5,median,euclidean,dtw,single,0.6698528528213501
554.0,444.0,standard,SD5,mean,euclidean,prophet,weighted,0.8453274965286255
582.0,135.0,standard,SD5,mean,euclidean,median,hdbscan,0.6195603609085083
559.0,163.0,standard,SD4,mean,euclidean,mode,centroid,0.8453274965286255
558.0,460.0,minmax,SD2,linear,euclidean,prophet,single,0.833001971244812
542.0,15.0,minmax,SD2,mean,euclidean,median,single,0.8774088025093079
561.0,385.0,minmax,SD2,mean,euclidean,prophet,complete,0.7784810066223145
537.0,29.0,minmax,SD2,mean,euclidean,mean,single,0.8774088025093079
541.0,347.0,minmax,SD2,mean,euclidean,mode,single,0.8774088025093079
579.0,138.0,minmax,SD4,linear,euclidean,median,single,0.6026383638381958
556.0,192.0,standard,SD4,mean,euclidean,dtw,weighted,0.8453274965286255
629.0,64.0,standard,SD5,median,euclidean,prophet,complete,0.8556891679763794
536.0,79.0,standard,SD2,mean,euclidean,median,single,0.7184439897537231
560.0,187.0,standard,SD6,mean,euclidean,prophet,ward,0.6807922720909119
30.0,249.0,standard,SD5,linear,euclidean,mean,weighted,0.00153158453758806
546.0,203.0,standard,SD2,mean,euclidean,mode,centroid,0.7765017747879028
628.0,467.0,standard,SD4,mean,euclidean,mean,complete,0.6821885704994202
541.0,12.0,standard,SD2,prophet,euclidean,mean,median,-0.2076844573020935
530.0,147.0,minmax,SD2,mean,euclidean,median,single,0.8468836545944214
558.0,256.0,standard,SD2,mean,euclidean,prophet,centroid,0.81768399477005
536.0,110.0,minmax,SD2,prophet,euclidean,mode,single,0.8774088025093079
543.0,394.0,minmax,SD2,mean,euclidean,mode,single,0.8774088025093079
562.0,14.0,standard,SD4,mean,euclidean,mode,hdbscan,0.8031063675880432
617.0,334.0,standard,SD4,median,euclidean,prophet,ward,0.7231939435005188
807.0,105.0,standard,SD5,mean,dtw,dtw,weighted,0.0010000000474974513
555.0,10.0,standard,SD4,mean,euclidean,prophet,hdbscan,0.8233651518821716
255.0,5.0,zscore,SD4,mean,euclidean,prophet,average,0.11987976729869843
454.0,450.0,zscore,SD4,mean,dtw,median,centroid,0.24101445078849792
579.0,115.0,standard,SD2,mean,euclidean,prophet,median,0.4192635416984558
543.0,121.0,standard,SD5,mean,euclidean,median,median,-0.01537259016185999
561.0,122.0,standard,SD6,prophet,dtw,median,centroid,0.7450049519538879
633.0,530.0,standard,SD4,median,euclidean,prophet,complete,0.8556891679763794
226.0,565.0,standard,SD6,median,euclidean,prophet,average,0.21332359313964844
631.0,48.0,standard,SD4,prophet,euclidean,median,centroid,0.6520963311195374
543.0,137.0,minmax,SD2,mean,euclidean,mode,single,0.8774088025093079
554.0,88.0,minmax,SD2,mean,euclidean,prophet,centroid,0.5956084728240967
605.0,5.0,standard,SD3,prophet,euclidean,mean,average,0.7849462628364563
546.0,29.0,standard,SD6,linear,euclidean,mean,average,0.7561768293380737
577.0,435.0,standard,SD2,linear,euclidean,prophet,average,0.6861538290977478
560.0,11.0,standard,SD5,linear,euclidean,median,average,0.823932945728302
284.0,8.0,standard,SD3,prophet,dtw,mode,average,0.4360142946243286
566.0,114.0,standard,SD4,mean,euclidean,mean,average,0.823932945728302
534.0,211.0,minmax,SD2,mean,euclidean,mode,single,0.8774088025093079
604.0,369.0,standard,SD6,linear,euclidean,mean,centroid,0.7849462628364563
553.0,23.0,standard,SD5,mean,euclidean,mode,median,0.8453274965286255
557.0,78.0,standard,SD6,mean,euclidean,prophet,weighted,0.8453274965286255
566.0,578.0,standard,SD4,mean,euclidean,prophet,average,0.7450049519538879
612.0,498.0,standard,SD4,mean,euclidean,prophet,ward,0.7319719195365906
899.0,898.0,standard,SD2,mean,dtw,median,hdbscan,0.0010000000474974513
558.0,23.0,standard,SD3,mean,euclidean,mean,centroid,0.8453274965286255
519.0,627.0,standard,SD2,mean,euclidean,dtw,complete,0.22118380665779114
791.0,528.0,standard,SD2,median,euclidean,mode,hdbscan,0.10490091890096664
557.0,21.0,minmax,SD2,mean,euclidean,median,single,0.833001971244812
531.0,20.0,minmax,SD2,prophet,euclidean,mean,single,0.7496909499168396
539.0,27.0,minmax,SD2,linear,euclidean,mean,single,0.8774088025093079
235.0,203.0,minmax,SD2,mean,dtw,median,weighted,0.14959777891635895
644.0,72.0,standard,SD4,linear,euclidean,dtw,ward,0.800000011920929
519.0,107.0,standard,SD2,mean,dtw,median,weighted,0.01605205610394478
548.0,2.0,minmax,SD2,prophet,euclidean,prophet,single,0.8774088025093079
557.0,40.0,standard,SD4,linear,euclidean,prophet,weighted,0.8453274965286255
582.0,120.0,minmax,SD2,linear,euclidean,prophet,complete,0.6210191249847412
545.0,440.0,minmax,SD2,mean,euclidean,prophet,average,0.7303066849708557
518.0,377.0,minmax,SD2,mean,euclidean,prophet,ward,0.52679842710495
552.0,465.0,minmax,SD2,mean,euclidean,prophet,single,0.8571924567222595
555.0,241.0,standard,SD4,linear,euclidean,mean,weighted,0.7317784428596497
489.0,185.0,standard,SD3,mean,euclidean,mode,single,0.03284717723727226
66.0,181.0,standard,SD3,median,euclidean,mean,average,0.003508105641230941
631.0,63.0,standard,SD4,linear,euclidean,dtw,complete,0.8556891679763794
537.0,28.0,minmax,SD2,mean,euclidean,mode,single,0.8774088025093079
566.0,75.0,standard,SD5,mean,euclidean,dtw,average,0.823932945728302
564.0,315.0,standard,SD5,mean,euclidean,prophet,median,0.823932945728302
638.0,285.0,standard,SD4,median,euclidean,dtw,ward,0.8556891679763794
640.0,150.0,standard,SD4,prophet,euclidean,mode,complete,0.8556891679763794
552.0,351.0,standard,SD6,mean,euclidean,prophet,hdbscan,0.7139682769775391
573.0,634.0,minmax,SD4,mean,euclidean,mode,average,0.4344455301761627
634.0,24.0,standard,SD4,mean,dtw,prophet,complete,0.5297157764434814
545.0,516.0,standard,SD6,mean,euclidean,dtw,median,0.6863468885421753
572.0,262.0,standard,SD2,mean,euclidean,dtw,hdbscan,0.4998115301132202
556.0,100.0,standard,SD5,linear,euclidean,mean,centroid,0.8453274965286255
634.0,181.0,standard,SD4,median,euclidean,mode,ward,0.8556891679763794
593.0,214.0,standard,SD4,prophet,euclidean,prophet,centroid,0.7262079119682312
543.0,153.0,minmax,SD2,mean,euclidean,mode,single,0.8774088025093079
121.0,563.0,zscore,SD6,linear,dtw,median,centroid,0.06839967519044876
639.0,536.0,standard,SD4,median,euclidean,mode,ward,0.8556891679763794
141.0,74.0,standard,SD2,mean,euclidean,mean,ward,0.14645321667194366
637.0,120.0,standard,SD4,median,euclidean,dtw,single,0.7984496355056763
359.0,892.0,zscore,SD2,prophet,dtw,median,median,0.28205257654190063
558.0,332.0,standard,SD5,mean,euclidean,mean,single,0.18797098100185394
670.0,24.0,standard,SD6,mean,euclidean,prophet,weighted,0.0010000000474974513
543.0,474.0,standard,SD2,mean,euclidean,prophet,centroid,0.7765017747879028
557.0,473.0,standard,SD2,mean,euclidean,dtw,centroid,0.689056396484375
527.0,563.0,minmax,SD2,median,euclidean,prophet,complete,0.5110593438148499
599.0,485.0,standard,SD5,mean,euclidean,mode,average,0.7262079119682312
511.0,222.0,standard,SD4,linear,euclidean,mean,average,0.44643163681030273
362.0,68.0,minmax,SD2,mean,euclidean,dtw,single,0.2180611789226532
549.0,335.0,minmax,SD2,prophet,euclidean,prophet,single,0.7769240736961365
544.0,487.0,minmax,SD2,mean,euclidean,prophet,single,0.8067768216133118
586.0,57.0,standard,SD6,mean,euclidean,median,average,0.7747892141342163
633.0,492.0,minmax,SD4,prophet,euclidean,prophet,ward,0.3269754648208618
697.0,125.0,standard,SD3,mean,euclidean,mean,single,-0.11781171709299088
559.0,92.0,standard,SD2,mean,euclidean,dtw,hdbscan,0.0010000000474974513
354.0,885.0,standard,SD5,mean,dtw,mode,hdbscan,0.03883899003267288
634.0,469.0,standard,SD3,median,euclidean,median,ward,0.8556891679763794
541.0,19.0,minmax,SD2,mean,euclidean,mode,single,0.8774088025093079
572.0,128.0,minmax,SD3,mean,euclidean,prophet,ward,0.6391574740409851
293.0,111.0,minmax,SD4,mean,euclidean,mean,median,0.10248994082212448
543.0,354.0,minmax,SD2,mean,euclidean,mode,single,0.8774088025093079
520.0,142.0,standard,SD5,linear,dtw,dtw,median,0.4537895917892456
563.0,48.0,minmax,SD2,mean,euclidean,mean,complete,0.7784810066223145
604.0,136.0,standard,SD3,linear,euclidean,median,ward,0.7849462628364563
559.0,156.0,standard,SD6,mean,euclidean,mode,centroid,0.8453274965286255
541.0,144.0,minmax,SD2,mean,euclidean,prophet,single,0.8774088025093079
543.0,405.0,minmax,SD2,mean,euclidean,prophet,single,0.8774088025093079
636.0,447.0,standard,SD4,mean,dtw,mode,ward,0.5297157764434814
559.0,299.0,minmax,SD2,linear,euclidean,mode,single,0.8304397463798523
543.0,73.0,minmax,SD2,prophet,euclidean,prophet,single,0.8774088025093079
545.0,422.0,minmax,SD2,linear,euclidean,prophet,single,0.8774088025093079
561.0,136.0,standard,SD2,mean,euclidean,median,centroid,0.8134205937385559
30.0,763.0,zscore,SD6,prophet,euclidean,prophet,centroid,0.008626104332506657
730.0,9.0,standard,SD2,mean,euclidean,prophet,ward,0.0010000000474974513
538.0,25.0,minmax,SD2,prophet,euclidean,mode,single,0.8774088025093079
27.0,899.0,minmax,SD3,mean,euclidean,mode,hdbscan,0.007418658118695021
535.0,71.0,minmax,SD2,mean,euclidean,mean,single,0.8774088025093079
551.0,808.0,minmax,SD2,prophet,euclidean,prophet,ward,0.5676445364952087
543.0,20.0,standard,SD4,prophet,dtw,prophet,single,0.39365673065185547
555.0,24.0,standard,SD6,mean,euclidean,median,hdbscan,0.8233651518821716
177.0,282.0,standard,SD4,mean,dtw,median,hdbscan,0.047449029982089996
454.0,147.0,minmax,SD2,linear,euclidean,dtw,complete,0.4735017418861389
542.0,48.0,standard,SD5,mean,euclidean,mode,median,0.5974830985069275
550.0,148.0,minmax,SD2,mean,euclidean,mean,single,0.8571924567222595
541.0,25.0,standard,SD3,median,euclidean,dtw,median,0.3844354748725891
554.0,19.0,standard,SD5,prophet,dtw,mode,ward,0.5165842175483704
585.0,38.0,minmax,SD3,mean,euclidean,prophet,complete,0.6341257691383362
45.0,307.0,standard,SD3,prophet,euclidean,median,ward,0.007840662263333797
546.0,76.0,standard,SD5,mean,dtw,prophet,median,0.1451791375875473
635.0,246.0,standard,SD6,linear,euclidean,prophet,complete,0.8556891679763794
632.0,422.0,standard,SD5,prophet,euclidean,prophet,complete,0.8556891679763794
587.0,5.0,standard,SD2,mean,euclidean,mode,single,0.625
590.0,6.0,standard,SD4,mean,euclidean,prophet,median,0.7262079119682312
558.0,43.0,standard,SD2,median,euclidean,mode,average,0.81768399477005
214.0,706.0,minmax,SD3,prophet,dtw,dtw,centroid,0.16703101992607117
541.0,4.0,minmax,SD2,mean,euclidean,median,single,0.8774088025093079
528.0,473.0,zscore,SD3,median,dtw,prophet,average,0.047899018973112106
567.0,462.0,standard,SD6,mean,euclidean,prophet,ward,0.6807922720909119
635.0,526.0,standard,SD5,mean,euclidean,prophet,ward,0.8556891679763794
590.0,95.0,standard,SD2,mean,euclidean,prophet,ward,0.6788991093635559
543.0,305.0,minmax,SD2,prophet,euclidean,mode,single,0.8774088025093079
553.0,2.0,minmax,SD2,linear,euclidean,mode,single,0.8376142382621765
556.0,32.0,standard,SD2,mean,euclidean,mode,median,0.823932945728302
562.0,533.0,standard,SD2,median,euclidean,mode,average,0.746835470199585
634.0,41.0,standard,SD3,median,euclidean,mean,ward,0.8556891679763794
547.0,501.0,standard,SD6,mean,euclidean,prophet,single,0.5258166193962097
552.0,280.0,standard,SD2,linear,euclidean,median,average,0.7221307158470154
555.0,132.0,standard,SD4,mean,euclidean,mode,average,0.8453274965286255
294.0,10.0,standard,SD2,median,euclidean,mean,median,0.27258414030075073
356.0,37.0,standard,SD2,linear,euclidean,prophet,complete,0.47893401980400085
302.0,140.0,standard,SD5,linear,euclidean,mean,hdbscan,0.0010000000474974513
553.0,49.0,standard,SD5,mean,euclidean,prophet,median,0.8453274965286255
543.0,111.0,standard,SD4,mean,euclidean,prophet,ward,0.40088537335395813
548.0,10.0,minmax,SD2,mean,euclidean,prophet,single,0.8774088025093079
547.0,263.0,minmax,SD2,mean,euclidean,mode,single,0.8774088025093079
858.0,31.0,standard,SD2,linear,euclidean,median,weighted,0.0010000000474974513
566.0,550.0,minmax,SD2,linear,euclidean,prophet,complete,0.7373847961425781
642.0,6.0,standard,SD6,mean,euclidean,mean,ward,0.8351648449897766
557.0,610.0,minmax,SD2,mean,euclidean,dtw,ward,0.7173240184783936
543.0,221.0,minmax,SD2,mean,euclidean,prophet,single,0.8774088025093079
892.0,315.0,minmax,SD4,mean,euclidean,prophet,weighted,0.0010000000474974513
553.0,143.0,standard,SD4,mean,euclidean,prophet,centroid,0.8453274965286255
559.0,76.0,minmax,SD2,mean,euclidean,mode,average,0.7647350430488586
541.0,233.0,minmax,SD2,prophet,euclidean,prophet,single,0.8774088025093079
311.0,692.0,standard,SD4,prophet,euclidean,dtw,centroid,0.3296489715576172
551.0,360.0,minmax,SD2,mean,euclidean,mode,single,0.8571924567222595
538.0,190.0,minmax,SD2,prophet,euclidean,mean,single,0.8774088025093079
578.0,149.0,standard,SD6,prophet,euclidean,prophet,single,0.6572548747062683
540.0,316.0,minmax,SD2,mean,euclidean,prophet,single,0.8774088025093079
548.0,500.0,standard,SD5,mean,euclidean,prophet,ward,0.7561768293380737
404.0,479.0,standard,SD6,mean,dtw,mode,average,-0.012200050055980682
633.0,276.0,standard,SD3,linear,euclidean,mean,single,0.7984496355056763
636.0,543.0,standard,SD4,prophet,euclidean,mode,ward,0.8556891679763794
654.0,92.0,zscore,SD4,prophet,euclidean,prophet,ward,0.0010000000474974513
627.0,525.0,standard,SD5,prophet,euclidean,prophet,complete,0.7231939435005188
614.0,551.0,standard,SD4,linear,euclidean,mean,median,0.6821885704994202
553.0,57.0,standard,SD2,prophet,euclidean,prophet,weighted,0.7115449905395508
643.0,513.0,standard,SD6,linear,euclidean,mode,complete,0.800000011920929
567.0,16.0,standard,SD6,mean,dtw,dtw,centroid,0.7450049519538879
534.0,212.0,minmax,SD2,median,euclidean,mean,single,0.7874544858932495
553.0,100.0,standard,SD2,mean,euclidean,mode,centroid,0.823932945728302
570.0,67.0,standard,SD6,mean,euclidean,median,weighted,0.81768399477005
579.0,553.0,minmax,SD2,mean,euclidean,mode,centroid,0.4301675856113434
286.0,15.0,standard,SD4,prophet,euclidean,prophet,single,0.014700336381793022
543.0,279.0,minmax,SD2,linear,euclidean,mode,single,0.8774088025093079
601.0,194.0,minmax,SD4,prophet,euclidean,dtw,single,0.49735450744628906
493.0,134.0,zscore,SD2,prophet,euclidean,prophet,average,0.06567587703466415
540.0,390.0,minmax,SD2,linear,euclidean,prophet,single,0.8774088025093079
558.0,595.0,minmax,SD2,mean,euclidean,prophet,centroid,0.5922824740409851
542.0,684.0,minmax,SD2,mean,euclidean,prophet,single,0.7240788340568542
532.0,307.0,minmax,SD2,linear,euclidean,mode,single,0.8468836545944214
570.0,40.0,minmax,SD5,mean,euclidean,dtw,complete,0.6607887744903564
639.0,496.0,standard,SD4,prophet,euclidean,mode,complete,0.8556891679763794
565.0,416.0,minmax,SD2,median,euclidean,prophet,weighted,0.7217099070549011
546.0,68.0,standard,SD2,mean,euclidean,prophet,median,0.6139575839042664
545.0,223.0,minmax,SD2,linear,euclidean,prophet,single,0.8774088025093079
544.0,83.0,minmax,SD2,linear,euclidean,prophet,single,0.8774088025093079
417.0,886.0,zscore,SD6,linear,dtw,mode,single,6.442255107685924e-05
554.0,41.0,minmax,SD6,median,euclidean,median,complete,0.6389208436012268
635.0,398.0,standard,SD4,linear,euclidean,prophet,single,0.7984496355056763
552.0,283.0,standard,SD2,mean,euclidean,median,weighted,0.7839065194129944
616.0,487.0,standard,SD6,prophet,euclidean,prophet,single,0.642436146736145
611.0,377.0,standard,SD4,median,euclidean,prophet,weighted,0.7319719195365906
574.0,11.0,minmax,SD6,linear,euclidean,dtw,ward,0.573549747467041
563.0,176.0,minmax,SD2,prophet,euclidean,prophet,weighted,0.7647350430488586
573.0,63.0,minmax,SD2,mean,dtw,prophet,single,0.6503856182098389
640.0,303.0,standard,SD4,median,euclidean,mean,ward,0.8556891679763794
577.0,86.0,standard,SD4,mean,euclidean,mode,complete,0.57029128074646
535.0,391.0,minmax,SD2,mean,euclidean,prophet,single,0.8774088025093079
364.0,196.0,standard,SD5,mean,dtw,median,average,0.31662434339523315
637.0,410.0,standard,SD5,linear,dtw,dtw,weighted,0.5297157764434814
567.0,485.0,minmax,SD2,mean,euclidean,prophet,ward,0.7373847961425781
636.0,296.0,standard,SD6,linear,euclidean,mean,ward,0.8556891679763794
10.0,2.0,minmax,SD6,linear,dtw,mean,single,-0.00010211331391474232
329.0,771.0,standard,SD2,mean,dtw,prophet,average,0.49659618735313416
634.0,469.0,standard,SD6,mean,euclidean,mode,ward,0.8556891679763794
642.0,346.0,standard,SD5,linear,euclidean,mode,complete,0.5343368053436279
562.0,210.0,minmax,SD2,linear,euclidean,mode,median,0.573497474193573
559.0,58.0,standard,SD3,mean,euclidean,mode,weighted,0.8453274965286255
634.0,69.0,standard,SD4,linear,euclidean,prophet,complete,0.8556891679763794
634.0,449.0,standard,SD3,prophet,euclidean,prophet,ward,0.8556891679763794
544.0,355.0,minmax,SD2,mean,euclidean,mode,single,0.8774088025093079
477.0,144.0,standard,SD4,mean,euclidean,mean,average,-0.11321757733821869
298.0,23.0,standard,SD6,mean,euclidean,median,complete,0.4766286313533783
526.0,836.0,minmax,SD6,mean,euclidean,dtw,weighted,0.23953433334827423
556.0,393.0,standard,SD6,mean,euclidean,median,complete,-0.011202951893210411
374.0,81.0,zscore,SD3,median,euclidean,prophet,average,0.08178321272134781
641.0,322.0,standard,SD4,prophet,euclidean,mode,single,0.5343368053436279
537.0,288.0,minmax,SD2,prophet,euclidean,mode,single,0.8774088025093079
609.0,2.0,standard,SD4,mean,euclidean,prophet,ward,0.7849462628364563
637.0,268.0,standard,SD3,median,euclidean,median,ward,0.8556891679763794
535.0,2.0,minmax,SD2,mean,euclidean,prophet,single,0.8774088025093079
297.0,373.0,zscore,SD3,median,dtw,dtw,centroid,0.13253486156463623
568.0,22.0,minmax,SD2,median,euclidean,dtw,single,0.8002972602844238
563.0,121.0,standard,SD4,mean,euclidean,mean,average,0.823932945728302
551.0,65.0,standard,SD6,mean,dtw,prophet,complete,0.15273837745189667
600.0,542.0,standard,SD4,prophet,euclidean,prophet,centroid,0.7262079119682312
589.0,18.0,standard,SD3,linear,euclidean,prophet,hdbscan,0.0010000000474974513
567.0,93.0,minmax,SD2,mean,euclidean,median,single,0.8002972602844238
559.0,38.0,standard,SD4,linear,euclidean,prophet,median,0.8453274965286255
544.0,27.0,minmax,SD2,mean,euclidean,prophet,single,0.8774088025093079
553.0,483.0,standard,SD4,mean,euclidean,prophet,average,0.8453274965286255
543.0,63.0,minmax,SD2,mean,euclidean,mean,single,0.8774088025093079
548.0,161.0,minmax,SD2,mean,euclidean,mode,single,0.8774088025093079
539.0,226.0,minmax,SD2,mean,euclidean,dtw,average,0.7274384498596191
542.0,221.0,minmax,SD2,mean,euclidean,prophet,single,0.8774088025093079
532.0,238.0,minmax,SD2,prophet,euclidean,prophet,single,0.7496909499168396
530.0,894.0,standard,SD6,linear,euclidean,mode,centroid,0.0810912474989891
576.0,90.0,standard,SD4,mean,euclidean,mean,ward,0.57029128074646
537.0,12.0,minmax,SD2,linear,euclidean,prophet,median,0.6615695357322693
590.0,365.0,standard,SD2,mean,euclidean,prophet,median,0.6788991093635559
533.0,482.0,minmax,SD2,mean,euclidean,median,single,0.623333752155304
559.0,62.0,standard,SD3,linear,euclidean,mode,average,0.8453274965286255
517.0,64.0,standard,SD6,prophet,euclidean,dtw,median,0.42298945784568787
633.0,35.0,standard,SD4,prophet,euclidean,mode,single,0.7984496355056763
540.0,126.0,standard,SD4,linear,euclidean,median,ward,0.0783066526055336
568.0,549.0,minmax,SD5,mean,euclidean,mode,single,0.6055188775062561
612.0,291.0,standard,SD6,prophet,euclidean,mode,centroid,0.7319719195365906
603.0,4.0,standard,SD4,mean,euclidean,prophet,weighted,0.7849462628364563
601.0,50.0,standard,SD6,median,euclidean,prophet,average,0.7849462628364563
543.0,56.0,minmax,SD2,prophet,euclidean,mean,single,0.8774088025093079
633.0,72.0,standard,SD2,mean,euclidean,median,ward,0.0010000000474974513
559.0,39.0,standard,SD2,mean,euclidean,prophet,median,0.8134205937385559
568.0,11.0,standard,SD5,prophet,euclidean,prophet,median,0.6698528528213501
561.0,41.0,standard,SD3,linear,euclidean,prophet,weighted,0.823932945728302
531.0,755.0,standard,SD4,linear,dtw,dtw,median,0.5055383443832397
559.0,14.0,zscore,SD4,prophet,dtw,median,hdbscan,0.0010000000474974513
397.0,129.0,minmax,SD2,mean,euclidean,prophet,average,0.5653260350227356
603.0,575.0,minmax,SD3,mean,euclidean,prophet,single,0.6560846567153931
611.0,432.0,standard,SD3,mean,euclidean,median,weighted,0.7319719195365906
541.0,320.0,minmax,SD2,mean,euclidean,dtw,single,0.6846615076065063
539.0,390.0,minmax,SD2,mean,euclidean,mode,single,0.8774088025093079
533.0,565.0,standard,SD6,median,dtw,mean,centroid,0.3691684603691101
289.0,103.0,standard,SD4,median,euclidean,median,average,0.5195677876472473
537.0,374.0,minmax,SD2,mean,euclidean,mode,single,0.8774088025093079
271.0,593.0,minmax,SD4,prophet,dtw,mean,median,-0.00828065536916256
554.0,329.0,minmax,SD2,mean,euclidean,median,single,0.8376142382621765
549.0,274.0,minmax,SD2,mean,euclidean,median,single,0.8571924567222595
535.0,448.0,minmax,SD2,mean,euclidean,mode,single,0.8774088025093079
378.0,358.0,minmax,SD2,median,dtw,median,median,0.16316258907318115
558.0,52.0,standard,SD5,prophet,euclidean,mode,single,0.7073936462402344
547.0,518.0,standard,SD2,mean,euclidean,prophet,average,0.7095610499382019
259.0,6.0,zscore,SD2,median,dtw,mode,average,0.09785574674606323
559.0,118.0,minmax,SD2,prophet,dtw,mode,complete,0.45519712567329407
609.0,710.0,standard,SD3,prophet,dtw,dtw,single,0.3333333432674408
607.0,303.0,standard,SD3,mean,euclidean,prophet,average,0.7849462628364563
562.0,168.0,standard,SD4,linear,euclidean,median,ward,0.6807922720909119
559.0,270.0,minmax,SD4,linear,euclidean,prophet,weighted,0.6389208436012268
610.0,75.0,standard,SD6,mean,euclidean,mode,complete,0.7319719195365906
572.0,9.0,standard,SD5,mean,dtw,prophet,average,0.7512274980545044
628.0,636.0,standard,SD4,linear,euclidean,mode,complete,0.7231939435005188
542.0,197.0,minmax,SD2,linear,euclidean,mode,single,0.8774088025093079
572.0,82.0,standard,SD6,mean,euclidean,prophet,ward,0.39501523971557617
627.0,370.0,standard,SD6,prophet,euclidean,median,ward,0.7231939435005188
550.0,32.0,standard,SD2,linear,euclidean,median,centroid,0.8453274965286255
560.0,239.0,standard,SD2,mean,euclidean,prophet,ward,0.57029128074646
632.0,135.0,standard,SD6,prophet,euclidean,prophet,complete,0.8556891679763794
629.0,330.0,standard,SD4,prophet,euclidean,prophet,single,0.7984496355056763
551.0,357.0,standard,SD6,mean,euclidean,prophet,centroid,0.7879739999771118
454.0,450.0,zscore,SD4,mean,dtw,median,centroid,0.24101445078849792
539.0,616.0,minmax,SD2,median,euclidean,prophet,average,0.7303066849708557
558.0,628.0,minmax,SD2,median,euclidean,mode,single,0.2826552391052246
638.0,328.0,standard,SD4,mean,euclidean,mode,ward,0.8556891679763794
543.0,121.0,minmax,SD2,mean,euclidean,median,single,0.8774088025093079
530.0,52.0,minmax,SD2,mean,euclidean,mode,single,0.8468836545944214
545.0,45.0,standard,SD4,median,euclidean,prophet,hdbscan,0.6808510422706604
632.0,487.0,standard,SD5,median,euclidean,median,centroid,0.2465023249387741
599.0,438.0,standard,SD2,linear,euclidean,prophet,single,0.6228847503662109
534.0,15.0,minmax,SD2,linear,euclidean,median,single,0.8774088025093079
570.0,705.0,minmax,SD2,median,euclidean,prophet,ward,0.7373847961425781
841.0,3.0,standard,SD4,linear,euclidean,prophet,ward,0.0010000000474974513
543.0,48.0,minmax,SD2,mean,euclidean,prophet,single,0.8774088025093079
634.0,17.0,standard,SD4,mean,euclidean,mode,single,0.7984496355056763
895.0,29.0,zscore,SD4,mean,dtw,median,hdbscan,0.0010000000474974513
544.0,86.0,minmax,SD2,linear,euclidean,prophet,single,0.8774088025093079
572.0,861.0,standard,SD2,mean,euclidean,prophet,average,0.48615583777427673
497.0,40.0,standard,SD4,prophet,euclidean,prophet,hdbscan,0.43797940015792847
632.0,416.0,standard,SD3,mean,euclidean,prophet,ward,0.8556891679763794
23.0,666.0,standard,SD5,linear,euclidean,mean,average,0.01070831622928381
222.0,64.0,standard,SD6,median,euclidean,prophet,median,0.3565327227115631
329.0,90.0,standard,SD4,mean,euclidean,prophet,weighted,0.47934314608573914
541.0,155.0,minmax,SD2,mean,euclidean,mode,single,0.8774088025093079
870.0,3.0,zscore,SD2,mean,euclidean,mode,average,0.0010000000474974513
557.0,148.0,standard,SD3,median,euclidean,prophet,average,0.36500781774520874
555.0,67.0,standard,SD2,median,euclidean,prophet,median,0.823932945728302
316.0,857.0,minmax,SD4,mean,euclidean,mean,complete,0.003799548139795661
581.0,61.0,standard,SD2,linear,dtw,dtw,centroid,0.6142208576202393
571.0,568.0,minmax,SD2,median,euclidean,prophet,single,0.7430779337882996
556.0,16.0,standard,SD2,linear,euclidean,median,average,0.823932945728302
571.0,610.0,minmax,SD2,prophet,euclidean,prophet,ward,0.7373847961425781
564.0,455.0,standard,SD2,mean,dtw,prophet,average,0.6407563090324402
608.0,492.0,zscore,SD5,mean,dtw,mean,single,-0.07017543911933899
540.0,327.0,minmax,SD2,prophet,euclidean,mode,single,0.8774088025093079
571.0,767.0,minmax,SD2,mean,euclidean,mode,single,0.14364786446094513
557.0,29.0,standard,SD5,linear,dtw,prophet,average,0.7764820456504822
754.0,18.0,minmax,SD2,linear,euclidean,prophet,average,0.0010000000474974513
604.0,4.0,standard,SD5,mean,dtw,dtw,ward,0.5
560.0,348.0,standard,SD3,mean,euclidean,prophet,average,0.823932945728302
568.0,147.0,minmax,SD3,median,euclidean,mode,median,-0.06916984170675278
539.0,192.0,minmax,SD2,prophet,euclidean,median,single,0.8774088025093079
545.0,140.0,minmax,SD2,prophet,euclidean,prophet,single,0.8774088025093079
535.0,68.0,minmax,SD2,linear,euclidean,median,single,0.8774088025093079
571.0,262.0,standard,SD5,mean,euclidean,prophet,complete,0.401088684797287
540.0,339.0,minmax,SD2,prophet,euclidean,prophet,single,0.8774088025093079
539.0,462.0,minmax,SD2,mean,euclidean,mode,single,0.8774088025093079
287.0,117.0,minmax,SD6,mean,euclidean,median,centroid,0.2153680920600891
590.0,59.0,minmax,SD2,mean,euclidean,dtw,single,0.643059492111206
380.0,824.0,standard,SD4,mean,euclidean,dtw,centroid,0.24236787855625153
543.0,6.0,standard,SD2,linear,dtw,dtw,centroid,0.5733215808868408
598.0,444.0,standard,SD4,median,euclidean,median,centroid,0.7262079119682312
630.0,339.0,standard,SD6,prophet,euclidean,prophet,ward,0.8556891679763794
704.0,118.0,standard,SD5,linear,euclidean,prophet,single,0.0010000000474974513
677.0,226.0,minmax,SD5,mean,euclidean,mode,median,0.0010000000474974513
548.0,277.0,minmax,SD2,linear,euclidean,prophet,single,0.8774088025093079
634.0,372.0,standard,SD5,prophet,euclidean,prophet,ward,0.8556891679763794
272.0,33.0,standard,SD6,mean,euclidean,prophet,single,0.029194002971053123
560.0,6.0,standard,SD4,linear,euclidean,median,complete,0.6807922720909119
578.0,141.0,standard,SD2,mean,euclidean,prophet,complete,0.6861538290977478
569.0,11.0,minmax,SD3,median,euclidean,dtw,single,0.7415468096733093
634.0,464.0,standard,SD3,linear,euclidean,prophet,ward,0.8556891679763794
452.0,621.0,zscore,SD2,mean,euclidean,mean,hdbscan,0.08607199043035507
755.0,581.0,standard,SD4,mean,euclidean,dtw,average,0.0010000000474974513
555.0,239.0,standard,SD2,linear,euclidean,median,ward,0.6807922720909119
652.0,581.0,standard,SD3,median,euclidean,median,single,0.0010000000474974513
558.0,80.0,standard,SD6,median,euclidean,mode,ward,0.5009862184524536
561.0,541.0,minmax,SD2,mean,euclidean,prophet,weighted,0.7784810066223145
586.0,58.0,standard,SD2,mean,euclidean,median,centroid,0.6632652878761292
545.0,38.0,minmax,SD2,linear,euclidean,median,single,0.8774088025093079
544.0,64.0,minmax,SD2,linear,euclidean,mean,single,0.8774088025093079
638.0,340.0,standard,SD3,linear,euclidean,mode,ward,0.8556891679763794
357.0,48.0,minmax,SD5,mean,euclidean,prophet,complete,0.17492938041687012
580.0,179.0,standard,SD4,mean,euclidean,mode,centroid,0.7797810435295105
567.0,16.0,standard,SD4,mean,euclidean,median,median,0.823932945728302
551.0,68.0,standard,SD3,linear,euclidean,prophet,centroid,0.8453274965286255
562.0,632.0,minmax,SD2,mean,euclidean,prophet,weighted,0.7784810066223145
539.0,192.0,minmax,SD2,prophet,euclidean,prophet,single,0.8774088025093079
560.0,517.0,standard,SD3,mean,euclidean,prophet,median,0.7414371967315674
530.0,652.0,minmax,SD2,mean,euclidean,mode,ward,0.5118265748023987
545.0,421.0,minmax,SD2,mean,euclidean,prophet,single,0.8774088025093079
335.0,617.0,minmax,SD5,median,dtw,dtw,median,0.14185652136802673
599.0,156.0,standard,SD5,linear,euclidean,mode,average,0.7262079119682312
536.0,2.0,minmax,SD2,prophet,euclidean,median,single,0.8774088025093079
641.0,571.0,standard,SD2,mean,euclidean,mode,complete,0.0010000000474974513
885.0,499.0,standard,SD3,mean,euclidean,mode,average,0.0010000000474974513
540.0,126.0,minmax,SD2,linear,euclidean,mode,single,0.8774088025093079
549.0,346.0,minmax,SD2,prophet,euclidean,median,single,0.7769240736961365
612.0,622.0,standard,SD4,median,euclidean,prophet,ward,0.43729904294013977
560.0,367.0,minmax,SD2,mean,euclidean,mean,average,0.6192716360092163
76.0,113.0,minmax,SD2,mean,euclidean,prophet,centroid,0.11637020856142044
431.0,26.0,minmax,SD2,mean,euclidean,mode,ward,0.2428322434425354
559.0,500.0,standard,SD4,mean,euclidean,mode,average,0.6892598867416382
534.0,159.0,standard,SD2,prophet,euclidean,mean,single,-0.2076844573020935
288.0,890.0,minmax,SD4,mean,euclidean,mode,weighted,0.04520302265882492
566.0,577.0,minmax,SD2,prophet,dtw,median,ward,0.5485479831695557
543.0,276.0,minmax,SD2,linear,euclidean,mode,single,0.8774088025093079
566.0,448.0,standard,SD4,linear,euclidean,prophet,average,0.823932945728302
539.0,146.0,minmax,SD2,mean,euclidean,median,single,0.8774088025093079
840.0,37.0,standard,SD4,mean,euclidean,prophet,average,0.0010000000474974513
232.0,675.0,standard,SD3,prophet,dtw,prophet,complete,0.2679915428161621
578.0,567.0,standard,SD3,prophet,euclidean,prophet,complete,0.43368107080459595
641.0,652.0,standard,SD3,mean,euclidean,prophet,ward,0.5343368053436279
616.0,120.0,standard,SD4,linear,euclidean,prophet,single,0.642436146736145
634.0,35.0,standard,SD6,prophet,euclidean,dtw,single,0.7984496355056763
627.0,45.0,standard,SD4,linear,euclidean,mode,complete,0.7231939435005188
41.0,122.0,zscore,SD2,mean,euclidean,prophet,hdbscan,0.0010000000474974513
562.0,64.0,minmax,SD2,linear,euclidean,prophet,complete,0.7784810066223145
554.0,66.0,minmax,SD4,prophet,euclidean,median,complete,0.6389208436012268
604.0,115.0,standard,SD3,mean,euclidean,median,centroid,0.7849462628364563
603.0,556.0,standard,SD4,mean,euclidean,prophet,weighted,0.7849462628364563
552.0,7.0,minmax,SD6,mean,euclidean,prophet,centroid,0.7483042478561401
565.0,643.0,standard,SD4,linear,euclidean,prophet,ward,0.5447052717208862
556.0,600.0,standard,SD2,mean,euclidean,prophet,average,0.7450049519538879
543.0,351.0,minmax,SD2,linear,euclidean,prophet,single,0.8774088025093079
574.0,100.0,standard,SD4,linear,dtw,prophet,centroid,0.7512274980545044
734.0,46.0,standard,SD5,mean,dtw,prophet,ward,0.1451791375875473
539.0,14.0,minmax,SD2,mean,euclidean,median,single,0.8774088025093079
300.0,295.0,zscore,SD2,prophet,euclidean,dtw,median,0.019485902041196823
155.0,35.0,zscore,SD2,mean,euclidean,mode,weighted,0.10797891020774841
539.0,9.0,minmax,SD2,linear,euclidean,median,single,0.8774088025093079
556.0,3.0,standard,SD2,mean,euclidean,mode,average,0.823932945728302
552.0,5.0,minmax,SD2,mean,euclidean,mean,weighted,0.7864220142364502
547.0,335.0,minmax,SD2,linear,euclidean,prophet,single,0.8774088025093079
466.0,885.0,standard,SD3,mean,dtw,median,complete,0.038111262023448944
556.0,451.0,standard,SD3,linear,euclidean,prophet,complete,0.7221307158470154
865.0,591.0,standard,SD2,prophet,dtw,prophet,ward,0.0010000000474974513
567.0,34.0,standard,SD6,mean,euclidean,prophet,weighted,0.823932945728302
554.0,59.0,standard,SD4,linear,euclidean,mean,weighted,0.8453274965286255
583.0,565.0,standard,SD5,mean,dtw,median,weighted,0.6775374412536621
628.0,345.0,standard,SD5,mean,euclidean,prophet,ward,0.7231939435005188
542.0,324.0,minmax,SD2,mean,euclidean,prophet,single,0.8774088025093079
540.0,376.0,minmax,SD2,prophet,euclidean,mode,single,0.8774088025093079
572.0,56.0,standard,SD3,mean,euclidean,mean,ward,0.57029128074646
556.0,16.0,standard,SD4,linear,dtw,mean,centroid,0.7764820456504822
565.0,10.0,minmax,SD3,mean,dtw,prophet,centroid,0.5920079350471497
689.0,565.0,minmax,SD2,mean,euclidean,prophet,complete,0.0010000000474974513
635.0,285.0,standard,SD4,mean,euclidean,mode,complete,0.8556891679763794
547.0,112.0,standard,SD5,prophet,euclidean,median,median,-0.10478231310844421
553.0,475.0,standard,SD5,median,euclidean,prophet,weighted,0.7352954745292664
560.0,582.0,standard,SD2,mean,euclidean,mean,single,-0.04370397329330444
41.0,895.0,standard,SD5,prophet,dtw,prophet,median,0.05333111435174942
10.0,2.0,minmax,SD6,linear,dtw,mean,single,-0.00010211331391474232
27.0,113.0,standard,SD4,mean,euclidean,median,median,-0.0037380303256213665
646.0,532.0,standard,SD4,mean,euclidean,prophet,ward,0.800000011920929
634.0,54.0,standard,SD4,mean,euclidean,mode,complete,0.8556891679763794
529.0,16.0,zscore,SD4,mean,dtw,dtw,single,0.06203801557421684
893.0,379.0,standard,SD3,prophet,dtw,prophet,centroid,0.0010000000474974513
544.0,358.0,minmax,SD2,linear,euclidean,median,single,0.7372143864631653
543.0,136.0,minmax,SD2,mean,euclidean,mode,single,0.8774088025093079
550.0,53.0,zscore,SD4,mean,euclidean,prophet,centroid,0.049272485077381134
627.0,572.0,standard,SD4,mean,euclidean,mode,average,0.7231939435005188
546.0,342.0,standard,SD4,mean,euclidean,median,median,-0.0037380303256213665
549.0,39.0,standard,SD2,linear,euclidean,mode,average,0.8453274965286255
559.0,55.0,standard,SD2,linear,dtw,mode,centroid,0.7687814235687256
537.0,318.0,minmax,SD2,linear,euclidean,prophet,single,0.8774088025093079
549.0,68.0,standard,SD3,mean,dtw,prophet,median,0.28108862042427063
686.0,276.0,minmax,SD2,median,dtw,dtw,single,0.0010000000474974513
640.0,469.0,standard,SD4,median,euclidean,prophet,ward,0.8556891679763794
540.0,115.0,minmax,SD2,linear,euclidean,mode,single,0.8774088025093079
543.0,103.0,standard,SD2,mean,euclidean,prophet,centroid,0.7765017747879028
642.0,524.0,standard,SD4,mean,euclidean,median,ward,0.8351648449897766
591.0,751.0,standard,SD4,mean,euclidean,mean,centroid,0.1804407685995102
546.0,282.0,minmax,SD2,prophet,euclidean,mode,single,0.8774088025093079
598.0,276.0,standard,SD5,linear,euclidean,prophet,ward,0.7262079119682312
637.0,39.0,standard,SD6,mean,euclidean,dtw,complete,0.8556891679763794
567.0,72.0,minmax,SD2,mean,euclidean,dtw,single,0.8002972602844238
636.0,520.0,standard,SD6,linear,euclidean,mode,ward,0.8556891679763794
537.0,97.0,minmax,SD2,linear,euclidean,mode,single,0.8774088025093079
752.0,279.0,zscore,SD6,mean,euclidean,mean,median,0.0010000000474974513
577.0,326.0,standard,SD4,prophet,dtw,prophet,centroid,0.7512274980545044
541.0,9.0,minmax,SD2,prophet,euclidean,mean,single,0.8774088025093079
302.0,586.0,standard,SD2,linear,euclidean,median,complete,-0.0001621114497538656
546.0,106.0,standard,SD5,mean,euclidean,prophet,average,0.7561768293380737
250.0,850.0,zscore,SD6,median,dtw,mean,ward,0.10540253669023514
541.0,210.0,minmax,SD2,mean,euclidean,prophet,single,0.8774088025093079
538.0,191.0,minmax,SD2,linear,euclidean,mode,single,0.8774088025093079
549.0,457.0,minmax,SD2,linear,euclidean,median,centroid,0.39450812339782715
613.0,389.0,standard,SD4,mean,euclidean,mean,ward,0.7319719195365906
551.0,119.0,standard,SD2,median,euclidean,median,median,0.6685589551925659
618.0,80.0,standard,SD5,prophet,euclidean,dtw,average,0.7231939435005188
573.0,436.0,zscore,SD2,mean,euclidean,prophet,single,-0.04608761891722679
813.0,64.0,standard,SD4,linear,euclidean,prophet,average,0.0010000000474974513
570.0,154.0,standard,SD3,prophet,dtw,prophet,hdbscan,0.5274942517280579
537.0,106.0,standard,SD2,mean,euclidean,mode,average,0.7765017747879028
558.0,104.0,minmax,SD2,prophet,euclidean,prophet,single,0.833001971244812
620.0,549.0,standard,SD2,mean,euclidean,mode,average,0.42105263471603394
603.0,443.0,standard,SD6,linear,euclidean,prophet,median,0.7849462628364563
587.0,169.0,standard,SD5,mean,dtw,prophet,centroid,0.7262079119682312
556.0,24.0,standard,SD4,mean,euclidean,prophet,weighted,0.8453274965286255
597.0,514.0,standard,SD4,mean,euclidean,mode,median,0.7262079119682312
541.0,171.0,standard,SD2,linear,euclidean,mean,centroid,0.7765017747879028
519.0,2.0,standard,SD2,linear,euclidean,mode,single,0.5878136157989502
538.0,116.0,minmax,SD2,prophet,dtw,prophet,average,0.7043702006340027
545.0,33.0,minmax,SD2,median,euclidean,dtw,ward,0.6144054532051086
551.0,369.0,standard,SD2,mean,euclidean,prophet,centroid,0.8453274965286255
640.0,458.0,standard,SD3,mean,euclidean,dtw,complete,0.8556891679763794
545.0,33.0,minmax,SD6,mean,euclidean,mean,complete,0.5164608955383301
552.0,406.0,minmax,SD2,mean,euclidean,prophet,centroid,0.7099978923797607
557.0,383.0,standard,SD2,prophet,euclidean,mode,centroid,0.7082117795944214
628.0,570.0,standard,SD6,mean,euclidean,mode,single,0.642436146736145
744.0,28.0,zscore,SD3,mean,euclidean,mean,centroid,0.0010000000474974513
664.0,397.0,standard,SD4,mean,euclidean,median,weighted,0.0010000000474974513
640.0,183.0,standard,SD3,mean,euclidean,mean,median,0.6520963311195374
568.0,164.0,standard,SD5,linear,dtw,prophet,weighted,0.7455915808677673
564.0,58.0,standard,SD2,mean,euclidean,mode,weighted,0.7797810435295105
595.0,648.0,standard,SD2,linear,euclidean,mean,ward,0.40175309777259827
535.0,280.0,minmax,SD2,prophet,euclidean,mode,single,0.8774088025093079
320.0,899.0,standard,SD2,mean,euclidean,dtw,weighted,0.39379367232322693
585.0,26.0,standard,SD4,mean,euclidean,mean,average,0.7747892141342163
560.0,62.0,standard,SD4,prophet,euclidean,prophet,hdbscan,0.8031063675880432
637.0,238.0,standard,SD5,mean,euclidean,mean,ward,0.8556891679763794
637.0,464.0,standard,SD4,prophet,euclidean,prophet,average,0.6520963311195374
544.0,380.0,minmax,SD2,mean,euclidean,mode,single,0.8774088025093079
550.0,56.0,standard,SD6,mean,euclidean,prophet,weighted,0.8201472163200378
538.0,110.0,minmax,SD2,prophet,euclidean,mode,single,0.8774088025093079
553.0,47.0,standard,SD5,prophet,euclidean,median,median,0.758337140083313
574.0,146.0,standard,SD4,mean,dtw,median,centroid,0.7512274980545044
594.0,571.0,standard,SD2,median,euclidean,dtw,centroid,0.6203059554100037
559.0,9.0,standard,SD5,linear,dtw,prophet,median,0.7764820456504822
548.0,394.0,minmax,SD2,mean,euclidean,mode,single,0.8774088025093079
634.0,418.0,standard,SD3,linear,euclidean,mode,ward,0.8556891679763794
557.0,110.0,standard,SD3,mean,euclidean,prophet,weighted,0.8453274965286255
543.0,200.0,minmax,SD2,mean,euclidean,mode,single,0.8774088025093079
634.0,452.0,standard,SD5,median,euclidean,mode,complete,0.8556891679763794
416.0,714.0,minmax,SD2,mean,euclidean,prophet,centroid,0.15165182948112488
547.0,266.0,minmax,SD2,mean,euclidean,mean,single,0.804864227771759
558.0,225.0,standard,SD4,prophet,euclidean,mean,hdbscan,0.8233651518821716
547.0,215.0,minmax,SD2,prophet,euclidean,prophet,single,0.8774088025093079
554.0,356.0,standard,SD2,median,euclidean,prophet,centroid,0.823932945728302
545.0,21.0,minmax,SD2,mean,euclidean,mode,single,0.8774088025093079
570.0,7.0,minmax,SD5,prophet,euclidean,prophet,single,0.6055188775062561
561.0,22.0,minmax,SD2,mean,euclidean,dtw,complete,0.7784810066223145
343.0,338.0,zscore,SD2,prophet,dtw,median,ward,0.31424397230148315
307.0,480.0,standard,SD2,mean,dtw,mode,single,0.084661103785038
541.0,8.0,minmax,SD2,prophet,euclidean,mode,single,0.8774088025093079
545.0,2.0,standard,SD2,mean,euclidean,prophet,average,0.4192635416984558
553.0,435.0,standard,SD3,mean,euclidean,prophet,median,0.8453274965286255
596.0,540.0,standard,SD5,mean,euclidean,prophet,single,0.6861193776130676
556.0,49.0,standard,SD6,mean,euclidean,median,centroid,0.8453274965286255
553.0,12.0,standard,SD2,linear,euclidean,dtw,complete,0.6807922720909119
570.0,368.0,minmax,SD2,mean,euclidean,mode,single,0.8002972602844238
555.0,350.0,standard,SD6,mean,dtw,prophet,average,0.15273837745189667
575.0,63.0,standard,SD2,mean,euclidean,median,complete,0.002311514224857092
578.0,203.0,standard,SD4,prophet,euclidean,dtw,ward,0.504470944404602
545.0,227.0,minmax,SD2,prophet,euclidean,mode,single,0.8774088025093079
636.0,412.0,standard,SD4,mean,euclidean,mean,ward,0.8556891679763794
541.0,223.0,minmax,SD2,prophet,euclidean,median,single,0.8774088025093079
624.0,29.0,standard,SD3,prophet,euclidean,mode,single,0.642436146736145
559.0,85.0,standard,SD5,mean,euclidean,prophet,average,0.8453274965286255
547.0,194.0,minmax,SD2,mean,euclidean,prophet,single,0.8774088025093079
551.0,405.0,minmax,SD2,mean,euclidean,median,single,0.8571924567222595
454.0,450.0,zscore,SD4,mean,dtw,median,centroid,0.24101445078849792
552.0,202.0,standard,SD6,mean,euclidean,mean,median,0.8453274965286255
535.0,235.0,minmax,SD2,mean,euclidean,median,single,0.8774088025093079
567.0,479.0,standard,SD2,mean,euclidean,prophet,weighted,0.7797810435295105
561.0,496.0,minmax,SD2,mean,euclidean,prophet,single,0.7823240756988525
568.0,16.0,standard,SD2,mean,euclidean,prophet,single,0.6209189891815186
538.0,303.0,minmax,SD2,mean,euclidean,median,single,0.8774088025093079
588.0,79.0,standard,SD3,mean,euclidean,median,median,0.7262079119682312
373.0,679.0,standard,SD2,mean,euclidean,prophet,complete,0.43352097272872925
570.0,36.0,standard,SD3,mean,dtw,prophet,complete,0.28108862042427063
545.0,30.0,standard,SD3,mean,euclidean,median,median,0.8552472591400146
539.0,49.0,minmax,SD2,linear,euclidean,prophet,single,0.8774088025093079
564.0,428.0,standard,SD4,mean,dtw,prophet,median,0.7450049519538879
638.0,533.0,standard,SD4,linear,euclidean,prophet,ward,0.8556891679763794
575.0,566.0,standard,SD2,median,euclidean,prophet,centroid,0.5815384387969971
640.0,2.0,standard,SD4,linear,euclidean,median,ward,0.8556891679763794
503.0,177.0,standard,SD4,median,euclidean,mean,complete,0.37896308302879333
564.0,600.0,standard,SD4,linear,euclidean,prophet,average,0.7450049519538879
564.0,51.0,standard,SD3,mean,euclidean,median,median,-0.02973940409719944
549.0,54.0,minmax,SD6,mean,euclidean,median,ward,0.5708323121070862
537.0,289.0,minmax,SD2,mean,euclidean,mode,single,0.8774088025093079
342.0,72.0,standard,SD4,mean,euclidean,prophet,weighted,0.40088537335395813
683.0,899.0,standard,SD3,prophet,euclidean,mode,average,0.0010000000474974513
542.0,145.0,minmax,SD2,linear,euclidean,mode,single,0.8774088025093079
553.0,188.0,minmax,SD2,mean,euclidean,prophet,single,0.8376142382621765
637.0,52.0,standard,SD6,prophet,euclidean,mode,complete,0.8556891679763794
574.0,220.0,standard,SD6,median,euclidean,dtw,weighted,0.2865736186504364
386.0,11.0,standard,SD2,prophet,euclidean,mean,single,0.03474720939993858
618.0,494.0,standard,SD6,prophet,euclidean,mode,ward,0.7231939435005188
636.0,488.0,standard,SD5,linear,euclidean,prophet,complete,0.8556891679763794
868.0,886.0,zscore,SD6,mean,dtw,dtw,single,0.0010000000474974513
578.0,91.0,standard,SD6,mean,euclidean,prophet,median,0.8134205937385559
558.0,5.0,minmax,SD2,mean,euclidean,mode,single,0.833001971244812
559.0,623.0,minmax,SD2,mean,euclidean,prophet,median,0.5840630531311035
570.0,513.0,standard,SD4,mean,euclidean,dtw,weighted,0.5239020586013794
677.0,226.0,minmax,SD5,mean,euclidean,mode,median,0.0010000000474974513
561.0,350.0,minmax,SD2,median,euclidean,median,single,0.8304397463798523
557.0,6.0,standard,SD4,mean,euclidean,mode,average,0.8453274965286255
584.0,193.0,zscore,SD3,prophet,dtw,mean,average,-0.04773413762450218
565.0,144.0,minmax,SD5,median,euclidean,mean,complete,0.600990355014801
638.0,493.0,standard,SD4,prophet,euclidean,mode,ward,0.8556891679763794
352.0,8.0,standard,SD3,mean,euclidean,dtw,complete,0.5872545838356018
568.0,483.0,standard,SD3,prophet,dtw,median,average,0.6554082036018372
561.0,434.0,minmax,SD2,mean,dtw,prophet,single,0.7512274980545044
572.0,588.0,minmax,SD2,median,euclidean,dtw,weighted,0.30264005064964294
557.0,217.0,standard,SD2,mean,euclidean,mean,average,0.725017249584198
688.0,160.0,standard,SD2,prophet,dtw,prophet,average,0.0010000000474974513
642.0,560.0,standard,SD6,linear,euclidean,mean,ward,0.786821722984314
566.0,57.0,minmax,SD4,prophet,euclidean,dtw,centroid,0.7265964150428772
552.0,249.0,minmax,SD2,mean,euclidean,prophet,median,0.7099978923797607
538.0,50.0,minmax,SD5,mean,euclidean,prophet,single,0.5322580933570862
607.0,731.0,minmax,SD3,median,euclidean,prophet,ward,0.5197740197181702
637.0,65.0,standard,SD4,prophet,euclidean,dtw,ward,0.8556891679763794
568.0,505.0,minmax,SD2,prophet,euclidean,prophet,single,0.7430779337882996
583.0,92.0,minmax,SD2,median,euclidean,median,complete,0.6210191249847412
635.0,453.0,standard,SD6,median,euclidean,mean,ward,0.8556891679763794
592.0,53.0,standard,SD4,median,euclidean,dtw,average,0.7262079119682312
639.0,365.0,standard,SD5,prophet,euclidean,mean,complete,0.8556891679763794
607.0,72.0,standard,SD5,linear,euclidean,mode,weighted,0.7849462628364563
558.0,276.0,standard,SD5,mean,euclidean,mode,median,0.7221307158470154
,450.0,zscore,SD4,mean,dtw,median,,0.04847757890820503
565.0,431.0,standard,SD3,prophet,euclidean,prophet,average,0.823932945728302
537.0,37.0,minmax,SD2,mean,euclidean,prophet,single,0.8774088025093079
544.0,17.0,minmax,SD2,prophet,euclidean,prophet,single,0.8774088025093079
601.0,409.0,minmax,SD2,mean,euclidean,prophet,average,0.5968992114067078
637.0,504.0,standard,SD4,prophet,euclidean,median,ward,0.8556891679763794
543.0,60.0,standard,SD5,prophet,euclidean,mode,hdbscan,0.6563876867294312
788.0,787.0,minmax,SD4,median,euclidean,dtw,weighted,0.0010000000474974513
633.0,416.0,standard,SD3,median,euclidean,prophet,ward,0.8556891679763794
546.0,387.0,minmax,SD2,prophet,euclidean,mode,single,0.8774088025093079
586.0,165.0,standard,SD2,linear,euclidean,median,complete,0.6632652878761292
543.0,146.0,minmax,SD2,mean,euclidean,prophet,single,0.8774088025093079
564.0,58.0,standard,SD2,mean,euclidean,prophet,complete,0.5322868227958679
636.0,177.0,minmax,SD5,mean,euclidean,mean,median,0.23076923191547394
553.0,656.0,zscore,SD4,prophet,euclidean,mean,average,-0.08400045335292816
178.0,875.0,zscore,SD2,mean,euclidean,prophet,average,0.0031599923968315125
596.0,896.0,minmax,SD4,median,euclidean,median,single,-0.06674272567033768
553.0,884.0,minmax,SD4,prophet,euclidean,prophet,hdbscan,0.0010000000474974513
554.0,84.0,standard,SD2,linear,euclidean,prophet,centroid,0.823932945728302
597.0,51.0,standard,SD3,linear,dtw,dtw,centroid,0.7262079119682312
635.0,26.0,standard,SD2,linear,euclidean,prophet,single,0.0010000000474974513
567.0,232.0,standard,SD2,linear,dtw,prophet,median,0.36037981510162354
591.0,145.0,minmax,SD5,prophet,euclidean,prophet,centroid,0.460317462682724
569.0,361.0,minmax,SD2,prophet,euclidean,mode,single,0.8002972602844238
189.0,188.0,minmax,SD5,mean,euclidean,mode,ward,-0.012017120607197285
532.0,309.0,standard,SD2,linear,euclidean,prophet,weighted,0.5766782760620117
607.0,45.0,standard,SD2,mean,euclidean,prophet,centroid,0.0010000000474974513
556.0,351.0,standard,SD4,mean,euclidean,prophet,median,0.8453274965286255
543.0,137.0,minmax,SD2,prophet,euclidean,mode,single,0.8774088025093079
616.0,141.0,standard,SD3,prophet,euclidean,prophet,average,0.7231939435005188
559.0,76.0,standard,SD2,median,euclidean,prophet,weighted,0.8134205937385559
556.0,447.0,standard,SD5,mean,euclidean,prophet,average,0.8453274965286255
232.0,675.0,standard,SD3,prophet,dtw,prophet,complete,0.34075304865837097
581.0,162.0,standard,SD4,median,euclidean,mean,average,-0.1347207874059677
534.0,144.0,minmax,SD2,prophet,euclidean,median,single,0.8774088025093079
542.0,19.0,minmax,SD2,prophet,euclidean,median,single,0.8774088025093079
563.0,244.0,standard,SD2,mean,euclidean,mode,average,0.8134205937385559
536.0,86.0,standard,SD2,mean,euclidean,mode,complete,0.6609336733818054
564.0,48.0,minmax,SD3,mean,euclidean,mode,centroid,0.662737250328064
542.0,443.0,standard,SD2,mean,euclidean,mode,single,0.7184439897537231
572.0,48.0,standard,SD4,median,euclidean,prophet,weighted,0.6719613075256348
560.0,28.0,minmax,SD5,mean,euclidean,prophet,average,0.7265964150428772
623.0,84.0,minmax,SD4,mean,euclidean,mode,single,0.6008771657943726
541.0,423.0,minmax,SD2,mean,euclidean,mode,single,0.8774088025093079
600.0,555.0,standard,SD2,linear,dtw,prophet,ward,0.36037981510162354
601.0,292.0,standard,SD2,linear,euclidean,mode,weighted,0.6520963311195374
596.0,123.0,minmax,SD3,prophet,dtw,median,average,0.37774524092674255
563.0,491.0,minmax,SD2,linear,dtw,prophet,average,0.36736735701560974
629.0,70.0,standard,SD4,linear,euclidean,prophet,complete,0.8556891679763794
361.0,16.0,standard,SD2,mean,euclidean,prophet,average,0.37829694151878357
577.0,113.0,standard,SD4,mean,dtw,prophet,median,0.7512274980545044
543.0,185.0,minmax,SD2,median,euclidean,prophet,single,0.7874544858932495
552.0,217.0,standard,SD5,prophet,dtw,dtw,average,0.7764820456504822
566.0,13.0,standard,SD5,median,euclidean,mean,average,0.7115449905395508
559.0,87.0,standard,SD5,mean,euclidean,prophet,weighted,0.8453274965286255
635.0,219.0,standard,SD4,median,euclidean,dtw,complete,0.8556891679763794
566.0,114.0,standard,SD4,mean,euclidean,mean,average,0.823932945728302
606.0,487.0,standard,SD3,linear,euclidean,dtw,centroid,0.6875
535.0,204.0,minmax,SD2,prophet,euclidean,mode,single,0.8774088025093079
543.0,287.0,minmax,SD2,linear,euclidean,prophet,single,0.8774088025093079
635.0,52.0,standard,SD5,mean,euclidean,mode,weighted,0.6520963311195374
562.0,596.0,minmax,SD2,mean,euclidean,prophet,single,0.7823240756988525
544.0,223.0,minmax,SD2,prophet,euclidean,mode,single,0.8774088025093079
787.0,110.0,minmax,SD4,mean,euclidean,prophet,centroid,0.0010000000474974513
711.0,126.0,standard,SD5,median,euclidean,dtw,median,0.3084976375102997
515.0,123.0,minmax,SD3,prophet,dtw,median,average,0.3905882239341736
541.0,393.0,standard,SD2,mean,euclidean,mode,ward,0.6609336733818054
545.0,115.0,standard,SD4,linear,euclidean,prophet,median,0.40088537335395813
813.0,596.0,standard,SD3,mean,euclidean,dtw,weighted,0.0010000000474974513
898.0,67.0,standard,SD4,linear,euclidean,mean,complete,0.0010000000474974513
539.0,327.0,minmax,SD2,mean,euclidean,mode,single,0.8774088025093079
544.0,87.0,minmax,SD2,prophet,euclidean,mode,average,0.6615695357322693
537.0,375.0,minmax,SD2,mean,euclidean,prophet,single,0.8774088025093079
565.0,389.0,standard,SD2,median,euclidean,prophet,weighted,0.7797810435295105
638.0,448.0,standard,SD4,mean,euclidean,median,ward,0.8556891679763794
543.0,252.0,minmax,SD2,mean,euclidean,median,single,0.8774088025093079
635.0,17.0,standard,SD6,median,euclidean,prophet,single,0.7984496355056763
539.0,4.0,minmax,SD2,mean,euclidean,median,single,0.8774088025093079
589.0,57.0,standard,SD6,mean,euclidean,dtw,complete,0.7262079119682312
536.0,441.0,minmax,SD2,prophet,euclidean,mean,single,0.5651066303253174
815.0,899.0,zscore,SD4,mean,euclidean,prophet,single,0.0010000000474974513
10.0,2.0,minmax,SD6,linear,dtw,mean,single,-0.00010211331391474232
355.0,850.0,standard,SD3,mean,euclidean,mean,centroid,0.18690575659275055
539.0,290.0,minmax,SD2,mean,euclidean,prophet,single,0.8774088025093079
552.0,465.0,minmax,SD2,linear,euclidean,mean,single,0.6975751519203186
13.0,81.0,standard,SD2,mean,euclidean,mode,complete,0.0033625527285039425
405.0,714.0,standard,SD4,prophet,euclidean,mean,centroid,0.3642117977142334
563.0,412.0,standard,SD2,linear,euclidean,prophet,median,0.8134205937385559
476.0,887.0,standard,SD2,prophet,euclidean,mode,ward,0.025376463308930397
171.0,57.0,minmax,SD2,mean,euclidean,prophet,weighted,0.13192562758922577
721.0,659.0,standard,SD4,linear,euclidean,prophet,centroid,0.0010000000474974513
523.0,699.0,minmax,SD4,mean,euclidean,prophet,single,0.24369727075099945
561.0,61.0,standard,SD4,mean,euclidean,dtw,centroid,0.823932945728302
349.0,632.0,standard,SD4,linear,euclidean,median,ward,-0.004639182239770889
705.0,308.0,standard,SD4,prophet,dtw,mode,single,0.0010000000474974513
560.0,704.0,minmax,SD2,mean,euclidean,mode,complete,0.5599880218505859
551.0,559.0,minmax,SD2,median,euclidean,mode,single,0.3825121223926544
121.0,563.0,zscore,SD6,linear,dtw,median,centroid,0.06839967519044876
640.0,49.0,standard,SD4,mean,dtw,prophet,single,0.6228847503662109
473.0,71.0,minmax,SD3,prophet,euclidean,mode,centroid,0.2524529993534088
554.0,117.0,standard,SD4,mean,euclidean,mode,single,0.7073936462402344
636.0,498.0,standard,SD5,mean,euclidean,prophet,median,0.6520963311195374
554.0,578.0,minmax,SD2,mean,euclidean,prophet,ward,0.7672935128211975
556.0,22.0,standard,SD4,prophet,euclidean,dtw,centroid,0.7352954745292664
633.0,546.0,standard,SD6,prophet,euclidean,prophet,complete,0.8556891679763794
572.0,346.0,standard,SD3,mean,euclidean,median,centroid,0.6890343427658081
547.0,139.0,standard,SD3,mean,euclidean,mean,centroid,0.7765017747879028
532.0,207.0,minmax,SD2,mean,euclidean,prophet,single,0.8468836545944214
258.0,37.0,minmax,SD3,linear,euclidean,median,complete,0.09245393425226212
558.0,40.0,minmax,SD2,mean,euclidean,prophet,ward,0.7578347325325012
634.0,65.0,standard,SD3,mean,euclidean,prophet,complete,0.8556891679763794
571.0,502.0,standard,SD2,mean,euclidean,prophet,complete,0.699868381023407
629.0,427.0,standard,SD4,prophet,euclidean,prophet,ward,0.8556891679763794
564.0,97.0,standard,SD2,median,euclidean,dtw,median,0.7797810435295105
555.0,419.0,minmax,SD2,mean,euclidean,mode,single,0.8376142382621765
543.0,366.0,minmax,SD2,mean,euclidean,mode,single,0.8774088025093079
544.0,31.0,minmax,SD2,mean,euclidean,mode,single,0.8774088025093079
553.0,419.0,standard,SD3,mean,euclidean,mode,average,0.7221307158470154
548.0,23.0,standard,SD2,mean,euclidean,dtw,weighted,0.7331151366233826
558.0,40.0,standard,SD4,mean,euclidean,mode,centroid,0.8453274965286255
635.0,489.0,standard,SD3,median,euclidean,prophet,ward,0.8556891679763794
544.0,29.0,standard,SD2,mean,euclidean,median,ward,0.002311514224857092
550.0,530.0,minmax,SD3,prophet,dtw,mean,ward,0.5562885999679565
623.0,236.0,standard,SD3,prophet,euclidean,prophet,ward,0.7231939435005188
636.0,529.0,standard,SD4,linear,euclidean,mode,complete,0.8556891679763794
559.0,422.0,standard,SD5,mean,euclidean,prophet,median,0.8453274965286255
631.0,251.0,zscore,SD4,median,dtw,median,ward,0.1403379887342453
558.0,134.0,standard,SD4,linear,euclidean,prophet,average,0.8453274965286255
582.0,109.0,standard,SD4,linear,euclidean,median,median,0.0783066526055336
300.0,175.0,standard,SD4,prophet,euclidean,prophet,median,0.31722384691238403
566.0,390.0,standard,SD6,mean,euclidean,mean,weighted,0.7414371967315674
632.0,390.0,standard,SD5,mean,euclidean,mode,ward,0.8556891679763794
537.0,78.0,minmax,SD6,linear,euclidean,prophet,hdbscan,0.0010000000474974513
573.0,69.0,minmax,SD2,mean,euclidean,dtw,weighted,0.6677283644676208
557.0,187.0,standard,SD4,mean,euclidean,prophet,weighted,0.8453274965286255
587.0,417.0,standard,SD4,median,dtw,mode,centroid,0.7262079119682312
12.0,18.0,zscore,SD5,prophet,euclidean,prophet,weighted,0.025033608078956604
573.0,42.0,minmax,SD2,linear,euclidean,prophet,single,0.7628575563430786
551.0,32.0,minmax,SD5,median,euclidean,dtw,weighted,0.6118611097335815
639.0,59.0,standard,SD4,median,euclidean,dtw,ward,0.8556891679763794
782.0,364.0,zscore,SD4,mean,euclidean,prophet,ward,0.0010000000474974513
629.0,327.0,standard,SD5,median,euclidean,mode,single,0.7984496355056763
604.0,350.0,standard,SD4,prophet,euclidean,mode,weighted,0.7849462628364563
543.0,488.0,minmax,SD2,prophet,euclidean,prophet,single,0.7372143864631653
562.0,111.0,minmax,SD4,prophet,euclidean,mode,hdbscan,0.15271711349487305
537.0,359.0,minmax,SD2,prophet,euclidean,mode,single,0.8774088025093079
595.0,436.0,standard,SD4,mean,dtw,mode,average,0.7262079119682312
580.0,212.0,standard,SD3,linear,dtw,mode,weighted,0.7063747644424438
552.0,253.0,minmax,SD2,prophet,euclidean,mode,single,0.7769240736961365
416.0,121.0,zscore,SD4,mean,euclidean,dtw,median,-0.01837758906185627
562.0,34.0,standard,SD2,mean,euclidean,mode,median,0.8134205937385559
536.0,238.0,minmax,SD2,mean,euclidean,prophet,single,0.8774088025093079
354.0,238.0,standard,SD2,mean,euclidean,mean,average,0.47389715909957886
632.0,109.0,standard,SD4,linear,euclidean,mode,complete,0.8556891679763794
552.0,359.0,minmax,SD2,linear,euclidean,prophet,single,0.8571924567222595
343.0,338.0,zscore,SD2,prophet,dtw,median,ward,0.24510666728019714
716.0,68.0,standard,SD4,mean,euclidean,dtw,hdbscan,0.0010000000474974513
539.0,286.0,minmax,SD2,prophet,euclidean,prophet,single,0.8774088025093079
559.0,41.0,minmax,SD2,mean,euclidean,prophet,complete,0.7784810066223145
602.0,85.0,standard,SD5,mean,euclidean,prophet,median,0.7849462628364563
588.0,139.0,standard,SD5,linear,dtw,prophet,average,0.7262079119682312
568.0,29.0,standard,SD2,mean,euclidean,prophet,hdbscan,0.4192635416984558
511.0,194.0,standard,SD4,prophet,dtw,prophet,ward,0.3294171988964081
561.0,30.0,standard,SD2,prophet,dtw,prophet,centroid,0.7687814235687256
555.0,582.0,standard,SD2,mean,euclidean,prophet,ward,0.6434574127197266
533.0,183.0,minmax,SD2,mean,euclidean,mode,single,0.8774088025093079
567.0,58.0,standard,SD4,mean,euclidean,dtw,weighted,0.823932945728302
634.0,120.0,standard,SD6,linear,euclidean,mode,ward,0.8556891679763794
