StudyPeriod,Comperiod,Scaling,Outliers,Interpolation,Similarity,Unsynced,Linkmeth,ray/tune/_metric
613.0,33.0,standard,SD2,mean,euclidean,median,ward,1.0
814.0,180.0,standard,SD4,mean,euclidean,prophet,complete,0.0010000000474974513
607.0,670.0,standard,SD3,mean,euclidean,mode,ward,0.7849462628364563
610.0,443.0,standard,SD2,median,euclidean,mean,ward,1.0
555.0,10.0,standard,SD3,mean,euclidean,prophet,average,0.8453274965286255
905.0,130.0,standard,SD2,prophet,euclidean,median,ward,0.0010000000474974513
609.0,350.0,standard,SD2,mean,euclidean,prophet,ward,1.0
572.0,16.0,standard,SD4,median,dtw,mode,complete,0.7784810066223145
619.0,338.0,standard,SD2,prophet,euclidean,median,ward,1.0
437.0,167.0,minmax,SD2,linear,euclidean,prophet,centroid,0.1356477588415146
612.0,424.0,standard,SD2,median,euclidean,dtw,ward,1.0
614.0,180.0,standard,SD2,prophet,euclidean,mode,ward,1.0
616.0,245.0,standard,SD2,mean,euclidean,prophet,ward,1.0
623.0,443.0,standard,SD4,median,euclidean,mode,complete,0.7231939435005188
634.0,12.0,standard,SD2,mean,euclidean,median,ward,0.0010000000474974513
832.0,86.0,minmax,SD5,mean,euclidean,mode,complete,0.0010000000474974513
611.0,484.0,standard,SD2,prophet,euclidean,mode,centroid,0.36593887209892273
548.0,442.0,standard,SD2,mean,euclidean,mode,weighted,0.7331151366233826
620.0,12.0,standard,SD2,mean,euclidean,mode,ward,1.0
612.0,37.0,standard,SD2,mean,euclidean,dtw,ward,1.0
613.0,26.0,standard,SD2,mean,euclidean,mode,ward,1.0
601.0,14.0,standard,SD4,mean,euclidean,median,median,0.7849462628364563
605.0,455.0,standard,SD2,prophet,euclidean,dtw,ward,0.6304591298103333
600.0,496.0,standard,SD2,mean,euclidean,mode,ward,0.8556891679763794
542.0,550.0,standard,SD2,mean,euclidean,mode,complete,0.5316742062568665
614.0,65.0,standard,SD2,mean,euclidean,median,ward,1.0
506.0,2.0,minmax,SD2,mean,euclidean,median,complete,0.5157185792922974
614.0,109.0,standard,SD2,mean,euclidean,median,ward,1.0
573.0,1074.0,standard,SD5,prophet,dtw,mean,centroid,0.25944992899894714
635.0,6.0,standard,SD5,linear,euclidean,mean,weighted,0.6520963311195374
608.0,479.0,standard,SD2,prophet,euclidean,mode,ward,1.0
583.0,476.0,standard,SD6,mean,euclidean,mode,ward,0.699868381023407
562.0,542.0,standard,SD3,mean,dtw,mode,median,0.4770178496837616
620.0,2.0,standard,SD2,mean,euclidean,mode,ward,1.0
626.0,5.0,standard,SD2,mean,euclidean,dtw,ward,0.0010000000474974513
562.0,12.0,standard,SD3,mean,euclidean,prophet,weighted,0.823932945728302
577.0,64.0,standard,SD3,mean,euclidean,mode,median,0.8134205937385559
753.0,730.0,zscore,SD6,prophet,euclidean,median,centroid,0.0010000000474974513
584.0,42.0,standard,SD4,mean,dtw,prophet,ward,0.6075804829597473
623.0,424.0,standard,SD2,prophet,euclidean,dtw,ward,1.0
632.0,475.0,standard,SD4,mean,euclidean,mode,ward,0.8556891679763794
618.0,215.0,standard,SD2,prophet,euclidean,prophet,ward,1.0
623.0,518.0,standard,SD6,mean,euclidean,mode,ward,0.7231939435005188
600.0,13.0,standard,SD2,mean,euclidean,prophet,complete,0.6240140199661255
456.0,103.0,standard,SD3,prophet,dtw,mode,median,0.3024039566516876
593.0,164.0,minmax,SD4,median,dtw,mode,complete,0.3930829167366028
623.0,468.0,standard,SD2,median,euclidean,mode,ward,1.0
1139.0,783.0,standard,SD5,mean,euclidean,mean,hdbscan,0.0010000000474974513
616.0,98.0,standard,SD2,median,euclidean,mode,ward,1.0
617.0,748.0,standard,SD6,median,euclidean,mode,ward,0.25971677899360657
577.0,6.0,standard,SD2,mean,euclidean,mean,centroid,0.6861538290977478
619.0,41.0,minmax,SD2,mean,euclidean,prophet,ward,1.0
562.0,661.0,standard,SD3,median,euclidean,prophet,average,0.7450049519538879
609.0,456.0,standard,SD2,median,euclidean,median,ward,1.0
612.0,52.0,minmax,SD2,linear,euclidean,prophet,ward,1.0
503.0,82.0,standard,SD3,median,euclidean,prophet,hdbscan,0.4454340636730194
541.0,4.0,standard,SD2,mean,euclidean,mode,hdbscan,0.7634886503219604
114.0,257.0,zscore,SD3,prophet,dtw,median,ward,0.04705774411559105
615.0,488.0,standard,SD2,linear,euclidean,mode,ward,1.0
555.0,721.0,standard,SD3,median,euclidean,prophet,complete,0.4186232388019562
555.0,713.0,standard,SD5,median,euclidean,prophet,median,0.7764820456504822
620.0,1077.0,minmax,SD4,median,euclidean,prophet,weighted,0.4463878273963928
457.0,451.0,zscore,SD2,prophet,dtw,median,ward,0.2224816381931305
606.0,42.0,standard,SD2,prophet,euclidean,mode,ward,1.0
177.0,111.0,minmax,SD5,mean,euclidean,prophet,weighted,0.17275206744670868
614.0,109.0,standard,SD4,median,euclidean,median,complete,0.7231939435005188
631.0,453.0,standard,SD3,prophet,euclidean,mode,ward,0.8556891679763794
625.0,20.0,standard,SD6,mean,euclidean,median,weighted,0.7231939435005188
613.0,2.0,standard,SD2,mean,euclidean,mean,ward,1.0
613.0,7.0,standard,SD2,mean,euclidean,mean,ward,1.0
566.0,492.0,standard,SD3,mean,euclidean,prophet,centroid,0.7450049519538879
528.0,24.0,standard,SD2,mean,euclidean,prophet,hdbscan,0.5897148847579956
615.0,22.0,standard,SD2,prophet,euclidean,mean,ward,1.0
611.0,47.0,standard,SD2,mean,euclidean,mode,average,0.7529411911964417
617.0,429.0,standard,SD2,mean,euclidean,mode,ward,1.0
604.0,496.0,standard,SD2,mean,euclidean,median,ward,0.7850162982940674
629.0,118.0,standard,SD5,mean,euclidean,prophet,complete,0.8556891679763794
608.0,415.0,standard,SD2,linear,euclidean,mode,ward,1.0
620.0,567.0,standard,SD2,mean,euclidean,prophet,ward,0.7250000238418579
570.0,4.0,standard,SD5,mean,dtw,prophet,hdbscan,0.5274942517280579
613.0,494.0,standard,SD2,mean,euclidean,mode,weighted,0.7360000014305115
608.0,492.0,standard,SD2,mean,euclidean,mode,ward,1.0
621.0,291.0,standard,SD2,prophet,euclidean,prophet,ward,1.0
516.0,134.0,standard,SD6,median,euclidean,prophet,complete,0.40182793140411377
605.0,352.0,standard,SD2,prophet,euclidean,mode,ward,1.0
607.0,471.0,standard,SD2,prophet,euclidean,mode,weighted,1.0
612.0,489.0,standard,SD2,mean,euclidean,mode,ward,1.0
506.0,130.0,zscore,SD6,mean,euclidean,prophet,centroid,0.13692820072174072
630.0,637.0,standard,SD4,mean,euclidean,mode,median,0.38926175236701965
608.0,72.0,minmax,SD2,mean,euclidean,median,ward,1.0
553.0,512.0,standard,SD3,mean,euclidean,prophet,weighted,0.7738648653030396
611.0,604.0,standard,SD6,mean,euclidean,prophet,ward,0.7319719195365906
617.0,471.0,standard,SD3,mean,euclidean,mode,ward,0.7231939435005188
614.0,55.0,standard,SD2,prophet,euclidean,mode,median,0.5925925970077515
558.0,650.0,standard,SD5,mean,euclidean,prophet,centroid,0.7764820456504822
1051.0,1049.0,minmax,SD4,median,euclidean,dtw,weighted,0.0010000000474974513
562.0,713.0,standard,SD4,mean,euclidean,mode,ward,0.39519834518432617
610.0,448.0,standard,SD2,prophet,euclidean,mode,weighted,1.0
588.0,19.0,minmax,SD2,mean,dtw,mode,weighted,0.6632652878761292
623.0,41.0,standard,SD2,median,euclidean,mode,complete,0.7360000014305115
617.0,369.0,standard,SD2,mean,euclidean,prophet,ward,1.0
614.0,125.0,standard,SD2,mean,euclidean,dtw,ward,1.0
562.0,189.0,minmax,SD6,mean,euclidean,mode,weighted,0.7265964150428772
606.0,139.0,standard,SD2,mean,euclidean,mode,ward,1.0
581.0,563.0,standard,SD4,mean,euclidean,mode,weighted,0.699868381023407
607.0,593.0,standard,SD3,prophet,euclidean,mode,centroid,0.7849462628364563
582.0,79.0,standard,SD2,mean,euclidean,prophet,complete,0.6861538290977478
616.0,35.0,standard,SD2,median,euclidean,prophet,ward,1.0
637.0,177.0,standard,SD4,mean,euclidean,mode,ward,0.8556891679763794
754.0,152.0,standard,SD4,mean,euclidean,mean,average,0.0010000000474974513
650.0,8.0,standard,SD3,mean,euclidean,prophet,centroid,0.0010000000474974513
568.0,19.0,standard,SD2,median,dtw,prophet,ward,0.4775558114051819
572.0,506.0,standard,SD4,mean,euclidean,mode,ward,0.746835470199585
449.0,99.0,zscore,SD4,linear,dtw,prophet,hdbscan,0.0010000000474974513
610.0,162.0,minmax,SD2,mean,euclidean,prophet,ward,1.0
629.0,13.0,standard,SD5,mean,euclidean,prophet,ward,0.8556891679763794
358.0,80.0,standard,SD2,mean,euclidean,prophet,ward,0.4138461947441101
565.0,54.0,standard,SD4,mean,dtw,mode,weighted,0.7450049519538879
767.0,1191.0,zscore,SD5,linear,euclidean,mean,hdbscan,0.0010000000474974513
613.0,42.0,minmax,SD2,mean,euclidean,prophet,ward,1.0
564.0,15.0,standard,SD4,mean,euclidean,prophet,hdbscan,0.8031063675880432
611.0,69.0,standard,SD2,median,euclidean,median,ward,1.0
611.0,510.0,standard,SD2,mean,euclidean,mode,ward,0.7133550643920898
607.0,510.0,standard,SD3,prophet,euclidean,mode,ward,0.4848484992980957
615.0,40.0,standard,SD2,prophet,euclidean,mode,ward,1.0
160.0,750.0,zscore,SD6,linear,dtw,median,centroid,0.07432633638381958
560.0,676.0,standard,SD3,mean,euclidean,prophet,weighted,0.7450049519538879
639.0,466.0,standard,SD3,mean,euclidean,mode,ward,0.8556891679763794
616.0,12.0,minmax,SD2,mean,euclidean,mode,weighted,0.7360000014305115
569.0,256.0,standard,SD5,prophet,euclidean,prophet,centroid,0.81768399477005
547.0,11.0,standard,SD5,median,euclidean,mode,median,0.6734955310821533
567.0,669.0,standard,SD3,median,euclidean,mode,ward,0.6685064435005188
566.0,209.0,standard,SD3,mean,euclidean,prophet,average,0.823932945728302
548.0,157.0,minmax,SD3,prophet,euclidean,prophet,hdbscan,0.0010000000474974513
632.0,120.0,standard,SD3,mean,euclidean,prophet,complete,0.8556891679763794
581.0,8.0,standard,SD4,mean,euclidean,prophet,hdbscan,0.6195603609085083
548.0,708.0,standard,SD4,mean,euclidean,mode,ward,0.3955731987953186
602.0,571.0,standard,SD3,mean,euclidean,mode,weighted,0.7849462628364563
605.0,496.0,standard,SD4,mean,euclidean,mode,ward,0.7849462628364563
569.0,103.0,standard,SD6,linear,euclidean,prophet,centroid,0.81768399477005
619.0,483.0,standard,SD2,prophet,euclidean,mode,ward,1.0
608.0,461.0,standard,SD2,prophet,euclidean,mode,weighted,1.0
619.0,436.0,standard,SD2,prophet,euclidean,dtw,ward,1.0
541.0,879.0,minmax,SD6,median,dtw,median,hdbscan,0.12968809902668
557.0,26.0,standard,SD5,mean,euclidean,prophet,centroid,0.8453274965286255
624.0,7.0,standard,SD2,mean,euclidean,mode,ward,1.0
559.0,556.0,standard,SD4,median,euclidean,prophet,complete,0.662216305732727
635.0,501.0,standard,SD4,mean,euclidean,mode,ward,0.8556891679763794
609.0,107.0,standard,SD2,median,euclidean,prophet,ward,1.0
611.0,476.0,standard,SD2,mean,euclidean,mode,ward,1.0
618.0,424.0,standard,SD2,mean,euclidean,mean,ward,1.0
587.0,517.0,standard,SD3,mean,euclidean,mode,ward,0.7262079119682312
235.0,376.0,standard,SD4,mean,dtw,median,hdbscan,-0.06672829389572144
587.0,712.0,standard,SD2,mean,euclidean,mode,weighted,0.21052631735801697
641.0,102.0,standard,SD5,mean,euclidean,mean,single,0.5343368053436279
615.0,420.0,standard,SD2,prophet,euclidean,mean,ward,1.0
611.0,569.0,standard,SD3,mean,euclidean,mode,ward,0.7319719195365906
552.0,630.0,standard,SD5,median,euclidean,mode,weighted,0.5547012686729431
609.0,55.0,standard,SD2,prophet,euclidean,mode,weighted,1.0
604.0,442.0,standard,SD2,mean,euclidean,mode,ward,1.0
407.0,8.0,standard,SD2,median,euclidean,mode,hdbscan,0.4302421510219574
572.0,81.0,standard,SD4,median,dtw,prophet,median,0.7512274980545044
602.0,30.0,standard,SD2,mean,euclidean,median,ward,0.8556891679763794
470.0,87.0,standard,SD3,mean,dtw,prophet,hdbscan,0.43462643027305603
570.0,567.0,standard,SD3,median,euclidean,prophet,median,0.7455915808677673
615.0,10.0,standard,SD2,mean,euclidean,prophet,ward,1.0
610.0,31.0,standard,SD2,mean,euclidean,median,ward,1.0
548.0,660.0,minmax,SD3,median,dtw,prophet,weighted,0.6732854843139648
627.0,15.0,standard,SD4,mean,dtw,mode,ward,0.6008771657943726
775.0,388.0,zscore,SD3,median,dtw,median,weighted,0.0010000000474974513
339.0,2.0,standard,SD3,mean,euclidean,prophet,complete,0.47620201110839844
611.0,452.0,standard,SD2,prophet,euclidean,mode,ward,1.0
1096.0,736.0,zscore,SD5,linear,dtw,prophet,hdbscan,0.0010000000474974513
634.0,266.0,standard,SD5,median,euclidean,prophet,complete,0.8556891679763794
428.0,1194.0,zscore,SD6,mean,euclidean,mean,complete,0.047056954354047775
996.0,1119.0,standard,SD5,prophet,dtw,prophet,average,0.0010000000474974513
385.0,17.0,standard,SD5,mean,euclidean,mode,complete,0.3705165982246399
582.0,21.0,standard,SD5,median,euclidean,mode,weighted,0.7797810435295105
618.0,271.0,standard,SD5,prophet,dtw,prophet,hdbscan,0.0010000000474974513
16.0,429.0,standard,SD2,prophet,euclidean,prophet,centroid,0.04689585790038109
623.0,3.0,standard,SD2,mean,euclidean,prophet,ward,1.0
641.0,495.0,standard,SD4,mean,euclidean,mode,ward,0.8351648449897766
616.0,117.0,minmax,SD2,median,euclidean,mode,ward,1.0
635.0,464.0,standard,SD3,mean,euclidean,mode,ward,0.8556891679763794
614.0,40.0,minmax,SD2,linear,euclidean,median,ward,1.0
635.0,368.0,standard,SD4,mean,euclidean,dtw,ward,0.8556891679763794
608.0,461.0,standard,SD2,mean,euclidean,mode,ward,1.0
482.0,3.0,standard,SD4,prophet,euclidean,prophet,hdbscan,0.4139575660228729
598.0,17.0,standard,SD4,mean,euclidean,prophet,ward,0.7262079119682312
620.0,462.0,standard,SD2,mean,euclidean,dtw,ward,0.5061224699020386
614.0,144.0,standard,SD2,mean,euclidean,mean,ward,1.0
635.0,446.0,standard,SD4,median,euclidean,mode,ward,0.8556891679763794
1105.0,1184.0,standard,SD4,median,dtw,prophet,ward,0.0010000000474974513
612.0,19.0,zscore,SD2,mean,euclidean,mode,ward,0.2666666805744171
614.0,59.0,standard,SD2,mean,euclidean,mode,complete,0.7360000014305115
606.0,69.0,standard,SD2,median,euclidean,dtw,median,0.36593887209892273
632.0,738.0,standard,SD4,median,euclidean,prophet,complete,0.6240140199661255
620.0,486.0,standard,SD2,mean,euclidean,mode,ward,1.0
41.0,1199.0,zscore,SD4,linear,dtw,prophet,complete,0.015036632306873798
610.0,77.0,standard,SD2,prophet,euclidean,mean,ward,1.0
599.0,622.0,standard,SD4,mean,euclidean,mode,weighted,0.7262079119682312
293.0,637.0,minmax,SD3,linear,euclidean,dtw,complete,0.25364914536476135
613.0,499.0,standard,SD2,mean,euclidean,mode,ward,1.0
493.0,83.0,standard,SD4,mean,dtw,prophet,centroid,0.4952789843082428
609.0,355.0,standard,SD2,mean,euclidean,prophet,ward,1.0
608.0,75.0,minmax,SD4,mean,euclidean,median,ward,0.46327683329582214
616.0,695.0,standard,SD4,mean,euclidean,prophet,complete,0.7231939435005188
424.0,277.0,standard,SD6,prophet,dtw,median,ward,0.2874825894832611
606.0,493.0,standard,SD2,mean,euclidean,mode,ward,1.0
316.0,152.0,standard,SD2,mean,euclidean,mode,complete,0.47505542635917664
369.0,637.0,zscore,SD4,median,euclidean,prophet,weighted,-8.617799176136032e-05
600.0,534.0,standard,SD6,mean,euclidean,prophet,weighted,0.7262079119682312
612.0,489.0,standard,SD2,prophet,euclidean,mode,ward,1.0
609.0,495.0,standard,SD2,prophet,euclidean,mode,weighted,1.0
556.0,105.0,standard,SD3,mean,euclidean,prophet,ward,0.7221307158470154
10.0,2.0,minmax,,linear,dtw,mean,single,0.0010795812122523785
512.0,8.0,standard,SD4,prophet,euclidean,prophet,single,0.3474193513393402
439.0,12.0,zscore,SD3,linear,euclidean,mode,complete,0.05158437788486481
543.0,393.0,minmax,SD5,prophet,dtw,median,complete,0.2586926221847534
23.0,909.0,zscore,SD2,mean,euclidean,dtw,hdbscan,0.0010000000474974513
596.0,494.0,standard,SD3,mean,euclidean,mode,weighted,0.7262079119682312
617.0,321.0,minmax,SD2,mean,euclidean,prophet,ward,1.0
613.0,2.0,standard,SD2,prophet,euclidean,prophet,ward,1.0
624.0,430.0,standard,SD2,mean,euclidean,dtw,ward,1.0
612.0,484.0,standard,SD2,prophet,euclidean,mode,weighted,0.5925925970077515
483.0,93.0,standard,SD2,mean,euclidean,prophet,median,0.02253972552716732
611.0,19.0,standard,SD6,mean,euclidean,mean,median,0.7319719195365906
541.0,34.0,standard,SD2,mean,dtw,prophet,ward,0.5733215808868408
622.0,216.0,standard,SD2,mean,euclidean,prophet,ward,1.0
221.0,690.0,minmax,SD5,mean,dtw,prophet,median,0.08346354961395264
617.0,76.0,standard,SD2,prophet,euclidean,prophet,weighted,0.5925925970077515
607.0,459.0,standard,SD2,linear,euclidean,mode,ward,1.0
615.0,400.0,standard,SD2,mean,euclidean,mode,ward,1.0
539.0,65.0,zscore,SD2,median,euclidean,prophet,complete,0.025321753695607185
453.0,63.0,minmax,SD6,mean,euclidean,mode,weighted,0.23309014737606049
608.0,70.0,standard,SD2,mean,euclidean,prophet,ward,1.0
610.0,498.0,standard,SD2,linear,euclidean,mode,ward,1.0
1129.0,1198.0,zscore,SD3,linear,euclidean,prophet,complete,0.0010000000474974513
568.0,473.0,standard,SD4,mean,euclidean,median,median,0.6266921758651733
530.0,98.0,standard,SD2,median,dtw,mode,complete,0.5086526870727539
612.0,275.0,standard,SD2,mean,euclidean,mode,ward,1.0
604.0,493.0,standard,SD2,median,euclidean,prophet,ward,0.7782754898071289
611.0,3.0,minmax,SD2,mean,euclidean,prophet,ward,1.0
613.0,660.0,standard,SD3,median,euclidean,median,complete,0.7231939435005188
564.0,433.0,standard,SD4,median,dtw,prophet,weighted,0.7450049519538879
630.0,2.0,standard,SD4,mean,euclidean,mode,ward,0.8556891679763794
610.0,489.0,standard,SD2,linear,euclidean,mode,ward,1.0
620.0,433.0,standard,SD2,median,euclidean,prophet,ward,1.0
636.0,494.0,standard,SD3,mean,euclidean,mode,ward,0.8556891679763794
613.0,99.0,minmax,SD3,linear,euclidean,prophet,complete,0.4463878273963928
825.0,33.0,zscore,SD4,mean,euclidean,prophet,median,0.0010000000474974513
606.0,306.0,minmax,SD2,mean,euclidean,mode,ward,1.0
633.0,161.0,standard,SD3,mean,euclidean,prophet,ward,0.8556891679763794
603.0,713.0,standard,SD3,mean,euclidean,prophet,complete,0.7849462628364563
1082.0,734.0,minmax,SD6,prophet,euclidean,prophet,average,0.0010000000474974513
596.0,607.0,standard,SD3,median,euclidean,mode,complete,0.5484374761581421
622.0,359.0,standard,SD2,linear,euclidean,dtw,ward,1.0
547.0,5.0,standard,SD3,mean,euclidean,prophet,centroid,0.7765017747879028
562.0,784.0,standard,SD4,prophet,euclidean,prophet,ward,0.6275909543037415
328.0,635.0,minmax,SD6,median,dtw,mean,single,0.08065227419137955
648.0,522.0,standard,SD3,mean,euclidean,mode,ward,0.0010000000474974513
586.0,846.0,zscore,SD3,prophet,dtw,prophet,complete,0.03564442694187164
579.0,3.0,standard,SD6,mean,euclidean,median,median,0.8134205937385559
572.0,33.0,standard,SD3,median,euclidean,prophet,hdbscan,0.0010000000474974513
620.0,23.0,standard,SD6,linear,euclidean,mode,ward,0.7231939435005188
613.0,320.0,standard,SD2,mean,euclidean,prophet,ward,1.0
545.0,50.0,minmax,SD2,mean,euclidean,prophet,complete,0.7303066849708557
506.0,1188.0,zscore,SD3,mean,euclidean,mean,hdbscan,0.04401415213942528
601.0,496.0,standard,SD2,prophet,euclidean,mode,ward,0.8556891679763794
546.0,652.0,standard,SD3,mean,euclidean,mode,ward,0.600130021572113
556.0,480.0,standard,SD4,mean,euclidean,mode,weighted,0.7221307158470154
622.0,436.0,minmax,SD2,mean,euclidean,mode,ward,1.0
452.0,1190.0,standard,SD3,linear,euclidean,prophet,hdbscan,0.27549803256988525
621.0,472.0,standard,SD2,median,euclidean,mode,ward,1.0
558.0,21.0,standard,SD3,mean,dtw,mode,complete,0.5770241022109985
573.0,636.0,standard,SD5,prophet,euclidean,dtw,centroid,0.5082352757453918
611.0,44.0,standard,SD2,prophet,euclidean,prophet,ward,1.0
612.0,11.0,standard,SD2,mean,euclidean,mode,ward,1.0
621.0,48.0,standard,SD2,prophet,euclidean,dtw,ward,1.0
626.0,496.0,standard,SD2,mean,euclidean,mode,ward,0.0010000000474974513
643.0,1178.0,zscore,SD2,mean,euclidean,mode,hdbscan,0.0010000000474974513
615.0,493.0,standard,SD2,mean,euclidean,mode,ward,1.0
606.0,34.0,standard,SD3,median,euclidean,mode,ward,0.4848484992980957
609.0,165.0,minmax,SD3,mean,euclidean,prophet,complete,0.5977011322975159
615.0,79.0,standard,SD2,mean,euclidean,prophet,ward,1.0
622.0,325.0,standard,SD2,mean,euclidean,mean,ward,1.0
633.0,37.0,standard,SD4,median,euclidean,median,complete,0.8556891679763794
583.0,49.0,standard,SD2,mean,euclidean,median,complete,0.6861538290977478
583.0,120.0,standard,SD4,prophet,euclidean,prophet,complete,0.5322868227958679
545.0,1026.0,minmax,SD3,median,euclidean,prophet,weighted,0.5442536473274231
566.0,59.0,minmax,SD3,mean,euclidean,median,average,0.7265964150428772
718.0,1192.0,standard,SD2,mean,euclidean,median,hdbscan,0.0010000000474974513
614.0,214.0,standard,SD2,mean,euclidean,prophet,ward,1.0
620.0,420.0,standard,SD2,mean,euclidean,mode,ward,1.0
614.0,83.0,standard,SD2,mean,euclidean,dtw,ward,1.0
622.0,83.0,standard,SD2,median,euclidean,dtw,ward,1.0
600.0,409.0,standard,SD2,prophet,euclidean,mode,weighted,0.6520963311195374
604.0,600.0,zscore,,mean,dtw,median,centroid,-0.10526315867900848
617.0,92.0,standard,SD2,mean,euclidean,mode,ward,1.0
599.0,26.0,minmax,SD2,median,euclidean,mode,ward,0.6520963311195374
556.0,112.0,minmax,SD2,mean,euclidean,prophet,median,0.5956084728240967
611.0,21.0,minmax,SD2,mean,euclidean,mode,ward,1.0
609.0,282.0,standard,SD2,mean,euclidean,dtw,ward,1.0
570.0,105.0,standard,SD3,prophet,euclidean,mode,weighted,0.6911332011222839
745.0,835.0,minmax,SD6,median,dtw,prophet,weighted,0.0010000000474974513
482.0,501.0,minmax,SD4,prophet,dtw,prophet,ward,0.35076838731765747
535.0,1130.0,standard,SD2,mean,euclidean,prophet,complete,0.27511489391326904
638.0,422.0,standard,SD3,mean,euclidean,mode,ward,0.8556891679763794
548.0,664.0,standard,SD6,mean,euclidean,prophet,weighted,0.7561768293380737
600.0,465.0,standard,SD2,median,euclidean,mode,weighted,0.38926175236701965
1104.0,1189.0,standard,SD3,prophet,euclidean,median,complete,0.0010000000474974513
613.0,42.0,standard,SD2,prophet,euclidean,mode,ward,1.0
730.0,405.0,zscore,SD4,prophet,dtw,prophet,complete,0.0010000000474974513
555.0,14.0,standard,SD6,mean,dtw,prophet,weighted,0.7764820456504822
465.0,124.0,standard,SD2,median,euclidean,mode,hdbscan,0.47616514563560486
246.0,1043.0,zscore,SD2,mean,euclidean,mean,average,0.14982624351978302
613.0,412.0,standard,SD2,mean,euclidean,mode,ward,1.0
632.0,453.0,standard,SD3,linear,euclidean,mode,weighted,0.6520963311195374
618.0,38.0,standard,SD2,median,euclidean,mode,ward,1.0
620.0,414.0,standard,SD2,mean,euclidean,mode,ward,1.0
902.0,301.0,minmax,,prophet,euclidean,prophet,complete,0.0010000000474974513
628.0,63.0,standard,SD3,mean,euclidean,mean,complete,0.7231939435005188
618.0,487.0,minmax,SD2,prophet,euclidean,mean,ward,0.5061224699020386
592.0,1171.0,standard,SD3,mean,euclidean,prophet,single,0.14435511827468872
642.0,33.0,minmax,SD2,mean,euclidean,prophet,ward,0.0010000000474974513
609.0,439.0,standard,SD2,prophet,euclidean,mode,weighted,1.0
631.0,492.0,standard,SD4,mean,euclidean,mode,ward,0.8556891679763794
577.0,21.0,standard,SD3,mean,euclidean,prophet,weighted,0.8134205937385559
616.0,61.0,standard,SD2,prophet,euclidean,median,ward,1.0
607.0,168.0,standard,SD4,prophet,euclidean,dtw,complete,0.4848484992980957
626.0,28.0,standard,SD2,median,dtw,mean,ward,0.0010000000474974513
616.0,43.0,standard,SD2,prophet,euclidean,mode,ward,1.0
608.0,438.0,standard,SD2,mean,euclidean,mean,ward,1.0
605.0,384.0,standard,SD2,mean,euclidean,prophet,ward,1.0
1068.0,988.0,standard,SD4,median,dtw,prophet,weighted,0.0010000000474974513
617.0,518.0,minmax,SD3,median,dtw,prophet,weighted,0.4463878273963928
614.0,469.0,standard,SD2,median,euclidean,mode,ward,1.0
619.0,437.0,standard,SD2,prophet,euclidean,mode,ward,1.0
613.0,153.0,standard,SD5,mean,euclidean,mode,ward,0.7319719195365906
306.0,1060.0,standard,SD4,median,dtw,mode,ward,0.023371785879135132
610.0,492.0,standard,SD2,prophet,euclidean,mode,weighted,1.0
558.0,429.0,standard,SD4,mean,euclidean,mode,average,0.7221307158470154
342.0,371.0,minmax,SD3,median,dtw,prophet,hdbscan,0.1263623982667923
307.0,900.0,standard,,mean,dtw,mode,median,0.02970966137945652
622.0,42.0,standard,SD2,mean,euclidean,mode,ward,1.0
594.0,566.0,standard,SD3,mean,euclidean,mode,ward,0.7262079119682312
568.0,207.0,standard,SD2,median,euclidean,mode,complete,0.4791032075881958
563.0,499.0,standard,SD6,median,euclidean,mode,weighted,0.6807922720909119
572.0,974.0,standard,SD6,mean,euclidean,prophet,centroid,0.5335515737533569
638.0,483.0,standard,SD4,mean,euclidean,mode,ward,0.8556891679763794
635.0,492.0,standard,SD4,mean,euclidean,mode,weighted,0.7984496355056763
559.0,595.0,standard,SD4,mean,euclidean,mode,median,0.5351595282554626
585.0,556.0,standard,SD3,mean,euclidean,mode,ward,0.7747892141342163
624.0,494.0,standard,SD3,mean,euclidean,mode,ward,0.7231939435005188
559.0,473.0,standard,SD3,mean,euclidean,mode,weighted,0.7221307158470154
613.0,2.0,minmax,SD2,mean,euclidean,mode,ward,1.0
602.0,268.0,standard,SD2,mean,dtw,prophet,median,0.5297157764434814
623.0,43.0,standard,SD2,median,euclidean,mode,ward,1.0
606.0,97.0,standard,SD2,mean,euclidean,median,ward,1.0
456.0,451.0,zscore,,median,dtw,mean,weighted,0.3205026090145111
548.0,25.0,standard,SD3,mean,euclidean,prophet,weighted,0.8774088025093079
507.0,6.0,standard,SD2,linear,dtw,mode,complete,0.4767380952835083
642.0,1074.0,standard,SD6,mean,euclidean,mean,ward,-0.06557376682758331
1137.0,876.0,standard,SD3,median,euclidean,prophet,weighted,0.0010000000474974513
103.0,259.0,standard,SD6,median,dtw,dtw,median,0.005075228400528431
537.0,7.0,standard,SD2,median,euclidean,prophet,ward,0.4563361704349518
611.0,5.0,standard,SD2,median,euclidean,median,ward,1.0
12.0,2.0,minmax,SD6,linear,dtw,mean,single,-0.0005070664919912815
587.0,56.0,standard,SD3,mean,euclidean,median,centroid,0.7262079119682312
619.0,425.0,standard,SD2,mean,euclidean,dtw,ward,1.0
555.0,9.0,standard,SD4,linear,euclidean,prophet,centroid,0.8453274965286255
614.0,451.0,standard,SD2,prophet,euclidean,median,ward,1.0
589.0,5.0,standard,SD3,mean,euclidean,prophet,hdbscan,0.0010000000474974513
708.0,160.0,standard,SD5,mean,euclidean,mode,ward,0.0010000000474974513
940.0,281.0,standard,SD3,linear,dtw,median,centroid,0.0010000000474974513
973.0,15.0,standard,SD4,mean,euclidean,prophet,complete,0.0010000000474974513
609.0,40.0,standard,SD2,prophet,euclidean,prophet,ward,1.0
608.0,429.0,standard,SD2,mean,euclidean,mode,ward,1.0
533.0,447.0,standard,SD4,mean,euclidean,prophet,ward,0.5567470788955688
611.0,428.0,standard,SD2,mean,euclidean,median,ward,1.0
585.0,90.0,standard,SD6,mean,euclidean,prophet,median,0.7747892141342163
611.0,498.0,standard,SD2,prophet,euclidean,mode,ward,1.0
566.0,124.0,standard,SD3,mean,euclidean,prophet,centroid,0.823932945728302
607.0,112.0,standard,SD4,median,euclidean,prophet,complete,0.5977011322975159
620.0,428.0,standard,SD2,mean,euclidean,mode,ward,1.0
634.0,480.0,standard,SD3,mean,euclidean,mode,ward,0.8556891679763794
579.0,54.0,standard,SD2,mean,euclidean,prophet,ward,0.6861538290977478
787.0,135.0,standard,SD2,mean,euclidean,prophet,complete,0.0010000000474974513
1050.0,1049.0,minmax,,prophet,euclidean,median,ward,0.0010000000474974513
617.0,475.0,standard,SD2,mean,euclidean,mode,ward,1.0
651.0,1110.0,zscore,SD2,prophet,euclidean,median,complete,0.0010000000474974513
636.0,208.0,standard,SD5,mean,dtw,prophet,complete,0.5297157764434814
608.0,412.0,standard,SD2,median,euclidean,mean,weighted,0.7529411911964417
613.0,465.0,standard,SD2,mean,euclidean,mode,weighted,0.7360000014305115
631.0,40.0,standard,SD4,median,euclidean,prophet,ward,0.8556891679763794
608.0,54.0,standard,SD2,prophet,euclidean,mode,ward,1.0
612.0,150.0,standard,SD2,mean,euclidean,prophet,ward,1.0
314.0,791.0,standard,SD5,linear,euclidean,median,weighted,-0.0188458189368248
533.0,71.0,standard,SD3,prophet,dtw,prophet,complete,0.42811310291290283
588.0,551.0,standard,SD4,mean,euclidean,mode,weighted,0.7262079119682312
616.0,99.0,standard,SD2,median,euclidean,median,ward,1.0
609.0,32.0,standard,SD2,prophet,euclidean,mean,ward,1.0
565.0,7.0,standard,SD5,mean,euclidean,prophet,ward,0.6807922720909119
613.0,476.0,standard,SD2,mean,euclidean,mode,ward,1.0
635.0,432.0,standard,SD4,mean,euclidean,prophet,complete,0.8556891679763794
277.0,1138.0,standard,SD5,prophet,dtw,prophet,single,0.020679650828242302
555.0,982.0,standard,SD3,linear,dtw,mean,weighted,0.12217254936695099
753.0,152.0,standard,,mean,euclidean,dtw,average,0.0010000000474974513
683.0,857.0,zscore,SD4,linear,euclidean,prophet,single,0.0010000000474974513
489.0,35.0,zscore,SD4,linear,euclidean,prophet,complete,0.2356029450893402
604.0,462.0,standard,SD2,mean,euclidean,mode,ward,1.0
602.0,6.0,standard,SD2,mean,euclidean,prophet,ward,0.8556891679763794
591.0,595.0,standard,SD4,median,euclidean,prophet,ward,0.440559446811676
621.0,480.0,standard,SD2,mean,euclidean,mode,ward,1.0
29.0,15.0,minmax,SD3,median,dtw,prophet,weighted,0.16496320068836212
552.0,661.0,standard,SD4,median,euclidean,mode,weighted,0.5547012686729431
586.0,179.0,standard,SD2,mean,euclidean,dtw,ward,0.6632652878761292
574.0,512.0,standard,SD4,median,euclidean,prophet,weighted,0.746835470199585
159.0,750.0,zscore,,linear,dtw,median,centroid,0.08830008655786514
609.0,489.0,standard,SD6,prophet,euclidean,mode,ward,0.4848484992980957
559.0,23.0,standard,SD3,mean,euclidean,mode,median,0.8453274965286255
618.0,54.0,standard,SD2,mean,euclidean,prophet,ward,1.0
623.0,567.0,standard,SD4,median,euclidean,mode,ward,0.7231939435005188
606.0,100.0,standard,SD2,median,euclidean,mode,ward,1.0
519.0,1191.0,standard,SD3,median,euclidean,prophet,centroid,0.1920577585697174
43.0,812.0,standard,SD4,mean,euclidean,mode,ward,0.004289882257580757
614.0,340.0,standard,SD2,mean,euclidean,prophet,ward,1.0
579.0,157.0,standard,SD5,mean,euclidean,mean,weighted,0.8134205937385559
618.0,85.0,minmax,SD2,mean,euclidean,mean,ward,1.0
614.0,475.0,standard,SD2,mean,euclidean,prophet,ward,0.7250000238418579
388.0,179.0,minmax,SD6,prophet,euclidean,dtw,hdbscan,0.25473344326019287
528.0,22.0,standard,SD2,mean,euclidean,prophet,median,0.6051867008209229
607.0,35.0,minmax,SD2,mean,euclidean,mode,ward,1.0
617.0,159.0,standard,SD2,prophet,euclidean,mode,ward,1.0
558.0,46.0,standard,SD5,median,euclidean,prophet,weighted,0.7352954745292664
890.0,122.0,standard,SD4,mean,euclidean,prophet,complete,0.0010000000474974513
572.0,68.0,standard,SD3,mean,dtw,prophet,centroid,0.7512274980545044
560.0,47.0,standard,SD2,mean,euclidean,median,hdbscan,0.0010000000474974513
607.0,397.0,standard,SD2,median,euclidean,prophet,ward,1.0
638.0,68.0,standard,SD5,mean,euclidean,mean,ward,0.8556891679763794
822.0,149.0,zscore,,prophet,dtw,median,ward,0.0010000000474974513
612.0,484.0,standard,SD2,mean,euclidean,mode,ward,1.0
614.0,499.0,standard,SD2,prophet,euclidean,mode,weighted,0.5925925970077515
606.0,570.0,standard,SD4,mean,euclidean,prophet,weighted,0.7849462628364563
628.0,534.0,standard,SD3,mean,euclidean,prophet,ward,0.7231939435005188
620.0,42.0,minmax,SD2,median,euclidean,mode,ward,1.0
31.0,1046.0,minmax,SD5,median,dtw,mean,ward,0.005323747172951698
596.0,585.0,standard,SD4,mean,dtw,mode,ward,0.5484374761581421
570.0,196.0,minmax,SD4,median,euclidean,prophet,ward,0.644118070602417
607.0,252.0,standard,SD2,mean,euclidean,prophet,ward,1.0
608.0,555.0,standard,SD3,mean,euclidean,mode,weighted,0.7849462628364563
622.0,17.0,minmax,SD2,mean,euclidean,mode,ward,1.0
612.0,388.0,standard,SD3,mean,euclidean,median,ward,0.7319719195365906
910.0,290.0,zscore,SD2,mean,euclidean,mode,centroid,0.0010000000474974513
576.0,198.0,standard,SD5,median,euclidean,prophet,complete,0.746835470199585
606.0,600.0,zscore,SD4,mean,dtw,median,centroid,-0.10526315867900848
613.0,135.0,minmax,SD2,mean,euclidean,median,ward,1.0
629.0,116.0,standard,SD6,mean,euclidean,prophet,complete,0.8556891679763794
605.0,503.0,standard,SD2,mean,euclidean,mode,ward,0.7133550643920898
626.0,2.0,standard,SD3,median,euclidean,mode,ward,0.7231939435005188
616.0,40.0,standard,SD6,prophet,euclidean,median,ward,0.7231939435005188
575.0,157.0,standard,SD5,mean,euclidean,mode,complete,0.57029128074646
610.0,34.0,standard,SD2,linear,euclidean,mode,ward,1.0
635.0,532.0,standard,SD6,median,euclidean,mode,ward,0.8556891679763794
568.0,34.0,standard,SD4,mean,euclidean,mode,weighted,0.81768399477005
539.0,147.0,standard,SD2,mean,euclidean,mode,centroid,0.7765017747879028
838.0,1165.0,minmax,SD2,linear,euclidean,prophet,hdbscan,0.0010000000474974513
599.0,486.0,standard,SD2,prophet,euclidean,mode,ward,0.8556891679763794
605.0,469.0,standard,SD2,prophet,euclidean,mode,ward,1.0
499.0,94.0,minmax,,linear,euclidean,mode,median,0.28975725173950195
601.0,26.0,standard,SD2,mean,euclidean,prophet,hdbscan,0.0010000000474974513
902.0,301.0,minmax,SD5,mean,euclidean,mode,median,0.0010000000474974513
587.0,746.0,standard,SD3,mean,euclidean,mode,ward,0.3055630326271057
596.0,26.0,standard,SD3,mean,euclidean,prophet,weighted,0.7262079119682312
544.0,610.0,standard,SD2,median,euclidean,prophet,ward,0.55357426404953
601.0,470.0,standard,SD2,mean,euclidean,mode,ward,0.8556891679763794
621.0,59.0,standard,SD2,median,euclidean,median,ward,1.0
620.0,122.0,standard,SD2,median,euclidean,prophet,ward,1.0
618.0,32.0,standard,SD2,mean,euclidean,prophet,ward,1.0
606.0,377.0,standard,SD2,prophet,euclidean,mode,ward,1.0
624.0,155.0,standard,SD6,mean,euclidean,prophet,median,0.7231939435005188
624.0,474.0,standard,SD2,prophet,euclidean,mode,ward,1.0
613.0,470.0,minmax,SD2,median,euclidean,prophet,ward,0.5061224699020386
550.0,462.0,standard,SD4,mean,euclidean,mode,centroid,0.6931922435760498
620.0,539.0,standard,SD4,mean,euclidean,mode,ward,0.7231939435005188
622.0,503.0,standard,SD2,mean,euclidean,median,ward,0.4076923131942749
615.0,497.0,standard,SD2,median,euclidean,mode,weighted,0.7360000014305115
607.0,356.0,standard,SD2,mean,euclidean,mode,ward,1.0
563.0,34.0,minmax,SD3,median,euclidean,prophet,centroid,0.6006026864051819
610.0,495.0,standard,SD2,prophet,euclidean,mode,ward,1.0
359.0,1171.0,minmax,SD4,prophet,dtw,prophet,ward,0.19246040284633636
678.0,22.0,standard,SD3,median,euclidean,prophet,complete,0.0010000000474974513
309.0,900.0,standard,SD3,prophet,dtw,prophet,complete,0.5364173650741577
609.0,458.0,standard,SD3,mean,euclidean,mode,weighted,0.7849462628364563
588.0,903.0,standard,SD5,median,euclidean,dtw,complete,0.2781844735145569
510.0,137.0,standard,SD2,median,euclidean,prophet,hdbscan,0.5556681752204895
639.0,2.0,standard,SD4,mean,euclidean,mode,weighted,0.6520963311195374
619.0,465.0,standard,SD2,mean,euclidean,mode,ward,1.0
118.0,598.0,minmax,SD5,prophet,euclidean,prophet,average,0.06113002449274063
625.0,442.0,standard,SD2,prophet,euclidean,mode,ward,0.0010000000474974513
599.0,491.0,standard,SD2,prophet,euclidean,mode,weighted,0.38926175236701965
798.0,398.0,minmax,,median,dtw,mode,centroid,0.0010000000474974513
171.0,209.0,zscore,SD5,linear,euclidean,mean,median,0.04872681200504303
412.0,962.0,standard,SD3,prophet,euclidean,prophet,complete,0.3904629349708557
605.0,484.0,standard,SD2,mean,euclidean,mode,ward,1.0
497.0,384.0,zscore,SD4,mean,euclidean,mode,ward,0.1754216104745865
612.0,38.0,standard,SD2,median,euclidean,prophet,ward,1.0
636.0,490.0,standard,SD4,mean,euclidean,dtw,ward,0.6520963311195374
624.0,466.0,standard,SD2,mean,euclidean,mode,ward,1.0
623.0,27.0,standard,SD3,mean,euclidean,mode,complete,0.7231939435005188
614.0,137.0,standard,SD2,mean,euclidean,prophet,ward,1.0
