Comperiod,Scaling,Interpolation,Similarity,Unsynced,Linkmeth,ray/tune/_metric
69.0,standard,mean,dtw,prophet,median,0.09648945182561874
89.0,standard,linear,euclidean,prophet,complete,0.09939665347337723
46.0,standard,mean,dtw,prophet,complete,0.07490986585617065
186.0,standard,median,dtw,prophet,median,0.1315617859363556
31.0,standard,mean,dtw,prophet,median,0.1453840583562851
10.0,standard,median,dtw,prophet,weighted,0.11161752045154572
166.0,standard,median,dtw,prophet,complete,0.1157672330737114
55.0,standard,median,dtw,prophet,median,0.13643042743206024
115.0,standard,median,dtw,prophet,weighted,0.10720442235469818
206.0,standard,median,dtw,prophet,median,0.11827002465724945
99.0,standard,prophet,euclidean,prophet,median,0.06808088719844818
898.0,standard,median,dtw,prophet,median,0.14065085351467133
243.0,standard,median,dtw,prophet,median,0.07073681056499481
417.0,standard,median,dtw,prophet,median,0.14985080063343048
342.0,minmax,linear,dtw,prophet,weighted,0.07747413218021393
22.0,minmax,median,dtw,prophet,median,0.13159646093845367
40.0,standard,mean,dtw,prophet,median,0.10883302986621857
256.0,standard,median,dtw,prophet,median,0.14440898597240448
176.0,standard,median,dtw,prophet,median,0.15690454840660095
258.0,standard,median,dtw,prophet,median,0.14242170751094818
182.0,minmax,median,dtw,prophet,complete,0.0822627916932106
25.0,standard,linear,dtw,prophet,weighted,0.11041990667581558
46.0,standard,mean,dtw,prophet,median,0.11886032670736313
517.0,minmax,linear,dtw,prophet,median,0.10878176987171173
104.0,standard,median,euclidean,prophet,median,0.07684694975614548
126.0,standard,median,dtw,prophet,median,0.15747030079364777
425.0,standard,median,dtw,prophet,median,0.12780435383319855
108.0,standard,linear,dtw,prophet,median,0.13974575698375702
167.0,standard,median,dtw,prophet,median,0.11418551206588745
225.0,standard,mean,dtw,prophet,median,0.13943447172641754
404.0,standard,median,dtw,prophet,median,0.14906905591487885
8.0,minmax,mean,dtw,prophet,median,0.14421354234218597
9.0,standard,prophet,euclidean,prophet,complete,0.0903889536857605
51.0,standard,mean,dtw,prophet,median,0.16043438017368317
221.0,standard,mean,dtw,prophet,median,0.1445416659116745
150.0,standard,linear,dtw,prophet,median,0.15950438380241394
62.0,standard,median,euclidean,prophet,median,0.13176506757736206
321.0,zscore,mean,euclidean,prophet,centroid,0.031125817447900772
96.0,minmax,median,dtw,prophet,median,0.1268927901983261
812.0,standard,mean,dtw,prophet,weighted,0.10292717814445496
197.0,standard,median,dtw,prophet,median,0.1544155329465866
14.0,standard,median,dtw,prophet,median,0.12006034702062607
168.0,standard,linear,dtw,prophet,median,0.06471472978591919
64.0,standard,median,dtw,prophet,median,0.15738077461719513
224.0,standard,linear,dtw,prophet,median,0.15004248917102814
18.0,minmax,median,dtw,prophet,median,0.09884090721607208
78.0,standard,median,dtw,prophet,complete,0.147702157497406
57.0,standard,median,dtw,prophet,complete,0.14277949929237366
96.0,standard,linear,dtw,prophet,median,0.15545426309108734
100.0,standard,linear,dtw,prophet,median,0.15674147009849548
43.0,standard,median,dtw,prophet,complete,0.1437082290649414
177.0,standard,linear,dtw,prophet,median,0.11862161755561829
222.0,standard,median,dtw,prophet,median,0.15447334945201874
21.0,standard,prophet,dtw,prophet,median,0.08967792987823486
328.0,standard,median,dtw,prophet,median,0.14423604309558868
338.0,standard,median,dtw,prophet,median,0.14423604309558868
17.0,standard,median,dtw,prophet,ward,0.11958019435405731
110.0,standard,prophet,dtw,prophet,median,0.10139869153499603
129.0,minmax,median,dtw,prophet,median,0.155909925699234
108.0,standard,median,euclidean,prophet,median,0.08216768503189087
39.0,standard,mean,dtw,prophet,median,0.1622132807970047
300.0,standard,median,dtw,prophet,median,0.13477972149848938
387.0,standard,median,dtw,prophet,median,0.1268373727798462
25.0,standard,median,dtw,prophet,weighted,0.1591452658176422
212.0,standard,linear,dtw,prophet,median,0.10904131829738617
187.0,standard,median,dtw,prophet,median,0.12123287469148636
97.0,standard,linear,dtw,prophet,median,0.13782814145088196
82.0,standard,mean,dtw,prophet,median,0.12628905475139618
183.0,standard,median,dtw,prophet,median,0.14358535408973694
220.0,standard,mean,dtw,prophet,median,0.1445416659116745
53.0,standard,median,euclidean,prophet,median,0.15182508528232574
30.0,standard,linear,dtw,prophet,weighted,0.14447177946567535
108.0,minmax,linear,euclidean,prophet,median,0.059062410145998
271.0,standard,median,dtw,prophet,median,0.13088807463645935
26.0,minmax,mean,dtw,prophet,centroid,0.06624696403741837
384.0,minmax,median,euclidean,prophet,complete,0.08015496283769608
27.0,standard,median,dtw,prophet,weighted,0.1640423983335495
28.0,minmax,median,dtw,prophet,median,0.12730342149734497
151.0,standard,median,dtw,prophet,median,0.15966680645942688
87.0,standard,median,dtw,prophet,median,0.12832768261432648
299.0,standard,median,dtw,prophet,median,0.13477972149848938
115.0,standard,median,dtw,prophet,median,0.14656007289886475
76.0,standard,linear,dtw,prophet,median,0.10102809965610504
33.0,standard,median,dtw,prophet,weighted,0.14761370420455933
448.0,standard,median,dtw,prophet,median,0.10073535144329071
196.0,standard,linear,dtw,prophet,median,0.12432385981082916
707.0,minmax,median,euclidean,prophet,average,0.04895118623971939
34.0,standard,linear,dtw,prophet,weighted,0.1448751986026764
446.0,standard,linear,dtw,prophet,median,0.12019810080528259
429.0,standard,median,euclidean,mean,weighted,0.014942120760679245
26.0,standard,median,dtw,prophet,complete,0.11410242319107056
35.0,standard,linear,dtw,prophet,median,0.10595155507326126
33.0,standard,linear,dtw,prophet,weighted,0.1448751986026764
240.0,standard,median,dtw,prophet,median,0.14442178606987
836.0,standard,median,dtw,prophet,median,0.14264419674873352
639.0,standard,median,dtw,prophet,median,0.07710252702236176
23.0,minmax,median,dtw,prophet,median,0.1450323611497879
79.0,standard,median,dtw,prophet,median,0.13184040784835815
149.0,standard,median,euclidean,prophet,median,0.10470826923847198
327.0,minmax,median,dtw,prophet,median,0.10168107599020004
178.0,standard,mean,dtw,prophet,median,0.11619053781032562
81.0,minmax,median,dtw,prophet,median,0.10947810858488083
95.0,standard,linear,dtw,prophet,median,0.1447889357805252
18.0,standard,linear,dtw,prophet,median,0.10554179549217224
76.0,standard,mean,dtw,prophet,median,0.08743011206388474
14.0,standard,linear,dtw,prophet,median,0.13941563665866852
55.0,standard,linear,dtw,prophet,median,0.13287432491779327
885.0,minmax,prophet,euclidean,prophet,complete,0.11970274895429611
202.0,standard,median,dtw,prophet,median,0.14774218201637268
198.0,standard,linear,dtw,prophet,median,0.15956218540668488
151.0,standard,median,dtw,prophet,complete,0.1250993013381958
68.0,standard,linear,dtw,prophet,median,0.05301453173160553
62.0,standard,median,dtw,prophet,ward,0.11889565736055374
627.0,minmax,median,dtw,prophet,complete,0.10545709729194641
415.0,standard,linear,dtw,prophet,median,0.13949716091156006
237.0,standard,median,dtw,prophet,median,0.0584227554500103
226.0,standard,mean,dtw,mode,median,0.0034862530883401632
722.0,minmax,median,dtw,prophet,single,0.0016564495163038373
58.0,minmax,prophet,dtw,prophet,median,0.13427940011024475
11.0,standard,median,dtw,prophet,median,0.06755391508340836
421.0,standard,linear,dtw,prophet,median,0.12247847020626068
72.0,standard,median,dtw,prophet,median,0.12970803678035736
405.0,standard,median,dtw,prophet,median,0.14906905591487885
50.0,minmax,linear,dtw,prophet,median,0.12509137392044067
19.0,minmax,linear,dtw,prophet,median,0.11714410781860352
226.0,standard,linear,dtw,prophet,median,0.1453883945941925
32.0,standard,median,dtw,prophet,weighted,0.1483524739742279
109.0,minmax,median,dtw,prophet,median,0.11604448407888412
14.0,standard,median,dtw,prophet,weighted,0.1553296446800232
288.0,standard,median,dtw,prophet,median,0.13783253729343414
752.0,standard,linear,euclidean,prophet,median,0.08316468447446823
50.0,standard,median,dtw,prophet,median,0.10286298394203186
221.0,standard,linear,dtw,prophet,median,0.10705167055130005
131.0,standard,median,dtw,prophet,weighted,0.09635505080223083
228.0,standard,median,dtw,prophet,median,0.15150031447410583
32.0,standard,median,dtw,prophet,median,0.1427968293428421
85.0,standard,median,euclidean,prophet,median,0.15446746349334717
668.0,minmax,prophet,dtw,prophet,hdbscan,0.01014204602688551
55.0,minmax,mean,dtw,prophet,median,0.12368717789649963
55.0,minmax,prophet,dtw,prophet,median,0.11702481657266617
11.0,standard,mean,dtw,prophet,median,0.10132133215665817
76.0,standard,median,dtw,prophet,median,0.15843743085861206
2.0,standard,linear,dtw,prophet,median,0.14281484484672546
297.0,standard,median,dtw,prophet,median,0.13477972149848938
87.0,standard,mean,dtw,prophet,median,0.13498562574386597
406.0,standard,linear,dtw,prophet,median,0.13974836468696594
595.0,minmax,linear,dtw,mean,hdbscan,0.011142684146761894
43.0,standard,median,dtw,prophet,weighted,0.15225619077682495
365.0,standard,median,dtw,prophet,median,0.12657800316810608
11.0,standard,median,euclidean,prophet,median,0.10581888258457184
306.0,standard,median,dtw,prophet,median,0.1546277552843094
66.0,standard,mean,dtw,prophet,median,0.13925707340240479
253.0,standard,median,dtw,prophet,median,0.12458615005016327
52.0,standard,median,dtw,prophet,weighted,0.11687088757753372
20.0,standard,median,dtw,prophet,median,0.14368754625320435
62.0,minmax,median,dtw,prophet,median,0.08882352709770203
44.0,standard,linear,dtw,prophet,weighted,0.11302150040864944
393.0,standard,linear,dtw,prophet,median,0.14024432003498077
67.0,minmax,median,dtw,prophet,median,0.13243336975574493
481.0,standard,median,euclidean,prophet,median,0.08454833924770355
158.0,standard,median,dtw,prophet,median,0.12232743203639984
199.0,standard,linear,dtw,prophet,median,0.15442289412021637
197.0,standard,median,euclidean,prophet,median,0.07593651860952377
90.0,standard,median,dtw,prophet,median,0.15617339313030243
134.0,standard,median,dtw,prophet,median,0.12645073235034943
196.0,standard,mean,dtw,prophet,median,0.13076819479465485
386.0,standard,mean,dtw,prophet,median,0.11083532869815826
302.0,standard,median,dtw,prophet,median,0.1546277552843094
371.0,standard,median,dtw,prophet,median,0.14710325002670288
93.0,standard,mean,dtw,prophet,median,0.128029927611351
19.0,standard,median,euclidean,prophet,complete,0.13508303463459015
76.0,standard,median,dtw,prophet,weighted,0.11135614663362503
329.0,standard,prophet,dtw,prophet,complete,0.12418395280838013
84.0,standard,linear,dtw,prophet,median,0.11305515468120575
800.0,minmax,prophet,euclidean,median,average,0.00542583130300045
73.0,standard,median,dtw,prophet,complete,0.15118733048439026
38.0,minmax,linear,dtw,prophet,median,0.1300053894519806
410.0,standard,median,dtw,prophet,median,0.14867828786373138
139.0,standard,median,dtw,prophet,median,0.15385478734970093
170.0,standard,median,dtw,prophet,weighted,0.0740668773651123
171.0,standard,median,dtw,prophet,median,0.12373489886522293
40.0,standard,median,dtw,prophet,weighted,0.11630742251873016
868.0,minmax,median,euclidean,mean,average,0.007556545082479715
2.0,standard,median,dtw,prophet,weighted,0.12110429257154465
111.0,standard,linear,dtw,prophet,median,0.12184694409370422
45.0,zscore,median,euclidean,median,hdbscan,0.008193236775696278
9.0,standard,linear,euclidean,prophet,median,0.15792420506477356
65.0,standard,median,dtw,prophet,complete,0.10972964018583298
52.0,standard,median,dtw,prophet,median,0.12490974366664886
388.0,standard,linear,dtw,prophet,median,0.10254201292991638
319.0,standard,median,dtw,prophet,median,0.11334735155105591
136.0,standard,median,dtw,prophet,median,0.12495725601911545
9.0,standard,mean,dtw,prophet,median,0.11508477479219437
307.0,standard,linear,dtw,prophet,median,0.09327070415019989
64.0,standard,linear,dtw,prophet,ward,0.1254623681306839
338.0,zscore,median,dtw,mean,weighted,0.016736311838030815
54.0,minmax,mean,dtw,prophet,median,0.15059185028076172
274.0,standard,median,dtw,prophet,median,0.1089969351887703
120.0,standard,median,dtw,prophet,median,0.11226014047861099
31.0,minmax,mean,dtw,prophet,median,0.07230464369058609
74.0,standard,mean,dtw,prophet,median,0.13748547434806824
44.0,standard,median,dtw,prophet,median,0.12039007991552353
55.0,standard,median,euclidean,prophet,median,0.13122056424617767
272.0,standard,mean,dtw,prophet,median,0.12377563118934631
31.0,standard,median,euclidean,prophet,median,0.11452700197696686
403.0,standard,median,dtw,prophet,median,0.14906905591487885
53.0,standard,median,dtw,prophet,ward,0.13345684111118317
826.0,zscore,mean,euclidean,mode,single,-0.0012389468029141426
6.0,standard,mean,dtw,prophet,ward,0.09662288427352905
263.0,standard,linear,dtw,prophet,median,0.057868171483278275
296.0,standard,median,dtw,prophet,median,0.13244037330150604
38.0,standard,median,dtw,prophet,weighted,0.15447980165481567
269.0,standard,prophet,dtw,prophet,complete,0.10183084011077881
183.0,standard,linear,dtw,prophet,median,0.11495357006788254
35.0,minmax,linear,dtw,prophet,complete,0.08667536824941635
521.0,minmax,prophet,euclidean,prophet,median,0.0851684957742691
52.0,standard,linear,dtw,prophet,complete,0.15334194898605347
9.0,standard,median,euclidean,prophet,median,0.1456868052482605
98.0,standard,median,dtw,prophet,median,0.14158235490322113
81.0,standard,median,dtw,prophet,weighted,0.14468462765216827
547.0,minmax,prophet,dtw,prophet,ward,0.09073624014854431
21.0,standard,median,euclidean,prophet,median,0.1377282738685608
148.0,standard,median,dtw,prophet,median,0.1270747035741806
150.0,standard,median,dtw,prophet,median,0.15557366609573364
80.0,standard,median,dtw,prophet,weighted,0.1305822879076004
382.0,standard,mean,dtw,prophet,median,0.1538553088903427
182.0,standard,median,dtw,prophet,median,0.13498038053512573
381.0,standard,mean,dtw,prophet,median,0.1538553088903427
86.0,standard,mean,dtw,prophet,median,0.06490015983581543
402.0,standard,median,dtw,prophet,median,0.14906905591487885
70.0,standard,median,dtw,prophet,median,0.15421347320079803
205.0,standard,linear,dtw,prophet,median,0.15796992182731628
107.0,minmax,median,dtw,prophet,median,0.11318136006593704
516.0,standard,median,dtw,prophet,median,0.14544853568077087
481.0,standard,median,dtw,prophet,median,0.12230625748634338
320.0,standard,median,dtw,prophet,median,0.11334735155105591
58.0,standard,median,dtw,prophet,median,0.15633271634578705
28.0,standard,median,dtw,prophet,median,0.12781991064548492
307.0,standard,median,dtw,prophet,median,0.15609605610370636
48.0,standard,median,dtw,prophet,median,0.11339759081602097
189.0,standard,mean,dtw,prophet,median,0.14653414487838745
310.0,standard,median,dtw,prophet,median,0.11852152645587921
175.0,standard,median,dtw,prophet,median,0.15543408691883087
30.0,standard,linear,dtw,prophet,median,0.10388286411762238
85.0,standard,median,dtw,prophet,median,0.0560598224401474
270.0,minmax,linear,euclidean,prophet,median,0.13907504081726074
366.0,standard,linear,dtw,prophet,median,0.12348590791225433
60.0,standard,linear,dtw,prophet,median,0.13215023279190063
376.0,standard,median,dtw,prophet,median,0.09661500155925751
255.0,minmax,mean,dtw,prophet,centroid,0.04075321927666664
207.0,standard,mean,dtw,prophet,centroid,0.08270248025655746
53.0,minmax,median,dtw,prophet,median,0.117674820125103
194.0,standard,mean,dtw,prophet,median,0.06084345281124115
64.0,standard,linear,dtw,prophet,median,0.114061139523983
63.0,minmax,linear,dtw,prophet,median,0.11381445080041885
39.0,standard,median,dtw,prophet,complete,0.1184726282954216
108.0,standard,median,dtw,prophet,median,0.15043435990810394
24.0,minmax,median,dtw,prophet,median,0.13594160974025726
83.0,standard,median,euclidean,prophet,median,0.1431702822446823
26.0,minmax,median,euclidean,prophet,weighted,0.09874143451452255
27.0,minmax,linear,dtw,prophet,median,0.12263603508472443
161.0,minmax,median,dtw,prophet,median,0.130741685628891
22.0,standard,median,dtw,prophet,weighted,0.15901681780815125
29.0,standard,median,euclidean,prophet,median,0.10963886231184006
155.0,standard,median,dtw,prophet,weighted,0.10141352564096451
135.0,standard,mean,dtw,prophet,median,0.12056902050971985
14.0,standard,mean,dtw,prophet,median,0.088551364839077
190.0,standard,mean,dtw,prophet,median,0.12687496840953827
32.0,standard,mean,dtw,prophet,median,0.15136529505252838
220.0,standard,median,dtw,prophet,median,0.15475797653198242
16.0,standard,median,dtw,prophet,weighted,0.10759293287992477
26.0,standard,median,euclidean,prophet,median,0.12502723932266235
23.0,standard,median,dtw,prophet,median,0.12264470756053925
491.0,standard,median,dtw,prophet,median,0.11905566602945328
787.0,standard,prophet,euclidean,median,ward,0.002162463730201125
122.0,minmax,linear,dtw,prophet,median,0.12110047787427902
132.0,standard,prophet,dtw,prophet,median,0.12041081488132477
213.0,standard,median,dtw,prophet,median,0.1479082554578781
180.0,standard,mean,dtw,prophet,complete,0.10196997970342636
225.0,standard,linear,dtw,prophet,median,0.1453883945941925
56.0,minmax,median,dtw,prophet,median,0.13827690482139587
7.0,standard,median,dtw,prophet,median,0.11796613782644272
185.0,standard,median,dtw,prophet,median,0.12165307253599167
290.0,standard,median,dtw,prophet,median,0.13783253729343414
345.0,minmax,prophet,euclidean,prophet,weighted,0.14175991714000702
562.0,minmax,median,dtw,prophet,median,0.07400281727313995
193.0,standard,median,dtw,prophet,median,0.15535365045070648
278.0,standard,mean,euclidean,prophet,complete,0.12595626711845398
76.0,standard,linear,dtw,prophet,complete,0.12421543151140213
66.0,standard,median,dtw,prophet,median,0.15801391005516052
219.0,standard,median,dtw,prophet,median,0.13008569180965424
414.0,standard,median,euclidean,prophet,median,0.07341501861810684
412.0,standard,median,dtw,prophet,median,0.14861467480659485
174.0,standard,median,dtw,prophet,median,0.12293531000614166
80.0,standard,median,dtw,prophet,median,0.15677449107170105
73.0,minmax,median,dtw,prophet,median,0.13592033088207245
11.0,standard,median,euclidean,prophet,complete,0.13622018694877625
16.0,standard,median,dtw,prophet,median,0.1460484266281128
162.0,standard,mean,dtw,prophet,median,0.10839935392141342
225.0,standard,median,dtw,prophet,weighted,0.11125095188617706
58.0,zscore,median,dtw,prophet,median,0.032977569848299026
2.0,standard,mean,dtw,prophet,median,0.15985262393951416
403.0,standard,mean,dtw,prophet,median,0.08377395570278168
7.0,standard,linear,dtw,prophet,median,0.11258099228143692
407.0,standard,linear,dtw,prophet,median,0.13974836468696594
359.0,standard,mean,dtw,prophet,median,0.12520861625671387
78.0,standard,linear,euclidean,prophet,median,0.054228853434324265
135.0,standard,median,dtw,prophet,median,0.1482289731502533
77.0,standard,median,dtw,prophet,median,0.11728564649820328
24.0,standard,median,euclidean,prophet,median,0.13607394695281982
248.0,standard,linear,dtw,prophet,median,0.10917587578296661
10.0,standard,linear,dtw,prophet,median,0.11325383931398392
179.0,standard,median,dtw,prophet,weighted,0.0529901497066021
82.0,standard,median,dtw,prophet,weighted,0.13728569447994232
16.0,standard,mean,dtw,prophet,median,0.10358799993991852
2.0,minmax,median,dtw,prophet,median,0.14094685018062592
410.0,standard,linear,dtw,prophet,median,0.13974836468696594
453.0,standard,prophet,dtw,prophet,complete,0.071676105260849
54.0,minmax,prophet,dtw,prophet,median,0.149846151471138
147.0,standard,median,euclidean,prophet,median,0.12893053889274597
47.0,standard,median,euclidean,prophet,median,0.12684133648872375
11.0,standard,median,euclidean,prophet,weighted,0.13926398754119873
385.0,standard,mean,dtw,prophet,median,0.1526481956243515
161.0,standard,mean,dtw,prophet,ward,0.09842739999294281
99.0,standard,median,dtw,prophet,weighted,0.10384629666805267
293.0,standard,median,dtw,prophet,median,0.05944465100765228
23.0,standard,mean,dtw,prophet,median,0.12194478511810303
304.0,standard,mean,euclidean,prophet,median,0.08103390038013458
127.0,standard,median,dtw,prophet,median,0.12674881517887115
391.0,standard,linear,dtw,prophet,weighted,0.11906004697084427
121.0,standard,mean,dtw,prophet,median,0.11504995077848434
63.0,standard,median,euclidean,prophet,median,0.13949063420295715
54.0,minmax,linear,dtw,prophet,median,0.13125327229499817
163.0,standard,linear,dtw,prophet,median,0.11495808511972427
335.0,standard,median,dtw,prophet,median,0.14423604309558868
57.0,standard,median,dtw,prophet,median,0.1365724503993988
135.0,standard,median,dtw,prophet,weighted,0.10067440569400787
54.0,standard,median,euclidean,prophet,median,0.14982084929943085
46.0,standard,linear,euclidean,prophet,median,0.1365300416946411
808.0,minmax,prophet,dtw,prophet,median,0.10480006039142609
329.0,minmax,mean,euclidean,prophet,median,0.08182430267333984
82.0,standard,median,euclidean,prophet,median,0.14301550388336182
251.0,standard,linear,dtw,prophet,median,0.1474752426147461
261.0,standard,median,dtw,prophet,median,0.1412232369184494
33.0,standard,linear,dtw,prophet,median,0.1055053323507309
160.0,standard,median,dtw,prophet,median,0.11534402519464493
107.0,standard,linear,dtw,prophet,median,0.15317845344543457
334.0,standard,median,dtw,prophet,median,0.14423604309558868
343.0,minmax,prophet,euclidean,prophet,weighted,0.10275740921497345
195.0,standard,median,dtw,prophet,median,0.11676535755395889
33.0,standard,median,euclidean,prophet,complete,0.080631323158741
49.0,standard,mean,dtw,prophet,median,0.06071336194872856
421.0,standard,median,dtw,prophet,median,0.14766836166381836
103.0,standard,linear,dtw,prophet,median,0.12365447729825974
863.0,standard,median,dtw,prophet,centroid,0.05030705779790878
83.0,standard,median,dtw,prophet,median,0.11759184300899506
51.0,standard,linear,dtw,prophet,median,0.11942093074321747
29.0,standard,linear,dtw,prophet,median,0.15312843024730682
17.0,standard,median,euclidean,prophet,median,0.1317637860774994
401.0,standard,linear,dtw,prophet,median,0.13760623335838318
363.0,standard,mean,dtw,prophet,median,0.1305512636899948
88.0,standard,mean,dtw,prophet,median,0.06622446328401566
26.0,standard,median,dtw,prophet,weighted,0.1640423983335495
407.0,standard,median,dtw,prophet,median,0.14867828786373138
199.0,standard,median,dtw,prophet,median,0.1560947746038437
145.0,standard,median,dtw,prophet,median,0.15333321690559387
96.0,standard,median,dtw,prophet,median,0.15708911418914795
311.0,standard,median,dtw,prophet,median,0.11852152645587921
4.0,standard,median,dtw,prophet,weighted,0.11861797422170639
65.0,standard,mean,dtw,prophet,median,0.14498789608478546
38.0,standard,median,dtw,prophet,median,0.11103680729866028
69.0,standard,mean,dtw,mean,median,0.017545992508530617
231.0,standard,median,dtw,prophet,median,0.11671991646289825
383.0,minmax,median,euclidean,prophet,median,0.07910750806331635
61.0,standard,linear,dtw,prophet,median,0.13207508623600006
49.0,standard,median,dtw,prophet,weighted,0.15232451260089874
358.0,standard,median,dtw,prophet,median,0.14220193028450012
140.0,standard,median,dtw,prophet,median,0.10951801389455795
47.0,standard,median,dtw,prophet,weighted,0.15131866931915283
257.0,standard,linear,dtw,prophet,median,0.1286996454000473
132.0,standard,mean,dtw,prophet,median,0.0947410985827446
141.0,standard,median,dtw,prophet,median,0.15309308469295502
234.0,standard,linear,dtw,prophet,median,0.12546512484550476
19.0,standard,mean,dtw,prophet,weighted,0.12772105634212494
27.0,minmax,median,dtw,prophet,median,0.14452876150608063
39.0,standard,median,dtw,prophet,weighted,0.1621587723493576
327.0,standard,median,dtw,prophet,median,0.14423604309558868
337.0,standard,median,dtw,prophet,median,0.14423604309558868
63.0,standard,mean,dtw,prophet,weighted,0.12299803644418716
155.0,standard,median,dtw,prophet,median,0.15437650680541992
139.0,minmax,linear,dtw,prophet,median,0.11764899641275406
118.0,standard,median,dtw,prophet,median,0.1397884637117386
541.0,standard,mean,dtw,prophet,median,0.061342157423496246
56.0,standard,median,dtw,prophet,weighted,0.14336960017681122
28.0,zscore,prophet,euclidean,prophet,hdbscan,0.0010000000474974513
220.0,standard,median,dtw,prophet,weighted,0.11499026417732239
492.0,standard,median,dtw,prophet,median,0.11905566602945328
110.0,zscore,linear,dtw,prophet,median,0.0337773934006691
252.0,standard,linear,dtw,prophet,median,0.1416768878698349
86.0,standard,median,euclidean,prophet,median,0.14604319632053375
104.0,standard,median,dtw,prophet,median,0.05135408043861389
304.0,standard,median,dtw,prophet,median,0.1546277552843094
79.0,standard,mean,dtw,prophet,median,0.11965666711330414
260.0,standard,median,dtw,prophet,median,0.1412232369184494
89.0,standard,median,dtw,prophet,weighted,0.12965160608291626
36.0,standard,mean,dtw,prophet,median,0.11241144686937332
146.0,standard,linear,dtw,prophet,median,0.14549623429775238
62.0,minmax,mean,dtw,prophet,ward,0.11317890882492065
151.0,standard,prophet,euclidean,prophet,median,0.04818095266819
109.0,standard,median,dtw,prophet,median,0.14057627320289612
193.0,standard,median,dtw,prophet,weighted,0.11741979420185089
122.0,minmax,mean,dtw,prophet,weighted,0.1267029494047165
152.0,standard,median,dtw,mode,median,0.0029314374551177025
67.0,standard,linear,dtw,prophet,median,0.15122699737548828
191.0,standard,median,dtw,prophet,median,0.15739648044109344
59.0,standard,median,dtw,prophet,median,0.12881627678871155
46.0,standard,median,dtw,prophet,median,0.11016356945037842
4.0,standard,median,euclidean,prophet,median,0.12820032238960266
44.0,minmax,prophet,dtw,prophet,average,0.04267216473817825
231.0,standard,median,dtw,prophet,complete,0.11460644751787186
33.0,minmax,median,dtw,prophet,median,0.08301890641450882
36.0,standard,linear,dtw,prophet,weighted,0.10608630627393723
97.0,standard,mean,dtw,prophet,median,0.06445823609828949
108.0,minmax,median,dtw,prophet,median,0.1517263501882553
94.0,standard,median,dtw,prophet,median,0.056841373443603516
72.0,minmax,mean,dtw,prophet,median,0.12375234067440033
203.0,standard,prophet,dtw,prophet,median,0.10280609875917435
28.0,standard,mean,dtw,prophet,median,0.16195516288280487
39.0,standard,linear,dtw,prophet,weighted,0.1457395851612091
142.0,standard,median,euclidean,prophet,median,0.12149129062891006
320.0,standard,prophet,euclidean,prophet,median,0.1328398883342743
122.0,standard,median,dtw,prophet,median,0.10655859857797623
79.0,standard,median,euclidean,prophet,median,0.14529138803482056
91.0,standard,linear,dtw,prophet,median,0.1407594531774521
322.0,standard,median,dtw,prophet,median,0.12144849449396133
17.0,standard,median,dtw,prophet,median,0.13096319139003754
201.0,standard,median,dtw,prophet,complete,0.09948647767305374
359.0,standard,median,dtw,prophet,median,0.10294543206691742
88.0,standard,linear,dtw,prophet,median,0.12085097283124924
226.0,minmax,median,dtw,prophet,median,0.12647143006324768
422.0,zscore,median,dtw,prophet,complete,0.029860058799386024
110.0,standard,linear,dtw,median,median,-0.00027754271286539733
477.0,standard,mean,dtw,prophet,median,0.1304013580083847
21.0,standard,median,dtw,prophet,weighted,0.09600501507520676
200.0,standard,median,dtw,prophet,median,0.11928825825452805
203.0,minmax,median,dtw,prophet,median,0.15664388239383698
19.0,standard,median,dtw,prophet,median,0.1468205749988556
137.0,standard,linear,dtw,prophet,median,0.05942520871758461
58.0,minmax,median,dtw,prophet,median,0.15147677063941956
54.0,standard,median,dtw,prophet,median,0.10423536598682404
162.0,standard,linear,dtw,prophet,median,0.12022346258163452
64.0,standard,median,euclidean,prophet,median,0.1481473296880722
105.0,standard,mean,dtw,prophet,median,0.10939635336399078
41.0,standard,median,dtw,prophet,median,0.11271538585424423
64.0,standard,mean,dtw,prophet,median,0.14849691092967987
60.0,minmax,median,dtw,prophet,median,0.151252880692482
34.0,standard,median,dtw,prophet,median,0.15304386615753174
250.0,standard,linear,dtw,prophet,median,0.12079694867134094
96.0,standard,median,dtw,prophet,weighted,0.10681851953268051
218.0,standard,median,dtw,prophet,median,0.13165681064128876
279.0,standard,median,dtw,prophet,median,0.1358775496482849
73.0,standard,median,dtw,prophet,median,0.15251457691192627
66.0,standard,linear,dtw,prophet,median,0.11776803433895111
49.0,standard,linear,euclidean,prophet,median,0.13345006108283997
225.0,standard,median,dtw,prophet,median,0.1568852812051773
80.0,standard,median,euclidean,prophet,median,0.14664362370967865
289.0,standard,linear,euclidean,prophet,median,0.05511355400085449
23.0,standard,median,euclidean,prophet,weighted,0.10831572115421295
152.0,standard,linear,dtw,prophet,median,0.12199398875236511
91.0,standard,median,dtw,prophet,weighted,0.12879684567451477
21.0,standard,linear,dtw,prophet,median,0.1524709165096283
384.0,standard,mean,dtw,prophet,median,0.1526481956243515
75.0,standard,median,dtw,prophet,median,0.12138805538415909
17.0,standard,linear,euclidean,prophet,complete,0.1211525946855545
312.0,standard,median,dtw,prophet,median,0.15514613687992096
81.0,standard,mean,dtw,prophet,median,0.06264422088861465
56.0,standard,linear,dtw,prophet,median,0.13083140552043915
86.0,standard,linear,dtw,prophet,complete,0.1299688071012497
110.0,standard,linear,dtw,prophet,median,0.16414816677570343
95.0,standard,median,euclidean,prophet,median,0.1076834499835968
36.0,standard,median,euclidean,prophet,median,0.13023273646831512
408.0,standard,median,dtw,prophet,median,0.14867828786373138
67.0,standard,median,euclidean,prophet,median,0.15287603437900543
36.0,standard,median,dtw,prophet,weighted,0.16183927655220032
5.0,standard,median,euclidean,prophet,ward,0.12871086597442627
56.0,standard,mean,dtw,prophet,median,0.09788734465837479
201.0,standard,linear,dtw,prophet,median,0.15273526310920715
46.0,standard,median,dtw,prophet,weighted,0.10917661339044571
42.0,standard,median,euclidean,prophet,median,0.15250219404697418
5.0,standard,linear,dtw,prophet,weighted,0.1197785958647728
56.0,standard,median,dtw,prophet,median,0.13367001712322235
30.0,standard,median,dtw,prophet,weighted,0.14991247653961182
84.0,standard,median,dtw,prophet,weighted,0.10292142629623413
223.0,standard,median,dtw,prophet,median,0.15447334945201874
112.0,standard,linear,dtw,prophet,weighted,0.11962302774190903
742.0,minmax,median,euclidean,prophet,hdbscan,0.017379768192768097
209.0,standard,linear,dtw,prophet,median,0.13752608001232147
127.0,standard,prophet,dtw,prophet,median,0.10092222690582275
281.0,standard,median,dtw,prophet,median,0.13236002624034882
41.0,standard,median,dtw,prophet,weighted,0.15257185697555542
223.0,standard,linear,dtw,prophet,median,0.15004248917102814
99.0,minmax,mean,dtw,prophet,median,0.12302549928426743
250.0,standard,median,dtw,prophet,median,0.15539634227752686
21.0,standard,median,dtw,prophet,complete,0.1017204150557518
13.0,minmax,median,dtw,prophet,median,0.12750515341758728
77.0,standard,median,euclidean,prophet,median,0.12980180978775024
24.0,minmax,mean,euclidean,prophet,ward,0.11927101761102676
33.0,standard,mean,dtw,prophet,median,0.11969464272260666
301.0,standard,median,dtw,prophet,median,0.1546277552843094
130.0,standard,median,dtw,prophet,median,0.15118630230426788
144.0,standard,linear,dtw,prophet,median,0.06166135519742966
209.0,standard,median,dtw,prophet,median,0.15296818315982819
609.0,minmax,mean,euclidean,prophet,single,-7.259127596626058e-05
186.0,standard,mean,dtw,prophet,median,0.1252737045288086
159.0,standard,median,dtw,prophet,median,0.11006779223680496
141.0,standard,linear,dtw,prophet,median,0.11436998844146729
826.0,minmax,prophet,euclidean,dtw,median,0.02570059895515442
302.0,standard,linear,dtw,prophet,median,0.09815341234207153
211.0,standard,linear,dtw,prophet,median,0.11007232218980789
67.0,standard,mean,dtw,prophet,median,0.1320497840642929
51.0,standard,median,dtw,prophet,median,0.15012189745903015
563.0,minmax,mean,euclidean,dtw,average,-4.3538049794733524e-05
2.0,minmax,linear,dtw,mean,single,0.00034985048114322126
52.0,standard,mean,dtw,prophet,median,0.11030764132738113
369.0,standard,median,dtw,prophet,median,0.14710325002670288
93.0,standard,median,dtw,prophet,median,0.052121102809906006
113.0,standard,median,dtw,prophet,median,0.11682520061731339
27.0,standard,mean,dtw,prophet,median,0.1486252248287201
294.0,minmax,mean,dtw,dtw,hdbscan,0.014442837797105312
392.0,standard,median,dtw,prophet,median,0.1178923100233078
29.0,standard,mean,dtw,prophet,median,0.1501450389623642
39.0,standard,median,dtw,prophet,median,0.10811490565538406
136.0,standard,linear,dtw,prophet,median,0.13744981586933136
886.0,minmax,median,euclidean,mode,single,-0.0017920233076438308
54.0,standard,mean,dtw,prophet,median,0.14350754022598267
247.0,minmax,median,dtw,dtw,median,0.018310800194740295
2.0,minmax,linear,dtw,mean,single,-0.00013824107008986175
696.0,minmax,linear,euclidean,prophet,hdbscan,0.00561857596039772
11.0,minmax,median,dtw,prophet,median,0.10104185342788696
502.0,standard,median,dtw,prophet,complete,0.11450614780187607
37.0,standard,median,dtw,prophet,weighted,0.1577378511428833
364.0,standard,median,dtw,prophet,median,0.12657800316810608
6.0,standard,median,dtw,prophet,median,0.1186220645904541
43.0,standard,median,euclidean,prophet,median,0.15078982710838318
191.0,standard,median,dtw,median,median,0.004104164429008961
226.0,standard,mean,euclidean,mode,complete,0.002230419311672449
469.0,standard,linear,dtw,prophet,median,0.12291789799928665
227.0,standard,linear,dtw,prophet,median,0.1453883945941925
14.0,standard,median,euclidean,prophet,median,0.12100733071565628
361.0,standard,median,dtw,prophet,median,0.15460388362407684
3.0,standard,linear,euclidean,prophet,median,0.136749729514122
6.0,minmax,prophet,euclidean,prophet,complete,0.09107336401939392
188.0,minmax,median,dtw,prophet,median,0.10292156785726547
42.0,minmax,median,dtw,prophet,median,0.10792402178049088
74.0,minmax,mean,dtw,prophet,median,0.12275940179824829
85.0,standard,median,dtw,prophet,weighted,0.1412946730852127
401.0,standard,mean,dtw,prophet,weighted,0.10436763614416122
106.0,standard,median,dtw,prophet,median,0.1447722315788269
12.0,standard,median,dtw,prophet,median,0.0683126449584961
66.0,standard,median,euclidean,prophet,median,0.1540583074092865
30.0,minmax,median,dtw,prophet,median,0.14580196142196655
157.0,standard,median,dtw,prophet,ward,0.11627160757780075
62.0,standard,median,dtw,prophet,weighted,0.08767356723546982
4.0,minmax,mean,euclidean,prophet,median,0.10613018274307251
143.0,standard,median,dtw,prophet,median,0.15307943522930145
65.0,standard,median,dtw,prophet,median,0.15766403079032898
170.0,standard,median,dtw,prophet,median,0.15422755479812622
6.0,standard,median,dtw,prophet,complete,0.12434866279363632
65.0,standard,median,euclidean,prophet,median,0.1348535716533661
138.0,standard,median,dtw,prophet,median,0.16064271330833435
69.0,standard,median,euclidean,prophet,median,0.12209959328174591
4.0,standard,median,dtw,prophet,complete,0.10288576781749725
222.0,standard,mean,dtw,prophet,median,0.04910768195986748
22.0,standard,linear,dtw,prophet,median,0.10567757487297058
25.0,standard,linear,dtw,prophet,median,0.10616497695446014
284.0,standard,median,dtw,prophet,ward,0.08828403800725937
114.0,standard,linear,dtw,prophet,median,0.12744444608688354
219.0,minmax,median,dtw,prophet,median,0.10827582329511642
41.0,standard,mean,dtw,prophet,median,0.1663673222064972
2.0,standard,prophet,dtw,prophet,median,0.11829487234354019
5.0,minmax,median,dtw,prophet,median,0.08648328483104706
4.0,standard,median,dtw,prophet,median,0.1491556316614151
329.0,standard,median,dtw,prophet,median,0.14423604309558868
509.0,standard,median,dtw,prophet,median,0.14544853568077087
507.0,standard,linear,dtw,prophet,median,0.14049094915390015
855.0,standard,median,dtw,prophet,median,0.14264419674873352
42.0,standard,linear,dtw,prophet,median,0.11012977361679077
385.0,minmax,median,dtw,prophet,ward,0.10579176992177963
107.0,standard,mean,dtw,dtw,weighted,0.01634315401315689
144.0,standard,median,dtw,prophet,median,0.1540435254573822
737.0,minmax,prophet,euclidean,prophet,complete,0.11970274895429611
114.0,zscore,linear,dtw,median,centroid,0.00838743057101965
117.0,standard,median,dtw,prophet,weighted,0.13617095351219177
100.0,standard,mean,dtw,prophet,median,0.10151603072881699
37.0,standard,mean,dtw,prophet,median,0.14583079516887665
272.0,standard,median,dtw,prophet,median,0.15720359981060028
206.0,standard,linear,dtw,prophet,weighted,0.12093769013881683
227.0,standard,median,dtw,prophet,median,0.1417418271303177
366.0,standard,median,dtw,prophet,median,0.12657800316810608
3.0,standard,linear,dtw,prophet,median,0.10408513993024826
49.0,standard,median,dtw,prophet,hdbscan,0.027106301859021187
111.0,standard,median,dtw,prophet,median,0.11099565029144287
49.0,standard,median,dtw,prophet,ward,0.12446598708629608
50.0,minmax,median,dtw,prophet,median,0.08889983594417572
63.0,minmax,mean,dtw,prophet,median,0.1461804062128067
52.0,standard,median,euclidean,prophet,median,0.13737928867340088
81.0,standard,median,euclidean,prophet,median,0.14820842444896698
589.0,standard,median,dtw,prophet,median,0.07610147446393967
99.0,standard,linear,dtw,prophet,median,0.13302776217460632
95.0,standard,mean,dtw,prophet,median,0.12717509269714355
450.0,zscore,mean,dtw,median,centroid,0.005482070613652468
54.0,minmax,median,dtw,prophet,complete,0.09230358898639679
138.0,standard,mean,dtw,prophet,median,0.12552151083946228
43.0,minmax,linear,dtw,prophet,median,0.11262920498847961
10.0,standard,median,euclidean,prophet,median,0.1469103842973709
292.0,standard,linear,dtw,prophet,median,0.1121038943529129
106.0,standard,linear,dtw,prophet,median,0.12094100564718246
29.0,minmax,median,dtw,prophet,median,0.14921580255031586
44.0,standard,median,dtw,prophet,weighted,0.15698760747909546
450.0,zscore,mean,dtw,median,centroid,0.012499223463237286
451.0,standard,mean,dtw,prophet,median,0.1429828405380249
7.0,minmax,linear,dtw,prophet,median,0.12586857378482819
18.0,standard,median,dtw,prophet,weighted,0.1006239727139473
38.0,standard,mean,dtw,prophet,median,0.15894222259521484
133.0,minmax,linear,dtw,prophet,complete,0.08980391919612885
193.0,standard,linear,dtw,prophet,median,0.11958502978086472
290.0,minmax,mean,dtw,prophet,centroid,0.07399565726518631
23.0,standard,median,dtw,prophet,ward,0.12148568034172058
42.0,standard,mean,dtw,prophet,median,0.14929915964603424
45.0,standard,median,euclidean,prophet,median,0.14888156950473785
314.0,standard,median,dtw,prophet,median,0.1355505734682083
338.0,zscore,mean,euclidean,median,average,0.006104814819991589
28.0,standard,median,dtw,prophet,weighted,0.10288438200950623
36.0,standard,median,dtw,prophet,median,0.05835181847214699
266.0,standard,median,dtw,prophet,median,0.11927182972431183
401.0,standard,median,dtw,prophet,median,0.11601230502128601
11.0,standard,linear,dtw,prophet,median,0.1460515558719635
863.0,zscore,median,euclidean,mean,weighted,0.008855069987475872
62.0,standard,median,dtw,prophet,median,0.1596151739358902
282.0,standard,mean,dtw,prophet,weighted,0.10305969417095184
7.0,minmax,mean,dtw,prophet,median,0.1551225632429123
428.0,minmax,median,dtw,prophet,median,0.04459892213344574
31.0,standard,median,dtw,prophet,weighted,0.14991247653961182
616.0,minmax,linear,dtw,prophet,complete,0.08930995315313339
179.0,standard,linear,dtw,prophet,median,0.1183340921998024
31.0,standard,median,dtw,prophet,median,0.12103331089019775
65.0,minmax,median,dtw,prophet,median,0.14214250445365906
93.0,standard,linear,dtw,prophet,median,0.06145777553319931
666.0,standard,median,dtw,prophet,weighted,0.11533454060554504
351.0,standard,median,dtw,prophet,median,0.1271378993988037
362.0,standard,median,dtw,prophet,median,0.15816543996334076
80.0,standard,median,dtw,prophet,complete,0.14881335198879242
583.0,minmax,linear,dtw,prophet,ward,0.11112844944000244
12.0,standard,linear,dtw,prophet,median,0.1499384492635727
326.0,standard,median,dtw,prophet,median,0.14423604309558868
16.0,standard,median,euclidean,mode,centroid,0.007916731759905815
28.0,standard,median,dtw,prophet,complete,0.1290414035320282
343.0,standard,median,dtw,prophet,median,0.0566018670797348
220.0,standard,median,euclidean,prophet,ward,0.09969086945056915
308.0,standard,median,dtw,prophet,median,0.15609605610370636
138.0,minmax,linear,dtw,prophet,median,0.11886134743690491
58.0,minmax,mean,dtw,prophet,median,0.12006890773773193
4.0,standard,linear,dtw,prophet,median,0.15517817437648773
5.0,standard,median,dtw,prophet,median,0.11507520824670792
7.0,minmax,median,dtw,prophet,median,0.11696944385766983
25.0,standard,mean,dtw,prophet,median,0.11882876604795456
24.0,standard,median,dtw,prophet,median,0.1274530589580536
210.0,standard,median,dtw,prophet,median,0.15296818315982819
260.0,standard,mean,euclidean,prophet,median,0.09753872454166412
414.0,standard,median,dtw,prophet,median,0.14555706083774567
45.0,standard,linear,dtw,prophet,median,0.11420326679944992
81.0,standard,median,dtw,prophet,median,0.15450207889080048
53.0,minmax,mean,dtw,prophet,median,0.15024429559707642
13.0,standard,linear,dtw,prophet,median,0.10618586838245392
522.0,minmax,prophet,dtw,prophet,median,0.0826718807220459
94.0,standard,median,dtw,prophet,weighted,0.12737926840782166
718.0,minmax,prophet,euclidean,prophet,complete,0.09970329701900482
309.0,standard,median,dtw,prophet,median,0.15609605610370636
142.0,standard,median,dtw,prophet,median,0.15477269887924194
255.0,standard,median,dtw,prophet,median,0.14440898597240448
53.0,standard,median,dtw,prophet,median,0.1371447592973709
4.0,minmax,mean,dtw,prophet,median,0.09820739924907684
188.0,standard,linear,dtw,prophet,median,0.11950802057981491
178.0,standard,median,euclidean,prophet,median,0.07992301881313324
4.0,standard,median,euclidean,prophet,average,0.07095690816640854
30.0,standard,median,dtw,prophet,median,0.12678200006484985
90.0,standard,median,euclidean,prophet,median,0.12405835837125778
116.0,standard,median,dtw,prophet,median,0.056839171797037125
9.0,minmax,median,dtw,prophet,median,0.12007464468479156
177.0,standard,median,dtw,prophet,median,0.16083219647407532
263.0,standard,median,dtw,prophet,median,0.052956826984882355
151.0,zscore,mean,dtw,prophet,median,0.042622074484825134
63.0,standard,mean,dtw,prophet,median,0.14241257309913635
97.0,standard,median,dtw,prophet,complete,0.13499082624912262
35.0,standard,median,dtw,prophet,weighted,0.16183927655220032
19.0,standard,mean,dtw,prophet,median,0.12420725077390671
879.0,minmax,prophet,euclidean,dtw,hdbscan,0.025696096941828728
898.0,minmax,prophet,euclidean,prophet,weighted,0.08690154552459717
675.0,minmax,prophet,euclidean,prophet,complete,0.113079734146595
66.0,standard,median,dtw,prophet,complete,0.1454811543226242
21.0,standard,median,dtw,prophet,median,0.14121286571025848
675.0,minmax,prophet,dtw,prophet,median,0.12984389066696167
73.0,standard,median,euclidean,prophet,median,0.07937050610780716
151.0,minmax,linear,dtw,prophet,median,0.11052762717008591
883.0,minmax,mean,euclidean,prophet,complete,0.09589593857526779
392.0,standard,linear,dtw,prophet,median,0.13402964174747467
18.0,standard,median,dtw,prophet,median,0.0975799709558487
192.0,standard,linear,dtw,prophet,median,0.12213496118783951
5.0,standard,mean,euclidean,prophet,median,0.058679740875959396
32.0,standard,median,euclidean,prophet,complete,0.12254074215888977
104.0,standard,median,dtw,prophet,complete,0.10477730631828308
368.0,standard,median,dtw,prophet,median,0.14710325002670288
59.0,standard,median,dtw,median,ward,0.0030820947140455246
291.0,minmax,prophet,dtw,prophet,complete,0.10725156217813492
76.0,minmax,median,dtw,prophet,median,0.10549991577863693
147.0,standard,linear,dtw,prophet,median,0.15191921591758728
411.0,standard,median,euclidean,prophet,ward,0.11023961752653122
147.0,standard,median,dtw,prophet,median,0.1609276384115219
27.0,standard,mean,dtw,prophet,weighted,0.11743513494729996
121.0,standard,median,euclidean,prophet,median,0.08205291628837585
26.0,standard,mean,dtw,prophet,median,0.12080851197242737
365.0,standard,mean,euclidean,prophet,complete,0.10686491429805756
297.0,standard,linear,dtw,prophet,weighted,0.12478195875883102
20.0,standard,linear,dtw,prophet,median,0.1519303023815155
45.0,standard,median,dtw,prophet,weighted,0.1566944420337677
207.0,standard,linear,dtw,prophet,median,0.12283157557249069
9.0,standard,median,dtw,prophet,median,0.05781182274222374
212.0,standard,median,dtw,prophet,median,0.1483699232339859
50.0,standard,mean,dtw,prophet,median,0.15220756828784943
787.0,standard,linear,dtw,dtw,centroid,0.0031045195646584034
613.0,minmax,median,dtw,prophet,median,0.05402616038918495
795.0,standard,linear,dtw,prophet,median,0.11992599070072174
13.0,standard,median,dtw,prophet,weighted,0.11028517782688141
172.0,standard,linear,dtw,prophet,median,0.06138242781162262
433.0,standard,median,dtw,prophet,median,0.12880688905715942
125.0,standard,linear,dtw,prophet,median,0.1106557548046112
90.0,standard,linear,dtw,prophet,median,0.14852915704250336
63.0,standard,median,dtw,prophet,median,0.15497653186321259
113.0,zscore,median,dtw,prophet,average,0.022888798266649246
75.0,minmax,linear,dtw,prophet,median,0.13669344782829285
190.0,standard,median,dtw,prophet,median,0.15824493765830994
7.0,standard,mean,dtw,prophet,median,0.10572607070207596
131.0,standard,median,dtw,prophet,median,0.12212926894426346
298.0,standard,median,dtw,prophet,median,0.13477972149848938
164.0,standard,median,dtw,prophet,median,0.11422813683748245
192.0,standard,median,dtw,prophet,median,0.15630128979682922
63.0,standard,median,dtw,prophet,complete,0.148819699883461
169.0,standard,median,euclidean,prophet,median,0.05020522698760033
198.0,standard,median,dtw,prophet,median,0.1587904840707779
71.0,standard,linear,dtw,prophet,median,0.06270701438188553
3.0,standard,mean,dtw,prophet,median,0.12606477737426758
373.0,standard,median,dtw,prophet,median,0.1501615345478058
101.0,standard,median,dtw,prophet,weighted,0.14023812115192413
136.0,minmax,mean,dtw,prophet,median,0.14127026498317719
202.0,minmax,median,dtw,prophet,median,0.11174648255109787
41.0,standard,median,euclidean,prophet,median,0.11171910166740417
250.0,standard,mean,euclidean,prophet,ward,0.10484782606363297
26.0,standard,mean,euclidean,prophet,centroid,0.063235342502594
51.0,standard,median,euclidean,prophet,median,0.13758444786071777
200.0,standard,linear,dtw,prophet,median,0.15499632060527802
111.0,standard,median,dtw,prophet,weighted,0.10808194428682327
166.0,standard,median,dtw,prophet,weighted,0.11439839750528336
8.0,minmax,mean,dtw,prophet,ward,0.10992183536291122
230.0,standard,median,dtw,prophet,median,0.15659916400909424
229.0,standard,median,dtw,prophet,median,0.12906791269779205
48.0,standard,median,dtw,prophet,weighted,0.15266360342502594
275.0,minmax,prophet,dtw,prophet,complete,0.07348579168319702
65.0,standard,linear,dtw,prophet,median,0.1445387899875641
169.0,standard,median,dtw,prophet,median,0.15578693151474
217.0,standard,median,dtw,prophet,median,0.13165681064128876
25.0,standard,median,dtw,prophet,median,0.08192524313926697
3.0,minmax,median,dtw,prophet,median,0.11791128665208817
109.0,standard,linear,dtw,prophet,median,0.15064169466495514
466.0,standard,median,dtw,prophet,median,0.12189359217882156
110.0,standard,median,dtw,prophet,median,0.13985654711723328
295.0,standard,mean,dtw,prophet,complete,0.1267503947019577
625.0,standard,median,dtw,prophet,median,0.07710252702236176
180.0,standard,median,dtw,prophet,median,0.15482403337955475
257.0,standard,median,dtw,prophet,median,0.1263400763273239
27.0,standard,median,euclidean,prophet,median,0.12744031846523285
114.0,standard,median,dtw,prophet,median,0.12918643653392792
233.0,standard,median,dtw,prophet,median,0.11671991646289825
97.0,standard,median,dtw,prophet,median,0.13556301593780518
204.0,minmax,median,dtw,prophet,median,0.1212378591299057
72.0,standard,median,dtw,prophet,weighted,0.10923510789871216
91.0,standard,median,dtw,prophet,median,0.1470946967601776
48.0,standard,linear,dtw,prophet,weighted,0.1218908429145813
23.0,minmax,linear,dtw,prophet,weighted,0.10943843424320221
38.0,standard,median,euclidean,prophet,median,0.10863528400659561
26.0,minmax,median,dtw,prophet,median,0.12063737958669662
495.0,standard,linear,dtw,prophet,median,0.1311628222465515
79.0,minmax,median,dtw,prophet,median,0.1180327907204628
323.0,standard,median,dtw,prophet,median,0.12144849449396133
221.0,minmax,median,dtw,prophet,median,0.12133420258760452
331.0,standard,median,dtw,prophet,median,0.14423604309558868
241.0,standard,mean,dtw,prophet,median,0.07699671387672424
78.0,standard,linear,dtw,prophet,ward,0.12284690141677856
248.0,standard,median,dtw,prophet,median,0.15665070712566376
102.0,minmax,median,dtw,prophet,median,0.0595691055059433
151.0,standard,linear,dtw,prophet,median,0.14934009313583374
683.0,minmax,median,dtw,prophet,median,0.05317818000912666
57.0,standard,linear,dtw,prophet,median,0.15135300159454346
399.0,standard,median,dtw,prophet,median,0.11601230502128601
74.0,standard,median,dtw,prophet,median,0.11948978900909424
232.0,standard,linear,euclidean,prophet,weighted,0.11663015931844711
42.0,standard,median,euclidean,prophet,complete,0.10851935297250748
170.0,zscore,median,dtw,median,complete,0.010259401053190231
287.0,standard,median,dtw,prophet,median,0.15543614327907562
185.0,standard,median,dtw,prophet,weighted,0.05365539714694023
172.0,standard,median,dtw,prophet,median,0.11070206016302109
563.0,minmax,median,euclidean,median,ward,0.005033843219280243
107.0,standard,median,dtw,prophet,median,0.1469905823469162
224.0,standard,median,euclidean,prophet,median,0.09235740453004837
303.0,standard,median,dtw,prophet,median,0.1546277552843094
129.0,standard,linear,dtw,prophet,median,0.055946968495845795
158.0,minmax,median,euclidean,prophet,weighted,0.09925512224435806
58.0,standard,median,dtw,prophet,weighted,0.09991906583309174
157.0,standard,linear,dtw,prophet,median,0.14000140130519867
346.0,minmax,prophet,euclidean,mean,centroid,0.007258703466504812
2.0,minmax,linear,dtw,prophet,median,0.13389375805854797
224.0,standard,median,dtw,prophet,median,0.15447334945201874
78.0,standard,median,dtw,prophet,median,0.1347755789756775
217.0,minmax,linear,euclidean,prophet,median,0.0890665277838707
83.0,standard,median,dtw,prophet,weighted,0.14129476249217987
135.0,standard,linear,dtw,prophet,median,0.13254857063293457
110.0,zscore,prophet,dtw,mode,hdbscan,0.023716019466519356
58.0,standard,mean,dtw,prophet,median,0.05035559460520744
75.0,standard,linear,dtw,prophet,weighted,0.10400722175836563
59.0,standard,median,euclidean,prophet,median,0.09458225965499878
62.0,standard,mean,dtw,prophet,median,0.11242854595184326
129.0,standard,median,dtw,prophet,median,0.1288297325372696
69.0,standard,median,dtw,prophet,median,0.12023519724607468
204.0,standard,linear,dtw,prophet,median,0.15075016021728516
61.0,standard,prophet,dtw,prophet,median,0.09395501017570496
194.0,standard,median,dtw,prophet,median,0.15535365045070648
16.0,standard,linear,dtw,prophet,median,0.1076035350561142
102.0,standard,linear,dtw,prophet,median,0.14090020954608917
226.0,standard,median,dtw,prophet,median,0.1568852812051773
249.0,standard,linear,dtw,prophet,median,0.14701105654239655
60.0,standard,median,euclidean,prophet,median,0.12063556909561157
58.0,standard,linear,dtw,prophet,median,0.13590873777866364
146.0,standard,median,dtw,prophet,weighted,0.09637077152729034
354.0,standard,linear,dtw,prophet,median,0.12622913718223572
208.0,standard,median,dtw,prophet,median,0.1333836317062378
214.0,standard,median,dtw,prophet,median,0.12035819888114929
152.0,minmax,median,dtw,prophet,median,0.05595307797193527
298.0,standard,mean,dtw,prophet,median,0.058648496866226196
152.0,standard,mean,dtw,prophet,median,0.13010749220848083
211.0,standard,median,dtw,prophet,median,0.1483699232339859
203.0,standard,linear,dtw,prophet,median,0.12180107086896896
125.0,standard,median,dtw,prophet,weighted,0.06832733750343323
27.0,standard,linear,dtw,prophet,weighted,0.14594021439552307
778.0,zscore,mean,euclidean,prophet,complete,0.04778657853603363
552.0,standard,median,dtw,prophet,median,0.11660943925380707
313.0,standard,median,dtw,prophet,median,0.15607129037380219
767.0,minmax,prophet,euclidean,prophet,complete,0.11918163299560547
62.0,standard,linear,dtw,prophet,median,0.13250309228897095
30.0,standard,mean,dtw,prophet,median,0.14502383768558502
82.0,standard,median,dtw,prophet,median,0.11858213692903519
67.0,standard,median,dtw,prophet,weighted,0.11248254776000977
861.0,minmax,prophet,euclidean,prophet,median,0.10461703687906265
22.0,standard,median,dtw,prophet,single,0.0027521089650690556
205.0,standard,median,dtw,prophet,median,0.12647908926010132
34.0,standard,median,dtw,prophet,weighted,0.14761370420455933
125.0,standard,median,dtw,prophet,median,0.14850369095802307
181.0,standard,median,dtw,prophet,median,0.15261831879615784
12.0,standard,median,dtw,prophet,weighted,0.11028517782688141
148.0,minmax,prophet,euclidean,prophet,weighted,0.11127812415361404
33.0,standard,median,euclidean,prophet,median,0.11793768405914307
178.0,standard,median,dtw,prophet,median,0.1603434532880783
54.0,standard,linear,dtw,prophet,median,0.13794644176959991
90.0,standard,mean,dtw,prophet,median,0.12658552825450897
242.0,standard,median,dtw,prophet,weighted,0.12600760161876678
65.0,standard,median,dtw,prophet,weighted,0.10899905115365982
43.0,standard,mean,dtw,prophet,median,0.144950270652771
336.0,standard,median,dtw,prophet,median,0.14423604309558868
305.0,standard,median,dtw,prophet,median,0.1546277552843094
68.0,standard,median,dtw,prophet,median,0.11305738240480423
61.0,standard,linear,dtw,prophet,weighted,0.07561271637678146
2.0,standard,median,euclidean,prophet,median,0.11994413286447525
24.0,standard,median,dtw,prophet,weighted,0.10385163873434067
184.0,standard,median,dtw,prophet,median,0.1558927595615387
348.0,standard,median,dtw,prophet,ward,0.09622083604335785
156.0,standard,median,dtw,prophet,median,0.11379842460155487
397.0,standard,mean,dtw,prophet,median,0.08650286495685577
859.0,minmax,prophet,dtw,prophet,complete,0.10417462140321732
214.0,standard,linear,dtw,prophet,median,0.1376347541809082
285.0,standard,median,dtw,prophet,median,0.11937129497528076
26.0,standard,linear,dtw,prophet,weighted,0.14594021439552307
13.0,standard,median,euclidean,prophet,median,0.11757421493530273
116.0,standard,mean,dtw,prophet,median,0.09272324293851852
2.0,standard,prophet,dtw,prophet,ward,0.10311190783977509
71.0,standard,median,dtw,prophet,median,0.12246426939964294
151.0,standard,median,dtw,prophet,ward,0.10076343268156052
29.0,standard,median,dtw,prophet,median,0.1283254772424698
3.0,standard,median,dtw,prophet,median,0.11366429179906845
50.0,standard,linear,euclidean,prophet,median,0.13694161176681519
450.0,zscore,prophet,euclidean,prophet,median,0.033628955483436584
8.0,standard,median,euclidean,prophet,median,0.14308564364910126
57.0,minmax,linear,euclidean,prophet,median,0.09115279465913773
106.0,standard,median,dtw,prophet,weighted,0.09813686460256577
39.0,standard,prophet,dtw,prophet,median,0.0932893306016922
390.0,standard,linear,dtw,prophet,median,0.15701763331890106
352.0,standard,median,dtw,prophet,median,0.1271378993988037
66.0,minmax,median,dtw,prophet,median,0.11074668169021606
114.0,zscore,prophet,dtw,mean,weighted,0.004326976370066404
101.0,standard,linear,dtw,prophet,median,0.12436988204717636
161.0,standard,median,dtw,prophet,median,0.1559855043888092
67.0,standard,median,dtw,prophet,complete,0.14903952181339264
383.0,standard,mean,dtw,prophet,median,0.1526481956243515
38.0,standard,linear,dtw,prophet,weighted,0.11043409258127213
149.0,standard,linear,dtw,prophet,median,0.11742322891950607
171.0,standard,median,dtw,prophet,complete,0.11119331419467926
396.0,standard,median,dtw,prophet,median,0.14283335208892822
135.0,minmax,prophet,dtw,prophet,ward,0.10508555173873901
66.0,standard,linear,euclidean,prophet,median,0.11726203560829163
124.0,standard,median,dtw,prophet,median,0.11479555070400238
81.0,standard,linear,dtw,prophet,median,0.1190137043595314
87.0,standard,median,euclidean,prophet,median,0.12148085981607437
26.0,standard,prophet,euclidean,prophet,complete,0.11188647150993347
89.0,standard,median,dtw,prophet,median,0.15483984351158142
85.0,zscore,mean,euclidean,mode,median,-0.011346131563186646
260.0,minmax,prophet,dtw,prophet,centroid,0.051880210638046265
466.0,standard,mean,dtw,prophet,median,0.14351773262023926
22.0,standard,median,dtw,prophet,median,0.14212185144424438
43.0,standard,median,euclidean,prophet,weighted,0.15282203257083893
36.0,standard,median,dtw,prophet,complete,0.1205361932516098
5.0,standard,linear,dtw,prophet,median,0.15517817437648773
43.0,standard,median,dtw,prophet,median,0.12333791702985764
116.0,standard,median,euclidean,prophet,median,0.08181911706924438
142.0,standard,linear,dtw,prophet,median,0.14689728617668152
246.0,standard,median,dtw,prophet,median,0.12465677410364151
60.0,standard,median,dtw,prophet,median,0.13171742856502533
477.0,minmax,prophet,euclidean,prophet,complete,0.12541833519935608
203.0,standard,median,dtw,prophet,median,0.15965241193771362
2.0,standard,median,dtw,prophet,average,0.07769569009542465
188.0,standard,median,dtw,prophet,median,0.1618618667125702
13.0,standard,median,dtw,prophet,median,0.12167404592037201
21.0,standard,mean,dtw,prophet,median,0.12266696244478226
44.0,standard,linear,euclidean,prophet,median,0.13501150906085968
179.0,standard,median,dtw,prophet,median,0.14614395797252655
146.0,standard,mean,dtw,prophet,median,0.1028846949338913
596.0,standard,linear,dtw,prophet,median,0.080055832862854
379.0,standard,mean,dtw,prophet,median,0.13189591467380524
416.0,standard,median,dtw,prophet,median,0.14861467480659485
102.0,standard,median,dtw,prophet,median,0.12361440062522888
299.0,standard,linear,euclidean,prophet,complete,0.13571612536907196
249.0,standard,median,dtw,prophet,median,0.1544562727212906
34.0,standard,mean,dtw,prophet,weighted,0.10562754422426224
535.0,standard,linear,euclidean,prophet,weighted,0.14354747533798218
103.0,standard,median,dtw,prophet,weighted,0.09774315357208252
225.0,standard,median,euclidean,prophet,complete,0.13867893815040588
122.0,standard,median,dtw,prophet,weighted,0.10388042777776718
228.0,standard,linear,dtw,prophet,median,0.1350662112236023
197.0,standard,linear,dtw,prophet,median,0.15449263155460358
548.0,minmax,median,euclidean,prophet,complete,0.08145760744810104
126.0,standard,mean,dtw,prophet,median,0.07208020985126495
151.0,standard,median,dtw,prophet,weighted,0.1250062882900238
196.0,standard,median,dtw,prophet,median,0.16131988167762756
49.0,minmax,linear,dtw,prophet,median,0.13213510811328888
210.0,standard,linear,dtw,prophet,median,0.1450074315071106
15.0,standard,median,dtw,prophet,median,0.11337415128946304
329.0,standard,mean,dtw,prophet,median,0.10823304206132889
221.0,standard,median,dtw,prophet,median,0.12260414659976959
315.0,standard,median,dtw,prophet,median,0.1355505734682083
8.0,standard,median,dtw,prophet,weighted,0.12247540056705475
199.0,standard,mean,dtw,prophet,median,0.05967152863740921
154.0,standard,median,dtw,prophet,median,0.11379842460155487
144.0,zscore,prophet,euclidean,prophet,single,0.0010795423295348883
463.0,standard,mean,dtw,prophet,median,0.14250271022319794
411.0,standard,median,dtw,prophet,median,0.14867828786373138
100.0,standard,median,dtw,prophet,median,0.07069739699363708
61.0,standard,median,dtw,prophet,median,0.1581055074930191
76.0,standard,median,dtw,prophet,complete,0.1486600786447525
27.0,standard,median,dtw,prophet,median,0.12753258645534515
204.0,standard,median,dtw,prophet,median,0.16280291974544525
16.0,standard,median,euclidean,prophet,median,0.10221393406391144
619.0,standard,prophet,euclidean,mean,ward,0.011875567957758904
564.0,standard,median,dtw,prophet,ward,0.11116092652082443
350.0,minmax,prophet,dtw,prophet,median,0.10818132013082504
50.0,standard,median,dtw,prophet,weighted,0.10823390632867813
23.0,standard,median,euclidean,prophet,median,0.11622828990221024
385.0,standard,median,dtw,prophet,median,0.1268373727798462
20.0,standard,mean,dtw,prophet,median,0.12340159714221954
529.0,standard,median,dtw,prophet,median,0.10753311216831207
6.0,standard,median,euclidean,prophet,median,0.11610914766788483
93.0,standard,median,euclidean,prophet,median,0.08868038654327393
168.0,standard,median,dtw,prophet,median,0.15578693151474
26.0,standard,median,dtw,prophet,median,0.12753258645534515
189.0,standard,median,dtw,prophet,median,0.13250739872455597
54.0,standard,median,dtw,prophet,weighted,0.11731646955013275
161.0,standard,median,euclidean,prophet,median,0.10655613243579865
152.0,standard,median,dtw,prophet,median,0.16052913665771484
140.0,standard,median,euclidean,prophet,median,0.08730118721723557
4.0,zscore,median,dtw,dtw,single,0.0008567762561142445
59.0,standard,linear,dtw,prophet,median,0.12003476172685623
41.0,standard,linear,dtw,prophet,median,0.13698983192443848
99.0,standard,linear,dtw,prophet,complete,0.11135084182024002
67.0,standard,median,dtw,prophet,median,0.16183151304721832
37.0,standard,median,dtw,prophet,ward,0.10544297099113464
216.0,standard,median,dtw,prophet,median,0.1254611313343048
132.0,standard,median,dtw,prophet,median,0.11039602756500244
413.0,standard,median,dtw,prophet,median,0.14861467480659485
73.0,standard,linear,dtw,prophet,median,0.14002744853496552
380.0,standard,median,dtw,prophet,median,0.13244669139385223
743.0,minmax,median,dtw,prophet,median,0.11800350993871689
173.0,standard,median,dtw,prophet,median,0.15419626235961914
226.0,standard,prophet,dtw,prophet,average,0.05940254405140877
408.0,standard,median,dtw,prophet,complete,0.11208003759384155
420.0,standard,median,dtw,prophet,median,0.14766836166381836
194.0,standard,linear,dtw,prophet,median,0.15861327946186066
69.0,standard,median,dtw,prophet,weighted,0.09821612387895584
37.0,minmax,median,dtw,prophet,median,0.11248855292797089
96.0,standard,mean,dtw,prophet,centroid,0.08193345367908478
146.0,standard,median,dtw,prophet,median,0.1547657996416092
101.0,standard,median,euclidean,prophet,median,0.09350065141916275
389.0,standard,linear,dtw,prophet,median,0.15701763331890106
32.0,standard,median,dtw,prophet,complete,0.13182097673416138
44.0,standard,median,euclidean,prophet,median,0.15061451494693756
49.0,standard,linear,dtw,prophet,median,0.12270644307136536
89.0,standard,linear,dtw,prophet,median,0.14852915704250336
33.0,standard,median,dtw,prophet,median,0.1501760482788086
68.0,minmax,prophet,euclidean,dtw,hdbscan,0.00925256498157978
149.0,standard,median,dtw,prophet,median,0.1357639580965042
818.0,minmax,median,dtw,median,centroid,0.007863085716962814
112.0,standard,linear,dtw,prophet,median,0.11644946038722992
162.0,standard,median,dtw,prophet,median,0.1582469791173935
251.0,standard,median,dtw,prophet,median,0.14801178872585297
42.0,standard,median,dtw,prophet,weighted,0.11253181844949722
222.0,standard,linear,dtw,prophet,median,0.15004248917102814
852.0,minmax,prophet,euclidean,prophet,average,0.03091328963637352
137.0,standard,median,dtw,prophet,median,0.12537401914596558
278.0,standard,median,dtw,prophet,median,0.1358775496482849
370.0,standard,linear,dtw,prophet,median,0.12810839712619781
459.0,standard,mean,dtw,prophet,median,0.14045944809913635
429.0,standard,linear,dtw,prophet,median,0.14902029931545258
78.0,standard,median,euclidean,prophet,median,0.15135878324508667
364.0,standard,linear,dtw,prophet,median,0.12348590791225433
456.0,standard,mean,dtw,prophet,median,0.11516861617565155
503.0,standard,median,dtw,prophet,median,0.14544853568077087
88.0,standard,median,dtw,prophet,median,0.12860335409641266
28.0,standard,linear,dtw,prophet,median,0.10764332860708237
